UNITS=MM
#Layer_Physical_Order=1
#Layer_Color=204
#
#Feature symbol names
#
$0 r2000.00108
$1 rect1100.00034x950.00064
$2 rect1399.99974x950.00064
$3 rect900.00074x1050.00044
$4 rect950.00064x1100.00034
$5 rect1050.00044x900.00074
$6 rect499.999x850.00084
$7 rect1100.00034x599.9988
$8 rect449.9991x1599.99934
$9 rect1699.99914x1000.00054
$10 s3099.99888
$11 rect239.28324x961.06742xr119.64162
$12 rect961.06742x239.28324xr119.64162
$13 rect961.06742x239.28324
$14 rect900.00074x1499.99954
$15 rect1970.00114x589.99882xr73.7489
$16 rect1599.99934x1000.00054
$17 rect740.00106x2789.9995
$18 rect299.9994x1399.99974
$19 rect1399.99974x299.9994
$20 rect549.9989x1200.00014
$21 rect800.00094x900.00074
$22 rect7500.00024x2999.99908
$23 rect599.9988x1100.00034
$24 rect2742.99934x2159
$25 rect1000.00054x1699.99914
$26 s950.00064
$27 rect870.0008x980.00058
$28 rect1749.99904x2500.00008
$29 rect800.00094x349.9993
$30 rect449.9991x1309.99992
$31 rect3999.99962x2649.99978
$32 rect950.00064x700.00114
$33 rect1309.99992x449.9991
$34 rect2649.99978x3999.99962
$35 rect1200.00014x1399.99974
$36 rect1449.99964x1150.00024
$37 rect599.9988x1150.00024
$38 rect299.9994x1150.00024
$39 rect700.00114x950.00064
$40 rect850.00084x499.999
$41 r149.9997
$42 r299.9994
$43 r199.9996
$44 r499.999
$45 r399.9992
$46 r99.9998
$47 r148.52396
$48 r700.00114
$49 r4099.99942
$50 oval3899.99982x1950.00118
$51 r1950.00118
$52 r2300.00048
$53 r3200.00122
$54 r10000.00032
$55 r650.00124
$56 rect1000.00054x2100.00088xr499.999
$57 rect1000.00054x1799.99894xr499.999

#
#Feature attribute names
#
@0 .geometry
@1 .pad_usage
@2 .smd

#
#Feature attribute text strings
#
&0 SMD_RoundX2000.0011Y2000.0011
&1 SMD_RectX1100.0003Y950.0006
&2 SMD_RectX1399.9997Y950.0006
&3 SMD_RectX900.0007Y1050.0004
&4 SMD_RectX950.0006Y1100.0003
&5 SMD_RectX1050.0004Y900.0007
&6 SMD_RectX499.9990Y850.0008
&7 SMD_RectX1100.0003Y599.9988
&8 SMD_RectX449.9991Y1599.9993
&9 SMD_RectX1699.9991Y1000.0005
&10 SMD_SquareX3099.9989Y3099.9989
&11 SMD_RoundRectX239.2832Y961.0674
&12 SMD_RoundRectX961.0674Y239.2832
&13 SMD_RectX961.0674Y239.2832
&14 SMD_RectX900.0007Y1499.9995
&15 SMD_RoundRectX1970.0011Y589.9988
&16 SMD_RectX1599.9993Y1000.0005
&17 SMD_RectX740.0011Y2789.9995
&18 SMD_RectX299.9994Y1399.9997
&19 SMD_RectX1399.9997Y299.9994
&20 SMD_RectX549.9989Y1200.0001
&21 SMD_RectX800.0009Y900.0007
&22 SMD_RectX7500.0002Y2999.9991
&23 SMD_RectX599.9988Y1100.0003
&24 SMD_RectX2742.9993Y2159.0000
&25 SMD_RectX1000.0005Y1699.9991
&26 SMD_SquareX950.0006Y950.0006
&27 SMD_RectX870.0008Y980.0006
&28 SMD_RectX1749.9990Y2500.0001
&29 SMD_RectX800.0009Y349.9993
&30 SMD_RectX449.9991Y1309.9999
&31 SMD_RectX3999.9996Y2649.9998
&32 SMD_RectX950.0006Y700.0011
&33 SMD_RectX1309.9999Y449.9991
&34 SMD_RectX2649.9998Y3999.9996
&35 SMD_RectX1200.0001Y1399.9997
&36 SMD_RectX1449.9996Y1150.0002
&37 SMD_RectX599.9988Y1150.0002
&38 SMD_RectX299.9994Y1150.0002
&39 SMD_RectX700.0011Y950.0006
&40 SMD_RectX850.0008Y499.9990
&41 Pad_Simple_X4099.9994Y4099.9994H4099.9994C5115.9994
&42 Pad_Simple_X3899.9998Y1950.0012H1299.9999C2315.9999
&43 Pad_Simple_X1950.0012Y1950.0012H1299.9999C2315.9999
&44 Pad_Simple_X2300.0005Y2300.0005H2300.0005C3316.0005
&45 Pad_Simple_X3200.0012Y3200.0012H1849.9988C2865.9988
&46 Pad_Simple_X10000.0003Y10000.0003H5000.0002C6016.0002
&47 Pad_Simple_X650.0012Y650.0012H650.0012C1666.0012
&48 Pad_Simple_X1000.0005Y2100.0009H1699.9991C2715.9991
&49 Pad_Simple_X1000.0005Y1799.9989H1399.9997C2415.9997
&50 VIA_RoundD650.0012H299.9994C1315.9994

#
#Layer features
#
L 7.1999983 54.89999942 8.70000038 54.89999942 43 P 0
L 7.1999983 56.29999916 7.1999983 58.20000044 43 P 0
L 7.1999983 58.20000044 7.3999979 58.40000004 43 P 0
L 7.3999979 58.40000004 8.55000322 58.40000004 43 P 0
L 7.3999979 60.42500234 7.3999979 60.50000092 43 P 0
L 7.3999979 60.42500234 7.74999974 60.0750005 43 P 0
L 7.3999979 60.50000092 7.3999979 60.5749995 43 P 0
L 7.3999979 60.5749995 7.7999971 60.9749987 43 P 0
L 7.74999974 60.0750005 7.82499832 60.0750005 43 P 0
L 7.7999971 60.9749987 7.7999971 62.49999946 43 P 0
L 7.82499832 60.0750005 7.8999969 60.00000192 43 P 0
L 7.8999969 60.00000192 9.45000142 60.00000192 43 P 0
L 8.39999844 56.29999916 8.80000018 55.89999742 43 P 0
L 8.55000322 58.40000004 9.00036808 57.94963518 43 P 0
L 8.70000038 54.89999942 8.80000018 54.99999922 43 P 0
L 8.72499906 61.70551794 9.19999684 62.18051572 43 P 0
L 8.80000018 54.99999922 8.80000018 55.89999742 43 P 0
L 9.00036808 57.94963518 9.2750005 57.94963518 43 P 0
L 9.19999684 62.18051572 9.19999684 63.000001 43 P 0
L 9.2750005 57.94963518 9.45000142 57.77463426 43 P 0
L 9.45000142 57.50000184 9.45000142 57.77463426 43 P 0
L 11.3500027 60.00000192 11.3500027 61.57500004 48 P 0
L 11.3500027 61.57500004 11.77500058 61.99999792 48 P 0
L 11.77500058 61.99999792 11.8500017 61.99999792 48 P 0
L 11.8500017 61.99999792 12.07500252 62.22499874 48 P 0
L 12.07500252 62.22499874 12.07500252 62.29999986 48 P 0
L 12.53757716 24.96501738 14.45998378 24.96501738 46 P 0
L 12.53757716 25.61501862 15.04002072 25.61501862 46 P 0
L 14.45998378 24.96501738 15.1250015 24.29999966 46 P 0
L 14.80000342 90.00000034 14.875002 90.00000034 41 P 0
L 14.875002 90.00000034 15.25000252 90.37500086 41 P 0
L 14.88000326 92.8746682 14.88000326 92.885006 45 P 0
L 14.88000326 92.8746682 15.15716806 92.5975034 45 P 0
L 15.04002072 25.61501862 15.1250015 25.6999994 46 P 0
L 15.1250015 24.29999966 15.70000162 24.29999966 46 P 0
L 15.1250015 25.6999994 15.70000162 25.6999994 46 P 0
L 15.15716806 92.5975034 15.90000122 92.5975034 45 P 0
L 15.25000252 90.37500086 15.25000252 90.44999944 41 P 0
L 15.25000252 90.44999944 15.90000376 91.10000068 41 P 0
L 15.70000162 24.29999966 17.6500028 24.29999966 46 P 0
L 15.70000162 25.6999994 18.1500018 25.6999994 46 P 0
L 15.90000122 92.5975034 16.00000102 92.4975036 45 P 0
L 15.90000376 91.10000068 17.30000096 91.10000068 41 P 0
L 16.00000102 92.31000334 16.00000102 92.4975036 45 P 0
L 16.65000226 84.30074072 16.65000226 84.3750027 47 P 0
L 16.65000226 84.30074072 16.92574212 84.02500086 47 P 0
L 16.65000226 84.3750027 17.37523576 84.3750027 47 P 0
L 16.7000047 88.6000006 17.4252382 88.6000006 47 P 0
L 16.7000047 90.00000034 17.07574436 90.37574 47 P 0
L 16.80000196 92.31000334 16.85000186 92.36000324 44 P 0
L 16.85000186 92.36000324 16.85000186 92.97041096 44 P 0
L 16.85000186 92.97041096 17.37959186 93.50000096 44 P 0
L 16.92574212 84.02500086 17.37523576 84.02500086 47 P 0
L 17.07574436 90.37574 17.4252382 90.37574 47 P 0
L 17.28724 79.3231078 17.28724 83.2802881 47 P 0
L 17.28724 79.3231078 18.00517354 78.60517426 47 P 0
L 17.28724 83.2802881 17.46224092 83.45528902 47 P 0
L 17.30000096 91.10000068 17.4500032 91.25000292 41 P 0
L 17.37523576 84.02500086 17.46224092 83.9379957 47 P 0
L 17.37523576 84.3750027 17.46224092 84.46200786 47 P 0
L 17.37959186 93.50000096 21.02041262 93.50000096 44 P 0
L 17.4252382 88.6000006 17.51224336 88.51299544 47 P 0
L 17.4252382 90.37574 17.51224336 90.46274516 47 P 0
L 17.4500032 91.25000292 17.4500032 92.31000334 41 P 0
L 17.46224092 83.45528902 17.46224092 83.9379957 47 P 0
L 17.46224092 84.46200786 17.46224092 85.61579778 47 P 0
L 17.46224092 85.61579778 18.12426652 86.27782338 47 P 0
L 17.51224336 87.98420554 17.51224336 88.51299544 47 P 0
L 17.51224336 87.98420554 18.12426652 87.37218238 47 P 0
L 17.51224336 90.46274516 17.51224336 90.6999075 47 P 0
L 17.51224336 90.6999075 17.76064774 90.94831188 47 P 0
L 17.56276396 79.43723254 17.56276396 83.16616336 47 P 0
L 17.56276396 79.43723254 22.66222798 74.33776852 47 P 0
L 17.56276396 83.16616336 17.73776488 83.34116428 47 P 0
L 17.60000036 69.8000001 18.9000003 68.50000016 42 P 0
L 17.6500028 24.29999966 18.2500016 23.70000086 46 P 0
L 17.73776488 83.34116428 17.73776488 83.9379957 47 P 0
L 17.73776488 83.9379957 17.82477004 84.02500086 47 P 0
L 17.73776488 84.46200786 17.73776488 85.50167304 47 P 0
L 17.73776488 84.46200786 17.82477004 84.3750027 47 P 0
L 17.73776488 85.50167304 18.39979048 86.16369864 47 P 0
L 17.76064774 90.94831188 17.91764006 90.94831188 47 P 0
L 17.78776732 88.09833028 17.78776732 88.51299544 47 P 0
L 17.78776732 88.09833028 18.39979048 87.48630712 47 P 0
L 17.78776732 88.51299544 17.87477248 88.6000006 47 P 0
L 17.78776732 90.46274516 17.78776732 90.58578276 47 P 0
L 17.78776732 90.46274516 17.87477248 90.37574 47 P 0
L 17.78776732 90.58578276 17.87477248 90.67278792 47 P 0
L 17.82477004 84.02500086 18.27426114 84.02500086 47 P 0
L 17.82477004 84.3750027 18.550001 84.3750027 47 P 0
L 17.87477248 88.6000006 18.60000344 88.6000006 47 P 0
L 17.87477248 90.37574 18.22426378 90.37574 47 P 0
L 17.87477248 90.67278792 18.0317648 90.67278792 47 P 0
L 17.91764006 90.94831188 18.15316918 91.183841 47 P 0
L 18.00517354 78.60517172 18.00517354 78.60517426 47 P 0
L 18.00517354 78.60517172 22.54810324 74.06224456 47 P 0
L 18.0317648 90.67278792 18.42869314 91.06971626 47 P 0
L 18.12426652 86.27782338 18.12426652 87.37218238 47 P 0
L 18.1500018 25.6999994 18.2500016 25.7999992 46 P 0
L 18.15316918 91.183841 18.15316918 91.49289804 47 P 0
L 18.15316918 91.49289804 18.6121802 91.95190906 47 P 0
L 18.22426378 90.37574 18.60000344 90.00000034 47 P 0
L 18.2500016 23.70000086 18.7350019 23.70000086 46 P 0
L 18.2500016 25.7999992 18.7350019 25.7999992 46 P 0
L 18.27426114 84.02500086 18.550001 84.30074072 47 P 0
L 18.39979048 86.16369864 18.39979048 87.48630712 47 P 0
L 18.42869314 91.06971626 18.42869314 91.3787733 47 P 0
L 18.42869314 91.3787733 18.61066128 91.56074144 47 P 0
L 18.550001 84.30074072 18.550001 84.3750027 47 P 0
L 18.61066128 91.56074144 18.67218008 91.56074144 47 P 0
L 18.6121802 91.95190906 18.6121802 92.94362158 47 P 0
L 18.6121802 92.94362158 18.72782386 93.05926524 47 P 0
L 18.67218008 91.56074144 18.77426268 91.66282404 47 P 0
L 18.72782386 93.05926524 19.17218162 93.05926524 47 P 0
L 18.77426268 91.66282404 18.77426268 91.70926286 47 P 0
L 18.77426268 91.70926286 18.95000274 91.88500292 47 P 0
L 18.9000003 68.50000016 21.50000018 68.50000016 42 P 0
L 18.95000274 91.88500292 18.95000274 92.31000334 47 P 0
L 18.95000274 92.31000334 19.02574046 92.23426562 47 P 0
L 19.02574046 91.77425892 19.02574046 92.23426562 47 P 0
L 19.02574046 91.77425892 19.12574026 91.67425912 47 P 0
L 19.12574026 91.66282404 19.12574026 91.67425912 47 P 0
L 19.12574026 91.66282404 19.22782286 91.56074144 47 P 0
L 19.17218162 93.05926524 19.27426422 92.95718264 47 P 0
L 19.22782286 91.56074144 19.67218062 91.56074144 47 P 0
L 19.27426422 92.91074128 19.27426422 92.95718264 47 P 0
L 19.27426422 92.91074128 19.45000174 92.73500376 47 P 0
L 19.45000174 92.31000334 19.45000174 92.73500376 47 P 0
L 19.67218062 91.56074144 19.77426322 91.66282404 47 P 0
L 19.77426322 91.66282404 19.77426322 91.72226004 47 P 0
L 19.77426322 91.72226004 19.86126838 91.8092652 47 P 0
L 19.86126838 91.8092652 19.87426556 91.8092652 47 P 0
L 19.87426556 91.8092652 19.95000328 91.88500292 47 P 0
L 19.95000328 91.88500292 19.95000328 92.31000334 47 P 0
L 20.06500178 23.70000086 20.16500412 23.8000032 46 P 0
L 20.06500178 25.7999992 20.16500412 25.69999686 46 P 0
L 20.16500412 23.8000032 20.16500412 24.49141914 46 P 0
L 20.16500412 24.49141914 20.22358414 24.54999916 46 P 0
L 20.16500412 25.00857838 20.16500412 25.69999686 46 P 0
L 20.16500412 25.00857838 20.22358414 24.94999836 46 P 0
L 20.22358414 24.54999916 23.95000544 24.54999916 46 P 0
L 20.22358414 24.94999836 24.11568964 24.94999836 46 P 0
L 20.45000228 92.31000334 20.50000472 92.2600009 41 P 0
L 20.50000472 90.00000034 20.50000472 92.2600009 41 P 0
L 21.02041262 93.50000096 21.55000262 92.97041096 44 P 0
L 21.50000018 69.8999999 21.50000018 71.95000088 43 P 0
L 21.55000262 92.36000324 21.55000262 92.97041096 44 P 0
L 21.55000262 92.36000324 21.60000252 92.31000334 44 P 0
L 21.60000252 92.31000334 21.65000242 92.26000344 44 P 0
L 21.65000242 91.79211004 21.65000242 92.26000344 44 P 0
L 21.65000242 91.79211004 21.75000476 91.6921077 44 P 0
L 21.75000476 91.59003018 21.75000476 91.6921077 44 P 0
L 21.75000476 91.59003018 22.40000346 90.94003148 44 P 0
L 22.40000346 88.6000006 24.29999966 88.6000006 42 P 0
L 22.40000346 90.00000034 22.40000346 90.94003148 44 P 0
L 22.40000346 92.31000334 22.40000346 92.4975036 45 P 0
L 22.40000346 92.4975036 22.50000326 92.5975034 45 P 0
L 22.50000326 92.5975034 23.24283642 92.5975034 45 P 0
L 22.54810324 74.06224456 33.93776042 74.06224456 47 P 0
L 22.66222798 74.33776852 33.93776042 74.33776852 47 P 0
L 23.24283642 92.5975034 23.52000122 92.8746682 45 P 0
L 23.52000122 92.8746682 23.52000122 92.885006 45 P 0
L 23.95000544 24.54999916 25.36605798 23.13394662 46 P 0
L 24.11568964 24.94999836 25.76605718 23.29963082 46 P 0
L 24.29999966 88.6000006 24.39999946 88.5000008 42 P 0
L 24.39999946 80.29999942 24.39999946 81.9000013 43 P 0
L 24.39999946 80.29999942 24.69999886 80.00000002 43 P 0
L 24.39999946 88.5000008 29.5242615 88.5000008 42 P 0
L 24.44999936 83.25000114 26.4999978 83.25000114 43 P 0
L 24.69999886 80.00000002 32.50000358 80.00000002 43 P 0
L 24.89999846 83.30000104 24.94999836 83.25000114 43 P 0
L 25.36605798 22.5518345 25.36605798 23.13394662 46 P 0
L 25.36605798 22.5518345 26.21789524 21.69999724 46 P 0
L 25.76605718 22.7175187 25.76605718 23.29963082 46 P 0
L 25.76605718 22.7175187 26.38357944 22.09999644 46 P 0
L 26.21789524 21.69999724 26.466419 21.69999724 46 P 0
L 26.38357944 22.09999644 26.466419 22.09999644 46 P 0
L 26.466419 21.69999724 26.52499902 21.64141722 46 P 0
L 26.466419 22.09999644 26.52499902 22.15857646 46 P 0
L 26.52499902 21.25000068 26.52499902 21.64141722 46 P 0
L 26.52499902 21.25000068 26.82500096 20.94999874 46 P 0
L 26.52499902 22.15857646 26.52499902 22.54999554 46 P 0
L 26.52499902 22.54999554 26.82500096 22.84999748 46 P 0
L 26.60000014 80.51715672 26.60000014 81.39999976 43 P 0
L 26.60000014 80.51715672 26.71715764 80.39999922 43 P 0
L 26.71715764 80.39999922 33.09999984 80.39999922 43 P 0
L 26.82500096 20.94999874 26.94999944 20.94999874 46 P 0
L 26.82500096 22.84999748 26.94999944 22.84999748 46 P 0
L 26.94999944 20.94999874 27.19999894 21.19999824 46 P 0
L 26.94999944 22.84999748 27.19999894 22.59999798 46 P 0
L 27.09999914 53.30000008 27.1499965 53.25000272 43 P 0
L 27.1499965 53.25000272 29.00000042 53.25000272 43 P 0
L 27.19999894 21.19999824 27.19999894 21.64141722 46 P 0
L 27.19999894 21.64141722 27.25857896 21.69999724 46 P 0
L 27.19999894 22.15857646 27.19999894 22.59999798 46 P 0
L 27.19999894 22.15857646 27.25857896 22.09999644 46 P 0
L 27.25857896 21.69999724 27.34141852 21.69999724 46 P 0
L 27.25857896 22.09999644 27.50710272 22.09999644 46 P 0
L 27.34141852 21.69999724 28.84644726 20.1949685 46 P 0
L 27.50710272 22.09999644 29.24644646 20.3606527 46 P 0
L 27.90000008 83.25000114 27.99999988 83.15000134 43 P 0
L 27.99999988 81.39999976 27.99999988 83.15000134 43 P 0
L 28.84644726 19.23786856 28.84644726 20.1949685 46 P 0
L 28.84644726 19.23786856 30.63431516 17.45000066 46 P 0
L 29.24644646 19.40355276 29.24644646 20.3606527 46 P 0
L 29.24644646 19.40355276 30.79999936 17.84999986 46 P 0
L 29.5242615 88.5000008 29.69999902 88.32426328 42 P 0
L 29.69999902 82.30000304 29.69999902 88.32426328 42 P 0
L 29.69999902 82.30000304 31.08787026 80.9121318 42 P 0
L 30.6000023 90.62500036 30.6000023 90.69999894 43 P 0
L 30.6000023 90.62500036 30.95000414 90.27499852 43 P 0
L 30.63431516 17.45000066 43.94999846 17.45000066 46 P 0
L 30.79999936 17.84999986 43.94999846 17.84999986 46 P 0
L 30.95000414 90.27499852 31.02500272 90.27499852 43 P 0
L 31.02500272 90.27499852 32.80000044 88.5000008 43 P 0
L 31.08787026 80.9121318 36.6121315 80.9121318 42 P 0
L 31.6500002 60.10000172 42.69999842 60.10000172 41 P 0
L 32.00000204 90.69999894 32.00000204 92.8500048 43 P 0
L 32.00000204 92.8500048 32.2999989 93.15000166 43 P 0
L 32.2999989 72.9500065 34.59999938 72.9500065 45 P 0
L 32.40000124 58.30000024 33.89999824 58.30000024 42 P 0
L 32.50000358 80.00000002 33.0499974 79.4500062 43 P 0
L 32.80000044 88.5000008 48.49999952 88.5000008 43 P 0
L 33.0499974 79.4500062 34.59999938 79.4500062 43 P 0
L 33.09999984 80.39999922 33.54999386 79.9500052 43 P 0
L 33.50000158 41.90000256 35.20000326 41.90000256 41 P 0
L 33.54999386 79.9500052 34.59999938 79.9500052 43 P 0
L 33.70000118 93.15000166 33.89999824 92.9500046 43 P 0
L 33.89999824 58.30000024 33.95000068 58.35000268 42 P 0
L 33.89999824 90.69999894 33.89999824 92.9500046 43 P 0
L 33.93776042 74.06224456 34.04999794 73.95000704 47 P 0
L 33.93776042 74.33776852 34.04999794 74.45000604 47 P 0
L 33.95000068 61.85000076 34.25000008 61.85000076 42 P 0
L 34.04999794 73.95000704 34.59999938 73.95000704 47 P 0
L 34.04999794 74.45000604 34.59999938 74.45000604 47 P 0
L 34.25000008 61.85000076 35.13303362 62.7330343 42 P 0
L 34.59999938 75.45000658 37.35000658 75.45000658 42 P 0
L 35.13303362 62.7330343 35.13303362 62.9330339 42 P 0
L 35.13303362 62.9330339 35.20000072 63.000001 42 P 0
L 35.20000326 41.90000256 35.30000052 41.99999982 41 P 0
L 35.29999798 90.62500036 35.29999798 90.69999894 43 P 0
L 35.29999798 90.62500036 35.64999982 90.27499852 43 P 0
L 35.30000052 41.99999982 35.30000052 43.04999518 41 P 0
L 35.30000052 43.04999518 35.80000206 43.54999672 41 P 0
L 35.52500134 47.49999898 36.48284296 47.49999898 43 P 0
L 35.64999982 90.27499852 35.7249984 90.27499852 43 P 0
L 35.7249984 90.27499852 37.09999692 88.9 43 P 0
L 35.80000206 43.54999672 35.80000206 43.72499764 41 P 0
L 36.4500033 45.87499842 36.60000046 46.02499558 43 P 0
L 36.4500033 45.87499842 37.42500262 45.87499842 43 P 0
L 36.48284296 47.49999898 36.60000046 47.38284148 43 P 0
L 36.57499924 40.19999834 36.57499924 40.27499692 41 P 0
L 36.57499924 40.19999834 36.57499924 41.8749988 41 P 0
L 36.57499924 40.27499692 36.94999976 40.64999744 41 P 0
L 36.57499924 41.8749988 36.70000026 41.99999982 41 P 0
L 36.60000046 46.02499558 36.60000046 47.38284148 43 P 0
L 36.6121315 80.9121318 37.8000006 79.7242627 42 P 0
L 36.94999976 40.64999744 37.02499834 40.64999744 41 P 0
L 37.02499834 40.64999744 37.27500038 40.89999948 41 P 0
L 37.04999956 81.90000638 37.04999956 82.75000214 45 P 0
L 37.04999956 82.75000214 37.39999886 83.10000144 45 P 0
L 37.09999692 88.9 48.80000146 88.9 43 P 0
L 37.27500038 40.89999948 41.11213012 40.89999948 41 P 0
L 37.35000658 75.45000658 37.8000006 75.9000006 42 P 0
L 37.42500262 45.87499842 37.600001 45.70000004 43 P 0
L 37.54999856 81.90000638 37.54999856 82.45000782 41 P 0
L 37.54999856 82.45000782 37.67499958 82.57500884 41 P 0
L 37.67499958 82.57500884 37.67499958 82.6932052 41 P 0
L 37.67499958 82.6932052 38.08179582 83.10000144 41 P 0
L 37.8000006 75.9000006 37.8000006 79.7242627 42 P 0
L 38.08179582 83.10000144 39.31213118 83.10000144 41 P 0
L 38.50000174 41.38786998 38.50000174 42.19999942 41 P 0
L 38.50000174 41.38786998 38.5878705 41.30000122 41 P 0
L 38.5878705 41.30000122 41.29999868 41.30000122 41 P 0
L 38.90000094 62.57499804 38.90000094 67.10000042 41 P 0
L 38.90000094 62.57499804 39.69999934 61.77499964 41 P 0
L 38.90000094 67.10000042 41.04999918 69.24999866 41 P 0
L 39.31213118 83.10000144 39.39999994 83.1878702 41 P 0
L 39.39999994 83.1878702 39.39999994 84.10000198 41 P 0
L 39.69999934 61.70000106 39.69999934 61.77499964 41 P 0
L 39.69999934 63.5 39.69999934 66.89999828 41 P 0
L 39.69999934 66.89999828 41.60000062 68.79999956 41 P 0
L 40.40000048 42.20000196 41.19999634 42.20000196 41 P 0
L 41.04999918 69.24999866 41.04999918 70.50000632 41 P 0
L 41.11213012 40.89999948 41.19999888 40.81213072 41 P 0
L 41.19999634 42.20000196 42.60000116 40.79999714 41 P 0
L 41.19999888 39.90000148 41.19999888 40.81213072 41 P 0
L 41.19999888 39.90000148 41.30000122 39.79999914 41 P 0
L 41.29999868 41.30000122 41.95000246 40.64999744 41 P 0
L 41.40000102 65.60000342 41.4749996 65.60000342 41 P 0
L 41.40000102 67.00000316 41.40000102 67.9000039 41 P 0
L 41.40000102 67.9000039 41.99999982 68.5000027 41 P 0
L 41.4749996 65.60000342 41.85000012 65.2250029 41 P 0
L 41.54999818 70.50000632 41.60000062 70.45000388 41 P 0
L 41.60000062 68.79999956 41.60000062 70.45000388 41 P 0
L 41.85000012 65.15000432 41.85000012 65.2250029 41 P 0
L 41.85000012 65.15000432 42.78786718 64.21213726 41 P 0
L 41.95000246 39.79999914 41.95000246 40.64999744 41 P 0
L 41.99999982 68.5000027 41.99999982 70.45000642 41 P 0
L 41.99999982 70.45000642 42.04999972 70.50000632 41 P 0
L 42.60000116 39.79999914 42.60000116 40.79999714 41 P 0
L 42.69999842 60.10000172 42.78786718 60.18787048 41 P 0
L 42.78786718 60.18787048 42.78786718 64.21213726 41 P 0
L 43.54999926 81.90000638 43.54999926 82.74498056 45 P 0
L 43.54999926 82.74498056 43.83457324 83.02955454 45 P 0
L 43.83457324 83.02955454 43.90796654 83.02955454 45 P 0
L 43.94999846 17.45000066 44.9999989 16.40000022 46 P 0
L 43.94999846 17.84999986 44.9999989 18.9000003 46 P 0
L 44.89068492 83.15000134 44.94607978 83.2053962 45 P 0
L 44.94607978 83.2053962 44.94607978 83.92108438 45 P 0
L 44.94607978 83.92108438 45.12499992 84.10000452 45 P 0
L 45.89999964 42.20000196 47.39999918 42.20000196 41 P 0
L 45.99999944 74.45000604 48.1499926 74.45000604 41 P 0
L 45.99999944 74.95000758 48.449992 74.95000758 41 P 0
L 45.99999944 75.45000658 49.24999294 75.45000658 41 P 0
L 45.99999944 75.95000558 60.21213002 75.95000558 41 P 0
L 45.99999944 76.45000712 60.2499938 76.45000712 41 P 0
L 45.99999944 76.95000612 60.2499938 76.95000612 41 P 0
L 45.99999944 77.45000512 46.07499802 77.37500654 41 P 0
L 45.99999944 77.95000666 46.04999934 77.90000676 45 P 0
L 45.99999944 78.45000566 47.3499942 78.45000566 45 P 0
L 46.04999934 77.90000676 46.84999012 77.90000676 45 P 0
L 46.07499802 77.37500654 60.32499492 77.37500654 41 P 0
L 46.84999012 77.90000676 46.8499952 77.90000168 45 P 0
L 47.29999938 41.18786784 47.29999938 42.10000216 41 P 0
L 47.29999938 41.18786784 47.38786814 41.09999908 41 P 0
L 47.29999938 42.10000216 47.39999918 42.20000196 41 P 0
L 47.3499942 78.45000566 47.39999918 78.40000068 45 P 0
L 47.38786814 41.09999908 49.30000046 41.09999908 41 P 0
L 48.1499926 74.45000604 48.49999952 74.09999912 41 P 0
L 48.449992 74.95000758 49.30000046 74.09999912 41 P 0
L 48.49999952 69.38786986 48.49999952 74.09999912 41 P 0
L 48.49999952 69.38786986 48.88143132 69.00643806 41 P 0
L 48.49999952 88.5000008 59.30000078 77.69999954 43 P 0
L 48.80000146 88.9 59.50000292 78.19999854 43 P 0
L 48.88143132 69.00643806 51.84356662 69.00643806 41 P 0
L 48.90000126 42.19999942 48.97499984 42.19999942 41 P 0
L 48.97499984 42.19999942 49.3465993 41.82839996 41 P 0
L 49.24999294 75.45000658 49.29967788 75.4003191 41 P 0
L 49.29967788 75.4003191 50.09999632 74.60000066 41 P 0
L 49.30000046 41.09999908 49.49999752 40.90000202 41 P 0
L 49.30000046 70.28787314 49.30000046 74.09999912 41 P 0
L 49.30000046 70.28787314 49.38786922 70.20000438 41 P 0
L 49.3465993 41.65339904 49.3465993 41.82839996 41 P 0
L 49.3465993 41.65339904 50.14999876 40.84999958 41 P 0
L 49.38786922 70.20000438 51.0499995 70.20000438 41 P 0
L 49.49999752 39.84999904 49.49999752 40.90000202 41 P 0
L 50.09999632 74.60000066 51.17500052 74.60000066 41 P 0
L 50.14999876 39.84999904 50.14999876 40.84999958 41 P 0
L 50.4000008 42.20000196 50.42499694 42.20000196 41 P 0
L 50.42499694 42.20000196 50.79999746 41.82500144 41 P 0
L 50.79999746 39.84999904 50.79999746 41.82500144 41 P 0
L 51.0499995 70.20000438 51.0499995 71.9750021 41 P 0
L 51.0499995 71.9750021 51.17500052 72.10000312 41 P 0
L 51.50000114 96.69999964 51.95000024 96.25000054 42 P 0
L 51.84356662 69.00643806 52.75000118 68.1000035 41 P 0
L 51.95000024 96.25000054 53.09999794 96.25000054 42 P 0
L 52.52500036 66.10000242 52.75000118 66.32500324 41 P 0
L 52.75000118 66.32500324 52.75000118 68.0000037 41 P 0
L 52.75000118 68.0000037 52.75000118 68.1000035 41 P 0
L 53.00000068 85.50000172 53.00000068 88.3000012 43 P 0
L 53.00000068 85.50000172 59.80000232 78.70000008 43 P 0
L 53.00000068 93.0500044 53.09999794 93.15000166 43 P 0
L 53.09999794 96.25000054 54.50000022 96.25000054 42 P 0
L 54.50000022 93.15000166 54.79999962 92.85000226 43 P 0
L 54.69999982 84.60000098 54.69999982 88.2000014 43 P 0
L 54.69999982 84.60000098 60.10000172 79.19999908 43 P 0
L 54.69999982 88.2000014 54.79999962 88.3000012 43 P 0
L 54.79999962 89.70000094 54.79999962 92.85000226 43 P 0
L 55.30000116 43.39999956 55.40000096 43.29999976 41 P 0
L 55.40000096 43.29999976 56.1121306 43.29999976 41 P 0
L 56.1121306 43.29999976 56.19999936 43.212131 41 P 0
L 56.19999936 41.08786804 56.19999936 43.212131 41 P 0
L 56.19999936 41.08786804 56.28786812 40.99999928 41 P 0
L 56.28786812 40.99999928 57.3999995 40.99999928 41 P 0
L 56.7000009 96.69999964 57.15 96.25000054 42 P 0
L 57.1000001 41.99999982 57.4499994 41.65000052 41 P 0
L 57.15 96.25000054 58.2999977 96.25000054 42 P 0
L 57.3999995 40.99999928 57.5999991 40.79999968 41 P 0
L 57.4499994 41.40000102 57.4499994 41.65000052 41 P 0
L 57.4499994 41.40000102 57.85000114 40.99999928 41 P 0
L 57.5999991 39.79999914 57.5999991 40.79999968 41 P 0
L 57.85000114 40.99999928 58.10000064 40.99999928 41 P 0
L 57.9999983 60.54842094 57.9999983 62.29999224 41 P 0
L 57.9999983 60.54842094 58.08786706 60.46055218 41 P 0
L 57.9999983 63.69999198 58.10000064 63.79999432 41 P 0
L 58.08786706 60.46055218 60.29999878 60.46055218 41 P 0
L 58.10000064 40.99999928 58.25000034 40.84999958 41 P 0
L 58.10000064 63.79999432 58.10000064 65.11213038 41 P 0
L 58.10000064 65.11213038 58.1878694 65.19999914 41 P 0
L 58.1878694 65.19999914 60.40000112 65.19999914 41 P 0
L 58.20000806 81.89999622 58.20000806 88.3000012 43 P 0
L 58.20000806 81.89999622 60.4000062 79.69999808 43 P 0
L 58.20000806 89.70000094 58.20000806 93.05001202 43 P 0
L 58.20000806 93.05001202 58.2999977 93.15000166 43 P 0
L 58.25000034 39.79999914 58.25000034 40.84999958 41 P 0
L 58.2999977 96.25000054 59.69999998 96.25000054 42 P 0
L 58.49999984 42.00000236 58.52499852 42.00000236 41 P 0
L 58.52499852 42.00000236 58.89999904 41.62500184 41 P 0
L 58.89999904 39.79999914 58.89999904 41.62500184 41 P 0
L 59.30000078 77.69999954 65.90000028 77.69999954 43 P 0
L 59.50000292 78.19999854 65.90000028 78.19999854 43 P 0
L 59.69999998 93.15000166 59.99999938 92.85000226 43 P 0
L 59.80000232 78.70000008 65.90000028 78.70000008 43 P 0
L 59.99999938 81.0000031 59.99999938 88.3000012 43 P 0
L 59.99999938 81.0000031 60.80000286 80.19999962 43 P 0
L 59.99999938 89.70000094 59.99999938 92.85000226 43 P 0
L 60.10000172 79.19999908 65.90000028 79.19999908 43 P 0
L 60.21213002 75.95000558 60.29999878 75.86213682 41 P 0
L 60.2499938 76.45000712 60.70000052 76.0000004 41 P 0
L 60.2499938 76.95000612 61.09999972 76.1000002 41 P 0
L 60.29999878 58.6605507 60.29999878 60.46055218 41 P 0
L 60.29999878 66.16055348 60.29999878 68.06055222 41 P 0
L 60.29999878 66.16055348 60.30000132 66.16055094 41 P 0
L 60.29999878 68.06055222 60.29999878 75.86213682 41 P 0
L 60.30000132 65.29999894 60.30000132 66.16055094 41 P 0
L 60.30000132 65.29999894 60.40000112 65.19999914 41 P 0
L 60.32499492 77.37500654 61.49999892 76.20000254 41 P 0
L 60.35000122 48.49999952 60.35000122 50.25000364 43 P 0
L 60.35000122 50.25000364 60.39999858 50.300001 43 P 0
L 60.40000112 65.19999914 61.39999912 65.19999914 41 P 0
L 60.4000062 79.69999808 65.90000028 79.69999808 43 P 0
L 60.70000052 70.5999985 60.70000052 76.0000004 41 P 0
L 60.70000052 70.5999985 61.99999792 69.3000011 41 P 0
L 60.80000286 80.19999962 65.90000028 80.19999962 43 P 0
L 61.09999972 70.80000064 61.09999972 76.1000002 41 P 0
L 61.09999972 70.80000064 62.20000006 69.7000003 41 P 0
L 61.39999912 65.19999914 61.72499974 64.87499852 41 P 0
L 61.49999892 71.00000532 61.49999892 76.20000254 41 P 0
L 61.49999892 71.00000532 62.40000474 70.0999995 41 P 0
L 61.69999852 60.46055218 61.69999852 62.26055112 43 P 0
L 61.69999852 62.26055112 61.9539528 62.5145054 43 P 0
L 61.70000106 66.08555236 61.70000106 66.16055094 41 P 0
L 61.70000106 66.08555236 63.146051 64.63950242 41 P 0
L 61.72499974 63.96055026 61.72499974 64.87499852 41 P 0
L 61.85000076 48.49999952 61.95000056 48.39999972 43 P 0
L 61.90000066 96.69999964 62.34999976 96.25000054 42 P 0
L 61.95000056 48.39999972 63.8999992 48.39999972 43 P 0
L 61.9539528 62.5145054 63.77811984 62.5145054 43 P 0
L 61.99999792 69.3000011 72.5014171 69.3000011 41 P 0
L 62.20000006 69.7000003 77.30000288 69.7000003 41 P 0
L 62.34999976 96.25000054 63.49999746 96.25000054 42 P 0
L 62.40000474 70.0999995 77.49999994 70.0999995 41 P 0
L 63.146051 64.63950242 63.55312156 64.63950242 41 P 0
L 63.2000006 76.60000174 63.57500112 76.22500122 41 P 0
L 63.40001798 80.89998298 63.40001798 88.3000012 43 P 0
L 63.40001798 80.89998298 63.60000234 80.69999862 43 P 0
L 63.40001798 89.70000094 63.40001798 93.05002218 43 P 0
L 63.40001798 93.05002218 63.49999746 93.15000166 43 P 0
L 63.49999746 96.25000054 64.89999974 96.25000054 42 P 0
L 63.55312156 64.63950242 63.77811984 64.41450414 41 P 0
L 63.57500112 76.22500122 63.71286724 76.22500122 41 P 0
L 63.60000234 80.69999862 65.90000028 80.69999862 43 P 0
L 63.71286724 76.22500122 63.73786846 76.2 41 P 0
L 63.73786846 76.2 67.03766374 76.2 41 P 0
L 63.77811984 64.41450414 64.91213078 64.41450414 41 P 0
L 63.8999992 48.39999972 64.27499972 48.0249992 43 P 0
L 64.27499972 46.20000158 64.27499972 48.0249992 43 P 0
L 64.89999974 93.15000166 65.19999914 92.85000226 43 P 0
L 64.91213078 64.41450414 64.99999954 64.32663538 41 P 0
L 64.99999954 60.5727897 64.99999954 64.32663538 41 P 0
L 64.99999954 60.5727897 65.01223726 60.56055198 41 P 0
L 65.19999914 81.31715766 65.19999914 88.3000012 43 P 0
L 65.19999914 81.31715766 65.31715664 81.20000016 43 P 0
L 65.19999914 89.70000094 65.19999914 92.85000226 43 P 0
L 65.31715664 81.20000016 65.90000028 81.20000016 43 P 0
L 65.83723688 66.78555096 65.83723688 66.86055208 44 P 0
L 65.83723688 66.78555096 66.37811972 66.24466812 44 P 0
L 66.37811972 62.5145054 66.412237 62.48038812 41 P 0
L 66.37811972 62.5145054 68.46619276 62.5145054 41 P 0
L 66.37811972 64.41450414 66.37811972 66.24466812 44 P 0
L 66.412237 60.56055198 66.412237 62.48038812 41 P 0
L 66.50000162 73.30000072 67.90000136 73.30000072 41 P 0
L 66.5250003 74.99999986 66.5250003 75.07500098 42 P 0
L 66.5250003 75.07500098 67.59517342 76.1451741 42 P 0
L 66.62553096 81.92553084 66.62553096 86.32552458 43 P 0
L 66.62553096 86.32552458 68.17500716 87.87500078 43 P 0
L 67.03766374 76.2 67.1255325 76.28786876 41 P 0
L 67.10000296 96.69999964 67.55000206 96.25000054 42 P 0
L 67.1255325 76.28786876 67.1255325 76.97446632 41 P 0
L 67.1255325 81.92553084 67.1255325 85.10053338 43 P 0
L 67.1255325 85.10053338 70.32500032 88.3000012 43 P 0
L 67.55000206 96.25000054 68.69999976 96.25000054 42 P 0
L 67.59517342 76.1451741 67.59517342 76.94410824 42 P 0
L 67.59517342 76.94410824 67.6255315 76.97446632 42 P 0
L 67.6255315 81.92553084 67.6255315 83.92552938 43 P 0
L 67.6255315 83.92552938 70.70000338 87.00000126 43 P 0
L 67.90000136 73.30000072 68.12553304 73.5255324 41 P 0
L 68.12553304 73.5255324 68.12553304 76.97446632 41 P 0
L 68.12553304 81.92553084 68.12553304 83.82553212 43 P 0
L 68.12553304 83.82553212 70.95000288 86.65000196 43 P 0
L 68.17500716 87.87500078 68.17500716 87.94999936 43 P 0
L 68.17500716 87.94999936 68.525009 88.3000012 43 P 0
L 68.46619276 62.5145054 68.71223748 62.76055012 41 P 0
L 68.525009 88.3000012 68.60000758 88.3000012 43 P 0
L 68.60000758 89.70000094 68.60000758 93.05000948 43 P 0
L 68.60000758 93.05000948 68.69999976 93.15000166 43 P 0
L 68.62553204 74.37446898 68.62553204 76.97446632 41 P 0
L 68.62553204 74.37446898 68.69999976 74.30000126 41 P 0
L 68.62553204 81.92553084 68.62553204 83.72553232 43 P 0
L 68.62553204 83.72553232 71.19999984 86.30000012 43 P 0
L 68.69999976 41.49999828 68.69999976 45.00000144 41 P 0
L 68.69999976 41.49999828 69.29999856 40.89999948 41 P 0
L 68.69999976 96.25000054 70.10000204 96.25000054 42 P 0
L 69.12553104 75.4097679 69.12553104 76.97446632 41 P 0
L 69.12553104 75.4097679 69.3000011 75.23529784 41 P 0
L 69.12553104 81.92553084 69.12553104 83.52553018 43 P 0
L 69.12553104 83.52553018 71.50000178 85.90000092 43 P 0
L 69.29999856 40.89999948 70.70000084 40.89999948 41 P 0
L 69.3000011 75.09999966 69.3000011 75.23529784 41 P 0
L 69.62553258 76.27446772 69.62553258 76.97446632 42 P 0
L 69.62553258 76.27446772 70.3007357 75.5992646 42 P 0
L 69.62553258 81.92553084 69.62553258 83.32553312 43 P 0
L 69.62553258 83.32553312 71.85000108 85.55000162 43 P 0
L 70.10000204 93.15000166 70.3999989 92.8500048 43 P 0
L 70.12553158 76.97446632 70.14261308 76.95738482 41 P 0
L 70.12553158 81.92553084 70.12553158 83.12553098 43 P 0
L 70.12553158 83.12553098 72.20000038 85.19999978 43 P 0
L 70.14261308 76.51542736 70.14261308 76.95738482 41 P 0
L 70.14261308 76.51542736 70.25804084 76.3999996 41 P 0
L 70.25804084 76.3999996 72.89999898 76.3999996 41 P 0
L 70.2999991 41.28786764 70.2999991 41.99999982 41 P 0
L 70.2999991 41.28786764 70.38786786 41.19999888 41 P 0
L 70.3007357 75.07426438 70.3007357 75.5992646 42 P 0
L 70.3007357 75.07426438 70.57499982 74.80000026 42 P 0
L 70.32500032 88.3000012 70.3999989 88.3000012 43 P 0
L 70.38786786 41.19999888 70.75355166 41.19999888 41 P 0
L 70.3999989 89.70000094 70.3999989 92.8500048 43 P 0
L 70.70000084 40.89999948 70.849998 40.75000232 41 P 0
L 70.70000338 87.00000126 73.68284222 87.00000126 43 P 0
L 70.75355166 41.19999888 70.85355146 41.09999908 41 P 0
L 70.849998 39.99999874 70.849998 40.75000232 41 P 0
L 70.849998 39.99999874 70.9999977 39.84999904 41 P 0
L 70.8510648 77.69999954 72.09999804 77.69999954 43 P 0
L 70.8510648 78.19999854 72.09497138 78.19999854 43 P 0
L 70.8510648 78.70000008 72.10000058 78.70000008 43 P 0
L 70.8510648 79.19999908 72.09999804 79.19999908 43 P 0
L 70.8510648 79.69999808 72.09999804 79.69999808 43 P 0
L 70.8510648 80.19999962 72.00000078 80.19999962 43 P 0
L 70.8510648 80.69999862 71.99999824 80.69999862 43 P 0
L 70.8510648 81.20000016 72.00000078 81.20000016 43 P 0
L 70.85355146 41.09999908 71.19999984 41.09999908 41 P 0
L 70.95000288 86.65000196 74.85000016 86.65000196 43 P 0
L 71.19999984 41.09999908 71.64999894 40.64999998 41 P 0
L 71.19999984 86.30000012 77.99999894 86.30000012 43 P 0
L 71.49999924 60.71715822 71.49999924 62.77499764 41 P 0
L 71.49999924 60.71715822 71.61715674 60.60000072 41 P 0
L 71.49999924 62.77499764 71.50000178 62.77500018 41 P 0
L 71.50000178 64.17499992 71.50000178 65.11213038 41 P 0
L 71.50000178 65.11213038 71.58787054 65.19999914 41 P 0
L 71.50000178 85.90000092 79.80000296 85.90000092 43 P 0
L 71.58787054 65.19999914 73.79999972 65.19999914 41 P 0
L 71.61715674 60.60000072 73.59734836 60.60000072 41 P 0
L 71.64999894 39.84999904 71.64999894 40.64999998 41 P 0
L 71.69999884 42.00000236 71.77499742 42.00000236 41 P 0
L 71.77499742 42.00000236 72.29999764 41.47500214 41 P 0
L 71.85000108 85.55000162 83.25000114 85.55000162 43 P 0
L 71.99999824 80.69999862 75.7500009 84.45000128 43 P 0
L 72.00000078 80.19999962 75.9000006 84.09999944 43 P 0
L 72.00000078 81.20000016 75.6000012 84.80000058 43 P 0
L 72.09497138 78.19999854 76.49497528 82.60000244 43 P 0
L 72.09999804 77.69999954 76.65000164 82.25000314 43 P 0
L 72.09999804 79.19999908 76.2 83.30000104 43 P 0
L 72.09999804 79.69999808 76.1000002 83.70000024 43 P 0
L 72.10000058 78.70000008 76.35000224 82.95000174 43 P 0
L 72.20000038 85.19999978 85.09999998 85.19999978 43 P 0
L 72.29999764 39.84999904 72.29999764 41.47500214 41 P 0
L 72.30000272 96.69999964 72.75000182 96.25000054 42 P 0
L 72.5014171 69.3000011 73.25000336 68.55141484 41 P 0
L 72.75000182 96.25000054 73.89999952 96.25000054 42 P 0
L 73.25000336 68.55141484 73.32500194 68.55141484 41 P 0
L 73.32500194 68.55141484 73.70000246 68.17641432 41 P 0
L 73.59734836 60.60000072 73.70000246 60.49734662 41 P 0
L 73.68284222 87.00000126 73.79999972 87.11715876 43 P 0
L 73.70000246 58.68655014 73.70000246 60.49734662 41 P 0
L 73.70000246 66.175001 73.70000246 68.10141574 41 P 0
L 73.70000246 66.175001 73.700005 66.17499846 41 P 0
L 73.70000246 68.10141574 73.70000246 68.17641432 41 P 0
L 73.700005 65.29999386 73.700005 66.17499846 41 P 0
L 73.700005 65.29999386 73.79999972 65.19999914 41 P 0
L 73.79999718 88.3000012 73.79999972 88.29999866 43 P 0
L 73.79999718 89.70000094 73.79999718 93.04999932 43 P 0
L 73.79999718 93.04999932 73.89999952 93.15000166 43 P 0
L 73.79999972 65.19999914 75.09999966 65.19999914 41 P 0
L 73.79999972 87.11715876 73.79999972 88.29999866 43 P 0
L 73.89999952 96.25000054 75.3000018 96.25000054 42 P 0
L 74.85000016 86.65000196 75.59999866 87.40000046 43 P 0
L 75.09999966 65.19999914 75.19999946 65.09999934 41 P 0
L 75.1000022 60.49734662 75.1000022 62.2836575 41 P 0
L 75.1000022 62.2836575 75.34533572 62.52899102 41 P 0
L 75.10000474 66.09999988 75.10000474 66.17499846 41 P 0
L 75.10000474 66.09999988 76.54601658 64.65398804 41 P 0
L 75.12500342 63.9749927 75.19999946 64.04998874 41 P 0
L 75.19999946 64.04998874 75.19999946 65.09999934 41 P 0
L 75.3000018 93.15000166 75.59999866 92.8500048 43 P 0
L 75.34533572 62.52899102 77.23599742 62.52899102 41 P 0
L 75.59999866 87.40000046 75.59999866 88.3000012 43 P 0
L 75.59999866 89.70000094 75.59999866 92.8500048 43 P 0
L 75.6000012 84.80000058 88.7000004 84.80000058 43 P 0
L 75.7500009 84.45000128 90.25000238 84.45000128 43 P 0
L 75.9000006 84.09999944 93.80000036 84.09999944 43 P 0
L 76.1000002 83.70000024 95.3999997 83.70000024 43 P 0
L 76.2 83.30000104 110.39999764 83.30000104 43 P 0
L 76.35000224 82.95000174 106.7500024 82.95000174 43 P 0
L 76.3999996 43.39999956 77.21213158 43.39999956 41 P 0
L 76.49497528 82.60000244 106.39999802 82.60000244 43 P 0
L 76.54601658 64.65398804 77.01099914 64.65398804 41 P 0
L 76.65000164 82.25000314 105.94999638 82.25000314 43 P 0
L 77.01099914 64.65398804 77.23599742 64.42898976 41 P 0
L 77.21213158 43.39999956 77.30000034 43.3121308 41 P 0
L 77.23599742 64.42898976 78.37000836 64.42898976 41 P 0
L 77.30000034 41.08786804 77.30000034 43.3121308 41 P 0
L 77.30000034 41.08786804 77.3878691 40.99999928 41 P 0
L 77.30000288 69.7000003 78.42823278 68.5717704 41 P 0
L 77.3878691 40.99999928 78.89999968 40.99999928 41 P 0
L 77.49999994 70.0999995 78.09999874 69.5000007 41 P 0
L 77.50000248 96.69999964 77.95000158 96.25000054 42 P 0
L 77.95000158 96.25000054 79.09999928 96.25000054 42 P 0
L 77.99999894 86.30000012 79.0000071 87.30000828 43 P 0
L 78.09999874 69.5000007 100.02499426 69.5000007 41 P 0
L 78.30000088 41.99999982 78.37499946 41.99999982 41 P 0
L 78.37000836 64.42898976 78.45787712 64.341121 41 P 0
L 78.37499946 41.99999982 78.74999998 41.6249993 41 P 0
L 78.42823278 68.5717704 87.47524034 68.5717704 41 P 0
L 78.45787712 60.58727532 78.45787712 64.341121 41 P 0
L 78.45787712 60.58727532 78.47011484 60.5750376 41 P 0
L 78.74999998 41.5035492 78.74999998 41.6249993 41 P 0
L 78.74999998 41.5035492 79.0535503 41.19999888 41 P 0
L 78.89999968 40.99999928 78.99999694 40.90000202 41 P 0
L 78.99999694 39.84999904 78.99999694 40.90000202 41 P 0
L 79.0000071 87.30000828 79.0000071 88.3000012 43 P 0
L 79.0000071 89.70000094 79.0000071 93.05000948 43 P 0
L 79.0000071 93.05000948 79.09999928 93.15000166 43 P 0
L 79.0535503 41.19999888 79.40000122 41.19999888 41 P 0
L 79.09999928 96.25000054 80.50000156 96.25000054 42 P 0
L 79.26099718 66.79998832 79.26099718 66.87498944 44 P 0
L 79.26099718 66.79998832 79.8359973 66.2249882 44 P 0
L 79.40000122 41.19999888 79.64999818 40.95000192 41 P 0
L 79.64999818 39.84999904 79.64999818 40.95000192 41 P 0
L 79.80000042 42.00000236 79.874999 42.00000236 41 P 0
L 79.80000296 85.90000092 80.70000116 86.79999912 43 P 0
L 79.8359973 62.52899102 79.8482401 62.51674822 41 P 0
L 79.8359973 62.52899102 81.84676544 62.52899102 41 P 0
L 79.8359973 64.42898976 79.8359973 66.2249882 44 P 0
L 79.8482401 60.53554822 79.8482401 62.51674822 41 P 0
L 79.874999 42.00000236 80.29999688 41.57500448 41 P 0
L 80.29999688 39.84999904 80.29999688 41.57500448 41 P 0
L 80.50000156 93.15000166 80.80000096 92.85000226 43 P 0
L 80.70000116 86.79999912 80.70000116 88.2000014 43 P 0
L 80.70000116 88.2000014 80.80000096 88.3000012 43 P 0
L 80.80000096 89.70000094 80.80000096 92.85000226 43 P 0
L 81.84676544 62.52899102 82.09277206 62.77499764 41 P 0
L 81.89999876 76.699999 81.9000013 76.70000154 41 P 0
L 81.9000013 76.70000154 81.9000013 78.19999854 41 P 0
L 81.9000013 78.19999854 81.9000013 79.70000062 41 P 0
L 81.93899538 71.1249911 81.93899538 74.12499018 41 P 0
L 82.70000224 96.69999964 83.15000134 96.25000054 42 P 0
L 83.15000134 96.25000054 84.29999904 96.25000054 42 P 0
L 83.25000114 85.55000162 84.20001702 86.5000175 43 P 0
L 83.30000104 78.12499996 83.30000104 78.19999854 41 P 0
L 83.30000104 78.12499996 83.67500156 77.74999944 41 P 0
L 83.33899766 72.62499064 84.31399698 72.62499064 41 P 0
L 83.67500156 77.74999944 83.75000014 77.74999944 41 P 0
L 83.75000014 77.74999944 83.9999971 77.50000248 41 P 0
L 83.9999971 77.50000248 86.89999892 77.50000248 41 P 0
L 84.20001702 86.5000175 84.20001702 88.3000012 43 P 0
L 84.20001702 89.70000094 84.20001702 93.05001964 43 P 0
L 84.20001702 93.05001964 84.29999904 93.15000166 43 P 0
L 84.29999904 96.25000054 85.70000132 96.25000054 42 P 0
L 84.31399698 72.62499064 84.66399628 72.27499134 41 P 0
L 84.50000118 41.50000336 84.50000118 44.77500062 41 P 0
L 84.50000118 41.50000336 85.00000526 40.99999928 41 P 0
L 84.50000118 44.77500062 85.0250014 45.30000084 41 P 0
L 84.66399628 72.19999022 84.66399628 72.27499134 41 P 0
L 84.66399628 72.19999022 85.06399548 71.79999102 41 P 0
L 84.71223596 61.00897628 84.71223596 62.76054758 41 P 0
L 84.71223596 61.00897628 84.80010472 60.92110752 41 P 0
L 84.71223596 64.16054732 84.71223596 65.41213232 41 P 0
L 84.71223596 65.41213232 84.80010472 65.50000108 41 P 0
L 84.80010472 60.92110752 87.50000026 60.92110752 41 P 0
L 84.80010472 65.50000108 87.69999986 65.50000108 41 P 0
L 85.00000526 40.99999928 85.61213002 40.99999928 41 P 0
L 85.0250014 45.30000084 85.09999998 45.30000084 41 P 0
L 85.06399548 71.79999102 85.1389966 71.79999102 41 P 0
L 85.09999998 85.19999978 86.00000072 86.10000052 43 P 0
L 85.1389966 71.79999102 86.91399686 71.79999102 41 P 0
L 85.29999958 42.10000216 85.37499816 42.10000216 41 P 0
L 85.37499816 42.10000216 85.74999868 41.72500164 41 P 0
L 85.61213002 40.99999928 85.69999878 40.91213052 41 P 0
L 85.69999624 39.84999904 85.69999878 39.85000158 41 P 0
L 85.69999878 39.85000158 85.69999878 40.91213052 41 P 0
L 85.70000132 93.15000166 86.00000072 92.85000226 43 P 0
L 85.74999868 41.65000306 85.74999868 41.72500164 41 P 0
L 85.74999868 41.65000306 86.2871274 41.11287434 41 P 0
L 86.00000072 86.10000052 86.00000072 88.3000012 43 P 0
L 86.00000072 89.70000094 86.00000072 92.85000226 43 P 0
L 86.2871274 41.09999908 86.2871274 41.11287434 41 P 0
L 86.2871274 41.09999908 86.34999494 41.03713154 41 P 0
L 86.30000012 41.60000062 86.30000012 44.5999997 41 P 0
L 86.30000012 41.60000062 86.99999618 40.90000456 41 P 0
L 86.30000012 44.5999997 86.55000216 44.85000174 41 P 0
L 86.34999494 39.84999904 86.34999494 41.03713154 41 P 0
L 86.55000216 44.85000174 86.55000216 44.92500032 41 P 0
L 86.55000216 44.92500032 86.92500268 45.30000084 41 P 0
L 86.89999892 78.90000222 86.90000146 78.89999968 41 P 0
L 86.90000146 78.89999968 88.9999998 78.89999968 41 P 0
L 86.91399686 71.79999102 86.93899554 71.8249897 41 P 0
L 86.92500268 45.30000084 87.00000126 45.30000084 41 P 0
L 86.93899554 73.22498944 86.93899808 73.2249869 41 P 0
L 86.93899808 73.2249869 89.03899642 73.2249869 41 P 0
L 86.99999618 39.84999904 86.99999618 40.90000456 41 P 0
L 87.30000066 42.09999962 87.64999742 41.75000286 41 P 0
L 87.47524034 68.5717704 87.55023892 68.49677182 41 P 0
L 87.50000026 59.17679554 87.50000026 60.92110752 41 P 0
L 87.55023892 66.56056284 87.55023892 68.49677182 41 P 0
L 87.55023892 66.56056284 87.55024146 66.5605603 41 P 0
L 87.55024146 66.5605603 87.69999986 66.4108019 41 P 0
L 87.64999742 39.84999904 87.64999742 41.75000286 41 P 0
L 87.69999986 65.50000108 87.69999986 66.4108019 41 P 0
L 87.69999986 65.50000108 88.89999746 65.50000108 41 P 0
L 87.900002 96.69999964 88.3500011 96.25000054 42 P 0
L 88.29999612 39.84999904 88.44999582 39.99999874 41 P 0
L 88.3500011 96.25000054 89.4999988 96.25000054 42 P 0
L 88.44999582 39.99999874 88.44999582 41.74999778 41 P 0
L 88.44999582 41.74999778 88.8000002 42.10000216 41 P 0
L 88.7000004 84.80000058 89.60000114 85.70000132 43 P 0
L 88.89999746 65.50000108 88.9999998 65.39999874 41 P 0
L 88.94999736 39.84999904 90.64999904 39.84999904 44 P 0
L 88.95023866 60.8519611 88.95023866 62.63938958 43 P 0
L 88.95023866 62.63938958 90.5051784 62.63938958 43 P 0
L 88.97523988 64.36055454 88.9999998 64.38531446 41 P 0
L 88.9999998 64.38531446 88.9999998 65.39999874 41 P 0
L 89.40000662 88.3000012 89.60000114 88.10000668 43 P 0
L 89.40000662 89.70000094 89.40000662 93.05000948 43 P 0
L 89.40000662 93.05000948 89.4999988 93.15000166 43 P 0
L 89.4999988 96.25000054 90.90000108 96.25000054 42 P 0
L 89.60000114 85.70000132 89.60000114 88.10000668 43 P 0
L 90.25000238 84.45000128 91.1250019 85.3250008 43 P 0
L 90.5051784 62.63938958 90.78033406 62.91454524 43 P 0
L 90.78033406 62.91454524 91.0303361 62.91454524 43 P 0
L 90.87499986 40.10000108 91.10000068 40.3250019 44 P 0
L 90.90000108 93.15000166 91.20000048 92.85000226 43 P 0
L 91.0303361 64.81454398 92.16434704 64.81454398 41 P 0
L 91.10000068 40.3250019 91.10000068 42.17500074 44 P 0
L 91.10000068 42.17500074 91.20000048 42.27500054 44 P 0
L 91.1250019 85.3250008 91.1250019 88.22500262 43 P 0
L 91.1250019 88.22500262 91.20000048 88.3000012 43 P 0
L 91.20000048 89.70000094 91.20000048 92.85000226 43 P 0
L 92.16434704 64.81454398 92.2522158 64.72667522 41 P 0
L 92.2522158 60.97282954 92.2522158 64.72667522 41 P 0
L 92.2522158 60.97282954 92.26445352 60.96059182 41 P 0
L 93.05533586 67.18554254 93.05533586 67.26054366 44 P 0
L 93.05533586 67.18554254 93.63033598 66.61054242 44 P 0
L 93.10000176 96.69999964 93.55000086 96.25000054 42 P 0
L 93.55000086 96.25000054 94.69999856 96.25000054 42 P 0
L 93.63033598 62.91454524 93.67476312 62.8701181 41 P 0
L 93.63033598 62.91454524 95.21455176 62.91454524 41 P 0
L 93.63033598 64.81454398 93.63033598 66.61054242 44 P 0
L 93.67476312 60.9267387 93.67476312 62.8701181 41 P 0
L 93.80000036 84.09999944 94.59999622 84.8999953 43 P 0
L 94.59999622 84.8999953 94.59999622 88.3000012 43 P 0
L 94.59999622 89.70000094 94.59999622 93.04999932 43 P 0
L 94.59999622 93.04999932 94.69999856 93.15000166 43 P 0
L 94.69999856 96.25000054 96.10000084 96.25000054 42 P 0
L 95.21455176 62.91454524 95.4999995 63.19999298 41 P 0
L 95.3999997 13.55000084 96.89999924 13.55000084 41 P 0
L 95.3999997 83.70000024 96.40000024 84.70000078 43 P 0
L 95.4999995 16.10000082 96.15000074 15.44999958 41 P 0
L 96.10000084 93.15000166 96.40000024 92.85000226 43 P 0
L 96.15000074 15.44999958 96.89999924 15.44999958 41 P 0
L 96.19999302 77.37499892 96.19999302 80.374998 41 P 0
L 96.20000318 70.69999576 96.20000318 72.29999256 41 P 0
L 96.20000318 72.29999256 96.20000318 73.7999921 41 P 0
L 96.40000024 84.70000078 96.40000024 88.3000012 43 P 0
L 96.40000024 89.70000094 96.40000024 92.85000226 43 P 0
L 96.89999924 15.44999958 96.89999924 16.20000062 41 P 0
L 96.89999924 16.20000062 97.19999864 16.50000002 41 P 0
L 97.19999864 16.50000002 102.76213128 16.50000002 41 P 0
L 97.60000292 72.22499398 97.60000292 72.29999256 41 P 0
L 97.60000292 72.22499398 97.97500344 71.84999346 41 P 0
L 97.97500344 71.84999346 98.05000202 71.84999346 41 P 0
L 98.05000202 71.84999346 98.32501798 71.5749775 41 P 0
L 98.29999898 60.944506 98.29999898 63.14831668 41 P 0
L 98.29999898 60.944506 98.38786774 60.85663724 41 P 0
L 98.29999898 63.14831668 98.3122367 63.1605544 41 P 0
L 98.3122367 64.56055414 98.3122367 65.51213212 41 P 0
L 98.3122367 65.51213212 98.40010546 65.60000088 41 P 0
L 98.32501798 71.5749775 99.438968 71.5749775 41 P 0
L 98.38786774 60.85663724 100.94999876 60.85663724 41 P 0
L 98.40010546 65.60000088 101.0000012 65.60000088 41 P 0
L 99.438968 71.5749775 101.21396572 71.5749775 41 P 0
L 99.67500258 20.49999964 99.67500258 20.57500076 44 P 0
L 99.67500258 20.57500076 99.78750172 20.6874999 44 P 0
L 99.78750172 20.6874999 99.78750172 22.5249994 44 P 0
L 99.78750172 20.6874999 101.08750166 20.6874999 44 P 0
L 99.78750172 22.5249994 99.8125004 22.54999808 44 P 0
L 99.8125004 22.54999808 99.90000086 22.54999808 44 P 0
L 99.90000086 23.19999932 101.85000204 23.19999932 41 P 0
L 99.90000086 23.84999802 101.47499644 23.84999802 41 P 0
L 99.90000086 24.49999926 100.69999926 24.49999926 41 P 0
L 99.90000086 25.1500005 100.99645028 25.1500005 41 P 0
L 99.90000086 25.7999992 101.0000012 25.7999992 41 P 0
L 100.02499426 69.5000007 100.94999876 68.5749962 41 P 0
L 100.69999926 24.49999926 101.5000002 25.3000002 41 P 0
L 100.94999876 59.06163194 100.94999876 60.85663724 41 P 0
L 100.94999876 59.06163194 100.95766702 59.05396368 41 P 0
L 100.94999876 66.59999888 100.94999876 68.49999762 41 P 0
L 100.94999876 66.59999888 100.9500013 66.59999634 41 P 0
L 100.94999876 68.49999762 100.94999876 68.5749962 41 P 0
L 100.9500013 66.59999634 101.0000012 66.54999644 41 P 0
L 100.99645028 25.1500005 101.44644938 25.5999996 41 P 0
L 101.0000012 25.7999992 101.100001 25.899999 41 P 0
L 101.0000012 65.60000088 101.0000012 66.54999644 41 P 0
L 101.0000012 65.60000088 102.41213198 65.60000088 41 P 0
L 101.08750166 20.6874999 101.5196725 21.11967074 44 P 0
L 101.100001 25.899999 101.100001 28.41213012 41 P 0
L 101.100001 28.41213012 101.18786976 28.49999888 41 P 0
L 101.18786976 28.49999888 102.05000164 28.49999888 41 P 0
L 101.2000008 79.60000082 101.20000334 79.59999828 41 P 0
L 101.20000334 79.59999828 103.30000168 79.59999828 41 P 0
L 101.21396572 71.5749775 101.23896694 71.59997872 41 P 0
L 101.23896694 72.99997846 101.23896948 72.99997592 41 P 0
L 101.23896948 72.99997592 103.33896782 72.99997592 41 P 0
L 101.44644938 25.5999996 101.91213044 25.5999996 41 P 0
L 101.47499644 23.84999802 102.0499991 24.42500068 41 P 0
L 101.5000002 25.3000002 105.15000052 25.3000002 41 P 0
L 101.5196725 21.11967074 102.34467212 21.11967074 44 P 0
L 101.85000204 23.19999932 102.05000164 22.99999972 41 P 0
L 101.91213044 25.5999996 101.9999992 25.68786836 41 P 0
L 101.9999992 25.68786836 101.9999992 26.8499971 41 P 0
L 101.9999992 26.8499971 102.05000164 26.89999954 41 P 0
L 102.0499991 24.42500068 102.0499991 24.49999926 41 P 0
L 102.34467212 21.11967074 102.55000064 21.32499926 44 P 0
L 102.3499985 60.85663724 102.3499985 62.63920924 41 P 0
L 102.3499985 62.63920924 103.99088676 62.63920924 41 P 0
L 102.35000104 66.59999634 103.31213018 66.59999634 41 P 0
L 102.37499972 64.36055708 102.50000074 64.4855581 41 P 0
L 102.41213198 65.60000088 102.50000074 65.51213212 41 P 0
L 102.50000074 64.4855581 102.50000074 65.51213212 41 P 0
L 102.76213128 16.50000002 102.76646198 16.49566932 41 P 0
L 102.76646198 16.49566932 103.00433044 16.49566932 41 P 0
L 103.00433044 16.49566932 103.09999954 16.40000022 41 P 0
L 103.31213018 66.59999634 103.39999894 66.51212758 41 P 0
L 103.39999894 65.00000208 103.39999894 66.51212758 41 P 0
L 103.39999894 65.00000208 103.58944738 64.81055364 41 P 0
L 103.58944738 64.81055364 104.51223446 64.81055364 41 P 0
L 103.99088676 62.63920924 104.26223242 62.9105549 41 P 0
L 104.26223242 62.9105549 104.51223446 62.9105549 41 P 0
L 104.51223446 64.81055364 105.6462454 64.81055364 41 P 0
L 105.15000052 25.3000002 105.25000032 25.4 41 P 0
L 105.25000032 23.79999812 105.25000032 25.4 41 P 0
L 105.25000032 26.79999974 107.67500182 26.79999974 41 P 0
L 105.6462454 64.81055364 105.73411416 64.72268488 41 P 0
L 105.73411416 60.9688392 105.73411416 64.72268488 41 P 0
L 105.73411416 60.9688392 105.74635188 60.95660148 41 P 0
L 105.94999638 82.25000314 106.60000016 81.59999936 43 P 0
L 106.39999802 82.60000244 107.29999876 81.7000017 43 P 0
L 106.53723168 67.18554508 106.53723168 67.2605462 44 P 0
L 106.53723168 67.18554508 107.11223434 66.61054242 44 P 0
L 106.60000016 70.70000084 106.60000016 81.59999936 43 P 0
L 106.60000016 70.70000084 106.92500332 70.37499768 43 P 0
L 106.7500024 82.95000174 108.05502646 81.64497768 43 P 0
L 106.92500332 70.37499768 110.3250016 70.37499768 43 P 0
L 107.11223434 62.9105549 107.13459142 62.88819782 41 P 0
L 107.11223434 62.9105549 108.61056002 62.9105549 41 P 0
L 107.11223434 64.81055364 107.11223434 66.61054242 44 P 0
L 107.13459142 60.90300748 107.13459142 62.88819782 41 P 0
L 107.29999876 74.60000574 107.29999876 81.7000017 43 P 0
L 107.29999876 74.60000574 107.60000324 74.30000126 43 P 0
L 107.60000324 74.30000126 110.40000018 74.30000126 43 P 0
L 107.67500182 26.79999974 107.8500002 26.62500136 41 P 0
L 107.8500002 26.57500146 107.8500002 26.62500136 41 P 0
L 107.8500002 26.62500136 107.8500002 28.29999674 41 P 0
L 107.8500002 28.29999674 107.85000274 28.29999928 41 P 0
L 108.05502646 78.54497372 108.05502646 81.64497768 43 P 0
L 108.05502646 78.54497372 108.2999993 78.30000088 43 P 0
L 108.2999993 78.30000088 110.40000018 78.30000088 43 P 0
L 108.61056002 62.9105549 108.90000064 63.19999552 41 P 0
L 109.25000248 27.0499967 109.25000248 28.29999928 41 P 0
L 109.25000248 27.0499967 110.07499956 26.22499962 41 P 0
L 110.07499956 26.22499962 110.15000068 26.22499962 41 P 0
L 110.3250016 70.37499768 110.40000018 70.2999991 43 P 0
L 110.39999764 83.30000104 110.40000526 83.29999342 43 P 0
L 111.79999992 70.2999991 114.55002744 70.2999991 43 P 0
L 111.79999992 74.30000126 114.55002744 74.30000126 43 P 0
L 111.79999992 78.30000088 114.55002998 78.30000088 43 P 0
L 111.800005 83.29999342 112.00000714 83.49999556 43 P 0
L 112.00000714 83.49999556 114.55000204 83.49999556 43 P 0
L 114.55002744 70.2999991 114.55002998 70.29999656 43 P 0
L 114.55002744 74.30000126 114.55002998 74.29999872 43 P 0
L 116.0250029 83.47499688 116.07500026 83.52499424 42 P 0
L 116.02503084 70.27500042 116.0750282 70.32499778 42 P 0
L 116.02503084 74.27500004 116.0750282 74.3249974 42 P 0
L 116.02503084 78.2750022 116.0750282 78.32499956 42 P 0
L 116.07500026 83.52499424 117.52499736 83.52499424 42 P 0
L 116.0750282 70.32499778 117.5250253 70.32499778 42 P 0
L 116.0750282 74.3249974 117.5250253 74.3249974 42 P 0
L 116.0750282 78.32499956 117.5250253 78.32499956 42 P 0
P 4.60000096 78.79999988 1 P 0 0 ;0=1,1=0,2
P 4.60000096 80.24999952 1 P 0 0 ;0=1,1=0,2
P 4.63758026 23.96501938 1 P 0 0 ;0=1,1=0,2
P 4.63758026 25.41501902 1 P 0 0 ;0=1,1=0,2
P 4.90000036 66.29999948 0 P 0 0 ;0=0,1=0,2
P 5.00000016 15.00000048 54 P 0 0 ;0=46,1=0
P 5.00000016 95.0000005 54 P 0 0 ;0=46,1=0
P 5.99999816 58.40000004 3 P 0 0 ;0=3,1=0,2
P 5.99999816 60.50000092 3 P 0 0 ;0=3,1=0,2
P 6.1000005 45.09000126 24 P 0 0 ;0=24,1=0,2
P 6.1000005 49.51000004 24 P 0 0 ;0=24,1=0,2
P 6.3375794 27.59001594 5 P 0 0 ;0=5,1=0,2
P 6.3375794 28.99001568 5 P 0 0 ;0=5,1=0,2
P 6.4375792 23.96501938 1 P 0 0 ;0=1,1=0,2
P 6.4375792 25.41501902 1 P 0 0 ;0=1,1=0,2
P 6.4499998 52.59999894 25 P 0 0 ;0=25,1=0,2
P 6.82500286 79.29500016 15 P 0 0 ;0=15,1=0,2
P 6.82500286 80.56500016 15 P 0 0 ;0=15,1=0,2
P 6.82500286 81.83500016 15 P 0 0 ;0=15,1=0,2
P 6.82500286 83.10500016 15 P 0 0 ;0=15,1=0,2
P 7.1999983 54.89999942 5 P 0 0 ;0=5,1=0,2
P 7.1999983 56.29999916 5 P 0 0 ;0=5,1=0,2
P 7.3999979 58.40000004 3 P 0 0 ;0=3,1=0,2
P 7.3999979 60.50000092 3 P 0 0 ;0=3,1=0,2
P 7.7999971 63.000001 3 P 0 0 ;0=3,1=0,2
P 8.61257866 22.39001872 4 P 0 0 ;0=4,1=0,2
P 8.80000018 54.99999922 3 P 0 0 ;0=3,1=0,2
P 9.14999948 52.59999894 25 P 0 0 ;0=25,1=0,2
P 9.19999684 63.000001 3 P 0 0 ;0=3,1=0,2
P 9.45000142 57.50000184 20 P 0 0 ;0=20,1=0,2
P 9.45000142 60.00000192 20 P 0 0 ;0=20,1=0,2
P 9.53757808 24.31501868 29 P 0 0 ;0=29,1=0,2
P 9.53757808 24.96501738 29 P 0 0 ;0=29,1=0,2
P 9.53757808 25.61501862 29 P 0 0 ;0=29,1=0,2
P 9.53757808 26.26501732 29 P 0 0 ;0=29,1=0,2
P 10.0625783 22.39001872 4 P 0 0 ;0=4,1=0,2
P 10.13757688 28.19001728 3 P 0 0 ;0=3,1=0,2
P 10.19999992 54.99999922 3 P 0 0 ;0=3,1=0,2
P 10.40000206 57.50000184 20 P 0 0 ;0=20,1=0,2
P 10.40000206 60.00000192 20 P 0 0 ;0=20,1=0,2
P 10.56500046 35.56499872 53 P 0 0 ;0=45,1=0
P 10.56500046 39.99999874 53 P 0 0 ;0=45,1=0
P 10.56500046 44.43499876 53 P 0 0 ;0=45,1=0
P 11.03757762 25.290018 28 P 0 0 ;0=28,1=0,2
P 11.3500027 57.50000184 20 P 0 0 ;0=20,1=0,2
P 11.3500027 60.00000192 20 P 0 0 ;0=20,1=0,2
P 11.53757662 28.19001728 3 P 0 0 ;0=3,1=0,2
P 11.77500058 79.29500016 15 P 0 0 ;0=15,1=0,2
P 11.77500058 80.56500016 15 P 0 0 ;0=15,1=0,2
P 11.77500058 81.83500016 15 P 0 0 ;0=15,1=0,2
P 11.77500058 83.10500016 15 P 0 0 ;0=15,1=0,2
P 12.07500252 62.29999986 4 P 0 0 ;0=4,1=0,2
P 12.4375799 20.96501776 1 P 0 0 ;0=1,1=0,2
P 12.4375799 22.4150174 1 P 0 0 ;0=1,1=0,2
P 12.53757716 24.31501868 29 P 0 0 ;0=29,1=0,2
P 12.53757716 24.96501738 29 P 0 0 ;0=29,1=0,2
P 12.53757716 25.61501862 29 P 0 0 ;0=29,1=0,2
P 12.53757716 26.26501732 29 P 0 0 ;0=29,1=0,2
P 12.7 49.04999842 21 P 0 0 ;0=21,1=0,2
P 12.7 52.54999904 21 P 0 0 ;0=21,1=0,2
P 13.52500216 62.29999986 4 P 0 0 ;0=4,1=0,2
P 14.80000342 88.6000006 5 P 0 0 ;0=5,1=0,2
P 14.80000342 90.00000034 5 P 0 0 ;0=5,1=0,2
P 14.88000326 92.885006 56 P 0 0 ;0=48,1=0
P 14.88000326 97.06500272 57 P 0 0 ;0=49,1=0
P 15.00000048 35.56499872 53 P 0 0 ;0=45,1=0
P 15.00000048 39.99999874 53 P 0 0 ;0=45,1=0
P 15.00000048 44.43499876 53 P 0 0 ;0=45,1=0
P 15.35999976 13.66499934 17 P 0 0 ;0=17,1=0,2
P 15.35999976 17.73499882 17 P 0 0 ;0=17,1=0,2
P 15.70000162 24.29999966 5 P 0 0 ;0=5,1=0,2
P 15.70000162 25.6999994 5 P 0 0 ;0=5,1=0,2
P 16.00000102 92.31000334 37 P 0 0 ;0=37,1=0,2
P 16.31000294 93.385005 55 P 0 0 ;0=47,1=0
P 16.62999976 13.66499934 17 P 0 0 ;0=17,1=0,2
P 16.62999976 17.73499882 17 P 0 0 ;0=17,1=0,2
P 16.65000226 84.3750027 39 P 0 0 ;0=39,1=0,2
P 16.7000047 88.6000006 5 P 0 0 ;0=5,1=0,2
P 16.7000047 90.00000034 5 P 0 0 ;0=5,1=0,2
P 16.80000196 92.31000334 37 P 0 0 ;0=37,1=0,2
P 17.4500032 92.31000334 38 P 0 0 ;0=38,1=0,2
P 17.50000056 63.7499995 9 P 0 0 ;0=9,1=0,2
P 17.50000056 66.44999918 9 P 0 0 ;0=9,1=0,2
P 17.60000036 69.8000001 0 P 0 0 ;0=0,1=0,2
P 17.6000029 86.82500288 39 P 0 0 ;0=39,1=0,2
P 17.89999976 13.66499934 17 P 0 0 ;0=17,1=0,2
P 17.89999976 17.73499882 17 P 0 0 ;0=17,1=0,2
P 17.9500022 92.31000334 38 P 0 0 ;0=38,1=0,2
P 18.39999876 54.40000042 22 P 0 0 ;0=22,1=0,2
P 18.39999876 59.40000058 22 P 0 0 ;0=22,1=0,2
P 18.4500012 92.31000334 38 P 0 0 ;0=38,1=0,2
P 18.550001 84.3750027 39 P 0 0 ;0=39,1=0,2
P 18.60000344 88.6000006 5 P 0 0 ;0=5,1=0,2
P 18.60000344 90.00000034 5 P 0 0 ;0=5,1=0,2
P 18.7350019 23.70000086 27 P 0 0 ;0=27,1=0,2
P 18.7350019 25.7999992 27 P 0 0 ;0=27,1=0,2
P 18.95000274 92.31000334 38 P 0 0 ;0=38,1=0,2
P 19.16999976 17.73499882 17 P 0 0 ;0=17,1=0,2
P 19.4350005 35.56499872 53 P 0 0 ;0=45,1=0
P 19.4350005 39.99999874 53 P 0 0 ;0=45,1=0
P 19.4350005 44.43499876 53 P 0 0 ;0=45,1=0
P 19.45000174 92.31000334 38 P 0 0 ;0=38,1=0,2
P 19.95000328 92.31000334 38 P 0 0 ;0=38,1=0,2
P 20.06500178 23.70000086 27 P 0 0 ;0=27,1=0,2
P 20.06500178 25.7999992 27 P 0 0 ;0=27,1=0,2
P 20.43999976 13.66499934 17 P 0 0 ;0=17,1=0,2
P 20.43999976 17.73499882 17 P 0 0 ;0=17,1=0,2
P 20.45000228 92.31000334 38 P 0 0 ;0=38,1=0,2
P 20.50000472 88.6000006 5 P 0 0 ;0=5,1=0,2
P 20.50000472 90.00000034 5 P 0 0 ;0=5,1=0,2
P 20.79999904 63.7499995 9 P 0 0 ;0=9,1=0,2
P 20.79999904 66.44999918 9 P 0 0 ;0=9,1=0,2
P 20.95000128 92.31000334 38 P 0 0 ;0=38,1=0,2
P 21.50000018 68.50000016 5 P 0 0 ;0=5,1=0,2
P 21.50000018 69.8999999 5 P 0 0 ;0=5,1=0,2
P 21.50000018 71.95000088 26 P 0 0 ;0=26,1=0,2
P 21.50000018 73.45000042 26 P 0 0 ;0=26,1=0,2
P 21.60000252 92.31000334 37 P 0 0 ;0=37,1=0,2
P 22.09000154 93.385005 55 P 0 0 ;0=47,1=0
P 22.40000346 88.6000006 5 P 0 0 ;0=5,1=0,2
P 22.40000346 90.00000034 5 P 0 0 ;0=5,1=0,2
P 22.40000346 92.31000334 37 P 0 0 ;0=37,1=0,2
P 23.00000226 77.40000522 5 P 0 0 ;0=5,1=0,2
P 23.00000226 78.80000496 5 P 0 0 ;0=5,1=0,2
P 23.49999872 66.5750002 1 P 0 0 ;0=1,1=0,2
P 23.49999872 68.02499984 1 P 0 0 ;0=1,1=0,2
P 23.52000122 92.885006 56 P 0 0 ;0=48,1=0
P 23.52000122 97.06500272 57 P 0 0 ;0=49,1=0
P 24.3000022 88.60000314 5 P 0 0 ;0=5,1=0,2
P 24.3000022 90.00000288 5 P 0 0 ;0=5,1=0,2
P 24.39999946 81.9000013 5 P 0 0 ;0=5,1=0,2
P 24.39999946 83.30000104 5 P 0 0 ;0=5,1=0,2
P 24.49999926 21.89999938 32 P 0 0 ;0=32,1=0,2
P 24.5000018 77.40000522 5 P 0 0 ;0=5,1=0,2
P 24.5000018 78.80000496 5 P 0 0 ;0=5,1=0,2
P 24.74999876 57.1000001 25 P 0 0 ;0=25,1=0,2
P 24.74999876 60.19999898 25 P 0 0 ;0=25,1=0,2
P 24.79999866 51.3499989 21 P 0 0 ;0=21,1=0,2
P 24.79999866 54.84999952 21 P 0 0 ;0=21,1=0,2
P 24.87499978 62.9000012 4 P 0 0 ;0=4,1=0,2
P 25.3500001 64.89999974 23 P 0 0 ;0=23,1=0,2
P 25.3500001 67.49999962 23 P 0 0 ;0=23,1=0,2
P 26.10000114 77.40000522 5 P 0 0 ;0=5,1=0,2
P 26.10000114 78.80000496 5 P 0 0 ;0=5,1=0,2
P 26.30000074 64.89999974 23 P 0 0 ;0=23,1=0,2
P 26.32499942 62.9000012 4 P 0 0 ;0=4,1=0,2
P 26.4999978 83.25000114 14 P 0 0 ;0=14,1=0,2
P 26.4999978 86.35000002 14 P 0 0 ;0=14,1=0,2
P 26.60000014 81.39999976 3 P 0 0 ;0=3,1=0,2
P 26.94999944 20.94999874 32 P 0 0 ;0=32,1=0,2
P 26.94999944 22.84999748 32 P 0 0 ;0=32,1=0,2
P 27.09999914 53.30000008 5 P 0 0 ;0=5,1=0,2
P 27.09999914 54.69999982 5 P 0 0 ;0=5,1=0,2
P 27.24999884 64.89999974 23 P 0 0 ;0=23,1=0,2
P 27.24999884 67.49999962 23 P 0 0 ;0=23,1=0,2
P 27.44999844 57.1000001 25 P 0 0 ;0=25,1=0,2
P 27.44999844 60.19999898 25 P 0 0 ;0=25,1=0,2
P 27.70000048 77.40000522 5 P 0 0 ;0=5,1=0,2
P 27.70000048 78.80000496 5 P 0 0 ;0=5,1=0,2
P 27.90000008 83.25000114 14 P 0 0 ;0=14,1=0,2
P 27.90000008 86.35000002 14 P 0 0 ;0=14,1=0,2
P 27.99999988 81.39999976 3 P 0 0 ;0=3,1=0,2
P 29.00000042 53.25000272 26 P 0 0 ;0=26,1=0,2
P 29.00000042 54.75000226 26 P 0 0 ;0=26,1=0,2
P 29.20000002 77.40000522 5 P 0 0 ;0=5,1=0,2
P 29.20000002 78.80000496 5 P 0 0 ;0=5,1=0,2
P 29.75000146 69.94998964 9 P 0 0 ;0=9,1=0,2
P 29.75000146 72.64998932 9 P 0 0 ;0=9,1=0,2
P 30.6000023 90.69999894 3 P 0 0 ;0=3,1=0,2
P 30.69999956 77.40000522 5 P 0 0 ;0=5,1=0,2
P 30.69999956 78.80000496 5 P 0 0 ;0=5,1=0,2
P 31.6500002 60.10000172 16 P 0 0 ;0=16,1=0,2
P 32.00000204 90.69999894 3 P 0 0 ;0=3,1=0,2
P 32.10000184 83.65000542 9 P 0 0 ;0=9,1=0,2
P 32.10000184 86.3500051 9 P 0 0 ;0=9,1=0,2
P 32.20000164 77.40000522 5 P 0 0 ;0=5,1=0,2
P 32.20000164 78.80000496 5 P 0 0 ;0=5,1=0,2
P 32.2999989 93.15000166 14 P 0 0 ;0=14,1=0,2
P 32.2999989 96.25000054 14 P 0 0 ;0=14,1=0,2
P 32.40000124 54.30000062 0 P 0 0 ;0=0,1=0,2
P 32.40000124 70.57499982 1 P 0 0 ;0=1,1=0,2
P 32.40000124 72.02499946 1 P 0 0 ;0=1,1=0,2
P 33.50000158 41.90000256 5 P 0 0 ;0=5,1=0,2
P 33.50000158 43.3000023 5 P 0 0 ;0=5,1=0,2
P 33.70000118 93.15000166 14 P 0 0 ;0=14,1=0,2
P 33.70000118 96.25000054 14 P 0 0 ;0=14,1=0,2
P 33.89999824 90.69999894 3 P 0 0 ;0=3,1=0,2
P 33.95000068 58.35000268 16 P 0 0 ;0=16,1=0,2
P 33.95000068 61.85000076 16 P 0 0 ;0=16,1=0,2
P 34.0750017 47.49999898 4 P 0 0 ;0=4,1=0,2
P 34.50000212 84.27500544 1 P 0 0 ;0=1,1=0,2
P 34.50000212 85.72500508 1 P 0 0 ;0=1,1=0,2
P 34.59999938 22.35000102 49 P 0 0 ;0=41,1=0
P 34.59999938 72.4500075 19 P 0 0 ;0=19,1=0,2
P 34.59999938 72.9500065 19 P 0 0 ;0=19,1=0,2
P 34.59999938 73.4500055 19 P 0 0 ;0=19,1=0,2
P 34.59999938 73.95000704 19 P 0 0 ;0=19,1=0,2
P 34.59999938 74.45000604 19 P 0 0 ;0=19,1=0,2
P 34.59999938 74.95000758 19 P 0 0 ;0=19,1=0,2
P 34.59999938 75.45000658 19 P 0 0 ;0=19,1=0,2
P 34.59999938 75.95000558 19 P 0 0 ;0=19,1=0,2
P 34.59999938 76.45000712 19 P 0 0 ;0=19,1=0,2
P 34.59999938 76.95000612 19 P 0 0 ;0=19,1=0,2
P 34.59999938 77.45000512 19 P 0 0 ;0=19,1=0,2
P 34.59999938 77.95000666 19 P 0 0 ;0=19,1=0,2
P 34.59999938 78.45000566 19 P 0 0 ;0=19,1=0,2
P 34.59999938 78.9500072 19 P 0 0 ;0=19,1=0,2
P 34.59999938 79.4500062 19 P 0 0 ;0=19,1=0,2
P 34.59999938 79.9500052 19 P 0 0 ;0=19,1=0,2
P 35.15000336 45.87499842 6 P 0 0 ;0=6,1=0,2
P 35.1749995 40.19999834 3 P 0 0 ;0=3,1=0,2
P 35.29999798 90.69999894 3 P 0 0 ;0=3,1=0,2
P 35.30000052 41.99999982 3 P 0 0 ;0=3,1=0,2
P 35.52500134 47.49999898 4 P 0 0 ;0=4,1=0,2
P 35.80000206 43.72499764 6 P 0 0 ;0=6,1=0,2
P 36.40000086 84.3750027 1 P 0 0 ;0=1,1=0,2
P 36.40000086 85.82500234 1 P 0 0 ;0=1,1=0,2
P 36.4500033 45.87499842 6 P 0 0 ;0=6,1=0,2
P 36.55000056 70.50000632 18 P 0 0 ;0=18,1=0,2
P 36.55000056 81.90000638 18 P 0 0 ;0=18,1=0,2
P 36.57499924 40.19999834 3 P 0 0 ;0=3,1=0,2
P 36.70000026 41.99999982 3 P 0 0 ;0=3,1=0,2
P 37.04999956 70.50000632 18 P 0 0 ;0=18,1=0,2
P 37.04999956 81.90000638 18 P 0 0 ;0=18,1=0,2
P 37.4160669 31.5000132 4 P 0 0 ;0=4,1=0,2
P 37.54999856 70.50000632 18 P 0 0 ;0=18,1=0,2
P 37.54999856 81.90000638 18 P 0 0 ;0=18,1=0,2
P 38.0500001 70.50000632 18 P 0 0 ;0=18,1=0,2
P 38.0500001 81.90000638 18 P 0 0 ;0=18,1=0,2
P 38.50000174 42.19999942 5 P 0 0 ;0=5,1=0,2
P 38.50000174 43.59999916 5 P 0 0 ;0=5,1=0,2
P 38.5499991 70.50000632 18 P 0 0 ;0=18,1=0,2
P 38.5499991 81.90000638 18 P 0 0 ;0=18,1=0,2
P 38.86606654 31.5000132 4 P 0 0 ;0=4,1=0,2
P 39.05000064 70.50000632 18 P 0 0 ;0=18,1=0,2
P 39.05000064 81.90000638 18 P 0 0 ;0=18,1=0,2
P 39.35000004 34.10000038 30 P 0 0 ;0=30,1=0,2
P 39.35000004 39.79999914 30 P 0 0 ;0=30,1=0,2
P 39.39999994 84.10000198 36 P 0 0 ;0=36,1=0,2
P 39.39999994 86.30000266 36 P 0 0 ;0=36,1=0,2
P 39.54999964 70.50000632 18 P 0 0 ;0=18,1=0,2
P 39.54999964 81.90000638 18 P 0 0 ;0=18,1=0,2
P 39.69999934 61.70000106 3 P 0 0 ;0=3,1=0,2
P 39.69999934 63.5 3 P 0 0 ;0=3,1=0,2
P 40.00000128 34.10000038 30 P 0 0 ;0=30,1=0,2
P 40.00000128 39.79999914 30 P 0 0 ;0=30,1=0,2
P 40.04999864 70.50000632 18 P 0 0 ;0=18,1=0,2
P 40.04999864 81.90000638 18 P 0 0 ;0=18,1=0,2
P 40.40000048 42.20000196 5 P 0 0 ;0=5,1=0,2
P 40.40000048 43.6000017 5 P 0 0 ;0=5,1=0,2
P 40.55000018 70.50000632 18 P 0 0 ;0=18,1=0,2
P 40.55000018 81.90000638 18 P 0 0 ;0=18,1=0,2
P 40.64999998 34.10000038 30 P 0 0 ;0=30,1=0,2
P 40.64999998 39.79999914 30 P 0 0 ;0=30,1=0,2
P 41.04999918 70.50000632 18 P 0 0 ;0=18,1=0,2
P 41.04999918 81.90000638 18 P 0 0 ;0=18,1=0,2
P 41.09999908 61.70000106 3 P 0 0 ;0=3,1=0,2
P 41.09999908 63.5 3 P 0 0 ;0=3,1=0,2
P 41.30000122 34.10000038 30 P 0 0 ;0=30,1=0,2
P 41.30000122 36.94999976 31 P 0 0 ;0=31,1=0,2
P 41.30000122 39.79999914 30 P 0 0 ;0=30,1=0,2
P 41.30000122 53.39999988 5 P 0 0 ;0=5,1=0,2
P 41.30000122 54.79999962 5 P 0 0 ;0=5,1=0,2
P 41.40000102 65.60000342 5 P 0 0 ;0=5,1=0,2
P 41.40000102 67.00000316 5 P 0 0 ;0=5,1=0,2
P 41.4249997 23.30000166 52 P 0 0 ;0=44,1=0
P 41.54999818 70.50000632 18 P 0 0 ;0=18,1=0,2
P 41.54999818 81.90000638 18 P 0 0 ;0=18,1=0,2
P 41.6749992 49.7000022 5 P 0 0 ;0=5,1=0,2
P 41.6749992 51.10000194 5 P 0 0 ;0=5,1=0,2
P 41.95000246 34.10000038 30 P 0 0 ;0=30,1=0,2
P 41.95000246 39.79999914 30 P 0 0 ;0=30,1=0,2
P 42.04999972 70.50000632 18 P 0 0 ;0=18,1=0,2
P 42.04999972 81.90000638 18 P 0 0 ;0=18,1=0,2
P 42.54999872 70.50000632 18 P 0 0 ;0=18,1=0,2
P 42.54999872 81.90000638 18 P 0 0 ;0=18,1=0,2
P 42.60000116 34.10000038 30 P 0 0 ;0=30,1=0,2
P 42.60000116 39.79999914 30 P 0 0 ;0=30,1=0,2
P 42.99999782 53.90000142 40 P 0 0 ;0=40,1=0,2
P 43.05000026 70.50000632 18 P 0 0 ;0=18,1=0,2
P 43.05000026 81.90000638 18 P 0 0 ;0=18,1=0,2
P 43.05000026 86.5000048 25 P 0 0 ;0=25,1=0,2
P 43.2500024 34.10000038 30 P 0 0 ;0=30,1=0,2
P 43.2500024 39.79999914 30 P 0 0 ;0=30,1=0,2
P 43.39999956 42.27500054 2 P 0 0 ;0=2,1=0,2
P 43.39999956 44.12499938 2 P 0 0 ;0=2,1=0,2
P 43.44999946 51.30000154 4 P 0 0 ;0=4,1=0,2
P 43.47500068 49.800002 3 P 0 0 ;0=3,1=0,2
P 43.54999926 70.50000632 18 P 0 0 ;0=18,1=0,2
P 43.54999926 81.90000638 18 P 0 0 ;0=18,1=0,2
P 43.67500028 84.10000452 4 P 0 0 ;0=4,1=0,2
P 43.8500012 66.10000496 25 P 0 0 ;0=25,1=0,2
P 44.04999826 70.50000632 18 P 0 0 ;0=18,1=0,2
P 44.04999826 81.90000638 18 P 0 0 ;0=18,1=0,2
P 44.37500142 68.5000027 4 P 0 0 ;0=4,1=0,2
P 44.5999997 39.07499932 1 P 0 0 ;0=1,1=0,2
P 44.5999997 40.52499896 1 P 0 0 ;0=1,1=0,2
P 44.87500042 49.800002 3 P 0 0 ;0=3,1=0,2
P 44.8999991 51.30000154 4 P 0 0 ;0=4,1=0,2
P 44.9999989 16.40000022 51 P 0 0 ;0=43,1=0
P 44.9999989 18.9000003 51 P 0 0 ;0=43,1=0
P 45.12499992 84.10000452 4 P 0 0 ;0=4,1=0,2
P 45.1499986 53.25000018 40 P 0 0 ;0=40,1=0,2
P 45.1499986 54.55000012 40 P 0 0 ;0=40,1=0,2
P 45.47499922 31.5000005 4 P 0 0 ;0=4,1=0,2
P 45.74999994 86.5000048 25 P 0 0 ;0=25,1=0,2
P 45.82500106 68.5000027 4 P 0 0 ;0=4,1=0,2
P 45.89999964 42.20000196 5 P 0 0 ;0=5,1=0,2
P 45.89999964 43.6000017 5 P 0 0 ;0=5,1=0,2
P 45.99999944 72.4500075 19 P 0 0 ;0=19,1=0,2
P 45.99999944 72.9500065 19 P 0 0 ;0=19,1=0,2
P 45.99999944 73.4500055 19 P 0 0 ;0=19,1=0,2
P 45.99999944 73.95000704 19 P 0 0 ;0=19,1=0,2
P 45.99999944 74.45000604 19 P 0 0 ;0=19,1=0,2
P 45.99999944 74.95000758 19 P 0 0 ;0=19,1=0,2
P 45.99999944 75.45000658 19 P 0 0 ;0=19,1=0,2
P 45.99999944 75.95000558 19 P 0 0 ;0=19,1=0,2
P 45.99999944 76.45000712 19 P 0 0 ;0=19,1=0,2
P 45.99999944 76.95000612 19 P 0 0 ;0=19,1=0,2
P 45.99999944 77.45000512 19 P 0 0 ;0=19,1=0,2
P 45.99999944 77.95000666 19 P 0 0 ;0=19,1=0,2
P 45.99999944 78.45000566 19 P 0 0 ;0=19,1=0,2
P 45.99999944 78.9500072 19 P 0 0 ;0=19,1=0,2
P 45.99999944 79.4500062 19 P 0 0 ;0=19,1=0,2
P 45.99999944 79.9500052 19 P 0 0 ;0=19,1=0,2
P 46.09999924 39.07499932 1 P 0 0 ;0=1,1=0,2
P 46.09999924 40.52499896 1 P 0 0 ;0=1,1=0,2
P 46.09999924 45.90000218 5 P 0 0 ;0=5,1=0,2
P 46.09999924 47.30000192 5 P 0 0 ;0=5,1=0,2
P 46.49999844 22.40000092 50 P 0 0 ;0=42,1=0
P 46.55000088 66.10000496 25 P 0 0 ;0=25,1=0,2
P 46.92499886 31.5000005 4 P 0 0 ;0=4,1=0,2
P 47.39999918 42.20000196 5 P 0 0 ;0=5,1=0,2
P 47.39999918 43.6000017 5 P 0 0 ;0=5,1=0,2
P 47.4750003 49.40000026 4 P 0 0 ;0=4,1=0,2
P 47.49999898 16.40000022 51 P 0 0 ;0=43,1=0
P 47.49999898 18.9000003 51 P 0 0 ;0=43,1=0
P 47.54999634 34.15000028 30 P 0 0 ;0=30,1=0,2
P 47.54999634 39.84999904 30 P 0 0 ;0=30,1=0,2
P 47.65000122 47.6749999 6 P 0 0 ;0=6,1=0,2
P 48.19999758 34.15000028 30 P 0 0 ;0=30,1=0,2
P 48.19999758 39.84999904 30 P 0 0 ;0=30,1=0,2
P 48.29999992 45.52499912 6 P 0 0 ;0=6,1=0,2
P 48.84999628 34.15000028 30 P 0 0 ;0=30,1=0,2
P 48.84999628 39.84999904 30 P 0 0 ;0=30,1=0,2
P 48.90000126 42.19999942 5 P 0 0 ;0=5,1=0,2
P 48.90000126 43.59999916 5 P 0 0 ;0=5,1=0,2
P 48.92499994 49.40000026 4 P 0 0 ;0=4,1=0,2
P 48.95000116 47.6749999 6 P 0 0 ;0=6,1=0,2
P 49.01000104 79.29999888 4 P 0 0 ;0=4,1=0,2
P 49.01000104 81.10000036 4 P 0 0 ;0=4,1=0,2
P 49.07000092 82.7999995 27 P 0 0 ;0=27,1=0,2
P 49.49999752 34.15000028 30 P 0 0 ;0=30,1=0,2
P 49.49999752 36.99999966 31 P 0 0 ;0=31,1=0,2
P 49.49999752 39.84999904 30 P 0 0 ;0=30,1=0,2
P 49.99999906 16.40000022 51 P 0 0 ;0=43,1=0
P 49.99999906 18.9000003 51 P 0 0 ;0=43,1=0
P 50.14999876 34.15000028 30 P 0 0 ;0=30,1=0,2
P 50.14999876 39.84999904 30 P 0 0 ;0=30,1=0,2
P 50.4000008 42.20000196 5 P 0 0 ;0=5,1=0,2
P 50.4000008 43.6000017 5 P 0 0 ;0=5,1=0,2
P 50.4000008 82.7999995 27 P 0 0 ;0=27,1=0,2
P 50.46000068 79.29999888 4 P 0 0 ;0=4,1=0,2
P 50.46000068 81.10000036 4 P 0 0 ;0=4,1=0,2
P 50.60000294 53.99999614 3 P 0 0 ;0=3,1=0,2
P 50.60000294 55.99999468 3 P 0 0 ;0=3,1=0,2
P 50.60000294 57.99999576 3 P 0 0 ;0=3,1=0,2
P 50.60000294 59.99999684 3 P 0 0 ;0=3,1=0,2
P 50.79999746 34.15000028 30 P 0 0 ;0=30,1=0,2
P 50.79999746 39.84999904 30 P 0 0 ;0=30,1=0,2
P 51.0499995 68.0000037 35 P 0 0 ;0=35,1=0,2
P 51.0499995 70.20000438 35 P 0 0 ;0=35,1=0,2
P 51.07500072 66.10000242 4 P 0 0 ;0=4,1=0,2
P 51.17500052 72.10000312 4 P 0 0 ;0=4,1=0,2
P 51.17500052 74.60000066 4 P 0 0 ;0=4,1=0,2
P 51.4499987 34.15000028 30 P 0 0 ;0=30,1=0,2
P 51.4499987 39.84999904 30 P 0 0 ;0=30,1=0,2
P 52.00000268 53.99999614 3 P 0 0 ;0=3,1=0,2
P 52.00000268 55.99999468 3 P 0 0 ;0=3,1=0,2
P 52.00000268 57.99999576 3 P 0 0 ;0=3,1=0,2
P 52.00000268 59.99999684 3 P 0 0 ;0=3,1=0,2
P 52.49999914 16.40000022 51 P 0 0 ;0=43,1=0
P 52.49999914 18.9000003 51 P 0 0 ;0=43,1=0
P 52.52500036 66.10000242 4 P 0 0 ;0=4,1=0,2
P 52.62500016 72.10000312 4 P 0 0 ;0=4,1=0,2
P 52.62500016 74.60000066 4 P 0 0 ;0=4,1=0,2
P 52.69999874 42.27500054 2 P 0 0 ;0=2,1=0,2
P 52.69999874 44.12499938 2 P 0 0 ;0=2,1=0,2
P 52.75000118 68.0000037 35 P 0 0 ;0=35,1=0,2
P 52.75000118 70.20000438 35 P 0 0 ;0=35,1=0,2
P 52.80000108 39.07499932 1 P 0 0 ;0=1,1=0,2
P 52.80000108 40.52499896 1 P 0 0 ;0=1,1=0,2
P 53.00000068 88.3000012 5 P 0 0 ;0=5,1=0,2
P 53.00000068 89.70000094 5 P 0 0 ;0=5,1=0,2
P 53.09999794 93.15000166 14 P 0 0 ;0=14,1=0,2
P 53.09999794 96.25000054 14 P 0 0 ;0=14,1=0,2
P 53.24999764 22.40000092 50 P 0 0 ;0=42,1=0
P 54.20000082 48.20000266 5 P 0 0 ;0=5,1=0,2
P 54.20000082 49.6000024 5 P 0 0 ;0=5,1=0,2
P 54.30000062 39.07499932 1 P 0 0 ;0=1,1=0,2
P 54.30000062 40.52499896 1 P 0 0 ;0=1,1=0,2
P 54.50000022 93.15000166 14 P 0 0 ;0=14,1=0,2
P 54.50000022 96.25000054 14 P 0 0 ;0=14,1=0,2
P 54.79999962 88.3000012 5 P 0 0 ;0=5,1=0,2
P 54.79999962 89.70000094 5 P 0 0 ;0=5,1=0,2
P 54.99999922 16.40000022 51 P 0 0 ;0=43,1=0
P 54.99999922 18.9000003 51 P 0 0 ;0=43,1=0
P 55.20000136 45.20000104 3 P 0 0 ;0=3,1=0,2
P 55.30000116 41.99999982 5 P 0 0 ;0=5,1=0,2
P 55.30000116 43.39999956 5 P 0 0 ;0=5,1=0,2
P 55.64999792 34.10000038 30 P 0 0 ;0=30,1=0,2
P 55.64999792 39.79999914 30 P 0 0 ;0=30,1=0,2
P 55.9500024 49.17499944 6 P 0 0 ;0=6,1=0,2
P 55.99999976 50.8 4 P 0 0 ;0=4,1=0,2
P 56.29999916 34.10000038 30 P 0 0 ;0=30,1=0,2
P 56.29999916 39.79999914 30 P 0 0 ;0=30,1=0,2
P 56.6000011 45.20000104 3 P 0 0 ;0=3,1=0,2
P 56.6000011 47.02499866 6 P 0 0 ;0=6,1=0,2
P 56.94999786 34.10000038 30 P 0 0 ;0=30,1=0,2
P 56.94999786 39.79999914 30 P 0 0 ;0=30,1=0,2
P 57.1000001 41.99999982 5 P 0 0 ;0=5,1=0,2
P 57.1000001 43.39999956 5 P 0 0 ;0=5,1=0,2
P 57.2499998 73.10000112 26 P 0 0 ;0=26,1=0,2
P 57.25000234 49.17499944 6 P 0 0 ;0=6,1=0,2
P 57.29999716 74.90000006 3 P 0 0 ;0=3,1=0,2
P 57.4499994 50.8 4 P 0 0 ;0=4,1=0,2
P 57.4999993 18.9000003 51 P 0 0 ;0=43,1=0
P 57.5999991 34.10000038 30 P 0 0 ;0=30,1=0,2
P 57.5999991 36.94999976 31 P 0 0 ;0=31,1=0,2
P 57.5999991 39.79999914 30 P 0 0 ;0=30,1=0,2
P 57.9999983 62.29999224 5 P 0 0 ;0=5,1=0,2
P 57.9999983 63.69999198 5 P 0 0 ;0=5,1=0,2
P 58.20000806 88.3000012 5 P 0 0 ;0=5,1=0,2
P 58.20000806 89.70000094 5 P 0 0 ;0=5,1=0,2
P 58.25000034 34.10000038 30 P 0 0 ;0=30,1=0,2
P 58.25000034 39.79999914 30 P 0 0 ;0=30,1=0,2
P 58.2999977 93.15000166 14 P 0 0 ;0=14,1=0,2
P 58.2999977 96.25000054 14 P 0 0 ;0=14,1=0,2
P 58.49499858 16.40000022 51 P 0 0 ;0=43,1=0
P 58.49999984 42.00000236 5 P 0 0 ;0=5,1=0,2
P 58.49999984 43.4000021 5 P 0 0 ;0=5,1=0,2
P 58.6999969 74.90000006 3 P 0 0 ;0=3,1=0,2
P 58.74999934 73.10000112 26 P 0 0 ;0=26,1=0,2
P 58.89999904 34.10000038 30 P 0 0 ;0=30,1=0,2
P 58.89999904 39.79999914 30 P 0 0 ;0=30,1=0,2
P 59.55000028 34.10000038 30 P 0 0 ;0=30,1=0,2
P 59.55000028 39.79999914 30 P 0 0 ;0=30,1=0,2
P 59.69999998 93.15000166 14 P 0 0 ;0=14,1=0,2
P 59.69999998 96.25000054 14 P 0 0 ;0=14,1=0,2
P 59.99999938 18.9000003 51 P 0 0 ;0=43,1=0
P 59.99999938 22.40000092 50 P 0 0 ;0=42,1=0
P 59.99999938 88.3000012 5 P 0 0 ;0=5,1=0,2
P 59.99999938 89.70000094 5 P 0 0 ;0=5,1=0,2
P 60.2750001 63.96055026 4 P 0 0 ;0=4,1=0,2
P 60.29999878 58.6605507 3 P 0 0 ;0=3,1=0,2
P 60.29999878 60.46055218 3 P 0 0 ;0=3,1=0,2
P 60.29999878 62.26055112 3 P 0 0 ;0=3,1=0,2
P 60.29999878 68.06055222 3 P 0 0 ;0=3,1=0,2
P 60.30000132 66.16055094 3 P 0 0 ;0=3,1=0,2
P 60.35000122 48.49999952 26 P 0 0 ;0=26,1=0,2
P 60.39999858 50.300001 3 P 0 0 ;0=3,1=0,2
P 60.47004162 30.20000056 4 P 0 0 ;0=4,1=0,2
P 60.90000012 42.27500054 2 P 0 0 ;0=2,1=0,2
P 60.90000012 44.12499938 2 P 0 0 ;0=2,1=0,2
P 61.19999952 39.07499932 1 P 0 0 ;0=1,1=0,2
P 61.19999952 40.52499896 1 P 0 0 ;0=1,1=0,2
P 61.69999852 58.6605507 3 P 0 0 ;0=3,1=0,2
P 61.69999852 60.46055218 3 P 0 0 ;0=3,1=0,2
P 61.69999852 62.26055112 3 P 0 0 ;0=3,1=0,2
P 61.69999852 68.06055222 3 P 0 0 ;0=3,1=0,2
P 61.70000106 66.16055094 3 P 0 0 ;0=3,1=0,2
P 61.72499974 63.96055026 4 P 0 0 ;0=4,1=0,2
P 61.79999832 50.300001 3 P 0 0 ;0=3,1=0,2
P 61.85000076 48.49999952 26 P 0 0 ;0=26,1=0,2
P 61.92004126 30.20000056 4 P 0 0 ;0=4,1=0,2
P 62.4949982 16.40000022 51 P 0 0 ;0=43,1=0
P 62.49999946 18.9000003 51 P 0 0 ;0=43,1=0
P 62.8000014 39.07499932 1 P 0 0 ;0=1,1=0,2
P 62.8000014 40.52499896 1 P 0 0 ;0=1,1=0,2
P 63.2000006 75.200002 5 P 0 0 ;0=5,1=0,2
P 63.2000006 76.60000174 5 P 0 0 ;0=5,1=0,2
P 63.40001798 88.3000012 5 P 0 0 ;0=5,1=0,2
P 63.40001798 89.70000094 5 P 0 0 ;0=5,1=0,2
P 63.49999746 93.15000166 14 P 0 0 ;0=14,1=0,2
P 63.49999746 96.25000054 14 P 0 0 ;0=14,1=0,2
P 63.62499848 42.00000236 8 P 0 0 ;0=8,1=0,2
P 63.62499848 46.20000158 8 P 0 0 ;0=8,1=0,2
P 63.77811984 62.5145054 7 P 0 0 ;0=7,1=0,2
P 63.77811984 63.4645035 7 P 0 0 ;0=7,1=0,2
P 63.77811984 64.41450414 7 P 0 0 ;0=7,1=0,2
P 64.27499972 42.00000236 8 P 0 0 ;0=8,1=0,2
P 64.27499972 46.20000158 8 P 0 0 ;0=8,1=0,2
P 64.38723724 66.86055208 4 P 0 0 ;0=4,1=0,2
P 64.89999974 93.15000166 14 P 0 0 ;0=14,1=0,2
P 64.89999974 96.25000054 14 P 0 0 ;0=14,1=0,2
P 64.92499842 42.00000236 8 P 0 0 ;0=8,1=0,2
P 64.92499842 46.20000158 8 P 0 0 ;0=8,1=0,2
P 64.99999954 18.9000003 51 P 0 0 ;0=43,1=0
P 65.01223726 60.56055198 3 P 0 0 ;0=3,1=0,2
P 65.07500066 74.99999986 4 P 0 0 ;0=4,1=0,2
P 65.10000188 73.30000072 3 P 0 0 ;0=3,1=0,2
P 65.19999914 88.3000012 5 P 0 0 ;0=5,1=0,2
P 65.19999914 89.70000094 5 P 0 0 ;0=5,1=0,2
P 65.41160146 30.1999904 4 P 0 0 ;0=4,1=0,2
P 65.57499966 42.00000236 8 P 0 0 ;0=8,1=0,2
P 65.57499966 46.20000158 8 P 0 0 ;0=8,1=0,2
P 65.83723688 66.86055208 4 P 0 0 ;0=4,1=0,2
P 65.90000028 77.69999954 12 P 0 0 ;0=12,1=0,2
P 65.90000028 78.19999854 12 P 0 0 ;0=12,1=0,2
P 65.90000028 78.70000008 12 P 0 0 ;0=12,1=0,2
P 65.90000028 79.19999908 12 P 0 0 ;0=12,1=0,2
P 65.90000028 79.69999808 12 P 0 0 ;0=12,1=0,2
P 65.90000028 80.19999962 12 P 0 0 ;0=12,1=0,2
P 65.90000028 80.69999862 12 P 0 0 ;0=12,1=0,2
P 65.90000028 81.20000016 12 P 0 0 ;0=12,1=0,2
P 66.37811972 62.5145054 7 P 0 0 ;0=7,1=0,2
P 66.37811972 64.41450414 7 P 0 0 ;0=7,1=0,2
P 66.412237 60.56055198 3 P 0 0 ;0=3,1=0,2
P 66.49499782 16.40000022 51 P 0 0 ;0=43,1=0
P 66.50000162 73.30000072 3 P 0 0 ;0=3,1=0,2
P 66.5250003 74.99999986 4 P 0 0 ;0=4,1=0,2
P 66.62553096 76.97446632 11 P 0 0 ;0=11,1=0,2
P 66.62553096 81.92553084 11 P 0 0 ;0=11,1=0,2
P 66.74999858 22.40000092 50 P 0 0 ;0=42,1=0
P 66.8616011 30.1999904 4 P 0 0 ;0=4,1=0,2
P 67.1255325 76.97446632 11 P 0 0 ;0=11,1=0,2
P 67.1255325 81.92553084 11 P 0 0 ;0=11,1=0,2
P 67.20000276 41.87500134 1 P 0 0 ;0=1,1=0,2
P 67.20000276 43.32500098 1 P 0 0 ;0=1,1=0,2
P 67.30000002 45.00000144 3 P 0 0 ;0=3,1=0,2
P 67.30000256 46.90000018 3 P 0 0 ;0=3,1=0,2
P 67.40000236 48.70000166 5 P 0 0 ;0=5,1=0,2
P 67.40000236 50.1000014 5 P 0 0 ;0=5,1=0,2
P 67.49999962 18.9000003 51 P 0 0 ;0=43,1=0
P 67.6255315 76.97446632 11 P 0 0 ;0=11,1=0,2
P 67.6255315 81.92553084 11 P 0 0 ;0=11,1=0,2
P 68.12553304 76.97446632 11 P 0 0 ;0=11,1=0,2
P 68.12553304 81.92553084 11 P 0 0 ;0=11,1=0,2
P 68.37553254 79.44999858 10 P 0 0 ;0=10,1=0,2
P 68.60000758 88.3000012 5 P 0 0 ;0=5,1=0,2
P 68.60000758 89.70000094 5 P 0 0 ;0=5,1=0,2
P 68.62553204 76.97446632 11 P 0 0 ;0=11,1=0,2
P 68.62553204 81.92553084 11 P 0 0 ;0=11,1=0,2
P 68.69999976 45.00000144 3 P 0 0 ;0=3,1=0,2
P 68.69999976 93.15000166 14 P 0 0 ;0=14,1=0,2
P 68.69999976 96.25000054 14 P 0 0 ;0=14,1=0,2
P 68.7000023 46.90000018 3 P 0 0 ;0=3,1=0,2
P 68.71223748 62.76055012 5 P 0 0 ;0=5,1=0,2
P 68.71223748 64.16054986 5 P 0 0 ;0=5,1=0,2
P 68.77500088 52.30000208 4 P 0 0 ;0=4,1=0,2
P 69.04999652 34.15000028 30 P 0 0 ;0=30,1=0,2
P 69.04999652 39.84999904 30 P 0 0 ;0=30,1=0,2
P 69.0500016 50.67500152 6 P 0 0 ;0=6,1=0,2
P 69.12553104 76.97446632 11 P 0 0 ;0=11,1=0,2
P 69.12553104 81.92553084 11 P 0 0 ;0=11,1=0,2
P 69.62553258 76.97446632 11 P 0 0 ;0=11,1=0,2
P 69.62553258 81.92553084 11 P 0 0 ;0=11,1=0,2
P 69.69999776 34.15000028 30 P 0 0 ;0=30,1=0,2
P 69.69999776 39.84999904 30 P 0 0 ;0=30,1=0,2
P 69.7000003 48.52500074 6 P 0 0 ;0=6,1=0,2
P 69.9999997 18.9000003 51 P 0 0 ;0=43,1=0
P 70.10000204 93.15000166 14 P 0 0 ;0=14,1=0,2
P 70.10000204 96.25000054 14 P 0 0 ;0=14,1=0,2
P 70.12553158 76.97446632 11 P 0 0 ;0=11,1=0,2
P 70.12553158 81.92553084 11 P 0 0 ;0=11,1=0,2
P 70.22500052 52.30000208 4 P 0 0 ;0=4,1=0,2
P 70.2999991 41.99999982 5 P 0 0 ;0=5,1=0,2
P 70.2999991 43.39999956 5 P 0 0 ;0=5,1=0,2
P 70.34999646 34.15000028 30 P 0 0 ;0=30,1=0,2
P 70.34999646 39.84999904 30 P 0 0 ;0=30,1=0,2
P 70.35000154 50.67500152 6 P 0 0 ;0=6,1=0,2
P 70.3999989 88.3000012 5 P 0 0 ;0=5,1=0,2
P 70.3999989 89.70000094 5 P 0 0 ;0=5,1=0,2
P 70.49499744 16.40000022 51 P 0 0 ;0=43,1=0
P 70.57499982 74.80000026 4 P 0 0 ;0=4,1=0,2
P 70.8510648 77.69999954 13 P 0 0 ;0=13,1=0,2
P 70.8510648 78.19999854 12 P 0 0 ;0=12,1=0,2
P 70.8510648 78.70000008 12 P 0 0 ;0=12,1=0,2
P 70.8510648 79.19999908 12 P 0 0 ;0=12,1=0,2
P 70.8510648 79.69999808 12 P 0 0 ;0=12,1=0,2
P 70.8510648 80.19999962 12 P 0 0 ;0=12,1=0,2
P 70.8510648 80.69999862 12 P 0 0 ;0=12,1=0,2
P 70.8510648 81.20000016 12 P 0 0 ;0=12,1=0,2
P 70.9999977 34.15000028 30 P 0 0 ;0=30,1=0,2
P 70.9999977 36.99999966 31 P 0 0 ;0=31,1=0,2
P 70.9999977 39.84999904 30 P 0 0 ;0=30,1=0,2
P 71.50000178 62.77500018 5 P 0 0 ;0=5,1=0,2
P 71.50000178 64.17499992 5 P 0 0 ;0=5,1=0,2
P 71.64999894 34.15000028 30 P 0 0 ;0=30,1=0,2
P 71.64999894 39.84999904 30 P 0 0 ;0=30,1=0,2
P 71.69999884 42.00000236 5 P 0 0 ;0=5,1=0,2
P 71.69999884 43.4000021 5 P 0 0 ;0=5,1=0,2
P 72.02499946 74.80000026 4 P 0 0 ;0=4,1=0,2
P 72.29999764 34.15000028 30 P 0 0 ;0=30,1=0,2
P 72.29999764 39.84999904 30 P 0 0 ;0=30,1=0,2
P 72.49999724 18.9000003 51 P 0 0 ;0=43,1=0
P 72.89999898 76.3999996 3 P 0 0 ;0=3,1=0,2
P 72.94999888 34.15000028 30 P 0 0 ;0=30,1=0,2
P 72.94999888 39.84999904 30 P 0 0 ;0=30,1=0,2
P 73.49999778 22.40000092 50 P 0 0 ;0=42,1=0
P 73.67500378 63.9749927 4 P 0 0 ;0=4,1=0,2
P 73.70000246 58.68655014 3 P 0 0 ;0=3,1=0,2
P 73.70000246 60.49734662 3 P 0 0 ;0=3,1=0,2
P 73.70000246 62.2836575 3 P 0 0 ;0=3,1=0,2
P 73.70000246 68.10141574 3 P 0 0 ;0=3,1=0,2
P 73.700005 66.17499846 3 P 0 0 ;0=3,1=0,2
P 73.79999718 88.3000012 5 P 0 0 ;0=5,1=0,2
P 73.79999718 89.70000094 5 P 0 0 ;0=5,1=0,2
P 73.89999952 93.15000166 14 P 0 0 ;0=14,1=0,2
P 73.89999952 96.25000054 14 P 0 0 ;0=14,1=0,2
P 74.09999912 42.27500054 2 P 0 0 ;0=2,1=0,2
P 74.09999912 44.12499938 2 P 0 0 ;0=2,1=0,2
P 74.29999872 76.3999996 3 P 0 0 ;0=3,1=0,2
P 74.30000126 39.07499932 1 P 0 0 ;0=1,1=0,2
P 74.30000126 40.52499896 1 P 0 0 ;0=1,1=0,2
P 74.4949996 16.40000022 51 P 0 0 ;0=43,1=0
P 74.90000006 48.10000032 5 P 0 0 ;0=5,1=0,2
P 74.90000006 49.50000006 5 P 0 0 ;0=5,1=0,2
P 74.99999732 18.9000003 51 P 0 0 ;0=43,1=0
P 75.1000022 58.68655014 3 P 0 0 ;0=3,1=0,2
P 75.1000022 60.49734662 3 P 0 0 ;0=3,1=0,2
P 75.1000022 62.2836575 3 P 0 0 ;0=3,1=0,2
P 75.1000022 68.10141574 3 P 0 0 ;0=3,1=0,2
P 75.10000474 66.17499846 3 P 0 0 ;0=3,1=0,2
P 75.12500342 63.9749927 4 P 0 0 ;0=4,1=0,2
P 75.3000018 93.15000166 14 P 0 0 ;0=14,1=0,2
P 75.3000018 96.25000054 14 P 0 0 ;0=14,1=0,2
P 75.59999866 88.3000012 5 P 0 0 ;0=5,1=0,2
P 75.59999866 89.70000094 5 P 0 0 ;0=5,1=0,2
P 75.700001 39.07499932 1 P 0 0 ;0=1,1=0,2
P 75.700001 40.52499896 1 P 0 0 ;0=1,1=0,2
P 76.3999996 41.99999982 5 P 0 0 ;0=5,1=0,2
P 76.3999996 43.39999956 5 P 0 0 ;0=5,1=0,2
P 76.65000164 49.17499944 6 P 0 0 ;0=6,1=0,2
P 76.67500032 50.8 4 P 0 0 ;0=4,1=0,2
P 76.90000114 45.20000104 3 P 0 0 ;0=3,1=0,2
P 77.04999576 34.15000028 30 P 0 0 ;0=30,1=0,2
P 77.04999576 39.84999904 30 P 0 0 ;0=30,1=0,2
P 77.23599742 62.52899102 7 P 0 0 ;0=7,1=0,2
P 77.23599742 63.47898912 7 P 0 0 ;0=7,1=0,2
P 77.23599742 64.42898976 7 P 0 0 ;0=7,1=0,2
P 77.30000034 47.02499866 6 P 0 0 ;0=6,1=0,2
P 77.699997 34.15000028 30 P 0 0 ;0=30,1=0,2
P 77.699997 39.84999904 30 P 0 0 ;0=30,1=0,2
P 77.81099754 66.87498944 4 P 0 0 ;0=4,1=0,2
P 77.95000158 49.17499944 6 P 0 0 ;0=6,1=0,2
P 78.12499996 50.8 4 P 0 0 ;0=4,1=0,2
P 78.30000088 41.99999982 5 P 0 0 ;0=5,1=0,2
P 78.30000088 43.39999956 5 P 0 0 ;0=5,1=0,2
P 78.30000088 45.20000104 3 P 0 0 ;0=3,1=0,2
P 78.3499957 34.15000028 30 P 0 0 ;0=30,1=0,2
P 78.3499957 39.84999904 30 P 0 0 ;0=30,1=0,2
P 78.44824036 60.53554822 3 P 0 0 ;0=3,1=0,2
P 78.57499906 23.30000166 52 P 0 0 ;0=44,1=0
P 78.99999694 34.15000028 30 P 0 0 ;0=30,1=0,2
P 78.99999694 36.99999966 31 P 0 0 ;0=31,1=0,2
P 78.99999694 39.84999904 30 P 0 0 ;0=30,1=0,2
P 79.0000071 88.3000012 5 P 0 0 ;0=5,1=0,2
P 79.0000071 89.70000094 5 P 0 0 ;0=5,1=0,2
P 79.09999928 93.15000166 14 P 0 0 ;0=14,1=0,2
P 79.09999928 96.25000054 14 P 0 0 ;0=14,1=0,2
P 79.26099718 66.87498944 4 P 0 0 ;0=4,1=0,2
P 79.64999818 34.15000028 30 P 0 0 ;0=30,1=0,2
P 79.64999818 39.84999904 30 P 0 0 ;0=30,1=0,2
P 79.80000042 42.00000236 5 P 0 0 ;0=5,1=0,2
P 79.80000042 43.4000021 5 P 0 0 ;0=5,1=0,2
P 79.8359973 62.52899102 7 P 0 0 ;0=7,1=0,2
P 79.8359973 64.42898976 7 P 0 0 ;0=7,1=0,2
P 79.8482401 60.53554822 3 P 0 0 ;0=3,1=0,2
P 80.29999688 34.15000028 30 P 0 0 ;0=30,1=0,2
P 80.29999688 39.84999904 30 P 0 0 ;0=30,1=0,2
P 80.39999922 48.57500064 1 P 0 0 ;0=1,1=0,2
P 80.39999922 50.02500028 1 P 0 0 ;0=1,1=0,2
P 80.50000156 93.15000166 14 P 0 0 ;0=14,1=0,2
P 80.50000156 96.25000054 14 P 0 0 ;0=14,1=0,2
P 80.80000096 88.3000012 5 P 0 0 ;0=5,1=0,2
P 80.80000096 89.70000094 5 P 0 0 ;0=5,1=0,2
P 80.94999812 34.15000028 30 P 0 0 ;0=30,1=0,2
P 80.94999812 39.84999904 30 P 0 0 ;0=30,1=0,2
P 81.07499914 30.20000056 4 P 0 0 ;0=4,1=0,2
P 81.09999782 52.19999974 3 P 0 0 ;0=3,1=0,2
P 81.89999876 76.699999 3 P 0 0 ;0=3,1=0,2
P 81.9000013 78.19999854 3 P 0 0 ;0=3,1=0,2
P 81.9000013 79.70000062 3 P 0 0 ;0=3,1=0,2
P 81.93899538 71.1249911 3 P 0 0 ;0=3,1=0,2
P 81.93899538 74.12499018 3 P 0 0 ;0=3,1=0,2
P 81.93899792 72.62499064 3 P 0 0 ;0=3,1=0,2
P 82.04999846 48.32500114 6 P 0 0 ;0=6,1=0,2
P 82.09277206 62.77499764 5 P 0 0 ;0=5,1=0,2
P 82.09277206 64.17499738 5 P 0 0 ;0=5,1=0,2
P 82.1000009 42.27500054 2 P 0 0 ;0=2,1=0,2
P 82.1000009 44.12499938 2 P 0 0 ;0=2,1=0,2
P 82.3000005 39.07499932 1 P 0 0 ;0=1,1=0,2
P 82.3000005 40.52499896 1 P 0 0 ;0=1,1=0,2
P 82.49999756 52.19999974 3 P 0 0 ;0=3,1=0,2
P 82.52499878 30.20000056 4 P 0 0 ;0=4,1=0,2
P 82.6999997 50.47500192 6 P 0 0 ;0=6,1=0,2
P 83.2968997 32.00000712 4 P 0 0 ;0=4,1=0,2
P 83.2999985 76.699999 3 P 0 0 ;0=3,1=0,2
P 83.30000104 78.19999854 3 P 0 0 ;0=3,1=0,2
P 83.30000104 79.70000062 3 P 0 0 ;0=3,1=0,2
P 83.33899512 71.1249911 3 P 0 0 ;0=3,1=0,2
P 83.33899512 74.12499018 3 P 0 0 ;0=3,1=0,2
P 83.33899766 72.62499064 3 P 0 0 ;0=3,1=0,2
P 83.3499984 48.32500114 6 P 0 0 ;0=6,1=0,2
P 83.70000024 39.07499932 1 P 0 0 ;0=1,1=0,2
P 83.70000024 40.52499896 1 P 0 0 ;0=1,1=0,2
P 84.20001702 88.3000012 5 P 0 0 ;0=5,1=0,2
P 84.20001702 89.70000094 5 P 0 0 ;0=5,1=0,2
P 84.29999904 93.15000166 14 P 0 0 ;0=14,1=0,2
P 84.29999904 96.25000054 14 P 0 0 ;0=14,1=0,2
P 84.71223596 62.76054758 5 P 0 0 ;0=5,1=0,2
P 84.71223596 64.16054732 5 P 0 0 ;0=5,1=0,2
P 84.74689934 32.00000712 4 P 0 0 ;0=4,1=0,2
P 85.049995 34.15000028 30 P 0 0 ;0=30,1=0,2
P 85.049995 39.84999904 30 P 0 0 ;0=30,1=0,2
P 85.09999744 77.47500126 1 P 0 0 ;0=1,1=0,2
P 85.09999744 78.9250009 1 P 0 0 ;0=1,1=0,2
P 85.09999998 45.30000084 5 P 0 0 ;0=5,1=0,2
P 85.09999998 46.70000058 5 P 0 0 ;0=5,1=0,2
P 85.1389966 71.79999102 1 P 0 0 ;0=1,1=0,2
P 85.1389966 73.24999066 1 P 0 0 ;0=1,1=0,2
P 85.29999958 42.10000216 5 P 0 0 ;0=5,1=0,2
P 85.29999958 43.5000019 5 P 0 0 ;0=5,1=0,2
P 85.39999938 22.35000102 49 P 0 0 ;0=41,1=0
P 85.69999624 34.15000028 30 P 0 0 ;0=30,1=0,2
P 85.69999624 39.84999904 30 P 0 0 ;0=30,1=0,2
P 85.70000132 93.15000166 14 P 0 0 ;0=14,1=0,2
P 85.70000132 96.25000054 14 P 0 0 ;0=14,1=0,2
P 86.00000072 88.3000012 5 P 0 0 ;0=5,1=0,2
P 86.00000072 89.70000094 5 P 0 0 ;0=5,1=0,2
P 86.34999494 34.15000028 30 P 0 0 ;0=30,1=0,2
P 86.34999494 39.84999904 30 P 0 0 ;0=30,1=0,2
P 86.89999892 77.50000248 5 P 0 0 ;0=5,1=0,2
P 86.89999892 78.90000222 5 P 0 0 ;0=5,1=0,2
P 86.93899554 71.8249897 5 P 0 0 ;0=5,1=0,2
P 86.93899554 73.22498944 5 P 0 0 ;0=5,1=0,2
P 86.99999618 34.15000028 30 P 0 0 ;0=30,1=0,2
P 86.99999618 36.99999966 31 P 0 0 ;0=31,1=0,2
P 86.99999618 39.84999904 30 P 0 0 ;0=30,1=0,2
P 87.00000126 45.30000084 5 P 0 0 ;0=5,1=0,2
P 87.00000126 46.70000058 5 P 0 0 ;0=5,1=0,2
P 87.30000066 42.09999962 5 P 0 0 ;0=5,1=0,2
P 87.30000066 43.49999936 5 P 0 0 ;0=5,1=0,2
P 87.52524024 64.36055454 4 P 0 0 ;0=4,1=0,2
P 87.55023892 59.0605499 3 P 0 0 ;0=3,1=0,2
P 87.55023892 60.8519611 3 P 0 0 ;0=3,1=0,2
P 87.55023892 62.63938958 3 P 0 0 ;0=3,1=0,2
P 87.55023892 68.49677182 3 P 0 0 ;0=3,1=0,2
P 87.55024146 66.5605603 3 P 0 0 ;0=3,1=0,2
P 87.64999742 34.15000028 30 P 0 0 ;0=30,1=0,2
P 87.64999742 39.84999904 30 P 0 0 ;0=30,1=0,2
P 88.29999612 34.15000028 30 P 0 0 ;0=30,1=0,2
P 88.29999612 39.84999904 30 P 0 0 ;0=30,1=0,2
P 88.8000002 42.10000216 5 P 0 0 ;0=5,1=0,2
P 88.8000002 43.5000019 5 P 0 0 ;0=5,1=0,2
P 88.94999736 34.15000028 30 P 0 0 ;0=30,1=0,2
P 88.94999736 39.84999904 30 P 0 0 ;0=30,1=0,2
P 88.95023866 59.0605499 3 P 0 0 ;0=3,1=0,2
P 88.95023866 60.8519611 3 P 0 0 ;0=3,1=0,2
P 88.95023866 62.63938958 3 P 0 0 ;0=3,1=0,2
P 88.95023866 68.49677182 3 P 0 0 ;0=3,1=0,2
P 88.9502412 66.5605603 3 P 0 0 ;0=3,1=0,2
P 88.97523988 64.36055454 4 P 0 0 ;0=4,1=0,2
P 89.30000174 48.39999972 3 P 0 0 ;0=3,1=0,2
P 89.37500032 31.9999995 4 P 0 0 ;0=4,1=0,2
P 89.40000662 88.3000012 5 P 0 0 ;0=5,1=0,2
P 89.40000662 89.70000094 5 P 0 0 ;0=5,1=0,2
P 89.4999988 93.15000166 14 P 0 0 ;0=14,1=0,2
P 89.4999988 96.25000054 14 P 0 0 ;0=14,1=0,2
P 90.70000148 48.39999972 3 P 0 0 ;0=3,1=0,2
P 90.82499996 31.9999995 4 P 0 0 ;0=4,1=0,2
P 90.87499986 40.10000108 4 P 0 0 ;0=4,1=0,2
P 90.90000108 93.15000166 14 P 0 0 ;0=14,1=0,2
P 90.90000108 96.25000054 14 P 0 0 ;0=14,1=0,2
P 91.0303361 62.91454524 7 P 0 0 ;0=7,1=0,2
P 91.0303361 63.86454334 7 P 0 0 ;0=7,1=0,2
P 91.0303361 64.81454398 7 P 0 0 ;0=7,1=0,2
P 91.20000048 42.27500054 2 P 0 0 ;0=2,1=0,2
P 91.20000048 44.12499938 2 P 0 0 ;0=2,1=0,2
P 91.20000048 88.3000012 5 P 0 0 ;0=5,1=0,2
P 91.20000048 89.70000094 5 P 0 0 ;0=5,1=0,2
P 91.60533622 67.26054366 4 P 0 0 ;0=4,1=0,2
P 91.89999908 21.07499976 1 P 0 0 ;0=1,1=0,2
P 91.89999908 22.5249994 1 P 0 0 ;0=1,1=0,2
P 91.89999908 26.87500086 1 P 0 0 ;0=1,1=0,2
P 91.89999908 28.3250005 1 P 0 0 ;0=1,1=0,2
P 92.27476338 60.9267387 3 P 0 0 ;0=3,1=0,2
P 92.3249995 40.10000108 4 P 0 0 ;0=4,1=0,2
P 93.05533586 67.26054366 4 P 0 0 ;0=4,1=0,2
P 93.63033598 62.91454524 7 P 0 0 ;0=7,1=0,2
P 93.63033598 64.81454398 7 P 0 0 ;0=7,1=0,2
P 93.67476312 60.9267387 3 P 0 0 ;0=3,1=0,2
P 93.80000036 42.07500094 1 P 0 0 ;0=1,1=0,2
P 93.80000036 43.52500058 1 P 0 0 ;0=1,1=0,2
P 94.2000021 22.54999808 33 P 0 0 ;0=33,1=0,2
P 94.2000021 23.19999932 33 P 0 0 ;0=33,1=0,2
P 94.2000021 23.84999802 33 P 0 0 ;0=33,1=0,2
P 94.2000021 24.49999926 33 P 0 0 ;0=33,1=0,2
P 94.2000021 25.1500005 33 P 0 0 ;0=33,1=0,2
P 94.2000021 25.7999992 33 P 0 0 ;0=33,1=0,2
P 94.2000021 26.45000044 33 P 0 0 ;0=33,1=0,2
P 94.59999622 88.3000012 5 P 0 0 ;0=5,1=0,2
P 94.59999622 89.70000094 5 P 0 0 ;0=5,1=0,2
P 94.69999856 93.15000166 14 P 0 0 ;0=14,1=0,2
P 94.69999856 96.25000054 14 P 0 0 ;0=14,1=0,2
P 95.4999995 63.19999298 5 P 0 0 ;0=5,1=0,2
P 95.4999995 64.59999272 5 P 0 0 ;0=5,1=0,2
P 96.10000084 93.15000166 14 P 0 0 ;0=14,1=0,2
P 96.10000084 96.25000054 14 P 0 0 ;0=14,1=0,2
P 96.19999302 77.37499892 3 P 0 0 ;0=3,1=0,2
P 96.19999556 78.87499846 3 P 0 0 ;0=3,1=0,2
P 96.19999556 80.37500054 3 P 0 0 ;0=3,1=0,2
P 96.20000064 70.69999322 3 P 0 0 ;0=3,1=0,2
P 96.20000318 72.29999256 3 P 0 0 ;0=3,1=0,2
P 96.20000318 73.7999921 3 P 0 0 ;0=3,1=0,2
P 96.40000024 88.3000012 5 P 0 0 ;0=5,1=0,2
P 96.40000024 89.70000094 5 P 0 0 ;0=5,1=0,2
P 96.89999924 13.55000084 7 P 0 0 ;0=7,1=0,2
P 96.89999924 14.49999894 7 P 0 0 ;0=7,1=0,2
P 96.89999924 15.44999958 7 P 0 0 ;0=7,1=0,2
P 97.05000148 24.49999926 34 P 0 0 ;0=34,1=0,2
P 97.59999276 77.37499892 3 P 0 0 ;0=3,1=0,2
P 97.5999953 78.87499846 3 P 0 0 ;0=3,1=0,2
P 97.5999953 80.37500054 3 P 0 0 ;0=3,1=0,2
P 97.60000038 70.69999322 3 P 0 0 ;0=3,1=0,2
P 97.60000292 72.29999256 3 P 0 0 ;0=3,1=0,2
P 97.60000292 73.7999921 3 P 0 0 ;0=3,1=0,2
P 98.22500294 18.69999816 4 P 0 0 ;0=4,1=0,2
P 98.22500294 20.49999964 4 P 0 0 ;0=4,1=0,2
P 98.3122367 63.1605544 5 P 0 0 ;0=5,1=0,2
P 98.3122367 64.56055414 5 P 0 0 ;0=5,1=0,2
P 99.39999424 78.14999864 1 P 0 0 ;0=1,1=0,2
P 99.39999424 79.59999828 1 P 0 0 ;0=1,1=0,2
P 99.438968 71.5749775 1 P 0 0 ;0=1,1=0,2
P 99.438968 73.02497714 1 P 0 0 ;0=1,1=0,2
P 99.49999912 13.55000084 7 P 0 0 ;0=7,1=0,2
P 99.49999912 15.44999958 7 P 0 0 ;0=7,1=0,2
P 99.67500258 18.69999816 4 P 0 0 ;0=4,1=0,2
P 99.67500258 20.49999964 4 P 0 0 ;0=4,1=0,2
P 99.90000086 22.54999808 33 P 0 0 ;0=33,1=0,2
P 99.90000086 23.19999932 33 P 0 0 ;0=33,1=0,2
P 99.90000086 23.84999802 33 P 0 0 ;0=33,1=0,2
P 99.90000086 24.49999926 33 P 0 0 ;0=33,1=0,2
P 99.90000086 25.1500005 33 P 0 0 ;0=33,1=0,2
P 99.90000086 25.7999992 33 P 0 0 ;0=33,1=0,2
P 99.90000086 26.45000044 33 P 0 0 ;0=33,1=0,2
P 100.5650008 35.56499872 53 P 0 0 ;0=45,1=0
P 100.5650008 39.99999874 53 P 0 0 ;0=45,1=0
P 100.5650008 44.43499876 53 P 0 0 ;0=45,1=0
P 100.92500008 64.36055708 4 P 0 0 ;0=4,1=0,2
P 100.94999876 60.85663724 3 P 0 0 ;0=3,1=0,2
P 100.94999876 62.63920924 3 P 0 0 ;0=3,1=0,2
P 100.94999876 68.49999762 3 P 0 0 ;0=3,1=0,2
P 100.9500013 66.59999634 3 P 0 0 ;0=3,1=0,2
P 100.95766702 59.05396368 3 P 0 0 ;0=3,1=0,2
P 101.2000008 78.20000108 5 P 0 0 ;0=5,1=0,2
P 101.2000008 79.60000082 5 P 0 0 ;0=5,1=0,2
P 101.23896694 71.59997872 5 P 0 0 ;0=5,1=0,2
P 101.23896694 72.99997846 5 P 0 0 ;0=5,1=0,2
P 102.0499991 24.49999926 3 P 0 0 ;0=3,1=0,2
P 102.05000164 22.99999972 3 P 0 0 ;0=3,1=0,2
P 102.05000164 26.89999954 3 P 0 0 ;0=3,1=0,2
P 102.05000164 28.49999888 3 P 0 0 ;0=3,1=0,2
P 102.3499985 60.85663724 3 P 0 0 ;0=3,1=0,2
P 102.3499985 62.63920924 3 P 0 0 ;0=3,1=0,2
P 102.3499985 68.49999762 3 P 0 0 ;0=3,1=0,2
P 102.35000104 66.59999634 3 P 0 0 ;0=3,1=0,2
P 102.35766676 59.05396368 3 P 0 0 ;0=3,1=0,2
P 102.37499972 64.36055708 4 P 0 0 ;0=4,1=0,2
P 102.55000064 19.47500042 2 P 0 0 ;0=2,1=0,2
P 102.55000064 21.32499926 2 P 0 0 ;0=2,1=0,2
P 103.44999884 24.49999926 3 P 0 0 ;0=3,1=0,2
P 103.45000138 22.99999972 3 P 0 0 ;0=3,1=0,2
P 103.45000138 26.89999954 3 P 0 0 ;0=3,1=0,2
P 103.45000138 28.49999888 3 P 0 0 ;0=3,1=0,2
P 104.51223446 62.9105549 7 P 0 0 ;0=7,1=0,2
P 104.51223446 63.860553 7 P 0 0 ;0=7,1=0,2
P 104.51223446 64.81055364 7 P 0 0 ;0=7,1=0,2
P 105.00000082 35.56499872 53 P 0 0 ;0=45,1=0
P 105.00000082 39.99999874 53 P 0 0 ;0=45,1=0
P 105.00000082 44.43499876 53 P 0 0 ;0=45,1=0
P 105.08723204 67.2605462 4 P 0 0 ;0=4,1=0,2
P 105.25000032 22.39999838 5 P 0 0 ;0=5,1=0,2
P 105.25000032 23.79999812 5 P 0 0 ;0=5,1=0,2
P 105.25000032 25.4 5 P 0 0 ;0=5,1=0,2
P 105.25000032 26.79999974 5 P 0 0 ;0=5,1=0,2
P 105.73459168 60.90300748 3 P 0 0 ;0=3,1=0,2
P 106.53723168 67.2605462 4 P 0 0 ;0=4,1=0,2
P 107.11223434 62.9105549 7 P 0 0 ;0=7,1=0,2
P 107.11223434 64.81055364 7 P 0 0 ;0=7,1=0,2
P 107.13459142 60.90300748 3 P 0 0 ;0=3,1=0,2
P 107.19999896 24.42500068 6 P 0 0 ;0=6,1=0,2
P 107.8500002 26.57500146 6 P 0 0 ;0=6,1=0,2
P 107.85000274 28.29999928 3 P 0 0 ;0=3,1=0,2
P 108.4999989 24.42500068 6 P 0 0 ;0=6,1=0,2
P 108.90000064 63.19999552 5 P 0 0 ;0=5,1=0,2
P 108.90000064 64.59999526 5 P 0 0 ;0=5,1=0,2
P 109.25000248 28.29999928 3 P 0 0 ;0=3,1=0,2
P 109.43500084 35.56499872 53 P 0 0 ;0=45,1=0
P 109.43500084 39.99999874 53 P 0 0 ;0=45,1=0
P 109.43500084 44.43499876 53 P 0 0 ;0=45,1=0
P 110.15000068 24.77499998 1 P 0 0 ;0=1,1=0,2
P 110.15000068 26.22499962 1 P 0 0 ;0=1,1=0,2
P 110.40000018 70.2999991 3 P 0 0 ;0=3,1=0,2
P 110.40000018 74.30000126 3 P 0 0 ;0=3,1=0,2
P 110.40000018 78.30000088 3 P 0 0 ;0=3,1=0,2
P 110.40000526 83.29999342 3 P 0 0 ;0=3,1=0,2
P 111.79999992 70.2999991 3 P 0 0 ;0=3,1=0,2
P 111.79999992 74.30000126 3 P 0 0 ;0=3,1=0,2
P 111.79999992 78.30000088 3 P 0 0 ;0=3,1=0,2
P 111.800005 83.29999342 3 P 0 0 ;0=3,1=0,2
P 114.55000204 83.49999556 26 P 0 0 ;0=26,1=0,2
P 114.55002998 70.29999656 26 P 0 0 ;0=26,1=0,2
P 114.55002998 74.29999872 26 P 0 0 ;0=26,1=0,2
P 114.55002998 78.30000088 26 P 0 0 ;0=26,1=0,2
P 115.00000114 15.00000048 54 P 0 0 ;0=46,1=0
P 115.00000114 95.0000005 54 P 0 0 ;0=46,1=0
P 116.05000158 83.49999556 26 P 0 0 ;0=26,1=0,2
P 116.05002952 70.29999656 26 P 0 0 ;0=26,1=0,2
P 116.05002952 74.29999872 26 P 0 0 ;0=26,1=0,2
P 116.05002952 78.30000088 26 P 0 0 ;0=26,1=0,2
P 165.11898142 -22.10000152 0 P 0 0 ;0=0,1=0,2
P 168.199181 148.567521 0 P 0 0 ;0=0,1=0,2
P 172.27499454 -22.09999898 0 P 0 0 ;0=0,1=0,2
S P 0
OB 10.64999902 56.70000344 I
OS 10.79999872 56.70000344
OS 10.79999872 56.29999916
OS 12.3000008 56.29999916
OS 13.80000034 54.79999962
OS 13.80000034 52.00000014
OS 12.89999452 51.0999994
OS 8.19999884 51.0999994
OS 7.6999973 51.5999984
OS 7.6999973 53.3999948
OS 8.29999864 54.00000122
OS 9.39999898 54.00000122
OS 9.39999898 56.29999916
OS 9.90000052 56.29999916
OS 9.90000052 56.58335902
OS 9.92500682 56.70000344
OS 10.15000002 56.70000344
OS 10.15000002 57.4999993
OS 10.64999902 57.4999993
OS 10.64999902 56.70000344
OE
OB 10.84999862 55.72499904 H
OS 10.44998672 55.72499904
OS 10.44998672 55.2499911
OS 10.84999862 55.2499911
OS 10.84999862 55.72499904
OE
OB 9.94998772 55.72499904 H
OS 9.55000122 55.72499904
OS 9.55000122 55.2499911
OS 9.94998772 55.2499911
OS 9.94998772 55.72499904
OE
OB 10.84999862 54.7499921 H
OS 10.44998672 54.7499921
OS 10.44998672 54.2749994
OS 10.84999862 54.2749994
OS 10.84999862 54.7499921
OE
OB 9.94998772 54.7499921 H
OS 9.55000122 54.7499921
OS 9.55000122 54.2749994
OS 9.94998772 54.2749994
OS 9.94998772 54.7499921
OE
OB 9.84999808 53.64999684 H
OS 9.39999644 53.64999684
OS 9.39999644 52.84999082
OS 9.84999808 52.84999082
OS 9.84999808 53.64999684
OE
OB 8.89999744 53.64999684 H
OS 8.45000088 53.64999684
OS 8.45000088 52.84999082
OS 8.89999744 52.84999082
OS 8.89999744 53.64999684
OE
OB 13.2999988 53.19999774 H
OS 12.9499995 53.19999774
OS 12.9499995 52.79999854
OS 13.2999988 52.79999854
OS 13.2999988 53.19999774
OE
OB 12.4500005 53.19999774 H
OS 12.1000012 53.19999774
OS 12.1000012 52.79999854
OS 12.4500005 52.79999854
OS 12.4500005 53.19999774
OE
OB 13.2999988 52.29999954 H
OS 12.9499995 52.29999954
OS 12.9499995 51.90000034
OS 13.2999988 51.90000034
OS 13.2999988 52.29999954
OE
OB 12.4500005 52.29999954 H
OS 12.1000012 52.29999954
OS 12.1000012 51.90000034
OS 12.4500005 51.90000034
OS 12.4500005 52.29999954
OE
OB 9.84999808 52.34999182 H
OS 9.39999644 52.34999182
OS 9.39999644 51.55000104
OS 9.84999808 51.55000104
OS 9.84999808 52.34999182
OE
OB 8.89999744 52.34999182 H
OS 8.45000088 52.34999182
OS 8.45000088 51.55000104
OS 8.89999744 51.55000104
OS 8.89999744 52.34999182
OE
SE
S P 0
OB 111.6000054 47.4999939 I
OS 113.49999906 45.60000024
OS 113.49999906 39.4999972
OS 113.49999144 33.59999122
OS 111.40000072 31.49999796
OS 102.60000308 31.5000005
OS 99.00000012 27.89999754
OS 99.00000012 22.1414213
OS 98.89999778 22.09999898
OS 95.1000003 22.09999898
OS 95.09999776 29.89999862
OS 90.10000014 34.89999878
OS 89.4999988 34.89999878
OS 89.4999988 39.00000074
OS 90.899996 39.00000074
OS 91.34999764 39.45000238
OS 91.44999998 39.45000238
OS 91.44999998 39.55000472
OS 94.8000009 42.90000056
OS 94.8000009 45.40000064
OS 96.89999924 47.49999898
OS 105.19999788 47.49999898
OS 111.6000054 47.4999939
OE
SE
S P 0
OB 16.49999748 61.60000126 I
OS 22.19999878 61.60000126
OS 22.89999738 60.90000012
OS 22.89999992 57.8999985
OS 22.00000172 57.0000003
OS 14.0999972 57.0000003
OS 13.5999982 56.49999876
OS 10.99999832 56.49999876
OS 10.99999832 56.70000344
OS 11.10000066 56.70000344
OS 11.10000066 57.4999993
OS 11.35000016 57.4999993
OS 11.35000016 57.7499988
OS 11.82500048 57.7499988
OS 11.82500048 58.30000024
OS 11.89999906 58.30000024
OS 12.7999998 59.19999844
OS 12.7999998 61.44371252
OS 12.85000478 61.54999882
OS 12.92700234 61.55000136
OS 13.27499504 61.55000136
OS 13.27499504 62.30001256
OS 13.27499504 63.04999836
OS 12.92700234 63.04999836
OS 12.85000478 63.0500009
OS 12.7999998 63.1562872
OS 12.7999998 63.19999806
OS 13.0999992 63.5
OS 14.59999874 63.5
OS 16.49999748 61.60000126
OE
OB 13.77499404 63.04999836 H
OS 13.77499404 62.55001206
OS 14.20000208 62.55001206
OS 14.20000208 63.04999836
OS 13.77499404 63.04999836
OE
OB 14.20000208 62.05001306 H
OS 13.77499404 62.05001306
OS 13.77499404 61.55000136
OS 14.20000208 61.55000136
OS 14.20000208 62.05001306
OE
OB 22.34999848 61.09999972 H
OS 18.6500008 61.09999972
OS 18.6500008 59.6500077
OS 22.34999848 59.6500077
OS 22.34999848 61.09999972
OE
OB 18.1500018 61.09999972 H
OS 14.44999904 61.09999972
OS 14.44999904 59.6500077
OS 18.1500018 59.6500077
OS 18.1500018 61.09999972
OE
OB 22.34999848 59.1500087 H
OS 18.6500008 59.1500087
OS 18.6500008 57.70000144
OS 22.34999848 57.70000144
OS 22.34999848 59.1500087
OE
OB 18.1500018 59.1500087 H
OS 14.44999904 59.1500087
OS 14.44999904 57.70000144
OS 18.1500018 57.70000144
OS 18.1500018 59.1500087
OE
OB 11.82500048 57.2499998 H
OS 11.59999966 57.2499998
OS 11.59999966 56.70000344
OS 11.82500048 56.70000344
OS 11.82500048 57.2499998
OE
SE
S P 0
OB 21.84999186 91.53500362 I
OS 22.10000152 91.53500362
OS 22.10000152 91.63500342
OS 22.80000266 91.63500342
OS 22.80000266 91.69999948
OS 23.70000086 91.69999948
OS 23.70000086 90.55000178
OS 23.67500218 90.55000178
OS 23.67500218 89.4999988
OS 23.12500328 89.4999988
OS 23.12500328 89.75000592
OS 22.39998822 89.75000592
OS 22.39998822 90.00000542
OS 22.14998872 90.00000542
OS 22.14998872 90.64999904
OS 21.79999958 90.64999904
OS 21.79999958 91.20000048
OS 20.6784321 91.20000048
OS 20.6784321 91.63500342
OS 21.10000352 91.63500342
OS 21.10000352 91.53500362
OS 21.34999286 91.53500362
OS 21.34999286 92.30999826
OS 21.84999186 92.30999826
OS 21.84999186 91.53500362
OE
OB 23.12500328 90.64999904 H
OS 22.64998772 90.64999904
OS 22.64998772 90.25000492
OS 23.12500328 90.25000492
OS 23.12500328 90.64999904
OE
SE
S P 0
OB 22.09999898 93.81000542 I
OS 22.00546272 93.81000542
OS 21.8492578 93.745304
OS 21.72970254 93.62574874
OS 21.66500112 93.46954382
OS 21.66500112 93.30046618
OS 21.70164316 93.2120056
OS 21.62302508 93.08500306
OS 21.10000352 93.08500306
OS 21.10000352 92.98500326
OS 19.82700124 92.98500326
OS 19.70000886 92.9850058
OS 19.70000886 92.98500834
OS 19.69999616 92.98500834
OS 19.69999616 92.98500326
OS 19.45127428 92.98500326
OS 19.44519606 92.99108148
OS 19.43841426 93.0251759
OS 19.39990024 93.08281866
OS 19.29781764 93.18490126
OS 19.24017488 93.22341528
OS 19.17218162 93.23694078
OS 18.72782386 93.23694078
OS 18.6598306 93.22341528
OS 18.60218784 93.18490126
OS 18.48654418 93.0692576
OS 18.44803016 93.01161484
OS 18.4427368 92.98500326
OS 17.30000096 92.98500326
OS 17.30000096 93.08500306
OS 16.7769794 93.08500306
OS 16.69836132 93.2120056
OS 16.73500336 93.30046618
OS 16.73500336 93.46954382
OS 16.67030194 93.62574874
OS 16.55074668 93.745304
OS 16.39454176 93.81000542
OS 16.30000042 93.81000542
OS 16.30000042 95.59999676
OS 16.34142274 95.6999991
OS 22.09999898 95.6999991
OS 22.09999898 93.81000542
OE
SE
S P 0
OB 24.8500011 65.14999416 I
OS 25.34998486 65.14999416
OS 25.34998486 64.89999466
OS 25.59998436 64.89999466
OS 25.59998436 64.15000124
OS 25.79175944 64.15000124
OS 25.79175944 63.6597025
OS 25.74999676 63.5499999
OS 25.74999422 63.5499999
OS 25.7499993 63.54999482
OS 25.7499993 62.25000758
OS 25.74999422 62.2500025
OS 25.74999676 62.2500025
OS 25.79175944 62.1402999
OS 25.79175944 61.49999892
OS 25.82346118 61.4234611
OS 25.99175904 61.25516324
OS 25.99175904 55.60000056
OS 26.02346078 55.52346274
OS 26.0999986 55.491761
OS 26.0999986 55.43764122
OS 26.284301 55.43764122
OS 26.37499932 55.34999598
OS 26.37499932 54.94999424
OS 27.0999839 54.94999424
OS 27.0999839 54.44999524
OS 26.37499932 54.44999524
OS 26.37499932 54.10000102
OS 26.00000134 54.10000102
OS 25.7999992 53.89999888
OS 25.69999686 54.00000122
OS 23.69999832 54.00000122
OS 23.69999832 60.70000306
OS 21.60000252 62.79999886
OS 15.89999868 62.79999886
OS 15.89999868 64.89999974
OS 15.99999848 64.99999954
OS 24.10000006 64.99999954
OS 24.69176164 65.59176112
OS 24.8500011 65.59176112
OS 24.8500011 65.14999416
OE
OB 25.09998536 64.64999516 H
OS 24.8500011 64.64999516
OS 24.8500011 64.15000124
OS 25.09998536 64.15000124
OS 25.09998536 64.64999516
OE
OB 21.84999694 64.4499981 H
OS 21.04999854 64.4499981
OS 21.04999854 63.99999392
OS 21.84999694 63.99999392
OS 21.84999694 64.4499981
OE
OB 18.54999846 64.4499981 H
OS 17.74997974 64.4499981
OS 17.74997974 63.99999392
OS 18.54999846 63.99999392
OS 18.54999846 64.4499981
OE
OB 17.24998074 64.4499981 H
OS 16.45000266 64.4499981
OS 16.45000266 63.99999392
OS 17.24998074 63.99999392
OS 17.24998074 64.4499981
OE
OB 20.54999954 64.4499981 H
OS 19.75000114 64.4499981
OS 19.75000114 63.99999392
OS 20.54999954 63.99999392
OS 20.54999954 64.4499981
OE
OB 25.5499997 63.6499997 H
OS 25.12499166 63.6499997
OS 25.12499166 63.15000832
OS 25.5499997 63.15000832
OS 25.5499997 63.6499997
OE
OB 24.62499266 63.6499997 H
OS 24.19999986 63.6499997
OS 24.19999986 63.15000832
OS 24.62499266 63.15000832
OS 24.62499266 63.6499997
OE
OB 21.84999694 63.49999492 H
OS 21.04999854 63.49999492
OS 21.04999854 63.0500009
OS 21.84999694 63.0500009
OS 21.84999694 63.49999492
OE
OB 20.54999954 63.49999492 H
OS 19.75000114 63.49999492
OS 19.75000114 63.0500009
OS 20.54999954 63.0500009
OS 20.54999954 63.49999492
OE
OB 18.54999846 63.49999492 H
OS 17.74997974 63.49999492
OS 17.74997974 63.0500009
OS 18.54999846 63.0500009
OS 18.54999846 63.49999492
OE
OB 17.24998074 63.49999492 H
OS 16.45000266 63.49999492
OS 16.45000266 63.0500009
OS 17.24998074 63.0500009
OS 17.24998074 63.49999492
OE
OB 25.5499997 62.65000932 H
OS 25.12499166 62.65000932
OS 25.12499166 62.1500027
OS 25.5499997 62.1500027
OS 25.5499997 62.65000932
OE
OB 24.62499266 62.65000932 H
OS 24.19999986 62.65000932
OS 24.19999986 62.1500027
OS 24.62499266 62.1500027
OS 24.62499266 62.65000932
OE
OB 25.44999736 61.24999688 H
OS 25.00000588 61.24999688
OS 25.00000588 60.44999594
OS 25.44999736 60.44999594
OS 25.44999736 61.24999688
OE
OB 24.50000688 61.24999688 H
OS 24.05000016 61.24999688
OS 24.05000016 60.44999594
OS 24.50000688 60.44999594
OS 24.50000688 61.24999688
OE
OB 25.44999736 59.94999694 H
OS 25.00000588 59.94999694
OS 25.00000588 59.15000108
OS 25.44999736 59.15000108
OS 25.44999736 59.94999694
OE
OB 24.50000688 59.94999694 H
OS 24.05000016 59.94999694
OS 24.05000016 59.15000108
OS 24.50000688 59.15000108
OS 24.50000688 59.94999694
OE
OB 25.44999736 58.149998 H
OS 25.00000588 58.149998
OS 25.00000588 57.34999706
OS 25.44999736 57.34999706
OS 25.44999736 58.149998
OE
OB 24.50000688 58.149998 H
OS 24.05000016 58.149998
OS 24.05000016 57.34999706
OS 24.50000688 57.34999706
OS 24.50000688 58.149998
OE
OB 25.44999736 56.84999806 H
OS 25.00000588 56.84999806
OS 25.00000588 56.0500022
OS 25.44999736 56.0500022
OS 25.44999736 56.84999806
OE
OB 24.50000688 56.84999806 H
OS 24.05000016 56.84999806
OS 24.05000016 56.0500022
OS 24.50000688 56.0500022
OS 24.50000688 56.84999806
OE
OB 25.39999746 55.49999822 H
OS 25.04999816 55.49999822
OS 25.04999816 55.09999902
OS 25.39999746 55.09999902
OS 25.39999746 55.49999822
OE
OB 24.54999916 55.49999822 H
OS 24.19999986 55.49999822
OS 24.19999986 55.09999902
OS 24.54999916 55.09999902
OS 24.54999916 55.49999822
OE
OB 25.39999746 54.60000002 H
OS 25.04999816 54.60000002
OS 25.04999816 54.20000082
OS 25.39999746 54.20000082
OS 25.39999746 54.60000002
OE
OB 24.54999916 54.60000002 H
OS 24.19999986 54.60000002
OS 24.19999986 54.20000082
OS 24.54999916 54.20000082
OS 24.54999916 54.60000002
OE
SE
S P 0
OB 24.99999572 52.40000188 I
OS 25.9999988 52.40000188
OS 25.9999988 50.300001
OS 17.09999882 50.300001
OS 14.8173313 52.58266852
OS 14.86593166 52.70000128
OS 18.1500018 52.70000128
OS 18.1500018 54.40000804
OS 18.4000013 54.40000804
OS 18.4000013 54.65000754
OS 22.34999848 54.65000754
OS 22.34999848 54.88406346
OS 22.46733124 54.93266636
OS 24.99999572 52.40000188
OE
OB 22.34999848 54.15000854 H
OS 18.6500008 54.15000854
OS 18.6500008 52.70000128
OS 22.34999848 52.70000128
OS 22.34999848 54.15000854
OE
OB 25.39999746 51.9999976 H
OS 25.04999816 51.9999976
OS 25.04999816 51.5999984
OS 25.39999746 51.5999984
OS 25.39999746 51.9999976
OE
OB 24.54999916 51.9999976 H
OS 24.19999986 51.9999976
OS 24.19999986 51.5999984
OS 24.54999916 51.5999984
OS 24.54999916 51.9999976
OE
OB 25.39999746 51.0999994 H
OS 25.04999816 51.0999994
OS 25.04999816 50.7000002
OS 25.39999746 50.7000002
OS 25.39999746 51.0999994
OE
OB 24.54999916 51.0999994 H
OS 24.19999986 51.0999994
OS 24.19999986 50.7000002
OS 24.54999916 50.7000002
OS 24.54999916 51.0999994
OE
SE
S P 0
OB 25.69999686 48.39999972 I
OS 35.10000092 39.00000074
OS 37.9000004 39.00000074
OS 37.9000004 34.9414211
OS 35.0585786 32.0999993
OS 5.2000023 32.0999993
OS 3.20000122 34.09999784
OS 3.20000122 47.49999898
OS 8.8999949 47.49999898
OS 10.6999913 49.29999538
OS 24.7999631 49.30001824
OS 25.69999686 48.39999972
OE
SE
S P 0
OB 26.79999974 66.80000102 I
OS 26.79999974 65.64999824
OS 26.549985 65.64999824
OS 26.549985 64.89999466
OS 26.549985 64.15000124
OS 26.79999466 64.15000124
OS 26.7999972 64.1499987
OS 26.89999954 64.09999626
OS 26.90628858 64.0999988
OS 29.00000042 64.0999988
OS 29.79999882 63.29999786
OS 29.79999882 55.4298358
OS 29.6749978 55.42500472
OS 29.6749978 55.42500218
OS 29.24999992 55.42500218
OS 29.24999992 54.75000226
OS 28.75000092 54.75000226
OS 28.75000092 55.42500218
OS 28.32500304 55.42500218
OS 28.32500304 55.42500472
OS 28.21893264 55.3810678
OS 27.99999988 55.60000056
OS 26.0999986 55.60000056
OS 26.0999986 61.29999932
OS 25.899999 61.49999892
OS 25.899999 62.1500027
OS 26.07500754 62.1500027
OS 26.07500754 62.89999358
OS 26.07500754 63.6499997
OS 25.899999 63.6499997
OS 25.899999 64.15000124
OS 26.049986 64.15000124
OS 26.049986 64.89999466
OS 26.049986 65.64999824
OS 25.899999 65.64999824
OS 25.899999 65.70000068
OS 21.95628832 65.70000068
OS 21.84999948 65.75000312
OS 21.84999694 65.82700322
OS 21.84999694 66.1999946
OS 20.79999904 66.1999946
OS 19.75000114 66.1999946
OS 19.75000114 65.82700322
OS 19.7499986 65.75000312
OS 19.6437123 65.70000068
OS 18.65628984 65.70000068
OS 18.550001 65.75000312
OS 18.54999846 65.82700322
OS 18.54999846 66.1999946
OS 17.49998024 66.1999946
OS 16.45000266 66.1999946
OS 16.45000266 65.82700322
OS 16.45000012 65.75000312
OS 16.34371382 65.70000068
OS 11.79999926 65.70000068
OS 10.79999872 64.70000014
OS 10.79999872 60.80000032
OS 10.64999902 60.80000032
OS 10.64999902 59.99999938
OS 10.15000002 59.99999938
OS 10.15000002 60.80000032
OS 10.00000032 60.80000032
OS 10.00000032 61.29999932
OS 10.10000012 61.39999912
OS 9.18645864 61.39999912
OS 9.11107144 61.52700166
OS 9.14999948 61.62097912
OS 9.14999948 61.79005676
OS 9.13474678 61.82687914
OS 9.3441901 62.03632246
OS 9.38839372 62.1024793
OS 9.4039182 62.18051572
OS 9.40391566 62.18052842
OS 9.40391566 62.37500098
OS 9.74999574 62.37500098
OS 9.74999574 63.62500102
OS 8.64999794 63.62500102
OS 8.64999794 62.37500098
OS 8.95507734 62.37500098
OS 8.97909558 62.24800098
OS 8.84636026 62.11526566
OS 8.80953788 62.13051836
OS 8.64046024 62.13051836
OS 8.48425532 62.06581694
OS 8.36470006 61.94626168
OS 8.29999864 61.79005676
OS 8.29999864 61.62097912
OS 8.33892668 61.52700166
OS 8.26353948 61.39999912
OS 8.00391592 61.39999912
OS 8.00391592 62.37500098
OS 8.349996 62.37500098
OS 8.349996 63.62500102
OS 7.2499982 63.62500102
OS 7.2499982 62.37500098
OS 7.59607828 62.37500098
OS 7.59607828 61.39999912
OS 6.5999995 61.39999912
OS 6.5999995 61.22500074
OS 6.25000274 61.22500074
OS 6.25000274 60.49998568
OS 6.25000274 59.7750011
OS 6.5999995 59.7750011
OS 6.5999995 59.12499986
OS 6.2500129 59.12499986
OS 6.2500129 58.39999496
OS 6.2500129 57.67500022
OS 6.5999995 57.67500022
OS 6.5999995 57.3999995
OS 6.6999993 57.2999997
OS 6.99607948 57.2999997
OS 6.99607948 56.84999806
OS 6.57499828 56.84999806
OS 6.57499828 55.75000026
OS 7.79999964 55.75000026
OS 7.79999964 55.44999832
OS 6.57499828 55.44999832
OS 6.57499828 54.35000052
OS 7.79999964 54.35000052
OS 7.79999964 53.65307278
OS 7.62345948 53.47653262
OS 7.59175774 53.3999948
OS 7.59175774 51.6000111
OS 7.59174758 51.5999984
OS 7.6234544 51.5234555
OS 7.62346964 51.52345296
OS 7.79999964 51.34692296
OS 7.79999964 48.79999892
OS 7.6714985 48.79999892
OS 7.6714985 49.26000054
OS 4.5285025 49.26000054
OS 4.5285025 48.79999892
OS 3.30000102 48.79999892
OS 3.30000102 63.70000214
OS 4.65000086 65.05000198
OS 4.65000086 66.29999948
OS 4.90000036 66.29999948
OS 4.90000036 66.54999898
OS 6.14999786 66.54999898
OS 7.1999983 67.59999942
OS 22.85000002 67.59999942
OS 22.85000002 67.44999972
OS 24.14999742 67.44999972
OS 24.14999742 67.59999942
OS 24.9500009 67.59999942
OS 24.9500009 66.85000092
OS 25.7499993 66.85000092
OS 25.7499993 67.59999942
OS 26.00000134 67.59999942
OS 26.79999974 66.80000102
OE
OB 24.24999722 67.25000012 H
OS 23.74999822 67.25000012
OS 23.74999822 66.8249997
OS 24.24999722 66.8249997
OS 24.24999722 67.25000012
OE
OB 23.24999922 67.25000012 H
OS 22.75000022 67.25000012
OS 22.75000022 66.8249997
OS 23.24999922 66.8249997
OS 23.24999922 67.25000012
OE
OB 21.84999694 67.14999778 H
OS 21.04999854 67.14999778
OS 21.04999854 66.6999936
OS 21.84999694 66.6999936
OS 21.84999694 67.14999778
OE
OB 18.54999846 67.14999778 H
OS 17.74997974 67.14999778
OS 17.74997974 66.6999936
OS 18.54999846 66.6999936
OS 18.54999846 67.14999778
OE
OB 17.24998074 67.14999778 H
OS 16.45000266 67.14999778
OS 16.45000266 66.6999936
OS 17.24998074 66.6999936
OS 17.24998074 67.14999778
OE
OB 20.54999954 67.14999778 H
OS 19.75000114 67.14999778
OS 19.75000114 66.6999936
OS 20.54999954 66.6999936
OS 20.54999954 67.14999778
OE
OB 24.24999722 66.3250007 H
OS 23.74999822 66.3250007
OS 23.74999822 65.90000028
OS 24.24999722 65.90000028
OS 24.24999722 66.3250007
OE
OB 23.24999922 66.3250007 H
OS 22.75000022 66.3250007
OS 22.75000022 65.90000028
OS 23.24999922 65.90000028
OS 23.24999922 66.3250007
OE
OB 6.07534472 66.04999998 H
OS 5.14999986 66.04999998
OS 5.14999986 65.12465512
OS 5.3631846 65.18177718
OS 5.6368188 65.3397601
OS 5.86023974 65.56318104
OS 6.01822266 65.83681524
OS 6.07534472 66.04999998
OE
OB 26.99999934 63.6499997 H
OS 26.57500654 63.6499997
OS 26.57500654 63.14999308
OS 26.99999934 63.14999308
OS 26.99999934 63.6499997
OE
OB 26.99999934 62.64999408 H
OS 26.57500654 62.64999408
OS 26.57500654 62.1500027
OS 26.99999934 62.1500027
OS 26.99999934 62.64999408
OE
OB 5.75000374 61.22500074 H
OS 5.34999946 61.22500074
OS 5.34999946 60.74998518
OS 5.75000374 60.74998518
OS 5.75000374 61.22500074
OE
OB 28.14999704 61.24999688 H
OS 27.70000556 61.24999688
OS 27.70000556 60.44999594
OS 28.14999704 60.44999594
OS 28.14999704 61.24999688
OE
OB 27.20000656 61.24999688 H
OS 26.74999984 61.24999688
OS 26.74999984 60.44999594
OS 27.20000656 60.44999594
OS 27.20000656 61.24999688
OE
OB 5.75000374 60.24998618 H
OS 5.34999946 60.24998618
OS 5.34999946 59.7750011
OS 5.75000374 59.7750011
OS 5.75000374 60.24998618
OE
OB 28.14999704 59.94999694 H
OS 27.70000556 59.94999694
OS 27.70000556 59.15000108
OS 28.14999704 59.15000108
OS 28.14999704 59.94999694
OE
OB 27.20000656 59.94999694 H
OS 26.74999984 59.94999694
OS 26.74999984 59.15000108
OS 27.20000656 59.15000108
OS 27.20000656 59.94999694
OE
OB 5.7500139 59.12499986 H
OS 5.34999946 59.12499986
OS 5.34999946 58.64999446
OS 5.7500139 58.64999446
OS 5.7500139 59.12499986
OE
OB 5.7500139 58.14999546 H
OS 5.34999946 58.14999546
OS 5.34999946 57.67500022
OS 5.7500139 57.67500022
OS 5.7500139 58.14999546
OE
OB 28.14999704 58.149998 H
OS 27.70000556 58.149998
OS 27.70000556 57.34999706
OS 28.14999704 57.34999706
OS 28.14999704 58.149998
OE
OB 27.20000656 58.149998 H
OS 26.74999984 58.149998
OS 26.74999984 57.34999706
OS 27.20000656 57.34999706
OS 27.20000656 58.149998
OE
OB 28.14999704 56.84999806 H
OS 27.70000556 56.84999806
OS 27.70000556 56.0500022
OS 28.14999704 56.0500022
OS 28.14999704 56.84999806
OE
OB 27.20000656 56.84999806 H
OS 26.74999984 56.84999806
OS 26.74999984 56.0500022
OS 27.20000656 56.0500022
OS 27.20000656 56.84999806
OE
OB 7.1499984 53.64999684 H
OS 6.69999676 53.64999684
OS 6.69999676 52.84999082
OS 7.1499984 52.84999082
OS 7.1499984 53.64999684
OE
OB 6.19999776 53.64999684 H
OS 5.7500012 53.64999684
OS 5.7500012 52.84999082
OS 6.19999776 52.84999082
OS 6.19999776 53.64999684
OE
OB 7.1499984 52.34999182 H
OS 6.69999676 52.34999182
OS 6.69999676 51.55000104
OS 7.1499984 51.55000104
OS 7.1499984 52.34999182
OE
OB 6.19999776 52.34999182 H
OS 5.7500012 52.34999182
OS 5.7500012 51.55000104
OS 6.19999776 51.55000104
OS 6.19999776 52.34999182
OE
OB 7.6714985 50.78949964 H
OS 6.35 50.78949964
OS 6.35 49.75999954
OS 7.6714985 49.75999954
OS 7.6714985 50.78949964
OE
OB 5.850001 50.78949964 H
OS 4.5285025 50.78949964
OS 4.5285025 49.75999954
OS 5.850001 49.75999954
OS 5.850001 50.78949964
OE
SE
S P 0
OB 33.80000098 73.3000058 I
OS 33.70000118 73.3000058
OS 33.70000118 72.7523691
OS 33.34413956 72.7523691
OS 33.3441294 72.75237672
OS 33.26758904 72.7206699
OS 33.15221208 72.69908498
OS 33.1499972 72.70000192
OS 33.1499972 72.69999938
OS 32.64999058 72.69999938
OS 32.64999058 72.02500454
OS 32.39999108 72.02500454
OS 32.39999108 71.77500504
OS 31.65000274 71.77500504
OS 31.65000274 71.5099662
OS 31.63404392 71.48027868
OS 31.61370106 71.45605216
OS 31.54370882 71.4082392
OS 29.0000055 71.4082392
OS 29.00000042 71.40824174
OS 28.9234626 71.37653746
OS 28.39999908 71.90000098
OS 28.39999908 73.69999992
OS 33.80000098 73.69999992
OS 33.80000098 73.3000058
OE
OB 30.79999936 73.34998792 H
OS 30.00000604 73.34998792
OS 30.00000604 72.89999898
OS 30.79999936 72.89999898
OS 30.79999936 73.34998792
OE
OB 29.50000704 73.34998792 H
OS 28.70000356 73.34998792
OS 28.70000356 72.89999898
OS 29.50000704 72.89999898
OS 29.50000704 73.34998792
OE
OB 32.14999158 72.69999938 H
OS 31.65000274 72.69999938
OS 31.65000274 72.27500404
OS 32.14999158 72.27500404
OS 32.14999158 72.69999938
OE
OB 30.79999936 72.39999998 H
OS 30.00000604 72.39999998
OS 30.00000604 71.94999072
OS 30.79999936 71.94999072
OS 30.79999936 72.39999998
OE
OB 29.50000704 72.39999998 H
OS 28.70000356 72.39999998
OS 28.70000356 71.94999072
OS 29.50000704 71.94999072
OS 29.50000704 72.39999998
OE
SE
S P 0
OB 35.79999952 69.80000264 I
OS 34.09999784 68.10000096
OS 27.64999804 68.10000096
OS 27.64999804 68.14999832
OS 26.84999964 68.14999832
OS 26.84999964 68.10000096
OS 26.10000114 68.10000096
OS 26.10000114 67.804284
OS 25.9999988 67.70823898
OS 25.8499991 67.70823898
OS 25.8499991 68.24999812
OS 25.59998436 68.24999812
OS 25.59998436 67.5000047
OS 25.09998536 67.5000047
OS 25.09998536 68.24999812
OS 24.8500011 68.24999812
OS 24.8500011 67.70823898
OS 24.24999722 67.70823898
OS 24.24999722 67.77500034
OS 22.75000022 67.77500034
OS 22.75000022 67.70823898
OS 20.49999964 67.70823898
OS 20.49999964 68.24510354
OS 20.77500036 68.24510354
OS 20.77500036 67.85000146
OS 21.25000068 67.85000146
OS 21.25000068 68.50000016
OS 21.25000068 69.14999886
OS 20.77500036 69.14999886
OS 20.77500036 68.75489678
OS 20.49999964 68.75489678
OS 20.49999964 69.3000011
OS 22.30000112 69.3000011
OS 22.40000092 69.4000009
OS 27.10000168 69.4000009
OS 29.00000042 71.29999964
OS 31.54371136 71.29999964
OS 31.6500002 71.2499972
OS 31.65000274 71.1729971
OS 31.65000274 70.82499424
OS 32.39999108 70.82499424
OS 33.14999974 70.82499424
OS 33.14999974 71.19370826
OS 33.15000228 71.24999974
OS 33.09999984 71.35628858
OS 33.09999984 71.37700228
OS 33.09999984 72.39999998
OS 33.3441294 72.64412954
OS 33.70000118 72.64412954
OS 33.70000118 72.1000082
OS 34.35000496 72.1000082
OS 34.35000496 72.4500075
OS 34.60000446 72.4500075
OS 34.60000446 72.64407874
OS 34.71707814 72.66736546
OS 34.76585376 72.6999562
OS 35.40005366 72.6999562
OS 35.40005366 72.700007
OS 35.49999758 72.700007
OS 35.49999758 72.79999918
OS 35.79999952 72.79999918
OS 35.79999952 69.80000264
OE
OB 35.49999758 72.200008 H
OS 34.85000396 72.200008
OS 34.85000396 72.1000082
OS 35.49999758 72.1000082
OS 35.49999758 72.200008
OE
OB 30.79999936 70.64998824 H
OS 30.00000604 70.64998824
OS 30.00000604 70.1999993
OS 30.79999936 70.1999993
OS 30.79999936 70.64998824
OE
OB 29.50000704 70.64998824 H
OS 28.70000356 70.64998824
OS 28.70000356 70.1999993
OS 29.50000704 70.1999993
OS 29.50000704 70.64998824
OE
OB 33.14999974 70.32499524 H
OS 32.64999058 70.32499524
OS 32.64999058 69.8999999
OS 33.14999974 69.8999999
OS 33.14999974 70.32499524
OE
OB 32.14999158 70.32499524 H
OS 31.65000274 70.32499524
OS 31.65000274 69.8999999
OS 32.14999158 69.8999999
OS 32.14999158 70.32499524
OE
OB 30.79999936 69.7000003 H
OS 30.00000604 69.7000003
OS 30.00000604 69.24999104
OS 30.79999936 69.24999104
OS 30.79999936 69.7000003
OE
OB 29.50000704 69.7000003 H
OS 28.70000356 69.7000003
OS 28.70000356 69.24999104
OS 29.50000704 69.24999104
OS 29.50000704 69.7000003
OE
OB 22.225 69.14999886 H
OS 21.74999968 69.14999886
OS 21.74999968 68.74999966
OS 22.225 68.74999966
OS 22.225 69.14999886
OE
OB 24.24999722 68.69999976 H
OS 23.74999822 68.69999976
OS 23.74999822 68.27499934
OS 24.24999722 68.27499934
OS 24.24999722 68.69999976
OE
OB 23.24999922 68.69999976 H
OS 22.75000022 68.69999976
OS 22.75000022 68.27499934
OS 23.24999922 68.27499934
OS 23.24999922 68.69999976
OE
OB 22.225 68.25000066 H
OS 21.74999968 68.25000066
OS 21.74999968 67.85000146
OS 22.225 67.85000146
OS 22.225 68.25000066
OE
SE
S P 0
OB 37.39999886 84.90000292 I
OS 37.39999886 84.62499712
OS 37.4000014 84.62499712
OS 37.4000014 84.37499762
OS 37.4000014 84.12499812
OS 37.39999886 84.12499812
OS 37.39999886 83.50000064
OS 37.19999672 83.50000064
OS 36.79999752 83.10000144
OS 36.79999752 82.91583366
OS 36.76740678 82.8670555
OS 36.7540667 82.80000458
OS 36.20000126 82.80000458
OS 36.20000126 82.1500008
OS 36.54998024 82.1500008
OS 36.54998024 81.6500018
OS 36.20000126 81.6500018
OS 36.20000126 81.16702842
OS 36.0329734 81.16702842
OS 35.79999952 81.39999976
OS 31.69999248 81.39999976
OS 30.59999976 82.50000264
OS 30.59999976 84.69999824
OS 30.9000017 85.00000272
OS 33.64371224 85.00000272
OS 33.75000108 84.95000282
OS 33.75000362 84.87300018
OS 33.75000362 84.52500494
OS 34.50001228 84.52500494
OS 35.25000062 84.52500494
OS 35.25000062 84.87300018
OS 35.25000316 84.95000282
OS 35.35628946 85.00000272
OS 35.65000236 85.00000272
OS 35.65000236 84.62499712
OS 36.4000161 84.62499712
OS 37.14999936 84.62499712
OS 37.14999936 84.97039648
OS 37.27699936 85.02300242
OS 37.39999886 84.90000292
OE
OB 33.14999974 84.35000402 H
OS 32.34998102 84.35000402
OS 32.34998102 83.89999984
OS 33.14999974 83.89999984
OS 33.14999974 84.35000402
OE
OB 31.84998202 84.35000402 H
OS 31.05000394 84.35000402
OS 31.05000394 83.89999984
OS 31.84998202 83.89999984
OS 31.84998202 84.35000402
OE
OB 37.14999936 84.12499812 H
OS 36.6500156 84.12499812
OS 36.6500156 83.70000278
OS 37.14999936 83.70000278
OS 37.14999936 84.12499812
OE
OB 36.1500166 84.12499812 H
OS 35.65000236 84.12499812
OS 35.65000236 83.70000278
OS 36.1500166 83.70000278
OS 36.1500166 84.12499812
OE
OB 35.25000062 84.02500594 H
OS 34.75001178 84.02500594
OS 34.75001178 83.60000552
OS 35.25000062 83.60000552
OS 35.25000062 84.02500594
OE
OB 34.25001278 84.02500594 H
OS 33.75000362 84.02500594
OS 33.75000362 83.60000552
OS 34.25001278 83.60000552
OS 34.25001278 84.02500594
OE
OB 33.14999974 83.40000084 H
OS 32.34998102 83.40000084
OS 32.34998102 82.95000682
OS 33.14999974 82.95000682
OS 33.14999974 83.40000084
OE
OB 31.84998202 83.40000084 H
OS 31.05000394 83.40000084
OS 31.05000394 82.95000682
OS 31.84998202 82.95000682
OS 31.84998202 83.40000084
OE
SE
S P 0
OB 40.50000028 87.49999772 I
OS 40.79999968 87.20000086
OS 40.79999968 85.20000232
OS 38.39999686 85.20000232
OS 38.2999996 85.10000252
OS 38.2999996 83.27842882
OS 38.08179582 83.27842882
OS 38.013513 83.26484744
OS 37.95562894 83.22616832
OS 37.5488327 82.81937208
OS 37.52699886 82.78669752
OS 37.39999632 82.80000712
OS 37.39999632 82.80000458
OS 36.99855186 82.80000458
OS 36.98750286 82.80567386
OS 36.95587478 82.833718
OS 36.90823708 82.9158362
OS 36.90823708 83.0551679
OS 37.2448328 83.39176108
OS 37.39999886 83.39176108
OS 37.47653668 83.42346282
OS 37.50823842 83.50000064
OS 37.50823842 84.12499304
OS 37.50824096 84.12499812
OS 37.50824096 84.62499712
OS 37.50823842 84.6250022
OS 37.50823842 84.90000292
OS 37.47653668 84.97654074
OS 37.4765316 84.97654328
OS 37.35353718 85.09954024
OS 37.33364644 85.10777746
OS 37.31842168 85.12300476
OS 37.29688756 85.12300476
OS 37.27699936 85.13124198
OS 37.26762168 85.12735832
OS 37.23356028 85.14313172
OS 37.18102292 85.18803892
OS 37.14999936 85.22501878
OS 37.14999936 85.5749876
OS 36.4000161 85.5749876
OS 35.65000236 85.5749876
OS 35.65000236 85.20000232
OS 35.25000062 85.20000232
OS 35.25000062 85.47499542
OS 34.50001228 85.47499542
OS 33.75000362 85.47499542
OS 33.75000362 85.20000232
OS 30.89999916 85.20000232
OS 30.59999976 85.50000172
OS 30.59999976 87.10000106
OS 30.99999642 87.49999772
OS 33.1499972 87.5000028
OS 35.69999718 87.5000028
OS 40.50000028 87.49999772
OE
OB 33.14999974 87.0500037 H
OS 32.34998102 87.0500037
OS 32.34998102 86.59999952
OS 33.14999974 86.59999952
OS 33.14999974 87.0500037
OE
OB 31.84998202 87.0500037 H
OS 31.05000394 87.0500037
OS 31.05000394 86.59999952
OS 31.84998202 86.59999952
OS 31.84998202 87.0500037
OE
OB 40.32499936 87.07500238 H
OS 39.6499842 87.07500238
OS 39.6499842 86.54998692
OS 40.32499936 86.54998692
OS 40.32499936 87.07500238
OE
OB 39.1499852 87.07500238 H
OS 38.47500052 87.07500238
OS 38.47500052 86.54998692
OS 39.1499852 86.54998692
OS 39.1499852 87.07500238
OE
OB 37.14999936 86.50000226 H
OS 36.6500156 86.50000226
OS 36.6500156 86.0749866
OS 37.14999936 86.0749866
OS 37.14999936 86.50000226
OE
OB 36.1500166 86.50000226 H
OS 35.65000236 86.50000226
OS 35.65000236 86.0749866
OS 36.1500166 86.0749866
OS 36.1500166 86.50000226
OE
OB 35.25000062 86.400005 H
OS 34.75001178 86.400005
OS 34.75001178 85.97499442
OS 35.25000062 85.97499442
OS 35.25000062 86.400005
OE
OB 34.25001278 86.400005 H
OS 33.75000362 86.400005
OS 33.75000362 85.97499442
OS 34.25001278 85.97499442
OS 34.25001278 86.400005
OE
OB 33.14999974 86.10000052 H
OS 32.34998102 86.10000052
OS 32.34998102 85.6500065
OS 33.14999974 85.6500065
OS 33.14999974 86.10000052
OE
OB 31.84998202 86.10000052 H
OS 31.05000394 86.10000052
OS 31.05000394 85.6500065
OS 31.84998202 85.6500065
OS 31.84998202 86.10000052
OE
OB 40.32499936 86.04998792 H
OS 39.6499842 86.04998792
OS 39.6499842 85.52500294
OS 40.32499936 85.52500294
OS 40.32499936 86.04998792
OE
OB 39.1499852 86.04998792 H
OS 38.47500052 86.04998792
OS 38.47500052 85.52500294
OS 39.1499852 85.52500294
OS 39.1499852 86.04998792
OE
SE
S P 0
OB 43.7234965 70.42343294 I
OS 43.7999632 70.3917566
OS 43.7999632 69.69995712
OS 43.800014 69.69995712
OS 43.800014 69.52929198
OS 44.1519437 69.52929198
OS 44.27070648 69.48786966
OS 44.2859287 69.47264744
OS 44.29416846 69.45275416
OS 44.37958866 69.36733396
OS 44.3309883 69.2500012
OS 43.7000015 69.2500012
OS 43.7000015 68.74999712
OS 44.37500142 68.74999712
OS 44.37500142 68.49999762
OS 44.62500092 68.49999762
OS 44.62500092 67.7500042
OS 44.92045626 67.7500042
OS 44.99175914 67.64371282
OS 44.99175914 65.10000696
OS 44.9917566 65.10000188
OS 45.00000144 65.08009844
OS 45.00000144 65.00000208
OS 44.5999997 64.60000034
OS 43.00000036 64.60000034
OS 43.00000036 69.39999836
OS 43.20000758 69.60000812
OS 43.300015 69.60000812
OS 43.300015 69.69995712
OS 43.3000658 69.69995712
OS 43.3000658 70.50000632
OS 43.69177698 70.50000632
OS 43.7234965 70.42343294
OE
OB 44.12500192 68.24999812 H
OS 43.7000015 68.24999812
OS 43.7000015 67.7500042
OS 44.12500192 67.7500042
OS 44.12500192 68.24999812
OE
OB 44.5499998 67.15000286 H
OS 44.09999054 67.15000286
OS 44.09999054 66.3499943
OS 44.5499998 66.3499943
OS 44.5499998 67.15000286
OE
OB 43.59999154 67.15000286 H
OS 43.1500026 67.15000286
OS 43.1500026 66.3499943
OS 43.59999154 66.3499943
OS 43.59999154 67.15000286
OE
OB 44.5499998 65.8499953 H
OS 44.09999054 65.8499953
OS 44.09999054 65.05000706
OS 44.5499998 65.05000706
OS 44.5499998 65.8499953
OE
OB 43.59999154 65.8499953 H
OS 43.1500026 65.8499953
OS 43.1500026 65.05000706
OS 43.59999154 65.05000706
OS 43.59999154 65.8499953
OE
SE
S P 0
OB 44.39999756 87.8000022 I
OS 44.39999502 84.9562944
OS 44.34999766 84.85000302
OS 43.92499978 84.85000302
OS 43.92499978 84.10001468
OS 43.67500028 84.10001468
OS 43.67500028 83.85001518
OS 43.00000036 83.85001518
OS 43.00000036 83.35000602
OS 43.48406848 83.35000602
OS 43.53266884 83.23267326
OS 43.29999976 83.00000164
OS 43.29999976 82.91081462
OS 43.26740648 82.86203392
OS 43.25506716 82.80000458
OS 43.25500112 82.80000458
OS 43.24405626 82.74497548
OS 43.24405626 81.9000013
OS 42.80003378 81.9000013
OS 42.80003378 82.7000505
OS 42.79998552 82.7000505
OS 42.79998552 82.80000458
OS 42.70000096 82.80000458
OS 42.70000096 82.70000478
OS 42.30021004 82.70000478
OS 41.09999908 83.90021828
OS 41.09999908 87.5000028
OS 41.59999808 88.0000018
OS 44.19999796 88.0000018
OS 44.39999756 87.8000022
OE
OB 43.74999886 87.5500027 H
OS 43.29999214 87.5500027
OS 43.29999214 86.75001192
OS 43.74999886 86.75001192
OS 43.74999886 87.5500027
OE
OB 42.79999314 87.5500027 H
OS 42.35000166 87.5500027
OS 42.35000166 86.75001192
OS 42.79999314 86.75001192
OS 42.79999314 87.5500027
OE
OB 43.74999886 86.25001292 H
OS 43.29999214 86.25001292
OS 43.29999214 85.4500069
OS 43.74999886 85.4500069
OS 43.74999886 86.25001292
OE
OB 42.79999314 86.25001292 H
OS 42.35000166 86.25001292
OS 42.35000166 85.4500069
OS 42.79999314 85.4500069
OS 42.79999314 86.25001292
OE
OB 43.42500078 84.85000302 H
OS 43.00000036 84.85000302
OS 43.00000036 84.35001418
OS 43.42500078 84.35001418
OS 43.42500078 84.85000302
OE
SE
S P 0
OB 44.6999995 30.14999812 I
OS 48.79999638 26.05000124
OS 48.79999638 21.2999955
OS 48.10000032 20.59999944
OS 42.60000116 20.59999944
OS 41.27699898 21.92300162
OS 41.32960492 22.05000162
OS 41.5895663 22.05000162
OS 41.90748286 22.1351856
OS 42.19251912 22.2997522
OS 42.42524916 22.53248224
OS 42.58981576 22.8175185
OS 42.67499974 23.13543506
OS 42.67499974 23.46456826
OS 42.58981576 23.78248482
OS 42.42524916 24.06752108
OS 42.19251912 24.30025112
OS 41.90748286 24.46481772
OS 41.5895663 24.5500017
OS 41.2604331 24.5500017
OS 40.94251654 24.46481772
OS 40.65748028 24.30025112
OS 40.42475024 24.06752108
OS 40.26018364 23.78248482
OS 40.17499966 23.46456826
OS 40.17499966 23.20460688
OS 40.04799966 23.15200094
OS 38.80000114 24.39999946
OS 38.80000114 34.89999878
OS 44.6999995 34.89999878
OS 44.6999995 30.14999812
OE
SE
S P 0
OB 45.0999987 45.30000084 I
OS 45.09999616 44.49999482
OS 44.41733052 43.81733426
OS 44.29999776 43.86593462
OS 44.29999776 43.87500496
OS 43.40000972 43.87500496
OS 42.50000136 43.87500496
OS 42.50000136 43.86593208
OS 42.3826686 43.81733172
OS 41.69999534 44.50000498
OS 41.69999534 45.29999576
OS 42.19999942 45.79999984
OS 44.59999716 45.79999984
OS 45.0999987 45.30000084
OE
OB 44.29999776 44.7999993 H
OS 43.65000922 44.7999993
OS 43.65000922 44.37500396
OS 44.29999776 44.37500396
OS 44.29999776 44.7999993
OE
OB 43.15001022 44.7999993 H
OS 42.50000136 44.7999993
OS 42.50000136 44.37500396
OS 43.15001022 44.37500396
OS 43.15001022 44.7999993
OE
SE
S P 0
OB 47.19999958 87.8000022 I
OS 47.19999958 82.80000204
OS 43.89999856 82.80000204
OS 43.89999856 82.80000458
OS 43.49955232 82.80000458
OS 43.49417768 82.80249124
OS 43.4617749 82.82866086
OS 43.40823932 82.91081716
OS 43.40823932 82.9551681
OS 43.60920666 83.15613798
OS 43.61744388 83.17602364
OS 43.64142148 83.20000124
OS 44.29999522 83.20000124
OS 44.45000254 83.35000602
OS 44.87499534 83.35000602
OS 44.87499534 84.10001976
OS 44.87499534 84.85000302
OS 44.59927834 84.85000302
OS 44.55604246 84.88630978
OS 44.52747254 84.92813342
OS 44.50823458 84.97700556
OS 44.50823712 87.8000022
OS 44.47653538 87.87654002
OS 44.5999997 88.0000018
OS 46.99999998 88.0000018
OS 47.19999958 87.8000022
OE
OB 46.44999854 87.5500027 H
OS 45.99999182 87.5500027
OS 45.99999182 86.75001192
OS 46.44999854 86.75001192
OS 46.44999854 87.5500027
OE
OB 45.49999282 87.5500027 H
OS 45.05000134 87.5500027
OS 45.05000134 86.75001192
OS 45.49999282 86.75001192
OS 45.49999282 87.5500027
OE
OB 46.44999854 86.25001292 H
OS 45.99999182 86.25001292
OS 45.99999182 85.4500069
OS 46.44999854 85.4500069
OS 46.44999854 86.25001292
OE
OB 45.49999282 86.25001292 H
OS 45.05000134 86.25001292
OS 45.05000134 85.4500069
OS 45.49999282 85.4500069
OS 45.49999282 86.25001292
OE
OB 45.79999984 84.85000302 H
OS 45.37499434 84.85000302
OS 45.37499434 84.35001926
OS 45.79999984 84.35001926
OS 45.79999984 84.85000302
OE
OB 45.79999984 83.85002026 H
OS 45.37499434 83.85002026
OS 45.37499434 83.35000602
OS 45.79999984 83.35000602
OS 45.79999984 83.85002026
OE
SE
S P 0
OB 47.89999818 72.10000058 I
OS 47.89999818 65.10000188
OS 47.39999918 64.60000288
OS 45.5999977 64.60000288
OS 45.0999987 65.10000188
OS 45.0999987 67.64371536
OS 45.15000368 67.75000166
OS 45.22700124 67.7500042
OS 45.57499648 67.7500042
OS 45.57499648 68.49999254
OS 45.57499648 69.2500012
OS 45.15000114 69.2500012
OS 45.15000114 68.95356034
OS 45.03404252 68.9029483
OS 44.95000154 68.96993572
OS 44.95000154 69.1500014
OS 44.7499994 69.1500014
OS 44.37070628 69.52929198
OS 44.4000001 69.60001066
OS 44.39999756 69.60001066
OS 44.39999756 70.25000682
OS 44.05000334 70.25000682
OS 44.05000334 70.50000632
OS 43.80005464 70.50000632
OS 43.80005464 71.30005552
OS 43.80000384 71.30005552
OS 43.80000384 71.40000452
OS 43.79999876 71.40000452
OS 43.79999876 71.60000158
OS 44.8999991 72.70000192
OS 45.10000124 72.70000192
OS 45.10000124 72.1000082
OS 45.75001264 72.1000082
OS 45.75001264 72.45001512
OS 46.25001164 72.45001512
OS 46.25001164 72.1000082
OS 46.89999764 72.1000082
OS 46.89999764 72.70000192
OS 47.29999684 72.70000192
OS 47.89999818 72.10000058
OE
OB 44.39999756 71.40000452 H
OS 44.30000284 71.40000452
OS 44.30000284 70.75000582
OS 44.39999756 70.75000582
OS 44.39999756 71.40000452
OE
OB 46.50000098 69.2500012 H
OS 46.07499548 69.2500012
OS 46.07499548 68.74999204
OS 46.50000098 68.74999204
OS 46.50000098 69.2500012
OE
OB 46.50000098 68.24999304 H
OS 46.07499548 68.24999304
OS 46.07499548 67.7500042
OS 46.50000098 67.7500042
OS 46.50000098 68.24999304
OE
OB 47.24999948 67.15000286 H
OS 46.79999022 67.15000286
OS 46.79999022 66.3499943
OS 47.24999948 66.3499943
OS 47.24999948 67.15000286
OE
OB 46.29999122 67.15000286 H
OS 45.85000228 67.15000286
OS 45.85000228 66.3499943
OS 46.29999122 66.3499943
OS 46.29999122 67.15000286
OE
OB 47.24999948 65.8499953 H
OS 46.79999022 65.8499953
OS 46.79999022 65.05000706
OS 47.24999948 65.05000706
OS 47.24999948 65.8499953
OE
OB 46.29999122 65.8499953 H
OS 45.85000228 65.8499953
OS 45.85000228 65.05000706
OS 46.29999122 65.05000706
OS 46.29999122 65.8499953
OE
SE
S P 0
OB 48.43500092 83.4553957 I
OS 48.43500092 83.04999138
OS 49.06999838 83.04999138
OS 49.06999838 82.79999188
OS 49.31999788 82.79999188
OS 49.31999788 82.11000088
OS 49.70500092 82.11000088
OS 49.70500092 82.99579032
OS 49.83200092 83.06367182
OS 49.84999428 83.05165
OS 49.84999936 80.74999852
OS 49.84999936 78.5957915
OS 49.8120035 78.57347506
OS 49.6850035 78.64616732
OS 49.68500096 78.6709501
OS 49.68500096 79.04998922
OS 49.2600107 79.04998922
OS 49.2600107 78.55000038
OS 49.55888488 78.55000038
OS 49.6109117 78.54999784
OS 49.68097506 78.5366603
OS 49.74986494 78.44986596
OS 49.44999762 78.14999864
OS 47.01583688 78.14999864
OS 46.96704348 78.18259954
OS 46.89999764 78.19593708
OS 46.89999764 78.65000018
OS 47.65000122 78.65000018
OS 47.95000062 78.94999958
OS 47.95000062 83.15000134
OS 48.3207314 83.52073212
OS 48.43500092 83.4553957
OE
OB 48.81999888 82.54999238 H
OS 48.43500092 82.54999238
OS 48.43500092 82.11000088
OS 48.81999888 82.11000088
OS 48.81999888 82.54999238
OE
OB 49.68500096 81.84999886 H
OS 49.26001578 81.84999886
OS 49.26001578 81.34999478
OS 49.68500096 81.34999478
OS 49.68500096 81.84999886
OE
OB 48.76001678 81.84999886 H
OS 48.33500112 81.84999886
OS 48.33500112 81.34999478
OS 48.76001678 81.34999478
OS 48.76001678 81.84999886
OE
OB 49.68500096 80.84999578 H
OS 49.26001578 80.84999578
OS 49.26001578 80.35000186
OS 49.68500096 80.35000186
OS 49.68500096 80.84999578
OE
OB 48.76001678 80.84999578 H
OS 48.33500112 80.84999578
OS 48.33500112 80.35000186
OS 48.76001678 80.35000186
OS 48.76001678 80.84999578
OE
OB 49.68500096 80.04999738 H
OS 49.2600107 80.04999738
OS 49.2600107 79.54998822
OS 49.68500096 79.54998822
OS 49.68500096 80.04999738
OE
OB 48.7600117 80.04999738 H
OS 48.33500112 80.04999738
OS 48.33500112 79.54998822
OS 48.7600117 79.54998822
OS 48.7600117 80.04999738
OE
OB 48.7600117 79.04998922 H
OS 48.33500112 79.04998922
OS 48.33500112 78.55000038
OS 48.7600117 78.55000038
OS 48.7600117 79.04998922
OE
SE
S P 0
OB 51.30000154 77.59999974 I
OS 47.29999938 77.59999974
OS 47.19999958 77.69999954
OS 46.89999764 77.69999954
OS 46.89999764 77.95144684
OS 46.90567454 77.962506
OS 46.93372122 77.99413408
OS 47.01583942 78.04175908
OS 47.7582357 78.04175908
OS 47.79999584 77.99999894
OS 49.79999946 77.99999894
OS 49.7275739 78.0724245
OS 49.7275739 78.27449928
OS 49.82640276 78.37332814
OS 49.84006542 78.40631512
OS 49.85739584 78.43750124
OS 49.86682432 78.48014276
OS 49.90481764 78.5024592
OS 49.91339268 78.51381046
OS 49.92653718 78.51925368
OS 49.93749474 78.54570778
OS 49.94073832 78.55000038
OS 50.21000626 78.55000038
OS 50.21000626 79.2999938
OS 50.21000626 80.04999738
OS 49.95823892 80.04999738
OS 49.95823892 80.35000186
OS 50.21001134 80.35000186
OS 50.21001134 81.10000036
OS 50.46001084 81.10000036
OS 50.46001084 81.34999986
OS 51.1350006 81.34999986
OS 51.1350006 81.59999936
OS 51.30000154 81.59999936
OS 51.30000154 77.59999974
OE
OB 51.1350006 80.85000086 H
OS 50.71001034 80.85000086
OS 50.71001034 80.35000186
OS 51.1350006 80.35000186
OS 51.1350006 80.85000086
OE
OB 51.1350006 80.04999738 H
OS 50.71000526 80.04999738
OS 50.71000526 79.5499933
OS 51.1350006 79.5499933
OS 51.1350006 80.04999738
OE
OB 51.1350006 79.0499943 H
OS 50.71000526 79.0499943
OS 50.71000526 78.55000038
OS 51.1350006 78.55000038
OS 51.1350006 79.0499943
OE
SE
S P 0
OB 53.20000028 29.14999504 I
OS 55.54999558 26.79999974
OS 55.54999812 23.69999832
OS 55.54998288 21.1499831
OS 54.99999922 20.59999944
OS 50.34999836 20.59999944
OS 48.94999862 21.99999918
OS 48.94999862 26.899997
OS 46.19999904 29.64999658
OS 46.19999904 34.89999878
OS 53.20000028 34.89999878
OS 53.20000028 29.14999504
OE
SE
S P 0
OB 54.39999788 45.30000084 I
OS 54.39999534 44.49999482
OS 53.7173297 43.81733426
OS 53.59999694 43.86593462
OS 53.59999694 43.87500496
OS 52.70000382 43.87500496
OS 51.80000054 43.87500496
OS 51.80000054 43.86593208
OS 51.68266778 43.81733172
OS 50.99999452 44.50000498
OS 50.99999452 45.29999576
OS 51.4999986 45.79999984
OS 53.89999634 45.79999984
OS 54.39999788 45.30000084
OE
OB 53.59999694 44.7999993 H
OS 52.95000332 44.7999993
OS 52.95000332 44.37500396
OS 53.59999694 44.37500396
OS 53.59999694 44.7999993
OE
OB 52.45000432 44.7999993 H
OS 51.80000054 44.7999993
OS 51.80000054 44.37500396
OS 52.45000432 44.37500396
OS 52.45000432 44.7999993
OE
SE
S P 0
OB 59.85847312 17.82500118 I
OS 59.98000196 17.82500118
OS 60.87415054 16.9308526
OS 60.87415054 11.79999926
OS 56.17414978 11.79999926
OS 56.17414978 16.83084772
OS 57.17415032 17.8308508
OS 57.33664174 17.8308508
OS 57.35847304 17.82500118
OS 57.64152556 17.82500118
OS 57.66335686 17.8308508
OS 59.83664182 17.8308508
OS 59.85847312 17.82500118
OE
OB 58.89500286 17.50926902 H
OS 58.89500286 16.79999434
OS 59.60426992 16.79999434
OS 59.589924 16.85353246
OS 59.43523292 17.1214669
OS 59.21646526 17.34023456
OS 58.94853082 17.49492564
OS 58.89500286 17.50926902
OE
OB 58.09500446 17.50927156 H
OS 58.04146634 17.49492564
OS 57.7735319 17.34023456
OS 57.55476424 17.1214669
OS 57.40007316 16.85353246
OS 57.38572724 16.79999434
OS 58.09500446 16.79999434
OS 58.09500446 17.50927156
OE
OB 59.60426738 15.99999594 H
OS 58.89500286 15.99999594
OS 58.89500286 15.29073142
OS 58.94853082 15.3050748
OS 59.21646526 15.45976588
OS 59.43523292 15.67853354
OS 59.589924 15.94646798
OS 59.60426738 15.99999594
OE
OB 58.09500446 15.99999594 H
OS 57.38572978 15.99999594
OS 57.40007316 15.94646798
OS 57.55476424 15.67853354
OS 57.7735319 15.45976588
OS 58.04146634 15.3050748
OS 58.09500446 15.29072888
OS 58.09500446 15.99999594
OE
SE
S P 0
OB 60.55000336 28.62499482 I
OS 62.29999732 26.87500086
OS 62.29999986 23.73749888
OS 62.29998716 21.39998768
OS 61.49999638 20.59999944
OS 57.1000001 20.59999944
OS 55.70000036 21.99999918
OS 55.70000036 24.39999946
OS 55.65823768 24.39999946
OS 55.65823768 27.49175858
OS 53.49999968 29.64999658
OS 53.49999968 34.89999878
OS 60.55000336 34.89999878
OS 60.55000336 28.62499482
OE
SE
S P 0
OB 62.59999926 45.30000084 I
OS 62.59999672 44.49999482
OS 61.91733108 43.81733426
OS 61.79999832 43.86593462
OS 61.79999832 43.87500496
OS 60.89998996 43.87500496
OS 60.00000192 43.87500496
OS 60.00000192 43.86593208
OS 59.88266916 43.81733172
OS 59.1999959 44.50000498
OS 59.1999959 45.29999576
OS 59.69999998 45.79999984
OS 62.09999772 45.79999984
OS 62.59999926 45.30000084
OE
OB 61.79999832 44.7999993 H
OS 61.14998946 44.7999993
OS 61.14998946 44.37500396
OS 61.79999832 44.37500396
OS 61.79999832 44.7999993
OE
OB 60.64999046 44.7999993 H
OS 60.00000192 44.7999993
OS 60.00000192 44.37500396
OS 60.64999046 44.37500396
OS 60.64999046 44.7999993
OE
SE
S P 0
OB 68.20000076 42.60000116 I
OS 68.20000076 40.89999948
OS 67.60000196 40.30000068
OS 65.29999894 40.30000068
OS 65.29999894 41.00000436
OS 65.32500016 41.00000436
OS 65.32500016 42.00000236
OS 65.57499966 42.00000236
OS 65.57499966 42.25000186
OS 65.99999754 42.25000186
OS 65.99999754 42.70000096
OS 68.10000096 42.70000096
OS 68.20000076 42.60000116
OE
OB 67.95000126 42.55000126 H
OS 67.45001242 42.55000126
OS 67.45001242 42.12499576
OS 67.95000126 42.12499576
OS 67.95000126 42.55000126
OE
OB 66.95001342 42.55000126 H
OS 66.45000426 42.55000126
OS 66.45000426 42.12499576
OS 66.95001342 42.12499576
OS 66.95001342 42.55000126
OE
OB 67.95000126 41.62499676 H
OS 67.45001242 41.62499676
OS 67.45001242 41.20000142
OS 67.95000126 41.20000142
OS 67.95000126 41.62499676
OE
OB 66.95001342 41.62499676 H
OS 66.45000426 41.62499676
OS 66.45000426 41.20000142
OS 66.95001342 41.20000142
OS 66.95001342 41.62499676
OE
OB 65.99999754 41.75000286 H
OS 65.82499916 41.75000286
OS 65.82499916 41.00000436
OS 65.99999754 41.00000436
OS 65.99999754 41.75000286
OE
SE
S P 0
OB 73.00000132 26.69999994 I
OS 70.80000064 24.49999926
OS 70.80000064 22.09999898
OS 69.4000009 20.69999924
OS 65.40000128 20.69999924
OS 64.1999986 21.89999938
OS 64.20000114 23.83749868
OS 64.20000368 26.97500066
OS 66.90000082 29.6749978
OS 66.90000082 34.99999858
OS 73.00000132 34.99999858
OS 73.00000132 26.69999994
OE
SE
S P 0
OB 75.79999826 45.30000084 I
OS 75.79999572 44.49999482
OS 75.11733008 43.81733426
OS 74.99999732 43.86593462
OS 74.99999732 43.87500496
OS 74.10001944 43.87500496
OS 73.20000092 43.87500496
OS 73.20000092 43.86593208
OS 73.08266816 43.81733172
OS 72.3999949 44.50000498
OS 72.3999949 45.29999576
OS 72.89999898 45.79999984
OS 75.29999672 45.79999984
OS 75.79999826 45.30000084
OE
OB 74.99999732 44.7999993 H
OS 74.35001894 44.7999993
OS 74.35001894 44.37500396
OS 74.99999732 44.37500396
OS 74.99999732 44.7999993
OE
OB 73.85001994 44.7999993 H
OS 73.20000092 44.7999993
OS 73.20000092 44.37500396
OS 73.85001994 44.37500396
OS 73.85001994 44.7999993
OE
SE
S P 0
OB 81.20000016 28.14999958 I
OS 77.30000034 24.24999976
OS 77.30000034 21.84999948
OS 76.1500001 20.69999924
OS 72.19999784 20.69999924
OS 70.95000034 21.94999928
OS 70.9499978 24.04999762
OS 73.54999514 26.64999496
OS 73.54999768 29.57499546
OS 76.1500001 32.17499788
OS 76.1500001 34.99999858
OS 81.20000016 34.99999858
OS 81.20000016 28.14999958
OE
SE
S P 0
OB 83.80000004 45.30000084 I
OS 83.7999975 44.49999482
OS 83.11733186 43.81733426
OS 82.9999991 43.86593462
OS 82.9999991 43.87500496
OS 82.09998566 43.87500496
OS 81.2000027 43.87500496
OS 81.2000027 43.86593208
OS 81.08266994 43.81733172
OS 80.39999668 44.50000498
OS 80.39999668 45.29999576
OS 80.90000076 45.79999984
OS 83.2999985 45.79999984
OS 83.80000004 45.30000084
OE
OB 82.9999991 44.7999993 H
OS 82.34998516 44.7999993
OS 82.34998516 44.37500396
OS 82.9999991 44.37500396
OS 82.9999991 44.7999993
OE
OB 81.84998616 44.7999993 H
OS 81.2000027 44.7999993
OS 81.2000027 44.37500396
OS 81.84998616 44.37500396
OS 81.84998616 44.7999993
OE
SE
S P 0
OB 89.4999988 34.89999878 I
OS 89.27499544 34.89999878
OS 89.27499544 34.90500004
OS 88.75199166 34.90500004
OS 88.62500436 34.90500258
OS 88.62500436 34.90500512
OS 88.62499166 34.90500512
OS 88.62498658 34.90500004
OS 88.10199296 34.90500004
OS 87.97500312 34.90500258
OS 87.97500312 34.90500512
OS 87.97499296 34.90500512
OS 87.97498788 34.90500004
OS 87.45199172 34.90500004
OS 87.32500442 34.90500258
OS 87.32500442 34.90500512
OS 87.32499172 34.90500512
OS 87.32498664 34.90500004
OS 86.80199048 34.90500004
OS 86.67500318 34.90500258
OS 86.67500318 34.90500512
OS 86.67499048 34.90500512
OS 86.6749854 34.90500004
OS 86.15199178 34.90500004
OS 86.02500194 34.90500258
OS 86.02500194 34.90500512
OS 86.02499178 34.90500512
OS 86.0249867 34.90500004
OS 85.50199054 34.90500004
OS 85.37500324 34.90500258
OS 85.37500324 34.90500512
OS 85.37499054 34.90500512
OS 85.37498546 34.90500004
OS 84.72499692 34.90500004
OS 84.72499692 34.89999878
OS 81.30823972 34.89999878
OS 81.30823972 34.99999858
OS 81.27653798 35.0765364
OS 81.20000016 35.10823814
OS 76.1500001 35.10823814
OS 76.07346228 35.0765364
OS 76.04176054 34.99999858
OS 76.04176054 34.89999878
OS 73.27499696 34.89999878
OS 73.27499696 34.90500004
OS 73.10824088 34.90500004
OS 73.10824088 34.99999858
OS 73.07653914 35.0765364
OS 73.00000132 35.10823814
OS 66.90000082 35.10823814
OS 66.823463 35.0765364
OS 66.79176126 34.99999858
OS 66.79176126 34.89999878
OS 60.65824292 34.89999878
OS 60.62654118 34.9765366
OS 60.55000336 35.00823834
OS 53.49999968 35.00823834
OS 53.42346186 34.9765366
OS 53.41873238 34.96511676
OS 53.28126758 34.96511676
OS 53.2765381 34.9765366
OS 53.20000028 35.00823834
OS 46.19999904 35.00823834
OS 46.12346122 34.9765366
OS 46.09175948 34.89999878
OS 44.80823906 34.89999878
OS 44.77653732 34.9765366
OS 44.6999995 35.00823834
OS 38.80000114 35.00823834
OS 38.72346332 34.9765366
OS 38.69176158 34.89999878
OS 38.00000274 34.89999878
OS 37.9000004 34.9414211
OS 37.9000004 39.00000074
OS 89.4999988 39.00000074
OS 89.4999988 34.89999878
OE
SE
S P 0
OB 92.89999962 45.30000084 I
OS 92.89999708 44.49999482
OS 92.21733144 43.81733426
OS 92.09999868 43.86593462
OS 92.09999868 43.87500496
OS 91.20000048 43.87500496
OS 90.30000228 43.87500496
OS 90.30000228 43.86593208
OS 90.18266952 43.81733172
OS 89.49999626 44.50000498
OS 89.49999626 45.29999576
OS 90.00000034 45.79999984
OS 92.39999808 45.79999984
OS 92.89999962 45.30000084
OE
OB 92.09999868 44.7999993 H
OS 91.44999998 44.7999993
OS 91.44999998 44.37500396
OS 92.09999868 44.37500396
OS 92.09999868 44.7999993
OE
OB 90.95000098 44.7999993 H
OS 90.30000228 44.7999993
OS 90.30000228 44.37500396
OS 90.95000098 44.37500396
OS 90.95000098 44.7999993
OE
SE
P 8.39999844 56.29999916 55 P 0 0 ;0=50,1=1
P 8.60000058 64.40000074 55 P 0 0 ;0=50,1=1
P 8.60000058 65.20000168 55 P 0 0 ;0=50,1=1
P 8.60000058 66.29999948 55 P 0 0 ;0=50,1=1
P 8.60000058 67.10000042 55 P 0 0 ;0=50,1=1
P 8.72499906 61.70551794 55 P 0 0 ;0=50,1=1
P 9.39999898 64.40000074 55 P 0 0 ;0=50,1=1
P 9.39999898 65.20000168 55 P 0 0 ;0=50,1=1
P 9.39999898 66.29999948 55 P 0 0 ;0=50,1=1
P 9.39999898 67.10000042 55 P 0 0 ;0=50,1=1
P 10.19999992 64.40000074 55 P 0 0 ;0=50,1=1
P 10.19999992 65.20000168 55 P 0 0 ;0=50,1=1
P 10.19999992 66.29999948 55 P 0 0 ;0=50,1=1
P 10.19999992 67.10000042 55 P 0 0 ;0=50,1=1
P 11.09999812 66.29999948 55 P 0 0 ;0=50,1=1
P 11.09999812 67.10000042 55 P 0 0 ;0=50,1=1
P 11.89999906 66.29999948 55 P 0 0 ;0=50,1=1
P 11.89999906 67.10000042 55 P 0 0 ;0=50,1=1
P 12.69999746 66.29999948 55 P 0 0 ;0=50,1=1
P 12.69999746 67.10000042 55 P 0 0 ;0=50,1=1
P 13.5999982 66.29999948 55 P 0 0 ;0=50,1=1
P 13.5999982 67.10000042 55 P 0 0 ;0=50,1=1
P 14.39999914 66.29999948 55 P 0 0 ;0=50,1=1
P 14.39999914 67.10000042 55 P 0 0 ;0=50,1=1
P 15.19999754 66.29999948 55 P 0 0 ;0=50,1=1
P 15.19999754 67.10000042 55 P 0 0 ;0=50,1=1
P 17.30000096 93.70000056 55 P 0 0 ;0=50,1=1
P 17.30000096 94.5000015 55 P 0 0 ;0=50,1=1
P 17.30000096 95.2999999 55 P 0 0 ;0=50,1=1
P 17.40000076 50.7000002 55 P 0 0 ;0=50,1=1
P 17.40000076 51.50000114 55 P 0 0 ;0=50,1=1
P 17.40000076 52.29999954 55 P 0 0 ;0=50,1=1
P 18.1000019 93.70000056 55 P 0 0 ;0=50,1=1
P 18.1000019 94.5000015 55 P 0 0 ;0=50,1=1
P 18.1000019 95.2999999 55 P 0 0 ;0=50,1=1
P 18.2000017 50.7000002 55 P 0 0 ;0=50,1=1
P 18.2000017 51.50000114 55 P 0 0 ;0=50,1=1
P 18.2000017 52.29999954 55 P 0 0 ;0=50,1=1
P 19.0000001 93.70000056 55 P 0 0 ;0=50,1=1
P 19.0000001 94.5000015 55 P 0 0 ;0=50,1=1
P 19.0000001 95.2999999 55 P 0 0 ;0=50,1=1
P 19.0999999 50.7000002 55 P 0 0 ;0=50,1=1
P 19.0999999 51.50000114 55 P 0 0 ;0=50,1=1
P 19.0999999 52.29999954 55 P 0 0 ;0=50,1=1
P 19.80000104 93.70000056 55 P 0 0 ;0=50,1=1
P 19.80000104 94.5000015 55 P 0 0 ;0=50,1=1
P 19.80000104 95.2999999 55 P 0 0 ;0=50,1=1
P 19.90000084 50.7000002 55 P 0 0 ;0=50,1=1
P 19.90000084 51.50000114 55 P 0 0 ;0=50,1=1
P 19.90000084 52.29999954 55 P 0 0 ;0=50,1=1
P 20.69999924 93.70000056 55 P 0 0 ;0=50,1=1
P 20.69999924 94.5000015 55 P 0 0 ;0=50,1=1
P 20.69999924 95.2999999 55 P 0 0 ;0=50,1=1
P 20.79999904 50.7000002 55 P 0 0 ;0=50,1=1
P 20.79999904 51.50000114 55 P 0 0 ;0=50,1=1
P 20.79999904 52.29999954 55 P 0 0 ;0=50,1=1
P 21.50000018 94.5000015 55 P 0 0 ;0=50,1=1
P 21.50000018 95.2999999 55 P 0 0 ;0=50,1=1
P 21.59999998 50.7000002 55 P 0 0 ;0=50,1=1
P 21.59999998 51.50000114 55 P 0 0 ;0=50,1=1
P 21.59999998 52.29999954 55 P 0 0 ;0=50,1=1
P 22.30000112 62.79999886 55 P 0 0 ;0=50,1=1
P 22.30000112 63.6999996 55 P 0 0 ;0=50,1=1
P 22.30000112 64.50000054 55 P 0 0 ;0=50,1=1
P 22.50000072 50.7000002 55 P 0 0 ;0=50,1=1
P 22.50000072 51.50000114 55 P 0 0 ;0=50,1=1
P 22.50000072 52.29999954 55 P 0 0 ;0=50,1=1
P 22.99999972 62.00000046 55 P 0 0 ;0=50,1=1
P 23.09999952 63.6999996 55 P 0 0 ;0=50,1=1
P 23.09999952 64.50000054 55 P 0 0 ;0=50,1=1
P 23.19999932 62.79999886 55 P 0 0 ;0=50,1=1
P 23.30000166 50.7000002 55 P 0 0 ;0=50,1=1
P 23.30000166 51.50000114 55 P 0 0 ;0=50,1=1
P 23.30000166 52.29999954 55 P 0 0 ;0=50,1=1
P 23.80000066 61.90000066 55 P 0 0 ;0=50,1=1
P 23.90000046 63.6999996 55 P 0 0 ;0=50,1=1
P 23.90000046 64.50000054 55 P 0 0 ;0=50,1=1
P 27.60000068 62.49999946 55 P 0 0 ;0=50,1=1
P 27.60000068 63.3000004 55 P 0 0 ;0=50,1=1
P 28.39999908 62.49999946 55 P 0 0 ;0=50,1=1
P 28.39999908 63.3000004 55 P 0 0 ;0=50,1=1
P 28.59999868 56.7000009 55 P 0 0 ;0=50,1=1
P 28.59999868 59.70000252 55 P 0 0 ;0=50,1=1
P 28.59999868 60.50000092 55 P 0 0 ;0=50,1=1
P 28.59999868 61.30000186 55 P 0 0 ;0=50,1=1
P 29.20000002 62.49999946 55 P 0 0 ;0=50,1=1
P 29.20000002 63.3000004 55 P 0 0 ;0=50,1=1
P 29.39999962 56.7000009 55 P 0 0 ;0=50,1=1
P 29.39999962 57.4999993 55 P 0 0 ;0=50,1=1
P 29.39999962 58.30000024 55 P 0 0 ;0=50,1=1
P 29.39999962 59.70000252 55 P 0 0 ;0=50,1=1
P 29.39999962 60.50000092 55 P 0 0 ;0=50,1=1
P 29.39999962 61.30000186 55 P 0 0 ;0=50,1=1
P 32.1999991 68.50000016 55 P 0 0 ;0=50,1=1
P 32.1999991 69.3000011 55 P 0 0 ;0=50,1=1
P 32.40000124 58.30000024 55 P 0 0 ;0=50,1=1
P 32.6999981 81.79999896 55 P 0 0 ;0=50,1=1
P 32.6999981 82.5999999 55 P 0 0 ;0=50,1=1
P 33.00000004 68.50000016 55 P 0 0 ;0=50,1=1
P 33.00000004 69.3000011 55 P 0 0 ;0=50,1=1
P 33.49999904 81.79999896 55 P 0 0 ;0=50,1=1
P 33.49999904 82.5999999 55 P 0 0 ;0=50,1=1
P 33.69999864 70.1999993 55 P 0 0 ;0=50,1=1
P 33.69999864 71.00000024 55 P 0 0 ;0=50,1=1
P 33.79999844 68.50000016 55 P 0 0 ;0=50,1=1
P 33.79999844 69.3000011 55 P 0 0 ;0=50,1=1
P 34.29999744 81.79999896 55 P 0 0 ;0=50,1=1
P 34.29999744 82.5999999 55 P 0 0 ;0=50,1=1
P 34.49999958 70.1999993 55 P 0 0 ;0=50,1=1
P 34.49999958 71.00000024 55 P 0 0 ;0=50,1=1
P 35.20000072 63.000001 55 P 0 0 ;0=50,1=1
P 35.29999798 70.1999993 55 P 0 0 ;0=50,1=1
P 35.29999798 71.00000024 55 P 0 0 ;0=50,1=1
P 37.600001 45.70000004 55 P 0 0 ;0=50,1=1
P 39.89999894 36.29999852 55 P 0 0 ;0=50,1=1
P 39.89999894 37.09999946 55 P 0 0 ;0=50,1=1
P 39.89999894 37.9000004 55 P 0 0 ;0=50,1=1
P 40.69999988 36.29999852 55 P 0 0 ;0=50,1=1
P 40.69999988 37.09999946 55 P 0 0 ;0=50,1=1
P 40.69999988 37.9000004 55 P 0 0 ;0=50,1=1
P 41.50000082 36.29999852 55 P 0 0 ;0=50,1=1
P 41.50000082 37.09999946 55 P 0 0 ;0=50,1=1
P 41.50000082 37.9000004 55 P 0 0 ;0=50,1=1
P 41.50000082 83.99999964 55 P 0 0 ;0=50,1=1
P 41.50000082 84.80000058 55 P 0 0 ;0=50,1=1
P 41.50000082 85.59999898 55 P 0 0 ;0=50,1=1
P 42.30000176 36.29999852 55 P 0 0 ;0=50,1=1
P 42.30000176 37.09999946 55 P 0 0 ;0=50,1=1
P 42.30000176 37.9000004 55 P 0 0 ;0=50,1=1
P 42.30000176 83.99999964 55 P 0 0 ;0=50,1=1
P 42.30000176 84.80000058 55 P 0 0 ;0=50,1=1
P 42.39999902 45.30000084 55 P 0 0 ;0=50,1=1
P 43.10000016 45.30000084 55 P 0 0 ;0=50,1=1
P 43.1000027 36.29999852 55 P 0 0 ;0=50,1=1
P 43.1000027 37.09999946 55 P 0 0 ;0=50,1=1
P 43.1000027 37.9000004 55 P 0 0 ;0=50,1=1
P 43.79999876 45.30000084 55 P 0 0 ;0=50,1=1
P 44.3000003 35.79999698 55 P 0 0 ;0=50,1=1
P 44.3000003 36.59999792 55 P 0 0 ;0=50,1=1
P 44.3000003 37.39999886 55 P 0 0 ;0=50,1=1
P 44.4999999 45.30000084 55 P 0 0 ;0=50,1=1
P 45.10000124 35.79999698 55 P 0 0 ;0=50,1=1
P 45.10000124 36.59999792 55 P 0 0 ;0=50,1=1
P 45.10000124 37.39999886 55 P 0 0 ;0=50,1=1
P 45.79999984 35.79999698 55 P 0 0 ;0=50,1=1
P 45.79999984 36.59999792 55 P 0 0 ;0=50,1=1
P 45.79999984 37.39999886 55 P 0 0 ;0=50,1=1
P 46.60000078 35.79999698 55 P 0 0 ;0=50,1=1
P 46.60000078 36.59999792 55 P 0 0 ;0=50,1=1
P 46.60000078 37.39999886 55 P 0 0 ;0=50,1=1
P 47.89999818 36.29999852 55 P 0 0 ;0=50,1=1
P 47.89999818 37.09999946 55 P 0 0 ;0=50,1=1
P 47.89999818 37.9000004 55 P 0 0 ;0=50,1=1
P 48.69999912 36.29999852 55 P 0 0 ;0=50,1=1
P 48.69999912 37.09999946 55 P 0 0 ;0=50,1=1
P 48.69999912 37.9000004 55 P 0 0 ;0=50,1=1
P 49.50000006 36.29999852 55 P 0 0 ;0=50,1=1
P 49.50000006 37.09999946 55 P 0 0 ;0=50,1=1
P 49.50000006 37.9000004 55 P 0 0 ;0=50,1=1
P 50.300001 36.29999852 55 P 0 0 ;0=50,1=1
P 50.300001 37.09999946 55 P 0 0 ;0=50,1=1
P 50.300001 37.9000004 55 P 0 0 ;0=50,1=1
P 51.10000194 36.29999852 55 P 0 0 ;0=50,1=1
P 51.10000194 37.09999946 55 P 0 0 ;0=50,1=1
P 51.10000194 37.9000004 55 P 0 0 ;0=50,1=1
P 51.50000114 96.69999964 55 P 0 0 ;0=50,1=1
P 51.6999982 45.30000084 55 P 0 0 ;0=50,1=1
P 52.39999934 45.30000084 55 P 0 0 ;0=50,1=1
P 52.49999914 35.84999942 55 P 0 0 ;0=50,1=1
P 52.49999914 36.65000036 55 P 0 0 ;0=50,1=1
P 52.49999914 37.4500013 55 P 0 0 ;0=50,1=1
P 53.09999794 45.30000084 55 P 0 0 ;0=50,1=1
P 53.30000008 35.84999942 55 P 0 0 ;0=50,1=1
P 53.30000008 36.65000036 55 P 0 0 ;0=50,1=1
P 53.30000008 37.4500013 55 P 0 0 ;0=50,1=1
P 53.79999908 45.30000084 55 P 0 0 ;0=50,1=1
P 53.99999868 35.84999942 55 P 0 0 ;0=50,1=1
P 53.99999868 36.65000036 55 P 0 0 ;0=50,1=1
P 53.99999868 37.4500013 55 P 0 0 ;0=50,1=1
P 54.79999962 35.84999942 55 P 0 0 ;0=50,1=1
P 54.79999962 36.65000036 55 P 0 0 ;0=50,1=1
P 54.79999962 37.4500013 55 P 0 0 ;0=50,1=1
P 55.89999996 36.29998582 55 P 0 0 ;0=50,1=1
P 55.89999996 37.09998676 55 P 0 0 ;0=50,1=1
P 55.89999996 37.8999877 55 P 0 0 ;0=50,1=1
P 56.7000009 12.39999806 55 P 0 0 ;0=50,1=1
P 56.7000009 13.199999 55 P 0 0 ;0=50,1=1
P 56.7000009 13.99999994 55 P 0 0 ;0=50,1=1
P 56.7000009 14.80000088 55 P 0 0 ;0=50,1=1
P 56.7000009 36.29998582 55 P 0 0 ;0=50,1=1
P 56.7000009 37.09998676 55 P 0 0 ;0=50,1=1
P 56.7000009 37.8999877 55 P 0 0 ;0=50,1=1
P 56.7000009 96.69999964 55 P 0 0 ;0=50,1=1
P 57.50000184 12.39999806 55 P 0 0 ;0=50,1=1
P 57.50000184 13.199999 55 P 0 0 ;0=50,1=1
P 57.50000184 13.99999994 55 P 0 0 ;0=50,1=1
P 57.50000184 14.80000088 55 P 0 0 ;0=50,1=1
P 57.50000184 36.29998582 55 P 0 0 ;0=50,1=1
P 57.50000184 37.09998676 55 P 0 0 ;0=50,1=1
P 57.50000184 37.8999877 55 P 0 0 ;0=50,1=1
P 58.20000044 12.39999806 55 P 0 0 ;0=50,1=1
P 58.20000044 13.199999 55 P 0 0 ;0=50,1=1
P 58.20000044 13.99999994 55 P 0 0 ;0=50,1=1
P 58.20000044 14.80000088 55 P 0 0 ;0=50,1=1
P 58.30000278 36.29998582 55 P 0 0 ;0=50,1=1
P 58.30000278 37.09998676 55 P 0 0 ;0=50,1=1
P 58.30000278 37.8999877 55 P 0 0 ;0=50,1=1
P 58.89999904 12.39999806 55 P 0 0 ;0=50,1=1
P 58.89999904 13.199999 55 P 0 0 ;0=50,1=1
P 58.89999904 13.99999994 55 P 0 0 ;0=50,1=1
P 58.89999904 14.80000088 55 P 0 0 ;0=50,1=1
P 59.10000372 36.29998582 55 P 0 0 ;0=50,1=1
P 59.10000372 37.09998676 55 P 0 0 ;0=50,1=1
P 59.10000372 37.8999877 55 P 0 0 ;0=50,1=1
P 59.59999764 12.39999806 55 P 0 0 ;0=50,1=1
P 59.59999764 13.199999 55 P 0 0 ;0=50,1=1
P 59.59999764 13.99999994 55 P 0 0 ;0=50,1=1
P 59.59999764 14.80000088 55 P 0 0 ;0=50,1=1
P 59.89999958 45.30000084 55 P 0 0 ;0=50,1=1
P 60.29999624 12.39999806 55 P 0 0 ;0=50,1=1
P 60.29999624 13.199999 55 P 0 0 ;0=50,1=1
P 60.29999624 13.99999994 55 P 0 0 ;0=50,1=1
P 60.29999624 14.80000088 55 P 0 0 ;0=50,1=1
P 60.60000072 35.79999952 55 P 0 0 ;0=50,1=1
P 60.60000072 36.60000046 55 P 0 0 ;0=50,1=1
P 60.60000072 37.4000014 55 P 0 0 ;0=50,1=1
P 60.60000072 45.30000084 55 P 0 0 ;0=50,1=1
P 61.29999932 45.30000084 55 P 0 0 ;0=50,1=1
P 61.40000166 35.79999952 55 P 0 0 ;0=50,1=1
P 61.40000166 36.60000046 55 P 0 0 ;0=50,1=1
P 61.40000166 37.4000014 55 P 0 0 ;0=50,1=1
P 61.90000066 96.69999964 55 P 0 0 ;0=50,1=1
P 62.00000046 45.30000084 55 P 0 0 ;0=50,1=1
P 62.10000026 35.79999952 55 P 0 0 ;0=50,1=1
P 62.10000026 36.60000046 55 P 0 0 ;0=50,1=1
P 62.10000026 37.4000014 55 P 0 0 ;0=50,1=1
P 62.9000012 35.79999952 55 P 0 0 ;0=50,1=1
P 62.9000012 36.60000046 55 P 0 0 ;0=50,1=1
P 62.9000012 37.4000014 55 P 0 0 ;0=50,1=1
P 63.70000214 35.79999952 55 P 0 0 ;0=50,1=1
P 63.70000214 36.60000046 55 P 0 0 ;0=50,1=1
P 63.70000214 37.4000014 55 P 0 0 ;0=50,1=1
P 64.40000074 35.79999952 55 P 0 0 ;0=50,1=1
P 64.40000074 36.60000046 55 P 0 0 ;0=50,1=1
P 64.40000074 37.4000014 55 P 0 0 ;0=50,1=1
P 65.20000168 35.79999952 55 P 0 0 ;0=50,1=1
P 65.20000168 36.60000046 55 P 0 0 ;0=50,1=1
P 65.20000168 37.4000014 55 P 0 0 ;0=50,1=1
P 66.00000262 35.79999952 55 P 0 0 ;0=50,1=1
P 66.00000262 36.60000046 55 P 0 0 ;0=50,1=1
P 66.00000262 37.4000014 55 P 0 0 ;0=50,1=1
P 66.0494488 40.69999988 55 P 0 0 ;0=50,1=1
P 66.70000122 35.79999952 55 P 0 0 ;0=50,1=1
P 66.70000122 36.60000046 55 P 0 0 ;0=50,1=1
P 66.70000122 37.4000014 55 P 0 0 ;0=50,1=1
P 66.76891904 40.69999988 55 P 0 0 ;0=50,1=1
P 67.10000296 96.69999964 55 P 0 0 ;0=50,1=1
P 67.20000022 78.19999854 55 P 0 0 ;0=50,1=1
P 67.20000022 78.99999948 55 P 0 0 ;0=50,1=1
P 67.20000022 79.80000042 55 P 0 0 ;0=50,1=1
P 67.20000022 80.60000136 55 P 0 0 ;0=50,1=1
P 67.49999962 40.69999988 55 P 0 0 ;0=50,1=1
P 67.50000216 35.79999952 55 P 0 0 ;0=50,1=1
P 67.50000216 36.60000046 55 P 0 0 ;0=50,1=1
P 67.50000216 37.4000014 55 P 0 0 ;0=50,1=1
P 68.00000116 78.19999854 55 P 0 0 ;0=50,1=1
P 68.00000116 78.99999948 55 P 0 0 ;0=50,1=1
P 68.00000116 79.80000042 55 P 0 0 ;0=50,1=1
P 68.00000116 80.60000136 55 P 0 0 ;0=50,1=1
P 68.69999976 74.30000126 55 P 0 0 ;0=50,1=1
P 68.8000021 78.19999854 55 P 0 0 ;0=50,1=1
P 68.8000021 78.99999948 55 P 0 0 ;0=50,1=1
P 68.8000021 79.80000042 55 P 0 0 ;0=50,1=1
P 68.8000021 80.60000136 55 P 0 0 ;0=50,1=1
P 69.3000011 75.09999966 55 P 0 0 ;0=50,1=1
P 69.39999836 36.29998836 55 P 0 0 ;0=50,1=1
P 69.39999836 37.0999893 55 P 0 0 ;0=50,1=1
P 69.39999836 37.89999024 55 P 0 0 ;0=50,1=1
P 69.60000304 78.19999854 55 P 0 0 ;0=50,1=1
P 69.60000304 78.99999948 55 P 0 0 ;0=50,1=1
P 69.60000304 79.80000042 55 P 0 0 ;0=50,1=1
P 69.60000304 80.60000136 55 P 0 0 ;0=50,1=1
P 70.1999993 36.29998836 55 P 0 0 ;0=50,1=1
P 70.1999993 37.0999893 55 P 0 0 ;0=50,1=1
P 70.1999993 37.89999024 55 P 0 0 ;0=50,1=1
P 71.00000024 36.29998836 55 P 0 0 ;0=50,1=1
P 71.00000024 37.0999893 55 P 0 0 ;0=50,1=1
P 71.00000024 37.89999024 55 P 0 0 ;0=50,1=1
P 71.80000118 36.29998836 55 P 0 0 ;0=50,1=1
P 71.80000118 37.0999893 55 P 0 0 ;0=50,1=1
P 71.80000118 37.89999024 55 P 0 0 ;0=50,1=1
P 72.30000272 96.69999964 55 P 0 0 ;0=50,1=1
P 72.60000212 36.29998836 55 P 0 0 ;0=50,1=1
P 72.60000212 37.0999893 55 P 0 0 ;0=50,1=1
P 72.60000212 37.89999024 55 P 0 0 ;0=50,1=1
P 73.09999858 45.30000084 55 P 0 0 ;0=50,1=1
P 73.79999972 45.30000084 55 P 0 0 ;0=50,1=1
P 73.89998428 35.90000694 55 P 0 0 ;0=50,1=1
P 73.89998428 36.70000788 55 P 0 0 ;0=50,1=1
P 73.89998428 37.50000882 55 P 0 0 ;0=50,1=1
P 74.49999832 45.30000084 55 P 0 0 ;0=50,1=1
P 74.69998522 35.90000694 55 P 0 0 ;0=50,1=1
P 74.69998522 36.70000788 55 P 0 0 ;0=50,1=1
P 74.69998522 37.50000882 55 P 0 0 ;0=50,1=1
P 75.19999946 45.30000084 55 P 0 0 ;0=50,1=1
P 75.39998382 35.90000694 55 P 0 0 ;0=50,1=1
P 75.39998382 36.70000788 55 P 0 0 ;0=50,1=1
P 75.39998382 37.50000882 55 P 0 0 ;0=50,1=1
P 76.19998476 35.90000694 55 P 0 0 ;0=50,1=1
P 76.19998476 36.70000788 55 P 0 0 ;0=50,1=1
P 76.19998476 37.50000882 55 P 0 0 ;0=50,1=1
P 77.3999976 36.29999852 55 P 0 0 ;0=50,1=1
P 77.3999976 37.09999946 55 P 0 0 ;0=50,1=1
P 77.3999976 37.9000004 55 P 0 0 ;0=50,1=1
P 77.50000248 96.69999964 55 P 0 0 ;0=50,1=1
P 78.19999854 36.29999852 55 P 0 0 ;0=50,1=1
P 78.19999854 37.09999946 55 P 0 0 ;0=50,1=1
P 78.19999854 37.9000004 55 P 0 0 ;0=50,1=1
P 78.99999948 36.29999852 55 P 0 0 ;0=50,1=1
P 78.99999948 37.09999946 55 P 0 0 ;0=50,1=1
P 78.99999948 37.9000004 55 P 0 0 ;0=50,1=1
P 79.80000042 36.29999852 55 P 0 0 ;0=50,1=1
P 79.80000042 37.09999946 55 P 0 0 ;0=50,1=1
P 79.80000042 37.9000004 55 P 0 0 ;0=50,1=1
P 80.60000136 36.29999852 55 P 0 0 ;0=50,1=1
P 80.60000136 37.09999946 55 P 0 0 ;0=50,1=1
P 80.60000136 37.9000004 55 P 0 0 ;0=50,1=1
P 81.10000036 45.30000084 55 P 0 0 ;0=50,1=1
P 81.8000015 45.30000084 55 P 0 0 ;0=50,1=1
P 81.89999876 35.90000186 55 P 0 0 ;0=50,1=1
P 81.89999876 36.7000028 55 P 0 0 ;0=50,1=1
P 81.89999876 37.50000374 55 P 0 0 ;0=50,1=1
P 82.5000001 45.30000084 55 P 0 0 ;0=50,1=1
P 82.6999997 35.90000186 55 P 0 0 ;0=50,1=1
P 82.6999997 36.7000028 55 P 0 0 ;0=50,1=1
P 82.6999997 37.50000374 55 P 0 0 ;0=50,1=1
P 82.70000224 96.69999964 55 P 0 0 ;0=50,1=1
P 83.20000124 45.30000084 55 P 0 0 ;0=50,1=1
P 83.3999983 35.90000186 55 P 0 0 ;0=50,1=1
P 83.3999983 36.7000028 55 P 0 0 ;0=50,1=1
P 83.3999983 37.50000374 55 P 0 0 ;0=50,1=1
P 84.19999924 35.90000186 55 P 0 0 ;0=50,1=1
P 84.19999924 36.7000028 55 P 0 0 ;0=50,1=1
P 84.19999924 37.50000374 55 P 0 0 ;0=50,1=1
P 85.39999684 36.29999852 55 P 0 0 ;0=50,1=1
P 85.39999684 37.09999946 55 P 0 0 ;0=50,1=1
P 85.39999684 37.9000004 55 P 0 0 ;0=50,1=1
P 86.19999778 36.29999852 55 P 0 0 ;0=50,1=1
P 86.19999778 37.09999946 55 P 0 0 ;0=50,1=1
P 86.19999778 37.9000004 55 P 0 0 ;0=50,1=1
P 86.99999872 36.29999852 55 P 0 0 ;0=50,1=1
P 86.99999872 37.09999946 55 P 0 0 ;0=50,1=1
P 86.99999872 37.9000004 55 P 0 0 ;0=50,1=1
P 87.79999966 36.29999852 55 P 0 0 ;0=50,1=1
P 87.79999966 37.09999946 55 P 0 0 ;0=50,1=1
P 87.79999966 37.9000004 55 P 0 0 ;0=50,1=1
P 87.900002 96.69999964 55 P 0 0 ;0=50,1=1
P 88.6000006 36.29999852 55 P 0 0 ;0=50,1=1
P 88.6000006 37.09999946 55 P 0 0 ;0=50,1=1
P 88.6000006 37.9000004 55 P 0 0 ;0=50,1=1
P 88.9999998 78.89999968 55 P 0 0 ;0=50,1=1
P 89.03899642 73.2249869 55 P 0 0 ;0=50,1=1
P 90.19999994 45.30000084 55 P 0 0 ;0=50,1=1
P 90.90000108 45.30000084 55 P 0 0 ;0=50,1=1
P 91.59999968 45.30000084 55 P 0 0 ;0=50,1=1
P 92.30000082 45.30000084 55 P 0 0 ;0=50,1=1
P 93.10000176 96.69999964 55 P 0 0 ;0=50,1=1
P 95.3999997 13.50000094 55 P 0 0 ;0=50,1=1
P 95.4999995 16.10000082 55 P 0 0 ;0=50,1=1
P 96.15000074 22.89999992 55 P 0 0 ;0=50,1=1
P 96.15000074 23.70000086 55 P 0 0 ;0=50,1=1
P 96.15000074 24.5000018 55 P 0 0 ;0=50,1=1
P 96.15000074 25.30000274 55 P 0 0 ;0=50,1=1
P 96.15000074 26.10000368 55 P 0 0 ;0=50,1=1
P 96.95000168 22.89999992 55 P 0 0 ;0=50,1=1
P 96.95000168 23.70000086 55 P 0 0 ;0=50,1=1
P 96.95000168 24.5000018 55 P 0 0 ;0=50,1=1
P 96.95000168 25.30000274 55 P 0 0 ;0=50,1=1
P 96.95000168 26.10000368 55 P 0 0 ;0=50,1=1
P 97.75000262 22.89999992 55 P 0 0 ;0=50,1=1
P 97.75000262 23.70000086 55 P 0 0 ;0=50,1=1
P 97.75000262 24.5000018 55 P 0 0 ;0=50,1=1
P 97.75000262 25.30000274 55 P 0 0 ;0=50,1=1
P 97.75000262 26.10000368 55 P 0 0 ;0=50,1=1
P 101.0000012 13.60000074 55 P 0 0 ;0=50,1=1
P 103.09999954 15.49999948 55 P 0 0 ;0=50,1=1
P 103.09999954 16.40000022 55 P 0 0 ;0=50,1=1
P 103.30000168 79.59999828 55 P 0 0 ;0=50,1=1
P 103.33896782 72.99997592 55 P 0 0 ;0=50,1=1
P 117.52499736 83.52499424 55 P 0 0 ;0=50,1=1
P 117.5250253 70.32499778 55 P 0 0 ;0=50,1=1
P 117.5250253 74.3249974 55 P 0 0 ;0=50,1=1
P 117.5250253 78.32499956 55 P 0 0 ;0=50,1=1
