ISO-10303-21;
HEADER;
/* Generated by software containing ST-Developer
 * from STEP Tools, Inc. (www.steptools.com) 
 */

FILE_DESCRIPTION(
/* description */ (''),
/* implementation_level */ '2;1');

FILE_NAME(
/* name */ 'BOX.step',
/* time_stamp */ '2025-07-18T14:31:49+02:00',
/* author */ (''),
/* organization */ (''),
/* preprocessor_version */ 'ST-DEVELOPER v20.1',
/* originating_system */ 'Autodesk Translation Framework v14.10.0.0',
/* authorisation */ '');

FILE_SCHEMA (('AUTOMOTIVE_DESIGN { 1 0 10303 214 3 1 1 }'));
ENDSEC;

DATA;
#10=MECHANICAL_DESIGN_GEOMETRIC_PRESENTATION_REPRESENTATION('',(#13),#5074);
#11=SHAPE_REPRESENTATION_RELATIONSHIP('SRR','None',#5080,#12);
#12=ADVANCED_BREP_SHAPE_REPRESENTATION('',(#14),#5073);
#13=STYLED_ITEM('',(#5090),#14);
#14=MANIFOLD_SOLID_BREP('Box',#2874);
#15=B_SPLINE_SURFACE_WITH_KNOTS('',3,3,((#5002,#5003,#5004,#5005),(#5006,
#5007,#5008,#5009),(#5010,#5011,#5012,#5013),(#5014,#5015,#5016,#5017),
(#5018,#5019,#5020,#5021)),.UNSPECIFIED.,.F.,.F.,.F.,(4,1,4),(4,4),(0.,
0.5,1.),(-3.49558511260371,3.49558511249714),.UNSPECIFIED.);
#16=SPHERICAL_SURFACE('',#3171,1.);
#17=SPHERICAL_SURFACE('',#3194,1.);
#18=SPHERICAL_SURFACE('',#3195,1.);
#19=SPHERICAL_SURFACE('',#3196,1.);
#20=B_SPLINE_CURVE_WITH_KNOTS('',3,(#4706,#4707,#4708,#4709),
 .UNSPECIFIED.,.F.,.F.,(4,4),(-0.183966089324133,-0.155671449435315),
 .UNSPECIFIED.);
#21=B_SPLINE_CURVE_WITH_KNOTS('',3,(#4719,#4720,#4721,#4722,#4723,#4724),
 .UNSPECIFIED.,.F.,.F.,(4,2,4),(-0.505369884205806,-0.497264008746475,-0.477150896768904),
 .UNSPECIFIED.);
#22=B_SPLINE_CURVE_WITH_KNOTS('',3,(#4739,#4740,#4741,#4742,#4743,#4744),
 .UNSPECIFIED.,.F.,.F.,(4,2,4),(0.,0.117562819132908,0.171562723448804),
 .UNSPECIFIED.);
#23=B_SPLINE_CURVE_WITH_KNOTS('',3,(#4758,#4759,#4760,#4761,#4762,#4763),
 .UNSPECIFIED.,.F.,.F.,(4,2,4),(0.527995562285284,0.581995466601179,0.699558285734088),
 .UNSPECIFIED.);
#24=B_SPLINE_CURVE_WITH_KNOTS('',3,(#4771,#4772,#4773,#4774,#4775,#4776),
 .UNSPECIFIED.,.F.,.F.,(4,2,4),(0.527995562285284,0.581995466601179,0.699558285734088),
 .UNSPECIFIED.);
#25=B_SPLINE_CURVE_WITH_KNOTS('',3,(#4792,#4793,#4794,#4795),
 .UNSPECIFIED.,.F.,.F.,(4,4),(-0.183966089323804,-0.155671449435052),
 .UNSPECIFIED.);
#26=B_SPLINE_CURVE_WITH_KNOTS('',3,(#4803,#4804,#4805,#4806,#4807,#4808),
 .UNSPECIFIED.,.F.,.F.,(4,2,4),(-0.50536988420563,-0.497264008746296,-0.47715089676874),
 .UNSPECIFIED.);
#27=B_SPLINE_CURVE_WITH_KNOTS('',3,(#4822,#4823,#4824,#4825,#4826,#4827),
 .UNSPECIFIED.,.F.,.F.,(4,2,4),(0.,0.117562819132908,0.171562723448804),
 .UNSPECIFIED.);
#28=B_SPLINE_CURVE_WITH_KNOTS('',3,(#4945,#4946,#4947,#4948,#4949,#4950,
#4951,#4952),.UNSPECIFIED.,.F.,.F.,(4,2,2,4),(-0.000467385600147593,0.,
0.0949219331598326,0.111815570795304),.UNSPECIFIED.);
#29=B_SPLINE_CURVE_WITH_KNOTS('',3,(#4958,#4959,#4960,#4961,#4962,#4963,
#4964,#4965,#4966,#4967,#4968,#4969),.UNSPECIFIED.,.F.,.F.,(4,2,2,2,2,4),
(3.9478524842484,3.98283346762067,4.06916110796211,4.15866792688343,4.21940647200814,
4.27514734300473),.UNSPECIFIED.);
#30=B_SPLINE_CURVE_WITH_KNOTS('',3,(#4973,#4974,#4975,#4976,#4977,#4978,
#4979,#4980),.UNSPECIFIED.,.F.,.F.,(4,2,2,4),(0.911368378701391,0.928261992643818,
1.02318394248969,1.02365132803847),.UNSPECIFIED.);
#31=B_SPLINE_CURVE_WITH_KNOTS('',3,(#4986,#4987,#4988,#4989,#4990,#4991,
#4992,#4993,#4994,#4995,#4996,#4997),.UNSPECIFIED.,.F.,.F.,(4,2,2,2,2,4),
(0.202997096254967,0.223805002544755,0.267100057411835,0.337155896695913,
0.462407581970059,0.527686742539281),.UNSPECIFIED.);
#32=B_SPLINE_CURVE_WITH_KNOTS('',3,(#5024,#5025,#5026,#5027),
 .UNSPECIFIED.,.F.,.F.,(4,4),(-3.49558511260371,3.49558511249714),
 .UNSPECIFIED.);
#33=FACE_BOUND('',#301,.T.);
#34=FACE_BOUND('',#302,.T.);
#35=FACE_BOUND('',#303,.T.);
#36=FACE_BOUND('',#304,.T.);
#37=FACE_BOUND('',#305,.T.);
#38=FACE_BOUND('',#306,.T.);
#39=FACE_BOUND('',#307,.T.);
#40=FACE_BOUND('',#308,.T.);
#41=FACE_BOUND('',#332,.T.);
#42=FACE_BOUND('',#333,.T.);
#43=FACE_BOUND('',#334,.T.);
#44=FACE_BOUND('',#335,.T.);
#45=FACE_BOUND('',#336,.T.);
#46=FACE_BOUND('',#337,.T.);
#47=FACE_BOUND('',#469,.T.);
#48=FACE_BOUND('',#471,.T.);
#49=PLANE('',#2883);
#50=PLANE('',#2925);
#51=PLANE('',#2928);
#52=PLANE('',#2934);
#53=PLANE('',#2935);
#54=PLANE('',#2936);
#55=PLANE('',#2943);
#56=PLANE('',#2954);
#57=PLANE('',#2958);
#58=PLANE('',#2967);
#59=PLANE('',#2975);
#60=PLANE('',#2978);
#61=PLANE('',#2979);
#62=PLANE('',#2984);
#63=PLANE('',#2986);
#64=PLANE('',#2988);
#65=PLANE('',#2991);
#66=PLANE('',#2994);
#67=PLANE('',#2995);
#68=PLANE('',#2996);
#69=PLANE('',#2997);
#70=PLANE('',#2999);
#71=PLANE('',#3001);
#72=PLANE('',#3004);
#73=PLANE('',#3005);
#74=PLANE('',#3007);
#75=PLANE('',#3008);
#76=PLANE('',#3010);
#77=PLANE('',#3014);
#78=PLANE('',#3044);
#79=PLANE('',#3045);
#80=PLANE('',#3046);
#81=PLANE('',#3075);
#82=PLANE('',#3076);
#83=PLANE('',#3077);
#84=PLANE('',#3087);
#85=PLANE('',#3092);
#86=PLANE('',#3095);
#87=PLANE('',#3105);
#88=PLANE('',#3110);
#89=PLANE('',#3119);
#90=PLANE('',#3133);
#91=PLANE('',#3135);
#92=PLANE('',#3169);
#93=PLANE('',#3197);
#94=PLANE('',#3198);
#95=PLANE('',#3199);
#96=PLANE('',#3201);
#97=PLANE('',#3203);
#98=PLANE('',#3204);
#99=PLANE('',#3205);
#100=PLANE('',#3206);
#101=PLANE('',#3207);
#102=PLANE('',#3209);
#103=PLANE('',#3211);
#104=PLANE('',#3213);
#105=PLANE('',#3214);
#106=PLANE('',#3216);
#107=TOROIDAL_SURFACE('',#2879,4.03175416344816,1.);
#108=TOROIDAL_SURFACE('',#2921,4.03175416344815,1.);
#109=TOROIDAL_SURFACE('',#3016,2.,1.);
#110=TOROIDAL_SURFACE('',#3020,2.,1.);
#111=TOROIDAL_SURFACE('',#3024,1.99999999999999,0.999999999999996);
#112=TOROIDAL_SURFACE('',#3029,2.,1.);
#113=TOROIDAL_SURFACE('',#3047,2.,1.);
#114=TOROIDAL_SURFACE('',#3051,2.,1.);
#115=TOROIDAL_SURFACE('',#3055,1.99999999999999,0.999999999999996);
#116=TOROIDAL_SURFACE('',#3060,1.99999999999999,1.);
#117=TOROIDAL_SURFACE('',#3081,2.,1.);
#118=TOROIDAL_SURFACE('',#3089,2.,1.);
#119=TOROIDAL_SURFACE('',#3099,2.,1.);
#120=TOROIDAL_SURFACE('',#3107,2.,1.);
#121=TOROIDAL_SURFACE('',#3113,2.,1.);
#122=TOROIDAL_SURFACE('',#3120,2.,1.);
#123=TOROIDAL_SURFACE('',#3126,3.,1.);
#124=TOROIDAL_SURFACE('',#3141,1.99999999999999,1.);
#125=TOROIDAL_SURFACE('',#3146,1.99999999999999,1.);
#126=TOROIDAL_SURFACE('',#3153,4.,1.);
#127=TOROIDAL_SURFACE('',#3157,4.,1.);
#128=TOROIDAL_SURFACE('',#3161,3.99999999999999,1.);
#129=TOROIDAL_SURFACE('',#3166,3.99999999999999,1.);
#130=TOROIDAL_SURFACE('',#3179,2.,1.);
#131=TOROIDAL_SURFACE('',#3184,2.,1.);
#132=TOROIDAL_SURFACE('',#3185,1.73205077315612,1.);
#133=TOROIDAL_SURFACE('',#3189,1.73205081617207,1.);
#134=FACE_OUTER_BOUND('',#298,.T.);
#135=FACE_OUTER_BOUND('',#299,.T.);
#136=FACE_OUTER_BOUND('',#300,.T.);
#137=FACE_OUTER_BOUND('',#309,.T.);
#138=FACE_OUTER_BOUND('',#310,.T.);
#139=FACE_OUTER_BOUND('',#311,.T.);
#140=FACE_OUTER_BOUND('',#312,.T.);
#141=FACE_OUTER_BOUND('',#313,.T.);
#142=FACE_OUTER_BOUND('',#314,.T.);
#143=FACE_OUTER_BOUND('',#315,.T.);
#144=FACE_OUTER_BOUND('',#316,.T.);
#145=FACE_OUTER_BOUND('',#317,.T.);
#146=FACE_OUTER_BOUND('',#318,.T.);
#147=FACE_OUTER_BOUND('',#319,.T.);
#148=FACE_OUTER_BOUND('',#320,.T.);
#149=FACE_OUTER_BOUND('',#321,.T.);
#150=FACE_OUTER_BOUND('',#322,.T.);
#151=FACE_OUTER_BOUND('',#323,.T.);
#152=FACE_OUTER_BOUND('',#324,.T.);
#153=FACE_OUTER_BOUND('',#325,.T.);
#154=FACE_OUTER_BOUND('',#326,.T.);
#155=FACE_OUTER_BOUND('',#327,.T.);
#156=FACE_OUTER_BOUND('',#328,.T.);
#157=FACE_OUTER_BOUND('',#329,.T.);
#158=FACE_OUTER_BOUND('',#330,.T.);
#159=FACE_OUTER_BOUND('',#331,.T.);
#160=FACE_OUTER_BOUND('',#338,.T.);
#161=FACE_OUTER_BOUND('',#339,.T.);
#162=FACE_OUTER_BOUND('',#340,.T.);
#163=FACE_OUTER_BOUND('',#341,.T.);
#164=FACE_OUTER_BOUND('',#342,.T.);
#165=FACE_OUTER_BOUND('',#343,.T.);
#166=FACE_OUTER_BOUND('',#344,.T.);
#167=FACE_OUTER_BOUND('',#345,.T.);
#168=FACE_OUTER_BOUND('',#346,.T.);
#169=FACE_OUTER_BOUND('',#347,.T.);
#170=FACE_OUTER_BOUND('',#348,.T.);
#171=FACE_OUTER_BOUND('',#349,.T.);
#172=FACE_OUTER_BOUND('',#350,.T.);
#173=FACE_OUTER_BOUND('',#351,.T.);
#174=FACE_OUTER_BOUND('',#352,.T.);
#175=FACE_OUTER_BOUND('',#353,.T.);
#176=FACE_OUTER_BOUND('',#354,.T.);
#177=FACE_OUTER_BOUND('',#355,.T.);
#178=FACE_OUTER_BOUND('',#356,.T.);
#179=FACE_OUTER_BOUND('',#357,.T.);
#180=FACE_OUTER_BOUND('',#358,.T.);
#181=FACE_OUTER_BOUND('',#359,.T.);
#182=FACE_OUTER_BOUND('',#360,.T.);
#183=FACE_OUTER_BOUND('',#361,.T.);
#184=FACE_OUTER_BOUND('',#362,.T.);
#185=FACE_OUTER_BOUND('',#363,.T.);
#186=FACE_OUTER_BOUND('',#364,.T.);
#187=FACE_OUTER_BOUND('',#365,.T.);
#188=FACE_OUTER_BOUND('',#366,.T.);
#189=FACE_OUTER_BOUND('',#367,.T.);
#190=FACE_OUTER_BOUND('',#368,.T.);
#191=FACE_OUTER_BOUND('',#369,.T.);
#192=FACE_OUTER_BOUND('',#370,.T.);
#193=FACE_OUTER_BOUND('',#371,.T.);
#194=FACE_OUTER_BOUND('',#372,.T.);
#195=FACE_OUTER_BOUND('',#373,.T.);
#196=FACE_OUTER_BOUND('',#374,.T.);
#197=FACE_OUTER_BOUND('',#375,.T.);
#198=FACE_OUTER_BOUND('',#376,.T.);
#199=FACE_OUTER_BOUND('',#377,.T.);
#200=FACE_OUTER_BOUND('',#378,.T.);
#201=FACE_OUTER_BOUND('',#379,.T.);
#202=FACE_OUTER_BOUND('',#380,.T.);
#203=FACE_OUTER_BOUND('',#381,.T.);
#204=FACE_OUTER_BOUND('',#382,.T.);
#205=FACE_OUTER_BOUND('',#383,.T.);
#206=FACE_OUTER_BOUND('',#384,.T.);
#207=FACE_OUTER_BOUND('',#385,.T.);
#208=FACE_OUTER_BOUND('',#386,.T.);
#209=FACE_OUTER_BOUND('',#387,.T.);
#210=FACE_OUTER_BOUND('',#388,.T.);
#211=FACE_OUTER_BOUND('',#389,.T.);
#212=FACE_OUTER_BOUND('',#390,.T.);
#213=FACE_OUTER_BOUND('',#391,.T.);
#214=FACE_OUTER_BOUND('',#392,.T.);
#215=FACE_OUTER_BOUND('',#393,.T.);
#216=FACE_OUTER_BOUND('',#394,.T.);
#217=FACE_OUTER_BOUND('',#395,.T.);
#218=FACE_OUTER_BOUND('',#396,.T.);
#219=FACE_OUTER_BOUND('',#397,.T.);
#220=FACE_OUTER_BOUND('',#398,.T.);
#221=FACE_OUTER_BOUND('',#399,.T.);
#222=FACE_OUTER_BOUND('',#400,.T.);
#223=FACE_OUTER_BOUND('',#401,.T.);
#224=FACE_OUTER_BOUND('',#402,.T.);
#225=FACE_OUTER_BOUND('',#403,.T.);
#226=FACE_OUTER_BOUND('',#404,.T.);
#227=FACE_OUTER_BOUND('',#405,.T.);
#228=FACE_OUTER_BOUND('',#406,.T.);
#229=FACE_OUTER_BOUND('',#407,.T.);
#230=FACE_OUTER_BOUND('',#408,.T.);
#231=FACE_OUTER_BOUND('',#409,.T.);
#232=FACE_OUTER_BOUND('',#410,.T.);
#233=FACE_OUTER_BOUND('',#411,.T.);
#234=FACE_OUTER_BOUND('',#412,.T.);
#235=FACE_OUTER_BOUND('',#413,.T.);
#236=FACE_OUTER_BOUND('',#414,.T.);
#237=FACE_OUTER_BOUND('',#415,.T.);
#238=FACE_OUTER_BOUND('',#416,.T.);
#239=FACE_OUTER_BOUND('',#417,.T.);
#240=FACE_OUTER_BOUND('',#418,.T.);
#241=FACE_OUTER_BOUND('',#419,.T.);
#242=FACE_OUTER_BOUND('',#420,.T.);
#243=FACE_OUTER_BOUND('',#421,.T.);
#244=FACE_OUTER_BOUND('',#422,.T.);
#245=FACE_OUTER_BOUND('',#423,.T.);
#246=FACE_OUTER_BOUND('',#424,.T.);
#247=FACE_OUTER_BOUND('',#425,.T.);
#248=FACE_OUTER_BOUND('',#426,.T.);
#249=FACE_OUTER_BOUND('',#427,.T.);
#250=FACE_OUTER_BOUND('',#428,.T.);
#251=FACE_OUTER_BOUND('',#429,.T.);
#252=FACE_OUTER_BOUND('',#430,.T.);
#253=FACE_OUTER_BOUND('',#431,.T.);
#254=FACE_OUTER_BOUND('',#432,.T.);
#255=FACE_OUTER_BOUND('',#433,.T.);
#256=FACE_OUTER_BOUND('',#434,.T.);
#257=FACE_OUTER_BOUND('',#435,.T.);
#258=FACE_OUTER_BOUND('',#436,.T.);
#259=FACE_OUTER_BOUND('',#437,.T.);
#260=FACE_OUTER_BOUND('',#438,.T.);
#261=FACE_OUTER_BOUND('',#439,.T.);
#262=FACE_OUTER_BOUND('',#440,.T.);
#263=FACE_OUTER_BOUND('',#441,.T.);
#264=FACE_OUTER_BOUND('',#442,.T.);
#265=FACE_OUTER_BOUND('',#443,.T.);
#266=FACE_OUTER_BOUND('',#444,.T.);
#267=FACE_OUTER_BOUND('',#445,.T.);
#268=FACE_OUTER_BOUND('',#446,.T.);
#269=FACE_OUTER_BOUND('',#447,.T.);
#270=FACE_OUTER_BOUND('',#448,.T.);
#271=FACE_OUTER_BOUND('',#449,.T.);
#272=FACE_OUTER_BOUND('',#450,.T.);
#273=FACE_OUTER_BOUND('',#451,.T.);
#274=FACE_OUTER_BOUND('',#452,.T.);
#275=FACE_OUTER_BOUND('',#453,.T.);
#276=FACE_OUTER_BOUND('',#454,.T.);
#277=FACE_OUTER_BOUND('',#455,.T.);
#278=FACE_OUTER_BOUND('',#456,.T.);
#279=FACE_OUTER_BOUND('',#457,.T.);
#280=FACE_OUTER_BOUND('',#458,.T.);
#281=FACE_OUTER_BOUND('',#459,.T.);
#282=FACE_OUTER_BOUND('',#460,.T.);
#283=FACE_OUTER_BOUND('',#461,.T.);
#284=FACE_OUTER_BOUND('',#462,.T.);
#285=FACE_OUTER_BOUND('',#463,.T.);
#286=FACE_OUTER_BOUND('',#464,.T.);
#287=FACE_OUTER_BOUND('',#465,.T.);
#288=FACE_OUTER_BOUND('',#466,.T.);
#289=FACE_OUTER_BOUND('',#467,.T.);
#290=FACE_OUTER_BOUND('',#468,.T.);
#291=FACE_OUTER_BOUND('',#470,.T.);
#292=FACE_OUTER_BOUND('',#472,.T.);
#293=FACE_OUTER_BOUND('',#473,.T.);
#294=FACE_OUTER_BOUND('',#474,.T.);
#295=FACE_OUTER_BOUND('',#475,.T.);
#296=FACE_OUTER_BOUND('',#476,.T.);
#297=FACE_OUTER_BOUND('',#477,.T.);
#298=EDGE_LOOP('',(#1796,#1797,#1798,#1799));
#299=EDGE_LOOP('',(#1800,#1801,#1802,#1803));
#300=EDGE_LOOP('',(#1804,#1805,#1806,#1807,#1808,#1809,#1810,#1811,#1812,
#1813,#1814,#1815,#1816,#1817));
#301=EDGE_LOOP('',(#1818));
#302=EDGE_LOOP('',(#1819));
#303=EDGE_LOOP('',(#1820));
#304=EDGE_LOOP('',(#1821));
#305=EDGE_LOOP('',(#1822,#1823,#1824,#1825,#1826,#1827,#1828,#1829));
#306=EDGE_LOOP('',(#1830,#1831,#1832,#1833,#1834,#1835,#1836,#1837));
#307=EDGE_LOOP('',(#1838,#1839,#1840,#1841,#1842,#1843,#1844,#1845));
#308=EDGE_LOOP('',(#1846,#1847,#1848,#1849,#1850,#1851,#1852,#1853,#1854,
#1855));
#309=EDGE_LOOP('',(#1856,#1857,#1858,#1859,#1860));
#310=EDGE_LOOP('',(#1861,#1862,#1863,#1864));
#311=EDGE_LOOP('',(#1865,#1866,#1867,#1868));
#312=EDGE_LOOP('',(#1869,#1870,#1871,#1872));
#313=EDGE_LOOP('',(#1873,#1874,#1875,#1876));
#314=EDGE_LOOP('',(#1877,#1878,#1879,#1880));
#315=EDGE_LOOP('',(#1881,#1882,#1883,#1884));
#316=EDGE_LOOP('',(#1885,#1886,#1887,#1888));
#317=EDGE_LOOP('',(#1889,#1890,#1891,#1892,#1893,#1894,#1895));
#318=EDGE_LOOP('',(#1896,#1897,#1898,#1899,#1900,#1901,#1902,#1903,#1904,
#1905,#1906,#1907,#1908,#1909,#1910,#1911));
#319=EDGE_LOOP('',(#1912,#1913,#1914,#1915));
#320=EDGE_LOOP('',(#1916,#1917,#1918,#1919));
#321=EDGE_LOOP('',(#1920,#1921,#1922,#1923));
#322=EDGE_LOOP('',(#1924,#1925,#1926,#1927,#1928,#1929,#1930,#1931,#1932,
#1933,#1934,#1935,#1936,#1937,#1938,#1939));
#323=EDGE_LOOP('',(#1940,#1941,#1942,#1943,#1944,#1945,#1946,#1947,#1948,
#1949,#1950));
#324=EDGE_LOOP('',(#1951,#1952,#1953,#1954));
#325=EDGE_LOOP('',(#1955,#1956,#1957,#1958));
#326=EDGE_LOOP('',(#1959,#1960,#1961,#1962));
#327=EDGE_LOOP('',(#1963,#1964,#1965,#1966));
#328=EDGE_LOOP('',(#1967,#1968,#1969,#1970));
#329=EDGE_LOOP('',(#1971,#1972,#1973,#1974,#1975));
#330=EDGE_LOOP('',(#1976,#1977,#1978,#1979));
#331=EDGE_LOOP('',(#1980,#1981,#1982,#1983,#1984,#1985,#1986,#1987,#1988,
#1989,#1990,#1991,#1992,#1993,#1994));
#332=EDGE_LOOP('',(#1995));
#333=EDGE_LOOP('',(#1996));
#334=EDGE_LOOP('',(#1997));
#335=EDGE_LOOP('',(#1998));
#336=EDGE_LOOP('',(#1999));
#337=EDGE_LOOP('',(#2000));
#338=EDGE_LOOP('',(#2001,#2002,#2003,#2004,#2005,#2006,#2007,#2008,#2009,
#2010));
#339=EDGE_LOOP('',(#2011,#2012,#2013,#2014));
#340=EDGE_LOOP('',(#2015,#2016,#2017,#2018));
#341=EDGE_LOOP('',(#2019,#2020,#2021,#2022,#2023));
#342=EDGE_LOOP('',(#2024,#2025,#2026,#2027));
#343=EDGE_LOOP('',(#2028,#2029,#2030,#2031,#2032));
#344=EDGE_LOOP('',(#2033,#2034,#2035,#2036,#2037));
#345=EDGE_LOOP('',(#2038,#2039,#2040,#2041,#2042,#2043,#2044,#2045,#2046,
#2047,#2048,#2049));
#346=EDGE_LOOP('',(#2050,#2051,#2052,#2053,#2054));
#347=EDGE_LOOP('',(#2055,#2056,#2057,#2058));
#348=EDGE_LOOP('',(#2059,#2060,#2061,#2062));
#349=EDGE_LOOP('',(#2063,#2064,#2065,#2066,#2067,#2068));
#350=EDGE_LOOP('',(#2069,#2070,#2071,#2072,#2073,#2074,#2075,#2076,#2077,
#2078,#2079,#2080));
#351=EDGE_LOOP('',(#2081,#2082,#2083,#2084));
#352=EDGE_LOOP('',(#2085,#2086,#2087,#2088));
#353=EDGE_LOOP('',(#2089,#2090,#2091,#2092,#2093));
#354=EDGE_LOOP('',(#2094,#2095,#2096,#2097));
#355=EDGE_LOOP('',(#2098,#2099,#2100,#2101));
#356=EDGE_LOOP('',(#2102,#2103,#2104,#2105));
#357=EDGE_LOOP('',(#2106,#2107,#2108,#2109));
#358=EDGE_LOOP('',(#2110,#2111,#2112,#2113));
#359=EDGE_LOOP('',(#2114,#2115,#2116,#2117,#2118));
#360=EDGE_LOOP('',(#2119,#2120,#2121,#2122));
#361=EDGE_LOOP('',(#2123,#2124,#2125,#2126));
#362=EDGE_LOOP('',(#2127,#2128,#2129,#2130));
#363=EDGE_LOOP('',(#2131,#2132,#2133,#2134,#2135,#2136,#2137,#2138,#2139,
#2140));
#364=EDGE_LOOP('',(#2141,#2142,#2143,#2144));
#365=EDGE_LOOP('',(#2145,#2146,#2147,#2148));
#366=EDGE_LOOP('',(#2149,#2150,#2151,#2152,#2153,#2154,#2155,#2156));
#367=EDGE_LOOP('',(#2157,#2158,#2159,#2160));
#368=EDGE_LOOP('',(#2161,#2162,#2163,#2164));
#369=EDGE_LOOP('',(#2165,#2166,#2167,#2168));
#370=EDGE_LOOP('',(#2169,#2170,#2171,#2172,#2173,#2174));
#371=EDGE_LOOP('',(#2175,#2176,#2177,#2178,#2179));
#372=EDGE_LOOP('',(#2180,#2181,#2182,#2183));
#373=EDGE_LOOP('',(#2184,#2185,#2186,#2187));
#374=EDGE_LOOP('',(#2188,#2189,#2190,#2191));
#375=EDGE_LOOP('',(#2192,#2193,#2194,#2195));
#376=EDGE_LOOP('',(#2196,#2197,#2198,#2199));
#377=EDGE_LOOP('',(#2200,#2201,#2202,#2203));
#378=EDGE_LOOP('',(#2204,#2205,#2206,#2207));
#379=EDGE_LOOP('',(#2208,#2209,#2210,#2211));
#380=EDGE_LOOP('',(#2212,#2213,#2214,#2215));
#381=EDGE_LOOP('',(#2216,#2217,#2218,#2219));
#382=EDGE_LOOP('',(#2220,#2221,#2222,#2223));
#383=EDGE_LOOP('',(#2224,#2225,#2226,#2227));
#384=EDGE_LOOP('',(#2228,#2229,#2230,#2231));
#385=EDGE_LOOP('',(#2232,#2233,#2234,#2235));
#386=EDGE_LOOP('',(#2236,#2237,#2238,#2239,#2240,#2241,#2242,#2243));
#387=EDGE_LOOP('',(#2244,#2245,#2246,#2247));
#388=EDGE_LOOP('',(#2248,#2249,#2250,#2251));
#389=EDGE_LOOP('',(#2252,#2253,#2254,#2255));
#390=EDGE_LOOP('',(#2256,#2257,#2258,#2259));
#391=EDGE_LOOP('',(#2260,#2261,#2262,#2263));
#392=EDGE_LOOP('',(#2264,#2265,#2266,#2267));
#393=EDGE_LOOP('',(#2268,#2269,#2270,#2271));
#394=EDGE_LOOP('',(#2272,#2273,#2274,#2275));
#395=EDGE_LOOP('',(#2276,#2277,#2278,#2279));
#396=EDGE_LOOP('',(#2280,#2281,#2282,#2283));
#397=EDGE_LOOP('',(#2284,#2285,#2286,#2287));
#398=EDGE_LOOP('',(#2288,#2289,#2290,#2291));
#399=EDGE_LOOP('',(#2292,#2293,#2294,#2295));
#400=EDGE_LOOP('',(#2296,#2297,#2298,#2299));
#401=EDGE_LOOP('',(#2300,#2301,#2302,#2303,#2304,#2305,#2306,#2307));
#402=EDGE_LOOP('',(#2308,#2309,#2310,#2311,#2312));
#403=EDGE_LOOP('',(#2313,#2314,#2315,#2316));
#404=EDGE_LOOP('',(#2317,#2318,#2319,#2320,#2321));
#405=EDGE_LOOP('',(#2322,#2323,#2324,#2325,#2326));
#406=EDGE_LOOP('',(#2327,#2328,#2329,#2330,#2331));
#407=EDGE_LOOP('',(#2332,#2333,#2334,#2335,#2336,#2337,#2338,#2339));
#408=EDGE_LOOP('',(#2340,#2341,#2342,#2343));
#409=EDGE_LOOP('',(#2344,#2345,#2346,#2347,#2348,#2349));
#410=EDGE_LOOP('',(#2350,#2351,#2352,#2353,#2354));
#411=EDGE_LOOP('',(#2355,#2356,#2357,#2358));
#412=EDGE_LOOP('',(#2359,#2360,#2361,#2362,#2363));
#413=EDGE_LOOP('',(#2364,#2365,#2366,#2367,#2368));
#414=EDGE_LOOP('',(#2369,#2370,#2371,#2372,#2373));
#415=EDGE_LOOP('',(#2374,#2375,#2376,#2377,#2378,#2379));
#416=EDGE_LOOP('',(#2380,#2381,#2382,#2383));
#417=EDGE_LOOP('',(#2384,#2385,#2386,#2387,#2388));
#418=EDGE_LOOP('',(#2389,#2390,#2391,#2392));
#419=EDGE_LOOP('',(#2393,#2394,#2395,#2396,#2397));
#420=EDGE_LOOP('',(#2398,#2399,#2400,#2401,#2402));
#421=EDGE_LOOP('',(#2403,#2404,#2405,#2406));
#422=EDGE_LOOP('',(#2407,#2408,#2409,#2410));
#423=EDGE_LOOP('',(#2411,#2412,#2413,#2414));
#424=EDGE_LOOP('',(#2415,#2416,#2417,#2418));
#425=EDGE_LOOP('',(#2419,#2420,#2421,#2422,#2423));
#426=EDGE_LOOP('',(#2424,#2425,#2426,#2427));
#427=EDGE_LOOP('',(#2428,#2429,#2430,#2431,#2432,#2433,#2434,#2435,#2436,
#2437,#2438));
#428=EDGE_LOOP('',(#2439,#2440,#2441,#2442));
#429=EDGE_LOOP('',(#2443,#2444,#2445,#2446));
#430=EDGE_LOOP('',(#2447,#2448,#2449,#2450));
#431=EDGE_LOOP('',(#2451,#2452,#2453,#2454));
#432=EDGE_LOOP('',(#2455,#2456,#2457,#2458));
#433=EDGE_LOOP('',(#2459,#2460,#2461,#2462));
#434=EDGE_LOOP('',(#2463,#2464,#2465,#2466));
#435=EDGE_LOOP('',(#2467,#2468,#2469,#2470));
#436=EDGE_LOOP('',(#2471,#2472,#2473,#2474));
#437=EDGE_LOOP('',(#2475,#2476,#2477,#2478));
#438=EDGE_LOOP('',(#2479,#2480,#2481,#2482));
#439=EDGE_LOOP('',(#2483,#2484,#2485,#2486));
#440=EDGE_LOOP('',(#2487,#2488,#2489,#2490));
#441=EDGE_LOOP('',(#2491,#2492,#2493,#2494));
#442=EDGE_LOOP('',(#2495,#2496,#2497,#2498));
#443=EDGE_LOOP('',(#2499,#2500,#2501,#2502));
#444=EDGE_LOOP('',(#2503,#2504,#2505,#2506));
#445=EDGE_LOOP('',(#2507,#2508,#2509));
#446=EDGE_LOOP('',(#2510,#2511,#2512,#2513));
#447=EDGE_LOOP('',(#2514,#2515,#2516,#2517,#2518,#2519));
#448=EDGE_LOOP('',(#2520,#2521,#2522));
#449=EDGE_LOOP('',(#2523,#2524,#2525,#2526,#2527,#2528));
#450=EDGE_LOOP('',(#2529,#2530,#2531));
#451=EDGE_LOOP('',(#2532,#2533,#2534,#2535,#2536));
#452=EDGE_LOOP('',(#2537,#2538,#2539,#2540));
#453=EDGE_LOOP('',(#2541,#2542,#2543,#2544,#2545));
#454=EDGE_LOOP('',(#2546,#2547,#2548,#2549));
#455=EDGE_LOOP('',(#2550,#2551,#2552));
#456=EDGE_LOOP('',(#2553,#2554,#2555));
#457=EDGE_LOOP('',(#2556,#2557,#2558));
#458=EDGE_LOOP('',(#2559,#2560,#2561,#2562));
#459=EDGE_LOOP('',(#2563,#2564,#2565,#2566,#2567,#2568));
#460=EDGE_LOOP('',(#2569,#2570,#2571,#2572,#2573));
#461=EDGE_LOOP('',(#2574,#2575,#2576,#2577));
#462=EDGE_LOOP('',(#2578,#2579,#2580,#2581));
#463=EDGE_LOOP('',(#2582,#2583,#2584,#2585));
#464=EDGE_LOOP('',(#2586,#2587,#2588,#2589));
#465=EDGE_LOOP('',(#2590,#2591,#2592,#2593));
#466=EDGE_LOOP('',(#2594,#2595,#2596,#2597));
#467=EDGE_LOOP('',(#2598,#2599,#2600,#2601));
#468=EDGE_LOOP('',(#2602,#2603,#2604,#2605));
#469=EDGE_LOOP('',(#2606));
#470=EDGE_LOOP('',(#2607,#2608,#2609,#2610));
#471=EDGE_LOOP('',(#2611));
#472=EDGE_LOOP('',(#2612,#2613,#2614,#2615));
#473=EDGE_LOOP('',(#2616,#2617,#2618,#2619));
#474=EDGE_LOOP('',(#2620,#2621,#2622,#2623));
#475=EDGE_LOOP('',(#2624,#2625,#2626,#2627));
#476=EDGE_LOOP('',(#2628,#2629,#2630,#2631));
#477=EDGE_LOOP('',(#2632,#2633,#2634,#2635));
#478=CIRCLE('',#2878,0.999999999999999);
#479=CIRCLE('',#2880,0.999999999999999);
#480=CIRCLE('',#2881,4.03175416344816);
#481=CIRCLE('',#2882,5.00000000000001);
#482=CIRCLE('',#2884,5.5);
#483=CIRCLE('',#2885,5.5);
#484=CIRCLE('',#2886,0.999999999999996);
#485=CIRCLE('',#2887,1.73205081617207);
#486=CIRCLE('',#2888,1.73205077315612);
#487=CIRCLE('',#2889,0.999999999999996);
#488=CIRCLE('',#2890,5.5);
#489=CIRCLE('',#2891,5.5);
#490=CIRCLE('',#2892,2.117);
#491=CIRCLE('',#2893,2.117);
#492=CIRCLE('',#2894,2.117);
#493=CIRCLE('',#2895,2.117);
#494=CIRCLE('',#2896,1.99999999999999);
#495=CIRCLE('',#2897,2.);
#496=CIRCLE('',#2898,2.);
#497=CIRCLE('',#2899,2.);
#498=CIRCLE('',#2900,4.);
#499=CIRCLE('',#2901,4.);
#500=CIRCLE('',#2902,3.99999999999999);
#501=CIRCLE('',#2903,3.99999999999999);
#502=CIRCLE('',#2904,1.99999999999999);
#503=CIRCLE('',#2905,2.);
#504=CIRCLE('',#2906,2.);
#505=CIRCLE('',#2907,2.);
#506=CIRCLE('',#2908,4.03175416344815);
#507=CIRCLE('',#2916,0.999999999999999);
#508=CIRCLE('',#2922,0.999999999999999);
#509=CIRCLE('',#2923,5.);
#510=CIRCLE('',#2926,1.);
#511=CIRCLE('',#2927,1.);
#512=CIRCLE('',#2929,1.);
#513=CIRCLE('',#2930,1.);
#514=CIRCLE('',#2932,1.);
#515=CIRCLE('',#2933,1.);
#516=CIRCLE('',#2937,7.5);
#517=CIRCLE('',#2938,5.);
#518=CIRCLE('',#2939,1.);
#519=CIRCLE('',#2940,1.);
#520=CIRCLE('',#2941,5.5);
#521=CIRCLE('',#2942,5.5);
#522=CIRCLE('',#2945,2.117);
#523=CIRCLE('',#2947,2.117);
#524=CIRCLE('',#2949,2.117);
#525=CIRCLE('',#2951,2.117);
#526=CIRCLE('',#2953,1.);
#527=CIRCLE('',#2956,1.);
#528=CIRCLE('',#2957,1.);
#529=CIRCLE('',#2959,7.5);
#530=CIRCLE('',#2960,10.0000004470348);
#531=CIRCLE('',#2961,5.);
#532=CIRCLE('',#2962,5.);
#533=CIRCLE('',#2963,10.0000004470348);
#534=CIRCLE('',#2964,7.5);
#535=CIRCLE('',#2965,3.1);
#536=CIRCLE('',#2966,3.1);
#537=CIRCLE('',#2969,3.1);
#538=CIRCLE('',#2971,3.1);
#539=CIRCLE('',#2973,0.999999999999996);
#540=CIRCLE('',#2974,1.);
#541=CIRCLE('',#2977,0.999999999999996);
#542=CIRCLE('',#2980,5.);
#543=CIRCLE('',#2981,7.5);
#544=CIRCLE('',#2982,5.5);
#545=CIRCLE('',#2983,5.5);
#546=CIRCLE('',#2985,1.);
#547=CIRCLE('',#2990,0.999999999999996);
#548=CIRCLE('',#2992,1.);
#549=CIRCLE('',#2993,1.);
#550=CIRCLE('',#3003,0.999999999999996);
#551=CIRCLE('',#3017,1.);
#552=CIRCLE('',#3018,0.999999999999996);
#553=CIRCLE('',#3019,1.);
#554=CIRCLE('',#3021,1.);
#555=CIRCLE('',#3022,1.);
#556=CIRCLE('',#3023,1.);
#557=CIRCLE('',#3025,1.);
#558=CIRCLE('',#3026,1.);
#559=CIRCLE('',#3027,0.999999999999996);
#560=CIRCLE('',#3030,0.999999999999996);
#561=CIRCLE('',#3031,1.);
#562=CIRCLE('',#3032,1.);
#563=CIRCLE('',#3036,1.);
#564=CIRCLE('',#3038,1.);
#565=CIRCLE('',#3041,1.);
#566=CIRCLE('',#3043,1.);
#567=CIRCLE('',#3048,0.999999999999996);
#568=CIRCLE('',#3049,1.);
#569=CIRCLE('',#3050,1.);
#570=CIRCLE('',#3052,1.);
#571=CIRCLE('',#3053,1.);
#572=CIRCLE('',#3054,1.);
#573=CIRCLE('',#3056,1.);
#574=CIRCLE('',#3057,1.);
#575=CIRCLE('',#3058,0.999999999999996);
#576=CIRCLE('',#3061,1.);
#577=CIRCLE('',#3062,0.999999999999996);
#578=CIRCLE('',#3063,1.);
#579=CIRCLE('',#3066,1.);
#580=CIRCLE('',#3069,1.);
#581=CIRCLE('',#3072,1.);
#582=CIRCLE('',#3074,1.);
#583=CIRCLE('',#3079,1.);
#584=CIRCLE('',#3080,1.);
#585=CIRCLE('',#3082,1.);
#586=CIRCLE('',#3083,3.);
#587=CIRCLE('',#3084,2.);
#588=CIRCLE('',#3086,1.);
#589=CIRCLE('',#3088,2.);
#590=CIRCLE('',#3090,1.);
#591=CIRCLE('',#3091,1.);
#592=CIRCLE('',#3094,3.);
#593=CIRCLE('',#3097,1.);
#594=CIRCLE('',#3098,1.);
#595=CIRCLE('',#3100,1.);
#596=CIRCLE('',#3101,3.);
#597=CIRCLE('',#3102,2.);
#598=CIRCLE('',#3104,1.);
#599=CIRCLE('',#3106,2.);
#600=CIRCLE('',#3108,1.);
#601=CIRCLE('',#3109,1.);
#602=CIRCLE('',#3112,3.);
#603=CIRCLE('',#3114,2.);
#604=CIRCLE('',#3115,0.999999999999999);
#605=CIRCLE('',#3116,1.);
#606=CIRCLE('',#3121,2.);
#607=CIRCLE('',#3122,1.);
#608=CIRCLE('',#3123,1.);
#609=CIRCLE('',#3125,1.);
#610=CIRCLE('',#3127,1.);
#611=CIRCLE('',#3128,3.);
#612=CIRCLE('',#3129,2.);
#613=CIRCLE('',#3132,2.);
#614=CIRCLE('',#3136,1.99999999999999);
#615=CIRCLE('',#3137,1.99999999999999);
#616=CIRCLE('',#3140,1.);
#617=CIRCLE('',#3142,1.);
#618=CIRCLE('',#3143,2.99999999999999);
#619=CIRCLE('',#3145,1.);
#620=CIRCLE('',#3147,1.);
#621=CIRCLE('',#3148,2.99999999999999);
#622=CIRCLE('',#3151,1.);
#623=CIRCLE('',#3152,1.);
#624=CIRCLE('',#3154,1.);
#625=CIRCLE('',#3156,1.);
#626=CIRCLE('',#3158,0.999999999999996);
#627=CIRCLE('',#3160,1.);
#628=CIRCLE('',#3162,1.00000000000001);
#629=CIRCLE('',#3163,2.99999999999999);
#630=CIRCLE('',#3165,0.999999999999996);
#631=CIRCLE('',#3167,2.99999999999999);
#632=CIRCLE('',#3172,1.);
#633=CIRCLE('',#3173,1.);
#634=CIRCLE('',#3175,0.999999999999999);
#635=CIRCLE('',#3177,1.);
#636=CIRCLE('',#3178,1.);
#637=CIRCLE('',#3180,1.);
#638=CIRCLE('',#3182,1.);
#639=CIRCLE('',#3183,0.999999999999999);
#640=CIRCLE('',#3186,1.);
#641=CIRCLE('',#3187,0.866025386578059);
#642=CIRCLE('',#3188,1.);
#643=CIRCLE('',#3190,0.866025408086034);
#644=CIRCLE('',#3192,0.999999999999997);
#645=CIRCLE('',#3193,1.);
#646=CIRCLE('',#3208,10.0000004470348);
#647=CIRCLE('',#3210,10.0000004470348);
#648=LINE('',#4136,#877);
#649=LINE('',#4139,#878);
#650=LINE('',#4149,#879);
#651=LINE('',#4153,#880);
#652=LINE('',#4157,#881);
#653=LINE('',#4163,#882);
#654=LINE('',#4169,#883);
#655=LINE('',#4173,#884);
#656=LINE('',#4187,#885);
#657=LINE('',#4191,#886);
#658=LINE('',#4195,#887);
#659=LINE('',#4198,#888);
#660=LINE('',#4201,#889);
#661=LINE('',#4205,#890);
#662=LINE('',#4209,#891);
#663=LINE('',#4213,#892);
#664=LINE('',#4219,#893);
#665=LINE('',#4223,#894);
#666=LINE('',#4227,#895);
#667=LINE('',#4230,#896);
#668=LINE('',#4232,#897);
#669=LINE('',#4234,#898);
#670=LINE('',#4236,#899);
#671=LINE('',#4238,#900);
#672=LINE('',#4240,#901);
#673=LINE('',#4244,#902);
#674=LINE('',#4245,#903);
#675=LINE('',#4248,#904);
#676=LINE('',#4250,#905);
#677=LINE('',#4255,#906);
#678=LINE('',#4258,#907);
#679=LINE('',#4263,#908);
#680=LINE('',#4268,#909);
#681=LINE('',#4271,#910);
#682=LINE('',#4277,#911);
#683=LINE('',#4281,#912);
#684=LINE('',#4283,#913);
#685=LINE('',#4285,#914);
#686=LINE('',#4287,#915);
#687=LINE('',#4291,#916);
#688=LINE('',#4295,#917);
#689=LINE('',#4297,#918);
#690=LINE('',#4301,#919);
#691=LINE('',#4305,#920);
#692=LINE('',#4307,#921);
#693=LINE('',#4309,#922);
#694=LINE('',#4311,#923);
#695=LINE('',#4313,#924);
#696=LINE('',#4315,#925);
#697=LINE('',#4317,#926);
#698=LINE('',#4319,#927);
#699=LINE('',#4321,#928);
#700=LINE('',#4322,#929);
#701=LINE('',#4328,#930);
#702=LINE('',#4331,#931);
#703=LINE('',#4334,#932);
#704=LINE('',#4336,#933);
#705=LINE('',#4337,#934);
#706=LINE('',#4340,#935);
#707=LINE('',#4342,#936);
#708=LINE('',#4343,#937);
#709=LINE('',#4346,#938);
#710=LINE('',#4350,#939);
#711=LINE('',#4353,#940);
#712=LINE('',#4357,#941);
#713=LINE('',#4361,#942);
#714=LINE('',#4365,#943);
#715=LINE('',#4368,#944);
#716=LINE('',#4372,#945);
#717=LINE('',#4376,#946);
#718=LINE('',#4380,#947);
#719=LINE('',#4384,#948);
#720=LINE('',#4389,#949);
#721=LINE('',#4392,#950);
#722=LINE('',#4394,#951);
#723=LINE('',#4395,#952);
#724=LINE('',#4400,#953);
#725=LINE('',#4405,#954);
#726=LINE('',#4409,#955);
#727=LINE('',#4411,#956);
#728=LINE('',#4415,#957);
#729=LINE('',#4417,#958);
#730=LINE('',#4422,#959);
#731=LINE('',#4424,#960);
#732=LINE('',#4428,#961);
#733=LINE('',#4437,#962);
#734=LINE('',#4438,#963);
#735=LINE('',#4439,#964);
#736=LINE('',#4440,#965);
#737=LINE('',#4443,#966);
#738=LINE('',#4447,#967);
#739=LINE('',#4451,#968);
#740=LINE('',#4455,#969);
#741=LINE('',#4459,#970);
#742=LINE('',#4460,#971);
#743=LINE('',#4462,#972);
#744=LINE('',#4466,#973);
#745=LINE('',#4467,#974);
#746=LINE('',#4472,#975);
#747=LINE('',#4475,#976);
#748=LINE('',#4477,#977);
#749=LINE('',#4481,#978);
#750=LINE('',#4487,#979);
#751=LINE('',#4489,#980);
#752=LINE('',#4490,#981);
#753=LINE('',#4495,#982);
#754=LINE('',#4496,#983);
#755=LINE('',#4499,#984);
#756=LINE('',#4502,#985);
#757=LINE('',#4505,#986);
#758=LINE('',#4507,#987);
#759=LINE('',#4511,#988);
#760=LINE('',#4515,#989);
#761=LINE('',#4516,#990);
#762=LINE('',#4517,#991);
#763=LINE('',#4519,#992);
#764=LINE('',#4521,#993);
#765=LINE('',#4522,#994);
#766=LINE('',#4525,#995);
#767=LINE('',#4527,#996);
#768=LINE('',#4528,#997);
#769=LINE('',#4530,#998);
#770=LINE('',#4532,#999);
#771=LINE('',#4534,#1000);
#772=LINE('',#4537,#1001);
#773=LINE('',#4540,#1002);
#774=LINE('',#4542,#1003);
#775=LINE('',#4543,#1004);
#776=LINE('',#4545,#1005);
#777=LINE('',#4547,#1006);
#778=LINE('',#4550,#1007);
#779=LINE('',#4552,#1008);
#780=LINE('',#4554,#1009);
#781=LINE('',#4556,#1010);
#782=LINE('',#4557,#1011);
#783=LINE('',#4561,#1012);
#784=LINE('',#4564,#1013);
#785=LINE('',#4566,#1014);
#786=LINE('',#4567,#1015);
#787=LINE('',#4569,#1016);
#788=LINE('',#4589,#1017);
#789=LINE('',#4597,#1018);
#790=LINE('',#4599,#1019);
#791=LINE('',#4604,#1020);
#792=LINE('',#4605,#1021);
#793=LINE('',#4610,#1022);
#794=LINE('',#4611,#1023);
#795=LINE('',#4613,#1024);
#796=LINE('',#4618,#1025);
#797=LINE('',#4619,#1026);
#798=LINE('',#4624,#1027);
#799=LINE('',#4625,#1028);
#800=LINE('',#4627,#1029);
#801=LINE('',#4629,#1030);
#802=LINE('',#4631,#1031);
#803=LINE('',#4632,#1032);
#804=LINE('',#4652,#1033);
#805=LINE('',#4660,#1034);
#806=LINE('',#4665,#1035);
#807=LINE('',#4666,#1036);
#808=LINE('',#4668,#1037);
#809=LINE('',#4673,#1038);
#810=LINE('',#4674,#1039);
#811=LINE('',#4676,#1040);
#812=LINE('',#4681,#1041);
#813=LINE('',#4682,#1042);
#814=LINE('',#4687,#1043);
#815=LINE('',#4688,#1044);
#816=LINE('',#4690,#1045);
#817=LINE('',#4692,#1046);
#818=LINE('',#4694,#1047);
#819=LINE('',#4695,#1048);
#820=LINE('',#4701,#1049);
#821=LINE('',#4705,#1050);
#822=LINE('',#4725,#1051);
#823=LINE('',#4727,#1052);
#824=LINE('',#4733,#1053);
#825=LINE('',#4735,#1054);
#826=LINE('',#4736,#1055);
#827=LINE('',#4750,#1056);
#828=LINE('',#4752,#1057);
#829=LINE('',#4754,#1058);
#830=LINE('',#4756,#1059);
#831=LINE('',#4764,#1060);
#832=LINE('',#4767,#1061);
#833=LINE('',#4778,#1062);
#834=LINE('',#4780,#1063);
#835=LINE('',#4781,#1064);
#836=LINE('',#4787,#1065);
#837=LINE('',#4791,#1066);
#838=LINE('',#4810,#1067);
#839=LINE('',#4816,#1068);
#840=LINE('',#4818,#1069);
#841=LINE('',#4819,#1070);
#842=LINE('',#4833,#1071);
#843=LINE('',#4835,#1072);
#844=LINE('',#4837,#1073);
#845=LINE('',#4838,#1074);
#846=LINE('',#4850,#1075);
#847=LINE('',#4851,#1076);
#848=LINE('',#4853,#1077);
#849=LINE('',#4864,#1078);
#850=LINE('',#4865,#1079);
#851=LINE('',#4872,#1080);
#852=LINE('',#4875,#1081);
#853=LINE('',#4878,#1082);
#854=LINE('',#4880,#1083);
#855=LINE('',#4882,#1084);
#856=LINE('',#4884,#1085);
#857=LINE('',#4888,#1086);
#858=LINE('',#4891,#1087);
#859=LINE('',#4902,#1088);
#860=LINE('',#4925,#1089);
#861=LINE('',#4929,#1090);
#862=LINE('',#4931,#1091);
#863=LINE('',#4939,#1092);
#864=LINE('',#4955,#1093);
#865=LINE('',#4983,#1094);
#866=LINE('',#5032,#1095);
#867=LINE('',#5041,#1096);
#868=LINE('',#5043,#1097);
#869=LINE('',#5051,#1098);
#870=LINE('',#5054,#1099);
#871=LINE('',#5057,#1100);
#872=LINE('',#5060,#1101);
#873=LINE('',#5062,#1102);
#874=LINE('',#5064,#1103);
#875=LINE('',#5067,#1104);
#876=LINE('',#5069,#1105);
#877=VECTOR('',#3223,10.);
#878=VECTOR('',#3226,1.);
#879=VECTOR('',#3237,10.);
#880=VECTOR('',#3240,10.);
#881=VECTOR('',#3243,10.);
#882=VECTOR('',#3248,10.);
#883=VECTOR('',#3253,10.);
#884=VECTOR('',#3256,10.);
#885=VECTOR('',#3269,10.);
#886=VECTOR('',#3272,10.);
#887=VECTOR('',#3275,10.);
#888=VECTOR('',#3278,10.);
#889=VECTOR('',#3279,10.);
#890=VECTOR('',#3282,10.);
#891=VECTOR('',#3285,10.);
#892=VECTOR('',#3288,10.);
#893=VECTOR('',#3293,10.);
#894=VECTOR('',#3296,10.);
#895=VECTOR('',#3299,10.);
#896=VECTOR('',#3302,10.);
#897=VECTOR('',#3303,10.);
#898=VECTOR('',#3304,1.);
#899=VECTOR('',#3305,1.);
#900=VECTOR('',#3306,1.);
#901=VECTOR('',#3307,1.);
#902=VECTOR('',#3310,1.);
#903=VECTOR('',#3311,1.);
#904=VECTOR('',#3314,10.);
#905=VECTOR('',#3315,10.);
#906=VECTOR('',#3322,10.);
#907=VECTOR('',#3325,10.);
#908=VECTOR('',#3330,10.);
#909=VECTOR('',#3337,10.);
#910=VECTOR('',#3342,10.);
#911=VECTOR('',#3351,10.);
#912=VECTOR('',#3354,10.);
#913=VECTOR('',#3355,10.);
#914=VECTOR('',#3356,10.);
#915=VECTOR('',#3357,10.);
#916=VECTOR('',#3360,10.);
#917=VECTOR('',#3365,10.);
#918=VECTOR('',#3366,10.);
#919=VECTOR('',#3369,10.);
#920=VECTOR('',#3372,10.);
#921=VECTOR('',#3373,10.);
#922=VECTOR('',#3374,10.);
#923=VECTOR('',#3375,10.);
#924=VECTOR('',#3376,10.);
#925=VECTOR('',#3377,10.);
#926=VECTOR('',#3378,10.);
#927=VECTOR('',#3379,10.);
#928=VECTOR('',#3380,10.);
#929=VECTOR('',#3381,10.);
#930=VECTOR('',#3386,10.);
#931=VECTOR('',#3389,10.);
#932=VECTOR('',#3392,10.);
#933=VECTOR('',#3393,10.);
#934=VECTOR('',#3394,10.);
#935=VECTOR('',#3397,10.);
#936=VECTOR('',#3398,10.);
#937=VECTOR('',#3399,10.);
#938=VECTOR('',#3402,10.);
#939=VECTOR('',#3405,10.);
#940=VECTOR('',#3408,10.);
#941=VECTOR('',#3411,10.);
#942=VECTOR('',#3414,10.);
#943=VECTOR('',#3417,10.);
#944=VECTOR('',#3420,10.);
#945=VECTOR('',#3425,1.65);
#946=VECTOR('',#3430,1.65);
#947=VECTOR('',#3435,1.65);
#948=VECTOR('',#3440,1.65);
#949=VECTOR('',#3447,10.);
#950=VECTOR('',#3450,10.);
#951=VECTOR('',#3451,10.);
#952=VECTOR('',#3452,10.);
#953=VECTOR('',#3457,10.);
#954=VECTOR('',#3462,10.);
#955=VECTOR('',#3465,10.);
#956=VECTOR('',#3466,10.);
#957=VECTOR('',#3469,10.);
#958=VECTOR('',#3470,10.);
#959=VECTOR('',#3475,10.);
#960=VECTOR('',#3476,10.);
#961=VECTOR('',#3479,10.);
#962=VECTOR('',#3488,10.);
#963=VECTOR('',#3489,10.);
#964=VECTOR('',#3490,10.);
#965=VECTOR('',#3491,10.);
#966=VECTOR('',#3494,3.1);
#967=VECTOR('',#3499,3.1);
#968=VECTOR('',#3504,10.);
#969=VECTOR('',#3507,10.);
#970=VECTOR('',#3512,10.);
#971=VECTOR('',#3513,10.);
#972=VECTOR('',#3516,10.);
#973=VECTOR('',#3521,10.);
#974=VECTOR('',#3522,10.);
#975=VECTOR('',#3527,10.);
#976=VECTOR('',#3530,10.);
#977=VECTOR('',#3531,10.);
#978=VECTOR('',#3534,10.);
#979=VECTOR('',#3541,10.);
#980=VECTOR('',#3542,10.);
#981=VECTOR('',#3543,10.);
#982=VECTOR('',#3550,10.);
#983=VECTOR('',#3551,10.);
#984=VECTOR('',#3554,10.);
#985=VECTOR('',#3557,10.);
#986=VECTOR('',#3560,10.);
#987=VECTOR('',#3561,10.);
#988=VECTOR('',#3564,10.);
#989=VECTOR('',#3567,10.);
#990=VECTOR('',#3568,10.);
#991=VECTOR('',#3569,10.);
#992=VECTOR('',#3572,10.);
#993=VECTOR('',#3575,10.);
#994=VECTOR('',#3576,10.);
#995=VECTOR('',#3581,10.);
#996=VECTOR('',#3584,10.);
#997=VECTOR('',#3585,10.);
#998=VECTOR('',#3588,10.);
#999=VECTOR('',#3591,10.);
#1000=VECTOR('',#3594,10.);
#1001=VECTOR('',#3597,10.);
#1002=VECTOR('',#3602,10.);
#1003=VECTOR('',#3605,10.);
#1004=VECTOR('',#3606,10.);
#1005=VECTOR('',#3609,10.);
#1006=VECTOR('',#3612,10.);
#1007=VECTOR('',#3617,10.);
#1008=VECTOR('',#3620,10.);
#1009=VECTOR('',#3621,10.);
#1010=VECTOR('',#3622,10.);
#1011=VECTOR('',#3623,10.);
#1012=VECTOR('',#3630,10.);
#1013=VECTOR('',#3633,10.);
#1014=VECTOR('',#3634,10.);
#1015=VECTOR('',#3635,10.);
#1016=VECTOR('',#3638,10.);
#1017=VECTOR('',#3665,10.);
#1018=VECTOR('',#3676,10.);
#1019=VECTOR('',#3679,10.);
#1020=VECTOR('',#3684,10.);
#1021=VECTOR('',#3685,10.);
#1022=VECTOR('',#3690,10.);
#1023=VECTOR('',#3691,10.);
#1024=VECTOR('',#3694,10.);
#1025=VECTOR('',#3699,10.);
#1026=VECTOR('',#3700,10.);
#1027=VECTOR('',#3705,10.);
#1028=VECTOR('',#3706,10.);
#1029=VECTOR('',#3709,10.);
#1030=VECTOR('',#3712,10.);
#1031=VECTOR('',#3715,10.);
#1032=VECTOR('',#3716,10.);
#1033=VECTOR('',#3743,10.);
#1034=VECTOR('',#3754,10.);
#1035=VECTOR('',#3759,10.);
#1036=VECTOR('',#3760,10.);
#1037=VECTOR('',#3763,10.);
#1038=VECTOR('',#3768,10.);
#1039=VECTOR('',#3769,10.);
#1040=VECTOR('',#3772,10.);
#1041=VECTOR('',#3777,10.);
#1042=VECTOR('',#3778,10.);
#1043=VECTOR('',#3783,10.);
#1044=VECTOR('',#3784,10.);
#1045=VECTOR('',#3787,10.);
#1046=VECTOR('',#3790,10.);
#1047=VECTOR('',#3793,10.);
#1048=VECTOR('',#3794,10.);
#1049=VECTOR('',#3799,10.);
#1050=VECTOR('',#3802,10.);
#1051=VECTOR('',#3813,10.);
#1052=VECTOR('',#3814,10.);
#1053=VECTOR('',#3821,10.);
#1054=VECTOR('',#3822,10.);
#1055=VECTOR('',#3823,10.);
#1056=VECTOR('',#3832,10.);
#1057=VECTOR('',#3833,10.);
#1058=VECTOR('',#3834,10.);
#1059=VECTOR('',#3835,10.);
#1060=VECTOR('',#3836,10.);
#1061=VECTOR('',#3839,10.);
#1062=VECTOR('',#3844,10.);
#1063=VECTOR('',#3845,10.);
#1064=VECTOR('',#3846,10.);
#1065=VECTOR('',#3851,10.);
#1066=VECTOR('',#3854,10.);
#1067=VECTOR('',#3865,10.);
#1068=VECTOR('',#3872,10.);
#1069=VECTOR('',#3873,10.);
#1070=VECTOR('',#3874,10.);
#1071=VECTOR('',#3883,10.);
#1072=VECTOR('',#3884,10.);
#1073=VECTOR('',#3885,10.);
#1074=VECTOR('',#3886,10.);
#1075=VECTOR('',#3903,10.);
#1076=VECTOR('',#3904,10.);
#1077=VECTOR('',#3907,10.);
#1078=VECTOR('',#3920,10.);
#1079=VECTOR('',#3921,10.);
#1080=VECTOR('',#3932,10.);
#1081=VECTOR('',#3935,10.);
#1082=VECTOR('',#3940,10.);
#1083=VECTOR('',#3943,10.);
#1084=VECTOR('',#3946,10.);
#1085=VECTOR('',#3947,10.);
#1086=VECTOR('',#3950,10.);
#1087=VECTOR('',#3953,10.);
#1088=VECTOR('',#3970,10.);
#1089=VECTOR('',#4011,10.);
#1090=VECTOR('',#4018,10.);
#1091=VECTOR('',#4021,10.);
#1092=VECTOR('',#4032,10.);
#1093=VECTOR('',#4041,10.);
#1094=VECTOR('',#4050,10.);
#1095=VECTOR('',#4071,10.);
#1096=VECTOR('',#4088,10.);
#1097=VECTOR('',#4091,10.);
#1098=VECTOR('',#4104,10.);
#1099=VECTOR('',#4107,10.);
#1100=VECTOR('',#4110,10.);
#1101=VECTOR('',#4113,10.);
#1102=VECTOR('',#4116,10.);
#1103=VECTOR('',#4119,10.);
#1104=VECTOR('',#4124,10.);
#1105=VECTOR('',#4127,10.);
#1106=ELLIPSE('',#2877,1.41421356237309,0.999999999999999);
#1107=ELLIPSE('',#2910,1.41421356190129,0.999999999999999);
#1108=ELLIPSE('',#2912,1.41421356237309,0.999999999999999);
#1109=ELLIPSE('',#2914,1.41421355785736,0.999999999999999);
#1110=ELLIPSE('',#2917,1.41421356237309,0.999999999999999);
#1111=ELLIPSE('',#2919,1.4142135623731,0.999999999999999);
#1112=ELLIPSE('',#2987,2.00000000000203,1.);
#1113=ELLIPSE('',#3118,1.4142135623731,1.);
#1114=VERTEX_POINT('',#4132);
#1115=VERTEX_POINT('',#4133);
#1116=VERTEX_POINT('',#4135);
#1117=VERTEX_POINT('',#4137);
#1118=VERTEX_POINT('',#4141);
#1119=VERTEX_POINT('',#4142);
#1120=VERTEX_POINT('',#4147);
#1121=VERTEX_POINT('',#4148);
#1122=VERTEX_POINT('',#4150);
#1123=VERTEX_POINT('',#4152);
#1124=VERTEX_POINT('',#4154);
#1125=VERTEX_POINT('',#4156);
#1126=VERTEX_POINT('',#4158);
#1127=VERTEX_POINT('',#4160);
#1128=VERTEX_POINT('',#4162);
#1129=VERTEX_POINT('',#4164);
#1130=VERTEX_POINT('',#4166);
#1131=VERTEX_POINT('',#4168);
#1132=VERTEX_POINT('',#4170);
#1133=VERTEX_POINT('',#4172);
#1134=VERTEX_POINT('',#4175);
#1135=VERTEX_POINT('',#4177);
#1136=VERTEX_POINT('',#4179);
#1137=VERTEX_POINT('',#4181);
#1138=VERTEX_POINT('',#4183);
#1139=VERTEX_POINT('',#4184);
#1140=VERTEX_POINT('',#4186);
#1141=VERTEX_POINT('',#4188);
#1142=VERTEX_POINT('',#4190);
#1143=VERTEX_POINT('',#4192);
#1144=VERTEX_POINT('',#4194);
#1145=VERTEX_POINT('',#4196);
#1146=VERTEX_POINT('',#4199);
#1147=VERTEX_POINT('',#4200);
#1148=VERTEX_POINT('',#4202);
#1149=VERTEX_POINT('',#4204);
#1150=VERTEX_POINT('',#4206);
#1151=VERTEX_POINT('',#4208);
#1152=VERTEX_POINT('',#4210);
#1153=VERTEX_POINT('',#4212);
#1154=VERTEX_POINT('',#4215);
#1155=VERTEX_POINT('',#4216);
#1156=VERTEX_POINT('',#4218);
#1157=VERTEX_POINT('',#4220);
#1158=VERTEX_POINT('',#4222);
#1159=VERTEX_POINT('',#4224);
#1160=VERTEX_POINT('',#4226);
#1161=VERTEX_POINT('',#4228);
#1162=VERTEX_POINT('',#4231);
#1163=VERTEX_POINT('',#4233);
#1164=VERTEX_POINT('',#4235);
#1165=VERTEX_POINT('',#4237);
#1166=VERTEX_POINT('',#4239);
#1167=VERTEX_POINT('',#4241);
#1168=VERTEX_POINT('',#4243);
#1169=VERTEX_POINT('',#4247);
#1170=VERTEX_POINT('',#4249);
#1171=VERTEX_POINT('',#4253);
#1172=VERTEX_POINT('',#4257);
#1173=VERTEX_POINT('',#4261);
#1174=VERTEX_POINT('',#4262);
#1175=VERTEX_POINT('',#4267);
#1176=VERTEX_POINT('',#4273);
#1177=VERTEX_POINT('',#4279);
#1178=VERTEX_POINT('',#4280);
#1179=VERTEX_POINT('',#4282);
#1180=VERTEX_POINT('',#4284);
#1181=VERTEX_POINT('',#4286);
#1182=VERTEX_POINT('',#4288);
#1183=VERTEX_POINT('',#4290);
#1184=VERTEX_POINT('',#4294);
#1185=VERTEX_POINT('',#4296);
#1186=VERTEX_POINT('',#4298);
#1187=VERTEX_POINT('',#4300);
#1188=VERTEX_POINT('',#4302);
#1189=VERTEX_POINT('',#4304);
#1190=VERTEX_POINT('',#4306);
#1191=VERTEX_POINT('',#4308);
#1192=VERTEX_POINT('',#4310);
#1193=VERTEX_POINT('',#4312);
#1194=VERTEX_POINT('',#4314);
#1195=VERTEX_POINT('',#4316);
#1196=VERTEX_POINT('',#4318);
#1197=VERTEX_POINT('',#4320);
#1198=VERTEX_POINT('',#4324);
#1199=VERTEX_POINT('',#4325);
#1200=VERTEX_POINT('',#4327);
#1201=VERTEX_POINT('',#4329);
#1202=VERTEX_POINT('',#4333);
#1203=VERTEX_POINT('',#4335);
#1204=VERTEX_POINT('',#4339);
#1205=VERTEX_POINT('',#4341);
#1206=VERTEX_POINT('',#4345);
#1207=VERTEX_POINT('',#4347);
#1208=VERTEX_POINT('',#4349);
#1209=VERTEX_POINT('',#4352);
#1210=VERTEX_POINT('',#4354);
#1211=VERTEX_POINT('',#4356);
#1212=VERTEX_POINT('',#4358);
#1213=VERTEX_POINT('',#4360);
#1214=VERTEX_POINT('',#4362);
#1215=VERTEX_POINT('',#4364);
#1216=VERTEX_POINT('',#4366);
#1217=VERTEX_POINT('',#4371);
#1218=VERTEX_POINT('',#4375);
#1219=VERTEX_POINT('',#4379);
#1220=VERTEX_POINT('',#4383);
#1221=VERTEX_POINT('',#4387);
#1222=VERTEX_POINT('',#4391);
#1223=VERTEX_POINT('',#4393);
#1224=VERTEX_POINT('',#4397);
#1225=VERTEX_POINT('',#4399);
#1226=VERTEX_POINT('',#4403);
#1227=VERTEX_POINT('',#4404);
#1228=VERTEX_POINT('',#4406);
#1229=VERTEX_POINT('',#4408);
#1230=VERTEX_POINT('',#4410);
#1231=VERTEX_POINT('',#4412);
#1232=VERTEX_POINT('',#4414);
#1233=VERTEX_POINT('',#4416);
#1234=VERTEX_POINT('',#4419);
#1235=VERTEX_POINT('',#4421);
#1236=VERTEX_POINT('',#4423);
#1237=VERTEX_POINT('',#4425);
#1238=VERTEX_POINT('',#4427);
#1239=VERTEX_POINT('',#4430);
#1240=VERTEX_POINT('',#4432);
#1241=VERTEX_POINT('',#4435);
#1242=VERTEX_POINT('',#4436);
#1243=VERTEX_POINT('',#4442);
#1244=VERTEX_POINT('',#4446);
#1245=VERTEX_POINT('',#4450);
#1246=VERTEX_POINT('',#4452);
#1247=VERTEX_POINT('',#4454);
#1248=VERTEX_POINT('',#4458);
#1249=VERTEX_POINT('',#4465);
#1250=VERTEX_POINT('',#4469);
#1251=VERTEX_POINT('',#4471);
#1252=VERTEX_POINT('',#4474);
#1253=VERTEX_POINT('',#4476);
#1254=VERTEX_POINT('',#4478);
#1255=VERTEX_POINT('',#4480);
#1256=VERTEX_POINT('',#4484);
#1257=VERTEX_POINT('',#4485);
#1258=VERTEX_POINT('',#4488);
#1259=VERTEX_POINT('',#4494);
#1260=VERTEX_POINT('',#4498);
#1261=VERTEX_POINT('',#4500);
#1262=VERTEX_POINT('',#4504);
#1263=VERTEX_POINT('',#4506);
#1264=VERTEX_POINT('',#4508);
#1265=VERTEX_POINT('',#4510);
#1266=VERTEX_POINT('',#4512);
#1267=VERTEX_POINT('',#4514);
#1268=VERTEX_POINT('',#4536);
#1269=VERTEX_POINT('',#4553);
#1270=VERTEX_POINT('',#4555);
#1271=VERTEX_POINT('',#4563);
#1272=VERTEX_POINT('',#4565);
#1273=VERTEX_POINT('',#4571);
#1274=VERTEX_POINT('',#4573);
#1275=VERTEX_POINT('',#4577);
#1276=VERTEX_POINT('',#4578);
#1277=VERTEX_POINT('',#4583);
#1278=VERTEX_POINT('',#4584);
#1279=VERTEX_POINT('',#4591);
#1280=VERTEX_POINT('',#4592);
#1281=VERTEX_POINT('',#4601);
#1282=VERTEX_POINT('',#4602);
#1283=VERTEX_POINT('',#4607);
#1284=VERTEX_POINT('',#4608);
#1285=VERTEX_POINT('',#4615);
#1286=VERTEX_POINT('',#4616);
#1287=VERTEX_POINT('',#4621);
#1288=VERTEX_POINT('',#4622);
#1289=VERTEX_POINT('',#4634);
#1290=VERTEX_POINT('',#4635);
#1291=VERTEX_POINT('',#4640);
#1292=VERTEX_POINT('',#4641);
#1293=VERTEX_POINT('',#4646);
#1294=VERTEX_POINT('',#4647);
#1295=VERTEX_POINT('',#4654);
#1296=VERTEX_POINT('',#4656);
#1297=VERTEX_POINT('',#4662);
#1298=VERTEX_POINT('',#4663);
#1299=VERTEX_POINT('',#4670);
#1300=VERTEX_POINT('',#4671);
#1301=VERTEX_POINT('',#4678);
#1302=VERTEX_POINT('',#4679);
#1303=VERTEX_POINT('',#4684);
#1304=VERTEX_POINT('',#4685);
#1305=VERTEX_POINT('',#4697);
#1306=VERTEX_POINT('',#4698);
#1307=VERTEX_POINT('',#4700);
#1308=VERTEX_POINT('',#4702);
#1309=VERTEX_POINT('',#4704);
#1310=VERTEX_POINT('',#4711);
#1311=VERTEX_POINT('',#4712);
#1312=VERTEX_POINT('',#4717);
#1313=VERTEX_POINT('',#4718);
#1314=VERTEX_POINT('',#4726);
#1315=VERTEX_POINT('',#4730);
#1316=VERTEX_POINT('',#4732);
#1317=VERTEX_POINT('',#4734);
#1318=VERTEX_POINT('',#4738);
#1319=VERTEX_POINT('',#4745);
#1320=VERTEX_POINT('',#4749);
#1321=VERTEX_POINT('',#4751);
#1322=VERTEX_POINT('',#4753);
#1323=VERTEX_POINT('',#4755);
#1324=VERTEX_POINT('',#4757);
#1325=VERTEX_POINT('',#4766);
#1326=VERTEX_POINT('',#4770);
#1327=VERTEX_POINT('',#4777);
#1328=VERTEX_POINT('',#4779);
#1329=VERTEX_POINT('',#4783);
#1330=VERTEX_POINT('',#4784);
#1331=VERTEX_POINT('',#4786);
#1332=VERTEX_POINT('',#4788);
#1333=VERTEX_POINT('',#4790);
#1334=VERTEX_POINT('',#4797);
#1335=VERTEX_POINT('',#4802);
#1336=VERTEX_POINT('',#4809);
#1337=VERTEX_POINT('',#4813);
#1338=VERTEX_POINT('',#4815);
#1339=VERTEX_POINT('',#4817);
#1340=VERTEX_POINT('',#4821);
#1341=VERTEX_POINT('',#4828);
#1342=VERTEX_POINT('',#4832);
#1343=VERTEX_POINT('',#4834);
#1344=VERTEX_POINT('',#4836);
#1345=VERTEX_POINT('',#4842);
#1346=VERTEX_POINT('',#4844);
#1347=VERTEX_POINT('',#4848);
#1348=VERTEX_POINT('',#4855);
#1349=VERTEX_POINT('',#4857);
#1350=VERTEX_POINT('',#4861);
#1351=VERTEX_POINT('',#4862);
#1352=VERTEX_POINT('',#4867);
#1353=VERTEX_POINT('',#4874);
#1354=VERTEX_POINT('',#4883);
#1355=VERTEX_POINT('',#4885);
#1356=VERTEX_POINT('',#4887);
#1357=VERTEX_POINT('',#4889);
#1358=VERTEX_POINT('',#4896);
#1359=VERTEX_POINT('',#4900);
#1360=VERTEX_POINT('',#4919);
#1361=VERTEX_POINT('',#4923);
#1362=VERTEX_POINT('',#4934);
#1363=VERTEX_POINT('',#4938);
#1364=VERTEX_POINT('',#4942);
#1365=VERTEX_POINT('',#4944);
#1366=VERTEX_POINT('',#4953);
#1367=VERTEX_POINT('',#4957);
#1368=VERTEX_POINT('',#4972);
#1369=VERTEX_POINT('',#4982);
#1370=VERTEX_POINT('',#4999);
#1371=VERTEX_POINT('',#5022);
#1372=VERTEX_POINT('',#5050);
#1373=VERTEX_POINT('',#5052);
#1374=VERTEX_POINT('',#5056);
#1375=VERTEX_POINT('',#5058);
#1376=EDGE_CURVE('',#1114,#1115,#1106,.F.);
#1377=EDGE_CURVE('',#1115,#1116,#648,.T.);
#1378=EDGE_CURVE('',#1116,#1117,#478,.T.);
#1379=EDGE_CURVE('',#1117,#1114,#649,.T.);
#1380=EDGE_CURVE('',#1118,#1119,#479,.T.);
#1381=EDGE_CURVE('',#1119,#1117,#480,.T.);
#1382=EDGE_CURVE('',#1116,#1118,#481,.T.);
#1383=EDGE_CURVE('',#1120,#1121,#650,.T.);
#1384=EDGE_CURVE('',#1121,#1122,#482,.T.);
#1385=EDGE_CURVE('',#1122,#1123,#651,.T.);
#1386=EDGE_CURVE('',#1123,#1124,#483,.T.);
#1387=EDGE_CURVE('',#1124,#1125,#652,.T.);
#1388=EDGE_CURVE('',#1126,#1125,#484,.T.);
#1389=EDGE_CURVE('',#1127,#1126,#485,.T.);
#1390=EDGE_CURVE('',#1128,#1127,#653,.T.);
#1391=EDGE_CURVE('',#1129,#1128,#486,.T.);
#1392=EDGE_CURVE('',#1130,#1129,#487,.T.);
#1393=EDGE_CURVE('',#1130,#1131,#654,.T.);
#1394=EDGE_CURVE('',#1131,#1132,#488,.T.);
#1395=EDGE_CURVE('',#1132,#1133,#655,.T.);
#1396=EDGE_CURVE('',#1133,#1120,#489,.T.);
#1397=EDGE_CURVE('',#1134,#1134,#490,.F.);
#1398=EDGE_CURVE('',#1135,#1135,#491,.F.);
#1399=EDGE_CURVE('',#1136,#1136,#492,.F.);
#1400=EDGE_CURVE('',#1137,#1137,#493,.F.);
#1401=EDGE_CURVE('',#1138,#1139,#494,.T.);
#1402=EDGE_CURVE('',#1140,#1138,#656,.T.);
#1403=EDGE_CURVE('',#1141,#1140,#495,.T.);
#1404=EDGE_CURVE('',#1142,#1141,#657,.T.);
#1405=EDGE_CURVE('',#1143,#1142,#496,.T.);
#1406=EDGE_CURVE('',#1144,#1143,#658,.T.);
#1407=EDGE_CURVE('',#1145,#1144,#497,.T.);
#1408=EDGE_CURVE('',#1139,#1145,#659,.T.);
#1409=EDGE_CURVE('',#1146,#1147,#660,.T.);
#1410=EDGE_CURVE('',#1148,#1146,#498,.T.);
#1411=EDGE_CURVE('',#1149,#1148,#661,.T.);
#1412=EDGE_CURVE('',#1150,#1149,#499,.T.);
#1413=EDGE_CURVE('',#1151,#1150,#662,.T.);
#1414=EDGE_CURVE('',#1152,#1151,#500,.T.);
#1415=EDGE_CURVE('',#1153,#1152,#663,.T.);
#1416=EDGE_CURVE('',#1147,#1153,#501,.T.);
#1417=EDGE_CURVE('',#1154,#1155,#502,.T.);
#1418=EDGE_CURVE('',#1156,#1154,#664,.T.);
#1419=EDGE_CURVE('',#1157,#1156,#503,.T.);
#1420=EDGE_CURVE('',#1158,#1157,#665,.T.);
#1421=EDGE_CURVE('',#1159,#1158,#504,.T.);
#1422=EDGE_CURVE('',#1160,#1159,#666,.T.);
#1423=EDGE_CURVE('',#1161,#1160,#505,.T.);
#1424=EDGE_CURVE('',#1155,#1161,#667,.T.);
#1425=EDGE_CURVE('',#1114,#1162,#668,.T.);
#1426=EDGE_CURVE('',#1163,#1119,#669,.T.);
#1427=EDGE_CURVE('',#1164,#1163,#670,.T.);
#1428=EDGE_CURVE('',#1165,#1164,#671,.T.);
#1429=EDGE_CURVE('',#1166,#1165,#672,.T.);
#1430=EDGE_CURVE('',#1167,#1166,#506,.T.);
#1431=EDGE_CURVE('',#1168,#1167,#673,.T.);
#1432=EDGE_CURVE('',#1162,#1168,#674,.T.);
#1433=EDGE_CURVE('',#1118,#1169,#675,.T.);
#1434=EDGE_CURVE('',#1169,#1170,#676,.T.);
#1435=EDGE_CURVE('',#1163,#1170,#1107,.T.);
#1436=EDGE_CURVE('',#1162,#1171,#1108,.T.);
#1437=EDGE_CURVE('',#1171,#1115,#677,.T.);
#1438=EDGE_CURVE('',#1172,#1171,#678,.T.);
#1439=EDGE_CURVE('',#1168,#1172,#1109,.T.);
#1440=EDGE_CURVE('',#1173,#1174,#679,.T.);
#1441=EDGE_CURVE('',#1174,#1166,#507,.T.);
#1442=EDGE_CURVE('',#1165,#1173,#1110,.T.);
#1443=EDGE_CURVE('',#1175,#1173,#680,.T.);
#1444=EDGE_CURVE('',#1164,#1175,#1111,.T.);
#1445=EDGE_CURVE('',#1170,#1175,#681,.T.);
#1446=EDGE_CURVE('',#1176,#1167,#508,.T.);
#1447=EDGE_CURVE('',#1174,#1176,#509,.T.);
#1448=EDGE_CURVE('',#1176,#1172,#682,.T.);
#1449=EDGE_CURVE('',#1177,#1178,#683,.T.);
#1450=EDGE_CURVE('',#1177,#1179,#684,.T.);
#1451=EDGE_CURVE('',#1180,#1179,#685,.T.);
#1452=EDGE_CURVE('',#1180,#1181,#686,.T.);
#1453=EDGE_CURVE('',#1181,#1182,#510,.T.);
#1454=EDGE_CURVE('',#1182,#1183,#687,.T.);
#1455=EDGE_CURVE('',#1183,#1178,#511,.T.);
#1456=EDGE_CURVE('',#1184,#1177,#688,.T.);
#1457=EDGE_CURVE('',#1185,#1184,#689,.T.);
#1458=EDGE_CURVE('',#1186,#1185,#512,.T.);
#1459=EDGE_CURVE('',#1186,#1187,#690,.T.);
#1460=EDGE_CURVE('',#1188,#1187,#513,.T.);
#1461=EDGE_CURVE('',#1188,#1189,#691,.T.);
#1462=EDGE_CURVE('',#1190,#1189,#692,.T.);
#1463=EDGE_CURVE('',#1190,#1191,#693,.T.);
#1464=EDGE_CURVE('',#1191,#1192,#694,.T.);
#1465=EDGE_CURVE('',#1192,#1193,#695,.T.);
#1466=EDGE_CURVE('',#1194,#1193,#696,.T.);
#1467=EDGE_CURVE('',#1195,#1194,#697,.T.);
#1468=EDGE_CURVE('',#1196,#1195,#698,.T.);
#1469=EDGE_CURVE('',#1196,#1197,#699,.T.);
#1470=EDGE_CURVE('',#1179,#1197,#700,.T.);
#1471=EDGE_CURVE('',#1198,#1199,#514,.T.);
#1472=EDGE_CURVE('',#1198,#1200,#701,.T.);
#1473=EDGE_CURVE('',#1201,#1200,#515,.T.);
#1474=EDGE_CURVE('',#1199,#1201,#702,.T.);
#1475=EDGE_CURVE('',#1199,#1202,#703,.T.);
#1476=EDGE_CURVE('',#1203,#1201,#704,.T.);
#1477=EDGE_CURVE('',#1202,#1203,#705,.T.);
#1478=EDGE_CURVE('',#1204,#1202,#706,.T.);
#1479=EDGE_CURVE('',#1205,#1204,#707,.T.);
#1480=EDGE_CURVE('',#1199,#1205,#708,.T.);
#1481=EDGE_CURVE('',#1203,#1206,#709,.T.);
#1482=EDGE_CURVE('',#1206,#1207,#516,.T.);
#1483=EDGE_CURVE('',#1207,#1208,#710,.T.);
#1484=EDGE_CURVE('',#1208,#1194,#517,.T.);
#1485=EDGE_CURVE('',#1193,#1209,#711,.T.);
#1486=EDGE_CURVE('',#1209,#1210,#518,.T.);
#1487=EDGE_CURVE('',#1210,#1211,#712,.T.);
#1488=EDGE_CURVE('',#1211,#1212,#519,.T.);
#1489=EDGE_CURVE('',#1212,#1213,#713,.T.);
#1490=EDGE_CURVE('',#1213,#1214,#520,.T.);
#1491=EDGE_CURVE('',#1214,#1215,#714,.T.);
#1492=EDGE_CURVE('',#1215,#1216,#521,.T.);
#1493=EDGE_CURVE('',#1216,#1204,#715,.T.);
#1494=EDGE_CURVE('',#1134,#1217,#716,.T.);
#1495=EDGE_CURVE('',#1217,#1217,#522,.F.);
#1496=EDGE_CURVE('',#1135,#1218,#717,.T.);
#1497=EDGE_CURVE('',#1218,#1218,#523,.F.);
#1498=EDGE_CURVE('',#1136,#1219,#718,.T.);
#1499=EDGE_CURVE('',#1219,#1219,#524,.F.);
#1500=EDGE_CURVE('',#1137,#1220,#719,.T.);
#1501=EDGE_CURVE('',#1220,#1220,#525,.F.);
#1502=EDGE_CURVE('',#1205,#1221,#526,.T.);
#1503=EDGE_CURVE('',#1221,#1198,#720,.T.);
#1504=EDGE_CURVE('',#1222,#1221,#721,.T.);
#1505=EDGE_CURVE('',#1222,#1223,#722,.T.);
#1506=EDGE_CURVE('',#1200,#1223,#723,.T.);
#1507=EDGE_CURVE('',#1222,#1224,#527,.T.);
#1508=EDGE_CURVE('',#1224,#1225,#724,.T.);
#1509=EDGE_CURVE('',#1223,#1225,#528,.T.);
#1510=EDGE_CURVE('',#1226,#1227,#725,.T.);
#1511=EDGE_CURVE('',#1227,#1228,#529,.T.);
#1512=EDGE_CURVE('',#1228,#1229,#726,.T.);
#1513=EDGE_CURVE('',#1229,#1230,#727,.T.);
#1514=EDGE_CURVE('',#1230,#1231,#530,.T.);
#1515=EDGE_CURVE('',#1231,#1232,#728,.T.);
#1516=EDGE_CURVE('',#1232,#1233,#729,.T.);
#1517=EDGE_CURVE('',#1233,#1196,#531,.T.);
#1518=EDGE_CURVE('',#1195,#1234,#532,.T.);
#1519=EDGE_CURVE('',#1234,#1235,#730,.T.);
#1520=EDGE_CURVE('',#1235,#1236,#731,.T.);
#1521=EDGE_CURVE('',#1236,#1237,#533,.T.);
#1522=EDGE_CURVE('',#1237,#1238,#732,.T.);
#1523=EDGE_CURVE('',#1238,#1226,#534,.T.);
#1524=EDGE_CURVE('',#1239,#1239,#535,.T.);
#1525=EDGE_CURVE('',#1240,#1240,#536,.T.);
#1526=EDGE_CURVE('',#1241,#1242,#733,.T.);
#1527=EDGE_CURVE('',#1227,#1241,#734,.T.);
#1528=EDGE_CURVE('',#1226,#1206,#735,.T.);
#1529=EDGE_CURVE('',#1225,#1242,#736,.T.);
#1530=EDGE_CURVE('',#1240,#1243,#737,.T.);
#1531=EDGE_CURVE('',#1243,#1243,#537,.T.);
#1532=EDGE_CURVE('',#1239,#1244,#738,.T.);
#1533=EDGE_CURVE('',#1244,#1244,#538,.T.);
#1534=EDGE_CURVE('',#1183,#1245,#739,.T.);
#1535=EDGE_CURVE('',#1246,#1245,#539,.T.);
#1536=EDGE_CURVE('',#1246,#1247,#740,.T.);
#1537=EDGE_CURVE('',#1178,#1247,#540,.T.);
#1538=EDGE_CURVE('',#1248,#1182,#741,.T.);
#1539=EDGE_CURVE('',#1245,#1248,#742,.T.);
#1540=EDGE_CURVE('',#1181,#1130,#743,.T.);
#1541=EDGE_CURVE('',#1129,#1248,#541,.T.);
#1542=EDGE_CURVE('',#1249,#1180,#744,.T.);
#1543=EDGE_CURVE('',#1131,#1249,#745,.T.);
#1544=EDGE_CURVE('',#1197,#1250,#542,.T.);
#1545=EDGE_CURVE('',#1250,#1251,#746,.T.);
#1546=EDGE_CURVE('',#1251,#1241,#543,.T.);
#1547=EDGE_CURVE('',#1242,#1252,#747,.T.);
#1548=EDGE_CURVE('',#1252,#1253,#748,.T.);
#1549=EDGE_CURVE('',#1253,#1254,#544,.T.);
#1550=EDGE_CURVE('',#1254,#1255,#749,.T.);
#1551=EDGE_CURVE('',#1255,#1249,#545,.T.);
#1552=EDGE_CURVE('',#1256,#1257,#546,.T.);
#1553=EDGE_CURVE('',#1256,#1192,#750,.T.);
#1554=EDGE_CURVE('',#1258,#1191,#751,.T.);
#1555=EDGE_CURVE('',#1257,#1258,#752,.T.);
#1556=EDGE_CURVE('',#1209,#1256,#1112,.T.);
#1557=EDGE_CURVE('',#1259,#1190,#753,.T.);
#1558=EDGE_CURVE('',#1258,#1259,#754,.T.);
#1559=EDGE_CURVE('',#1257,#1260,#755,.T.);
#1560=EDGE_CURVE('',#1260,#1261,#547,.F.);
#1561=EDGE_CURVE('',#1261,#1210,#756,.T.);
#1562=EDGE_CURVE('',#1262,#1259,#757,.T.);
#1563=EDGE_CURVE('',#1263,#1262,#758,.T.);
#1564=EDGE_CURVE('',#1264,#1263,#548,.T.);
#1565=EDGE_CURVE('',#1265,#1264,#759,.T.);
#1566=EDGE_CURVE('',#1266,#1265,#549,.T.);
#1567=EDGE_CURVE('',#1266,#1267,#760,.T.);
#1568=EDGE_CURVE('',#1247,#1267,#761,.T.);
#1569=EDGE_CURVE('',#1260,#1246,#762,.T.);
#1570=EDGE_CURVE('',#1189,#1262,#763,.T.);
#1571=EDGE_CURVE('',#1185,#1266,#764,.T.);
#1572=EDGE_CURVE('',#1267,#1184,#765,.T.);
#1573=EDGE_CURVE('',#1263,#1188,#766,.T.);
#1574=EDGE_CURVE('',#1122,#1215,#767,.T.);
#1575=EDGE_CURVE('',#1121,#1216,#768,.T.);
#1576=EDGE_CURVE('',#1123,#1214,#769,.T.);
#1577=EDGE_CURVE('',#1124,#1213,#770,.T.);
#1578=EDGE_CURVE('',#1125,#1212,#771,.T.);
#1579=EDGE_CURVE('',#1211,#1268,#772,.T.);
#1580=EDGE_CURVE('',#1268,#1126,#550,.T.);
#1581=EDGE_CURVE('',#1268,#1261,#773,.T.);
#1582=EDGE_CURVE('',#1133,#1254,#774,.T.);
#1583=EDGE_CURVE('',#1132,#1255,#775,.T.);
#1584=EDGE_CURVE('',#1120,#1253,#776,.T.);
#1585=EDGE_CURVE('',#1224,#1252,#777,.T.);
#1586=EDGE_CURVE('',#1228,#1251,#778,.T.);
#1587=EDGE_CURVE('',#1233,#1250,#779,.T.);
#1588=EDGE_CURVE('',#1232,#1269,#780,.T.);
#1589=EDGE_CURVE('',#1270,#1269,#781,.T.);
#1590=EDGE_CURVE('',#1229,#1270,#782,.T.);
#1591=EDGE_CURVE('',#1234,#1208,#783,.T.);
#1592=EDGE_CURVE('',#1271,#1207,#784,.T.);
#1593=EDGE_CURVE('',#1272,#1271,#785,.T.);
#1594=EDGE_CURVE('',#1235,#1272,#786,.T.);
#1595=EDGE_CURVE('',#1238,#1271,#787,.T.);
#1596=EDGE_CURVE('',#1273,#1158,#551,.T.);
#1597=EDGE_CURVE('',#1274,#1273,#552,.F.);
#1598=EDGE_CURVE('',#1159,#1274,#553,.T.);
#1599=EDGE_CURVE('',#1275,#1276,#554,.F.);
#1600=EDGE_CURVE('',#1161,#1275,#555,.T.);
#1601=EDGE_CURVE('',#1276,#1160,#556,.T.);
#1602=EDGE_CURVE('',#1277,#1278,#557,.F.);
#1603=EDGE_CURVE('',#1157,#1277,#558,.T.);
#1604=EDGE_CURVE('',#1278,#1156,#559,.T.);
#1605=EDGE_CURVE('',#1277,#1273,#788,.T.);
#1606=EDGE_CURVE('',#1279,#1280,#560,.F.);
#1607=EDGE_CURVE('',#1154,#1279,#561,.T.);
#1608=EDGE_CURVE('',#1280,#1155,#562,.T.);
#1609=EDGE_CURVE('',#1279,#1278,#789,.T.);
#1610=EDGE_CURVE('',#1275,#1280,#790,.T.);
#1611=EDGE_CURVE('',#1281,#1282,#563,.T.);
#1612=EDGE_CURVE('',#1281,#1279,#791,.T.);
#1613=EDGE_CURVE('',#1280,#1282,#792,.T.);
#1614=EDGE_CURVE('',#1283,#1284,#564,.T.);
#1615=EDGE_CURVE('',#1283,#1277,#793,.T.);
#1616=EDGE_CURVE('',#1278,#1284,#794,.T.);
#1617=EDGE_CURVE('',#1274,#1276,#795,.T.);
#1618=EDGE_CURVE('',#1285,#1286,#565,.T.);
#1619=EDGE_CURVE('',#1285,#1275,#796,.T.);
#1620=EDGE_CURVE('',#1276,#1286,#797,.T.);
#1621=EDGE_CURVE('',#1287,#1288,#566,.T.);
#1622=EDGE_CURVE('',#1287,#1274,#798,.T.);
#1623=EDGE_CURVE('',#1273,#1288,#799,.T.);
#1624=EDGE_CURVE('',#1285,#1282,#800,.T.);
#1625=EDGE_CURVE('',#1287,#1286,#801,.T.);
#1626=EDGE_CURVE('',#1283,#1288,#802,.T.);
#1627=EDGE_CURVE('',#1281,#1284,#803,.T.);
#1628=EDGE_CURVE('',#1289,#1290,#567,.F.);
#1629=EDGE_CURVE('',#1143,#1289,#568,.T.);
#1630=EDGE_CURVE('',#1290,#1142,#569,.T.);
#1631=EDGE_CURVE('',#1291,#1292,#570,.F.);
#1632=EDGE_CURVE('',#1145,#1291,#571,.T.);
#1633=EDGE_CURVE('',#1292,#1144,#572,.T.);
#1634=EDGE_CURVE('',#1293,#1294,#573,.F.);
#1635=EDGE_CURVE('',#1141,#1293,#574,.T.);
#1636=EDGE_CURVE('',#1294,#1140,#575,.T.);
#1637=EDGE_CURVE('',#1293,#1290,#804,.T.);
#1638=EDGE_CURVE('',#1295,#1139,#576,.T.);
#1639=EDGE_CURVE('',#1296,#1295,#577,.F.);
#1640=EDGE_CURVE('',#1138,#1296,#578,.T.);
#1641=EDGE_CURVE('',#1291,#1295,#805,.T.);
#1642=EDGE_CURVE('',#1297,#1298,#579,.T.);
#1643=EDGE_CURVE('',#1297,#1296,#806,.T.);
#1644=EDGE_CURVE('',#1295,#1298,#807,.T.);
#1645=EDGE_CURVE('',#1296,#1294,#808,.T.);
#1646=EDGE_CURVE('',#1299,#1300,#580,.T.);
#1647=EDGE_CURVE('',#1299,#1293,#809,.T.);
#1648=EDGE_CURVE('',#1294,#1300,#810,.T.);
#1649=EDGE_CURVE('',#1289,#1292,#811,.T.);
#1650=EDGE_CURVE('',#1301,#1302,#581,.T.);
#1651=EDGE_CURVE('',#1301,#1291,#812,.T.);
#1652=EDGE_CURVE('',#1292,#1302,#813,.T.);
#1653=EDGE_CURVE('',#1303,#1304,#582,.T.);
#1654=EDGE_CURVE('',#1303,#1289,#814,.T.);
#1655=EDGE_CURVE('',#1290,#1304,#815,.T.);
#1656=EDGE_CURVE('',#1301,#1298,#816,.T.);
#1657=EDGE_CURVE('',#1303,#1302,#817,.T.);
#1658=EDGE_CURVE('',#1299,#1304,#818,.T.);
#1659=EDGE_CURVE('',#1297,#1300,#819,.T.);
#1660=EDGE_CURVE('',#1305,#1306,#583,.T.);
#1661=EDGE_CURVE('',#1305,#1307,#820,.T.);
#1662=EDGE_CURVE('',#1307,#1308,#584,.T.);
#1663=EDGE_CURVE('',#1308,#1309,#821,.T.);
#1664=EDGE_CURVE('',#1306,#1309,#20,.T.);
#1665=EDGE_CURVE('',#1310,#1311,#585,.T.);
#1666=EDGE_CURVE('',#1311,#1308,#586,.T.);
#1667=EDGE_CURVE('',#1307,#1310,#587,.T.);
#1668=EDGE_CURVE('',#1312,#1313,#21,.T.);
#1669=EDGE_CURVE('',#1312,#1311,#822,.T.);
#1670=EDGE_CURVE('',#1310,#1314,#823,.T.);
#1671=EDGE_CURVE('',#1313,#1314,#588,.T.);
#1672=EDGE_CURVE('',#1315,#1306,#589,.T.);
#1673=EDGE_CURVE('',#1316,#1315,#824,.T.);
#1674=EDGE_CURVE('',#1316,#1317,#825,.T.);
#1675=EDGE_CURVE('',#1317,#1305,#826,.T.);
#1676=EDGE_CURVE('',#1309,#1318,#22,.F.);
#1677=EDGE_CURVE('',#1318,#1319,#590,.T.);
#1678=EDGE_CURVE('',#1315,#1319,#591,.T.);
#1679=EDGE_CURVE('',#1308,#1320,#827,.T.);
#1680=EDGE_CURVE('',#1321,#1320,#828,.T.);
#1681=EDGE_CURVE('',#1322,#1321,#829,.T.);
#1682=EDGE_CURVE('',#1323,#1322,#830,.T.);
#1683=EDGE_CURVE('',#1324,#1323,#23,.F.);
#1684=EDGE_CURVE('',#1318,#1324,#831,.T.);
#1685=EDGE_CURVE('',#1311,#1325,#832,.T.);
#1686=EDGE_CURVE('',#1320,#1325,#592,.T.);
#1687=EDGE_CURVE('',#1326,#1312,#24,.F.);
#1688=EDGE_CURVE('',#1327,#1326,#833,.T.);
#1689=EDGE_CURVE('',#1327,#1328,#834,.T.);
#1690=EDGE_CURVE('',#1325,#1328,#835,.T.);
#1691=EDGE_CURVE('',#1329,#1330,#593,.T.);
#1692=EDGE_CURVE('',#1329,#1331,#836,.T.);
#1693=EDGE_CURVE('',#1331,#1332,#594,.T.);
#1694=EDGE_CURVE('',#1332,#1333,#837,.T.);
#1695=EDGE_CURVE('',#1330,#1333,#25,.T.);
#1696=EDGE_CURVE('',#1334,#1322,#595,.T.);
#1697=EDGE_CURVE('',#1322,#1332,#596,.T.);
#1698=EDGE_CURVE('',#1331,#1334,#597,.T.);
#1699=EDGE_CURVE('',#1323,#1335,#26,.T.);
#1700=EDGE_CURVE('',#1334,#1336,#838,.T.);
#1701=EDGE_CURVE('',#1335,#1336,#598,.T.);
#1702=EDGE_CURVE('',#1337,#1330,#599,.T.);
#1703=EDGE_CURVE('',#1338,#1337,#839,.T.);
#1704=EDGE_CURVE('',#1338,#1339,#840,.T.);
#1705=EDGE_CURVE('',#1339,#1329,#841,.T.);
#1706=EDGE_CURVE('',#1333,#1340,#27,.F.);
#1707=EDGE_CURVE('',#1340,#1341,#600,.T.);
#1708=EDGE_CURVE('',#1337,#1341,#601,.T.);
#1709=EDGE_CURVE('',#1332,#1342,#842,.T.);
#1710=EDGE_CURVE('',#1343,#1342,#843,.T.);
#1711=EDGE_CURVE('',#1344,#1343,#844,.T.);
#1712=EDGE_CURVE('',#1340,#1344,#845,.T.);
#1713=EDGE_CURVE('',#1342,#1321,#602,.T.);
#1714=EDGE_CURVE('',#1335,#1345,#603,.T.);
#1715=EDGE_CURVE('',#1345,#1346,#604,.T.);
#1716=EDGE_CURVE('',#1346,#1324,#605,.T.);
#1717=EDGE_CURVE('',#1338,#1347,#1113,.F.);
#1718=EDGE_CURVE('',#1347,#1346,#846,.T.);
#1719=EDGE_CURVE('',#1345,#1338,#847,.T.);
#1720=EDGE_CURVE('',#1336,#1339,#848,.T.);
#1721=EDGE_CURVE('',#1313,#1348,#606,.T.);
#1722=EDGE_CURVE('',#1348,#1349,#607,.T.);
#1723=EDGE_CURVE('',#1349,#1326,#608,.T.);
#1724=EDGE_CURVE('',#1350,#1351,#609,.T.);
#1725=EDGE_CURVE('',#1351,#1349,#849,.T.);
#1726=EDGE_CURVE('',#1348,#1350,#850,.T.);
#1727=EDGE_CURVE('',#1316,#1352,#610,.T.);
#1728=EDGE_CURVE('',#1352,#1351,#611,.T.);
#1729=EDGE_CURVE('',#1350,#1316,#612,.T.);
#1730=EDGE_CURVE('',#1319,#1352,#851,.T.);
#1731=EDGE_CURVE('',#1350,#1353,#852,.T.);
#1732=EDGE_CURVE('',#1353,#1317,#613,.T.);
#1733=EDGE_CURVE('',#1314,#1353,#853,.T.);
#1734=EDGE_CURVE('',#1346,#1319,#854,.T.);
#1735=EDGE_CURVE('',#1341,#1347,#855,.T.);
#1736=EDGE_CURVE('',#1354,#1341,#856,.T.);
#1737=EDGE_CURVE('',#1355,#1354,#614,.T.);
#1738=EDGE_CURVE('',#1356,#1355,#857,.T.);
#1739=EDGE_CURVE('',#1357,#1356,#615,.T.);
#1740=EDGE_CURVE('',#1349,#1357,#858,.T.);
#1741=EDGE_CURVE('',#1357,#1327,#616,.T.);
#1742=EDGE_CURVE('',#1356,#1358,#617,.T.);
#1743=EDGE_CURVE('',#1358,#1327,#618,.T.);
#1744=EDGE_CURVE('',#1355,#1359,#619,.T.);
#1745=EDGE_CURVE('',#1359,#1358,#859,.T.);
#1746=EDGE_CURVE('',#1354,#1344,#620,.T.);
#1747=EDGE_CURVE('',#1344,#1359,#621,.T.);
#1748=EDGE_CURVE('',#1147,#1343,#622,.T.);
#1749=EDGE_CURVE('',#1342,#1146,#623,.T.);
#1750=EDGE_CURVE('',#1321,#1148,#624,.T.);
#1751=EDGE_CURVE('',#1320,#1149,#625,.T.);
#1752=EDGE_CURVE('',#1325,#1150,#626,.T.);
#1753=EDGE_CURVE('',#1328,#1151,#627,.T.);
#1754=EDGE_CURVE('',#1360,#1152,#628,.T.);
#1755=EDGE_CURVE('',#1328,#1360,#629,.T.);
#1756=EDGE_CURVE('',#1361,#1153,#630,.T.);
#1757=EDGE_CURVE('',#1360,#1361,#860,.T.);
#1758=EDGE_CURVE('',#1361,#1343,#631,.T.);
#1759=EDGE_CURVE('',#1187,#1264,#861,.T.);
#1760=EDGE_CURVE('',#1265,#1186,#862,.T.);
#1761=EDGE_CURVE('',#1245,#1362,#632,.T.);
#1762=EDGE_CURVE('',#1362,#1246,#633,.T.);
#1763=EDGE_CURVE('',#1362,#1363,#863,.T.);
#1764=EDGE_CURVE('',#1363,#1260,#634,.F.);
#1765=EDGE_CURVE('',#1364,#1248,#635,.T.);
#1766=EDGE_CURVE('',#1365,#1364,#28,.T.);
#1767=EDGE_CURVE('',#1365,#1366,#636,.T.);
#1768=EDGE_CURVE('',#1366,#1362,#864,.T.);
#1769=EDGE_CURVE('',#1367,#1126,#29,.F.);
#1770=EDGE_CURVE('',#1268,#1367,#637,.T.);
#1771=EDGE_CURVE('',#1367,#1368,#30,.T.);
#1772=EDGE_CURVE('',#1261,#1363,#638,.F.);
#1773=EDGE_CURVE('',#1363,#1369,#865,.T.);
#1774=EDGE_CURVE('',#1369,#1368,#639,.T.);
#1775=EDGE_CURVE('',#1364,#1129,#31,.T.);
#1776=EDGE_CURVE('',#1128,#1370,#640,.T.);
#1777=EDGE_CURVE('',#1370,#1365,#641,.T.);
#1778=EDGE_CURVE('',#1127,#1371,#642,.T.);
#1779=EDGE_CURVE('',#1371,#1370,#32,.T.);
#1780=EDGE_CURVE('',#1368,#1371,#643,.T.);
#1781=EDGE_CURVE('',#1371,#1369,#644,.T.);
#1782=EDGE_CURVE('',#1369,#1366,#866,.T.);
#1783=EDGE_CURVE('',#1366,#1370,#645,.T.);
#1784=EDGE_CURVE('',#1358,#1360,#867,.T.);
#1785=EDGE_CURVE('',#1359,#1361,#868,.T.);
#1786=EDGE_CURVE('',#1271,#1372,#869,.T.);
#1787=EDGE_CURVE('',#1372,#1373,#646,.T.);
#1788=EDGE_CURVE('',#1373,#1272,#870,.T.);
#1789=EDGE_CURVE('',#1269,#1374,#871,.T.);
#1790=EDGE_CURVE('',#1374,#1375,#647,.T.);
#1791=EDGE_CURVE('',#1375,#1270,#872,.T.);
#1792=EDGE_CURVE('',#1236,#1373,#873,.T.);
#1793=EDGE_CURVE('',#1237,#1372,#874,.T.);
#1794=EDGE_CURVE('',#1230,#1375,#875,.T.);
#1795=EDGE_CURVE('',#1231,#1374,#876,.T.);
#1796=ORIENTED_EDGE('',*,*,#1376,.T.);
#1797=ORIENTED_EDGE('',*,*,#1377,.T.);
#1798=ORIENTED_EDGE('',*,*,#1378,.T.);
#1799=ORIENTED_EDGE('',*,*,#1379,.T.);
#1800=ORIENTED_EDGE('',*,*,#1380,.T.);
#1801=ORIENTED_EDGE('',*,*,#1381,.T.);
#1802=ORIENTED_EDGE('',*,*,#1378,.F.);
#1803=ORIENTED_EDGE('',*,*,#1382,.T.);
#1804=ORIENTED_EDGE('',*,*,#1383,.T.);
#1805=ORIENTED_EDGE('',*,*,#1384,.T.);
#1806=ORIENTED_EDGE('',*,*,#1385,.T.);
#1807=ORIENTED_EDGE('',*,*,#1386,.T.);
#1808=ORIENTED_EDGE('',*,*,#1387,.T.);
#1809=ORIENTED_EDGE('',*,*,#1388,.F.);
#1810=ORIENTED_EDGE('',*,*,#1389,.F.);
#1811=ORIENTED_EDGE('',*,*,#1390,.F.);
#1812=ORIENTED_EDGE('',*,*,#1391,.F.);
#1813=ORIENTED_EDGE('',*,*,#1392,.F.);
#1814=ORIENTED_EDGE('',*,*,#1393,.T.);
#1815=ORIENTED_EDGE('',*,*,#1394,.T.);
#1816=ORIENTED_EDGE('',*,*,#1395,.T.);
#1817=ORIENTED_EDGE('',*,*,#1396,.T.);
#1818=ORIENTED_EDGE('',*,*,#1397,.T.);
#1819=ORIENTED_EDGE('',*,*,#1398,.T.);
#1820=ORIENTED_EDGE('',*,*,#1399,.T.);
#1821=ORIENTED_EDGE('',*,*,#1400,.T.);
#1822=ORIENTED_EDGE('',*,*,#1401,.F.);
#1823=ORIENTED_EDGE('',*,*,#1402,.F.);
#1824=ORIENTED_EDGE('',*,*,#1403,.F.);
#1825=ORIENTED_EDGE('',*,*,#1404,.F.);
#1826=ORIENTED_EDGE('',*,*,#1405,.F.);
#1827=ORIENTED_EDGE('',*,*,#1406,.F.);
#1828=ORIENTED_EDGE('',*,*,#1407,.F.);
#1829=ORIENTED_EDGE('',*,*,#1408,.F.);
#1830=ORIENTED_EDGE('',*,*,#1409,.F.);
#1831=ORIENTED_EDGE('',*,*,#1410,.F.);
#1832=ORIENTED_EDGE('',*,*,#1411,.F.);
#1833=ORIENTED_EDGE('',*,*,#1412,.F.);
#1834=ORIENTED_EDGE('',*,*,#1413,.F.);
#1835=ORIENTED_EDGE('',*,*,#1414,.F.);
#1836=ORIENTED_EDGE('',*,*,#1415,.F.);
#1837=ORIENTED_EDGE('',*,*,#1416,.F.);
#1838=ORIENTED_EDGE('',*,*,#1417,.F.);
#1839=ORIENTED_EDGE('',*,*,#1418,.F.);
#1840=ORIENTED_EDGE('',*,*,#1419,.F.);
#1841=ORIENTED_EDGE('',*,*,#1420,.F.);
#1842=ORIENTED_EDGE('',*,*,#1421,.F.);
#1843=ORIENTED_EDGE('',*,*,#1422,.F.);
#1844=ORIENTED_EDGE('',*,*,#1423,.F.);
#1845=ORIENTED_EDGE('',*,*,#1424,.F.);
#1846=ORIENTED_EDGE('',*,*,#1425,.F.);
#1847=ORIENTED_EDGE('',*,*,#1379,.F.);
#1848=ORIENTED_EDGE('',*,*,#1381,.F.);
#1849=ORIENTED_EDGE('',*,*,#1426,.F.);
#1850=ORIENTED_EDGE('',*,*,#1427,.F.);
#1851=ORIENTED_EDGE('',*,*,#1428,.F.);
#1852=ORIENTED_EDGE('',*,*,#1429,.F.);
#1853=ORIENTED_EDGE('',*,*,#1430,.F.);
#1854=ORIENTED_EDGE('',*,*,#1431,.F.);
#1855=ORIENTED_EDGE('',*,*,#1432,.F.);
#1856=ORIENTED_EDGE('',*,*,#1380,.F.);
#1857=ORIENTED_EDGE('',*,*,#1433,.T.);
#1858=ORIENTED_EDGE('',*,*,#1434,.T.);
#1859=ORIENTED_EDGE('',*,*,#1435,.F.);
#1860=ORIENTED_EDGE('',*,*,#1426,.T.);
#1861=ORIENTED_EDGE('',*,*,#1425,.T.);
#1862=ORIENTED_EDGE('',*,*,#1436,.T.);
#1863=ORIENTED_EDGE('',*,*,#1437,.T.);
#1864=ORIENTED_EDGE('',*,*,#1376,.F.);
#1865=ORIENTED_EDGE('',*,*,#1438,.T.);
#1866=ORIENTED_EDGE('',*,*,#1436,.F.);
#1867=ORIENTED_EDGE('',*,*,#1432,.T.);
#1868=ORIENTED_EDGE('',*,*,#1439,.T.);
#1869=ORIENTED_EDGE('',*,*,#1440,.T.);
#1870=ORIENTED_EDGE('',*,*,#1441,.T.);
#1871=ORIENTED_EDGE('',*,*,#1429,.T.);
#1872=ORIENTED_EDGE('',*,*,#1442,.T.);
#1873=ORIENTED_EDGE('',*,*,#1443,.T.);
#1874=ORIENTED_EDGE('',*,*,#1442,.F.);
#1875=ORIENTED_EDGE('',*,*,#1428,.T.);
#1876=ORIENTED_EDGE('',*,*,#1444,.T.);
#1877=ORIENTED_EDGE('',*,*,#1427,.T.);
#1878=ORIENTED_EDGE('',*,*,#1435,.T.);
#1879=ORIENTED_EDGE('',*,*,#1445,.T.);
#1880=ORIENTED_EDGE('',*,*,#1444,.F.);
#1881=ORIENTED_EDGE('',*,*,#1446,.T.);
#1882=ORIENTED_EDGE('',*,*,#1430,.T.);
#1883=ORIENTED_EDGE('',*,*,#1441,.F.);
#1884=ORIENTED_EDGE('',*,*,#1447,.T.);
#1885=ORIENTED_EDGE('',*,*,#1431,.T.);
#1886=ORIENTED_EDGE('',*,*,#1446,.F.);
#1887=ORIENTED_EDGE('',*,*,#1448,.T.);
#1888=ORIENTED_EDGE('',*,*,#1439,.F.);
#1889=ORIENTED_EDGE('',*,*,#1449,.F.);
#1890=ORIENTED_EDGE('',*,*,#1450,.T.);
#1891=ORIENTED_EDGE('',*,*,#1451,.F.);
#1892=ORIENTED_EDGE('',*,*,#1452,.T.);
#1893=ORIENTED_EDGE('',*,*,#1453,.T.);
#1894=ORIENTED_EDGE('',*,*,#1454,.T.);
#1895=ORIENTED_EDGE('',*,*,#1455,.T.);
#1896=ORIENTED_EDGE('',*,*,#1456,.F.);
#1897=ORIENTED_EDGE('',*,*,#1457,.F.);
#1898=ORIENTED_EDGE('',*,*,#1458,.F.);
#1899=ORIENTED_EDGE('',*,*,#1459,.T.);
#1900=ORIENTED_EDGE('',*,*,#1460,.F.);
#1901=ORIENTED_EDGE('',*,*,#1461,.T.);
#1902=ORIENTED_EDGE('',*,*,#1462,.F.);
#1903=ORIENTED_EDGE('',*,*,#1463,.T.);
#1904=ORIENTED_EDGE('',*,*,#1464,.T.);
#1905=ORIENTED_EDGE('',*,*,#1465,.T.);
#1906=ORIENTED_EDGE('',*,*,#1466,.F.);
#1907=ORIENTED_EDGE('',*,*,#1467,.F.);
#1908=ORIENTED_EDGE('',*,*,#1468,.F.);
#1909=ORIENTED_EDGE('',*,*,#1469,.T.);
#1910=ORIENTED_EDGE('',*,*,#1470,.F.);
#1911=ORIENTED_EDGE('',*,*,#1450,.F.);
#1912=ORIENTED_EDGE('',*,*,#1471,.F.);
#1913=ORIENTED_EDGE('',*,*,#1472,.T.);
#1914=ORIENTED_EDGE('',*,*,#1473,.F.);
#1915=ORIENTED_EDGE('',*,*,#1474,.F.);
#1916=ORIENTED_EDGE('',*,*,#1475,.F.);
#1917=ORIENTED_EDGE('',*,*,#1474,.T.);
#1918=ORIENTED_EDGE('',*,*,#1476,.F.);
#1919=ORIENTED_EDGE('',*,*,#1477,.F.);
#1920=ORIENTED_EDGE('',*,*,#1475,.T.);
#1921=ORIENTED_EDGE('',*,*,#1478,.F.);
#1922=ORIENTED_EDGE('',*,*,#1479,.F.);
#1923=ORIENTED_EDGE('',*,*,#1480,.F.);
#1924=ORIENTED_EDGE('',*,*,#1481,.T.);
#1925=ORIENTED_EDGE('',*,*,#1482,.T.);
#1926=ORIENTED_EDGE('',*,*,#1483,.T.);
#1927=ORIENTED_EDGE('',*,*,#1484,.T.);
#1928=ORIENTED_EDGE('',*,*,#1466,.T.);
#1929=ORIENTED_EDGE('',*,*,#1485,.T.);
#1930=ORIENTED_EDGE('',*,*,#1486,.T.);
#1931=ORIENTED_EDGE('',*,*,#1487,.T.);
#1932=ORIENTED_EDGE('',*,*,#1488,.T.);
#1933=ORIENTED_EDGE('',*,*,#1489,.T.);
#1934=ORIENTED_EDGE('',*,*,#1490,.T.);
#1935=ORIENTED_EDGE('',*,*,#1491,.T.);
#1936=ORIENTED_EDGE('',*,*,#1492,.T.);
#1937=ORIENTED_EDGE('',*,*,#1493,.T.);
#1938=ORIENTED_EDGE('',*,*,#1478,.T.);
#1939=ORIENTED_EDGE('',*,*,#1477,.T.);
#1940=ORIENTED_EDGE('',*,*,#1445,.F.);
#1941=ORIENTED_EDGE('',*,*,#1434,.F.);
#1942=ORIENTED_EDGE('',*,*,#1433,.F.);
#1943=ORIENTED_EDGE('',*,*,#1382,.F.);
#1944=ORIENTED_EDGE('',*,*,#1377,.F.);
#1945=ORIENTED_EDGE('',*,*,#1437,.F.);
#1946=ORIENTED_EDGE('',*,*,#1438,.F.);
#1947=ORIENTED_EDGE('',*,*,#1448,.F.);
#1948=ORIENTED_EDGE('',*,*,#1447,.F.);
#1949=ORIENTED_EDGE('',*,*,#1440,.F.);
#1950=ORIENTED_EDGE('',*,*,#1443,.F.);
#1951=ORIENTED_EDGE('',*,*,#1397,.F.);
#1952=ORIENTED_EDGE('',*,*,#1494,.T.);
#1953=ORIENTED_EDGE('',*,*,#1495,.T.);
#1954=ORIENTED_EDGE('',*,*,#1494,.F.);
#1955=ORIENTED_EDGE('',*,*,#1398,.F.);
#1956=ORIENTED_EDGE('',*,*,#1496,.T.);
#1957=ORIENTED_EDGE('',*,*,#1497,.T.);
#1958=ORIENTED_EDGE('',*,*,#1496,.F.);
#1959=ORIENTED_EDGE('',*,*,#1399,.F.);
#1960=ORIENTED_EDGE('',*,*,#1498,.T.);
#1961=ORIENTED_EDGE('',*,*,#1499,.T.);
#1962=ORIENTED_EDGE('',*,*,#1498,.F.);
#1963=ORIENTED_EDGE('',*,*,#1400,.F.);
#1964=ORIENTED_EDGE('',*,*,#1500,.T.);
#1965=ORIENTED_EDGE('',*,*,#1501,.T.);
#1966=ORIENTED_EDGE('',*,*,#1500,.F.);
#1967=ORIENTED_EDGE('',*,*,#1471,.T.);
#1968=ORIENTED_EDGE('',*,*,#1480,.T.);
#1969=ORIENTED_EDGE('',*,*,#1502,.T.);
#1970=ORIENTED_EDGE('',*,*,#1503,.T.);
#1971=ORIENTED_EDGE('',*,*,#1503,.F.);
#1972=ORIENTED_EDGE('',*,*,#1504,.F.);
#1973=ORIENTED_EDGE('',*,*,#1505,.T.);
#1974=ORIENTED_EDGE('',*,*,#1506,.F.);
#1975=ORIENTED_EDGE('',*,*,#1472,.F.);
#1976=ORIENTED_EDGE('',*,*,#1505,.F.);
#1977=ORIENTED_EDGE('',*,*,#1507,.T.);
#1978=ORIENTED_EDGE('',*,*,#1508,.T.);
#1979=ORIENTED_EDGE('',*,*,#1509,.F.);
#1980=ORIENTED_EDGE('',*,*,#1510,.T.);
#1981=ORIENTED_EDGE('',*,*,#1511,.T.);
#1982=ORIENTED_EDGE('',*,*,#1512,.T.);
#1983=ORIENTED_EDGE('',*,*,#1513,.T.);
#1984=ORIENTED_EDGE('',*,*,#1514,.T.);
#1985=ORIENTED_EDGE('',*,*,#1515,.T.);
#1986=ORIENTED_EDGE('',*,*,#1516,.T.);
#1987=ORIENTED_EDGE('',*,*,#1517,.T.);
#1988=ORIENTED_EDGE('',*,*,#1468,.T.);
#1989=ORIENTED_EDGE('',*,*,#1518,.T.);
#1990=ORIENTED_EDGE('',*,*,#1519,.T.);
#1991=ORIENTED_EDGE('',*,*,#1520,.T.);
#1992=ORIENTED_EDGE('',*,*,#1521,.T.);
#1993=ORIENTED_EDGE('',*,*,#1522,.T.);
#1994=ORIENTED_EDGE('',*,*,#1523,.T.);
#1995=ORIENTED_EDGE('',*,*,#1495,.F.);
#1996=ORIENTED_EDGE('',*,*,#1497,.F.);
#1997=ORIENTED_EDGE('',*,*,#1499,.F.);
#1998=ORIENTED_EDGE('',*,*,#1501,.F.);
#1999=ORIENTED_EDGE('',*,*,#1524,.T.);
#2000=ORIENTED_EDGE('',*,*,#1525,.T.);
#2001=ORIENTED_EDGE('',*,*,#1526,.F.);
#2002=ORIENTED_EDGE('',*,*,#1527,.F.);
#2003=ORIENTED_EDGE('',*,*,#1510,.F.);
#2004=ORIENTED_EDGE('',*,*,#1528,.T.);
#2005=ORIENTED_EDGE('',*,*,#1481,.F.);
#2006=ORIENTED_EDGE('',*,*,#1476,.T.);
#2007=ORIENTED_EDGE('',*,*,#1473,.T.);
#2008=ORIENTED_EDGE('',*,*,#1506,.T.);
#2009=ORIENTED_EDGE('',*,*,#1509,.T.);
#2010=ORIENTED_EDGE('',*,*,#1529,.T.);
#2011=ORIENTED_EDGE('',*,*,#1525,.F.);
#2012=ORIENTED_EDGE('',*,*,#1530,.T.);
#2013=ORIENTED_EDGE('',*,*,#1531,.F.);
#2014=ORIENTED_EDGE('',*,*,#1530,.F.);
#2015=ORIENTED_EDGE('',*,*,#1524,.F.);
#2016=ORIENTED_EDGE('',*,*,#1532,.T.);
#2017=ORIENTED_EDGE('',*,*,#1533,.F.);
#2018=ORIENTED_EDGE('',*,*,#1532,.F.);
#2019=ORIENTED_EDGE('',*,*,#1455,.F.);
#2020=ORIENTED_EDGE('',*,*,#1534,.T.);
#2021=ORIENTED_EDGE('',*,*,#1535,.F.);
#2022=ORIENTED_EDGE('',*,*,#1536,.T.);
#2023=ORIENTED_EDGE('',*,*,#1537,.F.);
#2024=ORIENTED_EDGE('',*,*,#1538,.F.);
#2025=ORIENTED_EDGE('',*,*,#1539,.F.);
#2026=ORIENTED_EDGE('',*,*,#1534,.F.);
#2027=ORIENTED_EDGE('',*,*,#1454,.F.);
#2028=ORIENTED_EDGE('',*,*,#1540,.T.);
#2029=ORIENTED_EDGE('',*,*,#1392,.T.);
#2030=ORIENTED_EDGE('',*,*,#1541,.T.);
#2031=ORIENTED_EDGE('',*,*,#1538,.T.);
#2032=ORIENTED_EDGE('',*,*,#1453,.F.);
#2033=ORIENTED_EDGE('',*,*,#1542,.F.);
#2034=ORIENTED_EDGE('',*,*,#1543,.F.);
#2035=ORIENTED_EDGE('',*,*,#1393,.F.);
#2036=ORIENTED_EDGE('',*,*,#1540,.F.);
#2037=ORIENTED_EDGE('',*,*,#1452,.F.);
#2038=ORIENTED_EDGE('',*,*,#1451,.T.);
#2039=ORIENTED_EDGE('',*,*,#1470,.T.);
#2040=ORIENTED_EDGE('',*,*,#1544,.T.);
#2041=ORIENTED_EDGE('',*,*,#1545,.T.);
#2042=ORIENTED_EDGE('',*,*,#1546,.T.);
#2043=ORIENTED_EDGE('',*,*,#1526,.T.);
#2044=ORIENTED_EDGE('',*,*,#1547,.T.);
#2045=ORIENTED_EDGE('',*,*,#1548,.T.);
#2046=ORIENTED_EDGE('',*,*,#1549,.T.);
#2047=ORIENTED_EDGE('',*,*,#1550,.T.);
#2048=ORIENTED_EDGE('',*,*,#1551,.T.);
#2049=ORIENTED_EDGE('',*,*,#1542,.T.);
#2050=ORIENTED_EDGE('',*,*,#1552,.F.);
#2051=ORIENTED_EDGE('',*,*,#1553,.T.);
#2052=ORIENTED_EDGE('',*,*,#1464,.F.);
#2053=ORIENTED_EDGE('',*,*,#1554,.F.);
#2054=ORIENTED_EDGE('',*,*,#1555,.F.);
#2055=ORIENTED_EDGE('',*,*,#1556,.F.);
#2056=ORIENTED_EDGE('',*,*,#1485,.F.);
#2057=ORIENTED_EDGE('',*,*,#1465,.F.);
#2058=ORIENTED_EDGE('',*,*,#1553,.F.);
#2059=ORIENTED_EDGE('',*,*,#1463,.F.);
#2060=ORIENTED_EDGE('',*,*,#1557,.F.);
#2061=ORIENTED_EDGE('',*,*,#1558,.F.);
#2062=ORIENTED_EDGE('',*,*,#1554,.T.);
#2063=ORIENTED_EDGE('',*,*,#1556,.T.);
#2064=ORIENTED_EDGE('',*,*,#1552,.T.);
#2065=ORIENTED_EDGE('',*,*,#1559,.T.);
#2066=ORIENTED_EDGE('',*,*,#1560,.T.);
#2067=ORIENTED_EDGE('',*,*,#1561,.T.);
#2068=ORIENTED_EDGE('',*,*,#1486,.F.);
#2069=ORIENTED_EDGE('',*,*,#1555,.T.);
#2070=ORIENTED_EDGE('',*,*,#1558,.T.);
#2071=ORIENTED_EDGE('',*,*,#1562,.F.);
#2072=ORIENTED_EDGE('',*,*,#1563,.F.);
#2073=ORIENTED_EDGE('',*,*,#1564,.F.);
#2074=ORIENTED_EDGE('',*,*,#1565,.F.);
#2075=ORIENTED_EDGE('',*,*,#1566,.F.);
#2076=ORIENTED_EDGE('',*,*,#1567,.T.);
#2077=ORIENTED_EDGE('',*,*,#1568,.F.);
#2078=ORIENTED_EDGE('',*,*,#1536,.F.);
#2079=ORIENTED_EDGE('',*,*,#1569,.F.);
#2080=ORIENTED_EDGE('',*,*,#1559,.F.);
#2081=ORIENTED_EDGE('',*,*,#1557,.T.);
#2082=ORIENTED_EDGE('',*,*,#1462,.T.);
#2083=ORIENTED_EDGE('',*,*,#1570,.T.);
#2084=ORIENTED_EDGE('',*,*,#1562,.T.);
#2085=ORIENTED_EDGE('',*,*,#1571,.F.);
#2086=ORIENTED_EDGE('',*,*,#1457,.T.);
#2087=ORIENTED_EDGE('',*,*,#1572,.F.);
#2088=ORIENTED_EDGE('',*,*,#1567,.F.);
#2089=ORIENTED_EDGE('',*,*,#1449,.T.);
#2090=ORIENTED_EDGE('',*,*,#1537,.T.);
#2091=ORIENTED_EDGE('',*,*,#1568,.T.);
#2092=ORIENTED_EDGE('',*,*,#1572,.T.);
#2093=ORIENTED_EDGE('',*,*,#1456,.T.);
#2094=ORIENTED_EDGE('',*,*,#1573,.F.);
#2095=ORIENTED_EDGE('',*,*,#1563,.T.);
#2096=ORIENTED_EDGE('',*,*,#1570,.F.);
#2097=ORIENTED_EDGE('',*,*,#1461,.F.);
#2098=ORIENTED_EDGE('',*,*,#1574,.F.);
#2099=ORIENTED_EDGE('',*,*,#1384,.F.);
#2100=ORIENTED_EDGE('',*,*,#1575,.T.);
#2101=ORIENTED_EDGE('',*,*,#1492,.F.);
#2102=ORIENTED_EDGE('',*,*,#1576,.F.);
#2103=ORIENTED_EDGE('',*,*,#1385,.F.);
#2104=ORIENTED_EDGE('',*,*,#1574,.T.);
#2105=ORIENTED_EDGE('',*,*,#1491,.F.);
#2106=ORIENTED_EDGE('',*,*,#1577,.F.);
#2107=ORIENTED_EDGE('',*,*,#1386,.F.);
#2108=ORIENTED_EDGE('',*,*,#1576,.T.);
#2109=ORIENTED_EDGE('',*,*,#1490,.F.);
#2110=ORIENTED_EDGE('',*,*,#1578,.F.);
#2111=ORIENTED_EDGE('',*,*,#1387,.F.);
#2112=ORIENTED_EDGE('',*,*,#1577,.T.);
#2113=ORIENTED_EDGE('',*,*,#1489,.F.);
#2114=ORIENTED_EDGE('',*,*,#1579,.T.);
#2115=ORIENTED_EDGE('',*,*,#1580,.T.);
#2116=ORIENTED_EDGE('',*,*,#1388,.T.);
#2117=ORIENTED_EDGE('',*,*,#1578,.T.);
#2118=ORIENTED_EDGE('',*,*,#1488,.F.);
#2119=ORIENTED_EDGE('',*,*,#1561,.F.);
#2120=ORIENTED_EDGE('',*,*,#1581,.F.);
#2121=ORIENTED_EDGE('',*,*,#1579,.F.);
#2122=ORIENTED_EDGE('',*,*,#1487,.F.);
#2123=ORIENTED_EDGE('',*,*,#1582,.F.);
#2124=ORIENTED_EDGE('',*,*,#1395,.F.);
#2125=ORIENTED_EDGE('',*,*,#1583,.T.);
#2126=ORIENTED_EDGE('',*,*,#1550,.F.);
#2127=ORIENTED_EDGE('',*,*,#1584,.F.);
#2128=ORIENTED_EDGE('',*,*,#1396,.F.);
#2129=ORIENTED_EDGE('',*,*,#1582,.T.);
#2130=ORIENTED_EDGE('',*,*,#1549,.F.);
#2131=ORIENTED_EDGE('',*,*,#1575,.F.);
#2132=ORIENTED_EDGE('',*,*,#1383,.F.);
#2133=ORIENTED_EDGE('',*,*,#1584,.T.);
#2134=ORIENTED_EDGE('',*,*,#1548,.F.);
#2135=ORIENTED_EDGE('',*,*,#1585,.F.);
#2136=ORIENTED_EDGE('',*,*,#1507,.F.);
#2137=ORIENTED_EDGE('',*,*,#1504,.T.);
#2138=ORIENTED_EDGE('',*,*,#1502,.F.);
#2139=ORIENTED_EDGE('',*,*,#1479,.T.);
#2140=ORIENTED_EDGE('',*,*,#1493,.F.);
#2141=ORIENTED_EDGE('',*,*,#1508,.F.);
#2142=ORIENTED_EDGE('',*,*,#1585,.T.);
#2143=ORIENTED_EDGE('',*,*,#1547,.F.);
#2144=ORIENTED_EDGE('',*,*,#1529,.F.);
#2145=ORIENTED_EDGE('',*,*,#1586,.F.);
#2146=ORIENTED_EDGE('',*,*,#1511,.F.);
#2147=ORIENTED_EDGE('',*,*,#1527,.T.);
#2148=ORIENTED_EDGE('',*,*,#1546,.F.);
#2149=ORIENTED_EDGE('',*,*,#1587,.F.);
#2150=ORIENTED_EDGE('',*,*,#1516,.F.);
#2151=ORIENTED_EDGE('',*,*,#1588,.T.);
#2152=ORIENTED_EDGE('',*,*,#1589,.F.);
#2153=ORIENTED_EDGE('',*,*,#1590,.F.);
#2154=ORIENTED_EDGE('',*,*,#1512,.F.);
#2155=ORIENTED_EDGE('',*,*,#1586,.T.);
#2156=ORIENTED_EDGE('',*,*,#1545,.F.);
#2157=ORIENTED_EDGE('',*,*,#1469,.F.);
#2158=ORIENTED_EDGE('',*,*,#1517,.F.);
#2159=ORIENTED_EDGE('',*,*,#1587,.T.);
#2160=ORIENTED_EDGE('',*,*,#1544,.F.);
#2161=ORIENTED_EDGE('',*,*,#1583,.F.);
#2162=ORIENTED_EDGE('',*,*,#1394,.F.);
#2163=ORIENTED_EDGE('',*,*,#1543,.T.);
#2164=ORIENTED_EDGE('',*,*,#1551,.F.);
#2165=ORIENTED_EDGE('',*,*,#1591,.F.);
#2166=ORIENTED_EDGE('',*,*,#1518,.F.);
#2167=ORIENTED_EDGE('',*,*,#1467,.T.);
#2168=ORIENTED_EDGE('',*,*,#1484,.F.);
#2169=ORIENTED_EDGE('',*,*,#1592,.F.);
#2170=ORIENTED_EDGE('',*,*,#1593,.F.);
#2171=ORIENTED_EDGE('',*,*,#1594,.F.);
#2172=ORIENTED_EDGE('',*,*,#1519,.F.);
#2173=ORIENTED_EDGE('',*,*,#1591,.T.);
#2174=ORIENTED_EDGE('',*,*,#1483,.F.);
#2175=ORIENTED_EDGE('',*,*,#1528,.F.);
#2176=ORIENTED_EDGE('',*,*,#1523,.F.);
#2177=ORIENTED_EDGE('',*,*,#1595,.T.);
#2178=ORIENTED_EDGE('',*,*,#1592,.T.);
#2179=ORIENTED_EDGE('',*,*,#1482,.F.);
#2180=ORIENTED_EDGE('',*,*,#1421,.T.);
#2181=ORIENTED_EDGE('',*,*,#1596,.F.);
#2182=ORIENTED_EDGE('',*,*,#1597,.F.);
#2183=ORIENTED_EDGE('',*,*,#1598,.F.);
#2184=ORIENTED_EDGE('',*,*,#1599,.F.);
#2185=ORIENTED_EDGE('',*,*,#1600,.F.);
#2186=ORIENTED_EDGE('',*,*,#1423,.T.);
#2187=ORIENTED_EDGE('',*,*,#1601,.F.);
#2188=ORIENTED_EDGE('',*,*,#1602,.F.);
#2189=ORIENTED_EDGE('',*,*,#1603,.F.);
#2190=ORIENTED_EDGE('',*,*,#1419,.T.);
#2191=ORIENTED_EDGE('',*,*,#1604,.F.);
#2192=ORIENTED_EDGE('',*,*,#1596,.T.);
#2193=ORIENTED_EDGE('',*,*,#1420,.T.);
#2194=ORIENTED_EDGE('',*,*,#1603,.T.);
#2195=ORIENTED_EDGE('',*,*,#1605,.T.);
#2196=ORIENTED_EDGE('',*,*,#1606,.F.);
#2197=ORIENTED_EDGE('',*,*,#1607,.F.);
#2198=ORIENTED_EDGE('',*,*,#1417,.T.);
#2199=ORIENTED_EDGE('',*,*,#1608,.F.);
#2200=ORIENTED_EDGE('',*,*,#1604,.T.);
#2201=ORIENTED_EDGE('',*,*,#1418,.T.);
#2202=ORIENTED_EDGE('',*,*,#1607,.T.);
#2203=ORIENTED_EDGE('',*,*,#1609,.T.);
#2204=ORIENTED_EDGE('',*,*,#1608,.T.);
#2205=ORIENTED_EDGE('',*,*,#1424,.T.);
#2206=ORIENTED_EDGE('',*,*,#1600,.T.);
#2207=ORIENTED_EDGE('',*,*,#1610,.T.);
#2208=ORIENTED_EDGE('',*,*,#1611,.F.);
#2209=ORIENTED_EDGE('',*,*,#1612,.T.);
#2210=ORIENTED_EDGE('',*,*,#1606,.T.);
#2211=ORIENTED_EDGE('',*,*,#1613,.T.);
#2212=ORIENTED_EDGE('',*,*,#1614,.F.);
#2213=ORIENTED_EDGE('',*,*,#1615,.T.);
#2214=ORIENTED_EDGE('',*,*,#1602,.T.);
#2215=ORIENTED_EDGE('',*,*,#1616,.T.);
#2216=ORIENTED_EDGE('',*,*,#1601,.T.);
#2217=ORIENTED_EDGE('',*,*,#1422,.T.);
#2218=ORIENTED_EDGE('',*,*,#1598,.T.);
#2219=ORIENTED_EDGE('',*,*,#1617,.T.);
#2220=ORIENTED_EDGE('',*,*,#1618,.F.);
#2221=ORIENTED_EDGE('',*,*,#1619,.T.);
#2222=ORIENTED_EDGE('',*,*,#1599,.T.);
#2223=ORIENTED_EDGE('',*,*,#1620,.T.);
#2224=ORIENTED_EDGE('',*,*,#1621,.F.);
#2225=ORIENTED_EDGE('',*,*,#1622,.T.);
#2226=ORIENTED_EDGE('',*,*,#1597,.T.);
#2227=ORIENTED_EDGE('',*,*,#1623,.T.);
#2228=ORIENTED_EDGE('',*,*,#1613,.F.);
#2229=ORIENTED_EDGE('',*,*,#1610,.F.);
#2230=ORIENTED_EDGE('',*,*,#1619,.F.);
#2231=ORIENTED_EDGE('',*,*,#1624,.T.);
#2232=ORIENTED_EDGE('',*,*,#1620,.F.);
#2233=ORIENTED_EDGE('',*,*,#1617,.F.);
#2234=ORIENTED_EDGE('',*,*,#1622,.F.);
#2235=ORIENTED_EDGE('',*,*,#1625,.T.);
#2236=ORIENTED_EDGE('',*,*,#1611,.T.);
#2237=ORIENTED_EDGE('',*,*,#1624,.F.);
#2238=ORIENTED_EDGE('',*,*,#1618,.T.);
#2239=ORIENTED_EDGE('',*,*,#1625,.F.);
#2240=ORIENTED_EDGE('',*,*,#1621,.T.);
#2241=ORIENTED_EDGE('',*,*,#1626,.F.);
#2242=ORIENTED_EDGE('',*,*,#1614,.T.);
#2243=ORIENTED_EDGE('',*,*,#1627,.F.);
#2244=ORIENTED_EDGE('',*,*,#1628,.F.);
#2245=ORIENTED_EDGE('',*,*,#1629,.F.);
#2246=ORIENTED_EDGE('',*,*,#1405,.T.);
#2247=ORIENTED_EDGE('',*,*,#1630,.F.);
#2248=ORIENTED_EDGE('',*,*,#1631,.F.);
#2249=ORIENTED_EDGE('',*,*,#1632,.F.);
#2250=ORIENTED_EDGE('',*,*,#1407,.T.);
#2251=ORIENTED_EDGE('',*,*,#1633,.F.);
#2252=ORIENTED_EDGE('',*,*,#1634,.F.);
#2253=ORIENTED_EDGE('',*,*,#1635,.F.);
#2254=ORIENTED_EDGE('',*,*,#1403,.T.);
#2255=ORIENTED_EDGE('',*,*,#1636,.F.);
#2256=ORIENTED_EDGE('',*,*,#1630,.T.);
#2257=ORIENTED_EDGE('',*,*,#1404,.T.);
#2258=ORIENTED_EDGE('',*,*,#1635,.T.);
#2259=ORIENTED_EDGE('',*,*,#1637,.T.);
#2260=ORIENTED_EDGE('',*,*,#1401,.T.);
#2261=ORIENTED_EDGE('',*,*,#1638,.F.);
#2262=ORIENTED_EDGE('',*,*,#1639,.F.);
#2263=ORIENTED_EDGE('',*,*,#1640,.F.);
#2264=ORIENTED_EDGE('',*,*,#1638,.T.);
#2265=ORIENTED_EDGE('',*,*,#1408,.T.);
#2266=ORIENTED_EDGE('',*,*,#1632,.T.);
#2267=ORIENTED_EDGE('',*,*,#1641,.T.);
#2268=ORIENTED_EDGE('',*,*,#1642,.F.);
#2269=ORIENTED_EDGE('',*,*,#1643,.T.);
#2270=ORIENTED_EDGE('',*,*,#1639,.T.);
#2271=ORIENTED_EDGE('',*,*,#1644,.T.);
#2272=ORIENTED_EDGE('',*,*,#1636,.T.);
#2273=ORIENTED_EDGE('',*,*,#1402,.T.);
#2274=ORIENTED_EDGE('',*,*,#1640,.T.);
#2275=ORIENTED_EDGE('',*,*,#1645,.T.);
#2276=ORIENTED_EDGE('',*,*,#1646,.F.);
#2277=ORIENTED_EDGE('',*,*,#1647,.T.);
#2278=ORIENTED_EDGE('',*,*,#1634,.T.);
#2279=ORIENTED_EDGE('',*,*,#1648,.T.);
#2280=ORIENTED_EDGE('',*,*,#1633,.T.);
#2281=ORIENTED_EDGE('',*,*,#1406,.T.);
#2282=ORIENTED_EDGE('',*,*,#1629,.T.);
#2283=ORIENTED_EDGE('',*,*,#1649,.T.);
#2284=ORIENTED_EDGE('',*,*,#1650,.F.);
#2285=ORIENTED_EDGE('',*,*,#1651,.T.);
#2286=ORIENTED_EDGE('',*,*,#1631,.T.);
#2287=ORIENTED_EDGE('',*,*,#1652,.T.);
#2288=ORIENTED_EDGE('',*,*,#1653,.F.);
#2289=ORIENTED_EDGE('',*,*,#1654,.T.);
#2290=ORIENTED_EDGE('',*,*,#1628,.T.);
#2291=ORIENTED_EDGE('',*,*,#1655,.T.);
#2292=ORIENTED_EDGE('',*,*,#1644,.F.);
#2293=ORIENTED_EDGE('',*,*,#1641,.F.);
#2294=ORIENTED_EDGE('',*,*,#1651,.F.);
#2295=ORIENTED_EDGE('',*,*,#1656,.T.);
#2296=ORIENTED_EDGE('',*,*,#1652,.F.);
#2297=ORIENTED_EDGE('',*,*,#1649,.F.);
#2298=ORIENTED_EDGE('',*,*,#1654,.F.);
#2299=ORIENTED_EDGE('',*,*,#1657,.T.);
#2300=ORIENTED_EDGE('',*,*,#1642,.T.);
#2301=ORIENTED_EDGE('',*,*,#1656,.F.);
#2302=ORIENTED_EDGE('',*,*,#1650,.T.);
#2303=ORIENTED_EDGE('',*,*,#1657,.F.);
#2304=ORIENTED_EDGE('',*,*,#1653,.T.);
#2305=ORIENTED_EDGE('',*,*,#1658,.F.);
#2306=ORIENTED_EDGE('',*,*,#1646,.T.);
#2307=ORIENTED_EDGE('',*,*,#1659,.F.);
#2308=ORIENTED_EDGE('',*,*,#1660,.F.);
#2309=ORIENTED_EDGE('',*,*,#1661,.T.);
#2310=ORIENTED_EDGE('',*,*,#1662,.T.);
#2311=ORIENTED_EDGE('',*,*,#1663,.T.);
#2312=ORIENTED_EDGE('',*,*,#1664,.F.);
#2313=ORIENTED_EDGE('',*,*,#1665,.T.);
#2314=ORIENTED_EDGE('',*,*,#1666,.T.);
#2315=ORIENTED_EDGE('',*,*,#1662,.F.);
#2316=ORIENTED_EDGE('',*,*,#1667,.T.);
#2317=ORIENTED_EDGE('',*,*,#1668,.F.);
#2318=ORIENTED_EDGE('',*,*,#1669,.T.);
#2319=ORIENTED_EDGE('',*,*,#1665,.F.);
#2320=ORIENTED_EDGE('',*,*,#1670,.T.);
#2321=ORIENTED_EDGE('',*,*,#1671,.F.);
#2322=ORIENTED_EDGE('',*,*,#1660,.T.);
#2323=ORIENTED_EDGE('',*,*,#1672,.F.);
#2324=ORIENTED_EDGE('',*,*,#1673,.F.);
#2325=ORIENTED_EDGE('',*,*,#1674,.T.);
#2326=ORIENTED_EDGE('',*,*,#1675,.T.);
#2327=ORIENTED_EDGE('',*,*,#1664,.T.);
#2328=ORIENTED_EDGE('',*,*,#1676,.T.);
#2329=ORIENTED_EDGE('',*,*,#1677,.T.);
#2330=ORIENTED_EDGE('',*,*,#1678,.F.);
#2331=ORIENTED_EDGE('',*,*,#1672,.T.);
#2332=ORIENTED_EDGE('',*,*,#1663,.F.);
#2333=ORIENTED_EDGE('',*,*,#1679,.T.);
#2334=ORIENTED_EDGE('',*,*,#1680,.F.);
#2335=ORIENTED_EDGE('',*,*,#1681,.F.);
#2336=ORIENTED_EDGE('',*,*,#1682,.F.);
#2337=ORIENTED_EDGE('',*,*,#1683,.F.);
#2338=ORIENTED_EDGE('',*,*,#1684,.F.);
#2339=ORIENTED_EDGE('',*,*,#1676,.F.);
#2340=ORIENTED_EDGE('',*,*,#1666,.F.);
#2341=ORIENTED_EDGE('',*,*,#1685,.T.);
#2342=ORIENTED_EDGE('',*,*,#1686,.F.);
#2343=ORIENTED_EDGE('',*,*,#1679,.F.);
#2344=ORIENTED_EDGE('',*,*,#1669,.F.);
#2345=ORIENTED_EDGE('',*,*,#1687,.F.);
#2346=ORIENTED_EDGE('',*,*,#1688,.F.);
#2347=ORIENTED_EDGE('',*,*,#1689,.T.);
#2348=ORIENTED_EDGE('',*,*,#1690,.F.);
#2349=ORIENTED_EDGE('',*,*,#1685,.F.);
#2350=ORIENTED_EDGE('',*,*,#1691,.F.);
#2351=ORIENTED_EDGE('',*,*,#1692,.T.);
#2352=ORIENTED_EDGE('',*,*,#1693,.T.);
#2353=ORIENTED_EDGE('',*,*,#1694,.T.);
#2354=ORIENTED_EDGE('',*,*,#1695,.F.);
#2355=ORIENTED_EDGE('',*,*,#1696,.T.);
#2356=ORIENTED_EDGE('',*,*,#1697,.T.);
#2357=ORIENTED_EDGE('',*,*,#1693,.F.);
#2358=ORIENTED_EDGE('',*,*,#1698,.T.);
#2359=ORIENTED_EDGE('',*,*,#1699,.F.);
#2360=ORIENTED_EDGE('',*,*,#1682,.T.);
#2361=ORIENTED_EDGE('',*,*,#1696,.F.);
#2362=ORIENTED_EDGE('',*,*,#1700,.T.);
#2363=ORIENTED_EDGE('',*,*,#1701,.F.);
#2364=ORIENTED_EDGE('',*,*,#1691,.T.);
#2365=ORIENTED_EDGE('',*,*,#1702,.F.);
#2366=ORIENTED_EDGE('',*,*,#1703,.F.);
#2367=ORIENTED_EDGE('',*,*,#1704,.T.);
#2368=ORIENTED_EDGE('',*,*,#1705,.T.);
#2369=ORIENTED_EDGE('',*,*,#1695,.T.);
#2370=ORIENTED_EDGE('',*,*,#1706,.T.);
#2371=ORIENTED_EDGE('',*,*,#1707,.T.);
#2372=ORIENTED_EDGE('',*,*,#1708,.F.);
#2373=ORIENTED_EDGE('',*,*,#1702,.T.);
#2374=ORIENTED_EDGE('',*,*,#1694,.F.);
#2375=ORIENTED_EDGE('',*,*,#1709,.T.);
#2376=ORIENTED_EDGE('',*,*,#1710,.F.);
#2377=ORIENTED_EDGE('',*,*,#1711,.F.);
#2378=ORIENTED_EDGE('',*,*,#1712,.F.);
#2379=ORIENTED_EDGE('',*,*,#1706,.F.);
#2380=ORIENTED_EDGE('',*,*,#1697,.F.);
#2381=ORIENTED_EDGE('',*,*,#1681,.T.);
#2382=ORIENTED_EDGE('',*,*,#1713,.F.);
#2383=ORIENTED_EDGE('',*,*,#1709,.F.);
#2384=ORIENTED_EDGE('',*,*,#1699,.T.);
#2385=ORIENTED_EDGE('',*,*,#1714,.T.);
#2386=ORIENTED_EDGE('',*,*,#1715,.T.);
#2387=ORIENTED_EDGE('',*,*,#1716,.T.);
#2388=ORIENTED_EDGE('',*,*,#1683,.T.);
#2389=ORIENTED_EDGE('',*,*,#1717,.T.);
#2390=ORIENTED_EDGE('',*,*,#1718,.T.);
#2391=ORIENTED_EDGE('',*,*,#1715,.F.);
#2392=ORIENTED_EDGE('',*,*,#1719,.T.);
#2393=ORIENTED_EDGE('',*,*,#1701,.T.);
#2394=ORIENTED_EDGE('',*,*,#1720,.T.);
#2395=ORIENTED_EDGE('',*,*,#1704,.F.);
#2396=ORIENTED_EDGE('',*,*,#1719,.F.);
#2397=ORIENTED_EDGE('',*,*,#1714,.F.);
#2398=ORIENTED_EDGE('',*,*,#1668,.T.);
#2399=ORIENTED_EDGE('',*,*,#1721,.T.);
#2400=ORIENTED_EDGE('',*,*,#1722,.T.);
#2401=ORIENTED_EDGE('',*,*,#1723,.T.);
#2402=ORIENTED_EDGE('',*,*,#1687,.T.);
#2403=ORIENTED_EDGE('',*,*,#1724,.T.);
#2404=ORIENTED_EDGE('',*,*,#1725,.T.);
#2405=ORIENTED_EDGE('',*,*,#1722,.F.);
#2406=ORIENTED_EDGE('',*,*,#1726,.T.);
#2407=ORIENTED_EDGE('',*,*,#1727,.T.);
#2408=ORIENTED_EDGE('',*,*,#1728,.T.);
#2409=ORIENTED_EDGE('',*,*,#1724,.F.);
#2410=ORIENTED_EDGE('',*,*,#1729,.T.);
#2411=ORIENTED_EDGE('',*,*,#1678,.T.);
#2412=ORIENTED_EDGE('',*,*,#1730,.T.);
#2413=ORIENTED_EDGE('',*,*,#1727,.F.);
#2414=ORIENTED_EDGE('',*,*,#1673,.T.);
#2415=ORIENTED_EDGE('',*,*,#1729,.F.);
#2416=ORIENTED_EDGE('',*,*,#1731,.T.);
#2417=ORIENTED_EDGE('',*,*,#1732,.T.);
#2418=ORIENTED_EDGE('',*,*,#1674,.F.);
#2419=ORIENTED_EDGE('',*,*,#1671,.T.);
#2420=ORIENTED_EDGE('',*,*,#1733,.T.);
#2421=ORIENTED_EDGE('',*,*,#1731,.F.);
#2422=ORIENTED_EDGE('',*,*,#1726,.F.);
#2423=ORIENTED_EDGE('',*,*,#1721,.F.);
#2424=ORIENTED_EDGE('',*,*,#1716,.F.);
#2425=ORIENTED_EDGE('',*,*,#1734,.T.);
#2426=ORIENTED_EDGE('',*,*,#1677,.F.);
#2427=ORIENTED_EDGE('',*,*,#1684,.T.);
#2428=ORIENTED_EDGE('',*,*,#1735,.F.);
#2429=ORIENTED_EDGE('',*,*,#1736,.F.);
#2430=ORIENTED_EDGE('',*,*,#1737,.F.);
#2431=ORIENTED_EDGE('',*,*,#1738,.F.);
#2432=ORIENTED_EDGE('',*,*,#1739,.F.);
#2433=ORIENTED_EDGE('',*,*,#1740,.F.);
#2434=ORIENTED_EDGE('',*,*,#1725,.F.);
#2435=ORIENTED_EDGE('',*,*,#1728,.F.);
#2436=ORIENTED_EDGE('',*,*,#1730,.F.);
#2437=ORIENTED_EDGE('',*,*,#1734,.F.);
#2438=ORIENTED_EDGE('',*,*,#1718,.F.);
#2439=ORIENTED_EDGE('',*,*,#1708,.T.);
#2440=ORIENTED_EDGE('',*,*,#1735,.T.);
#2441=ORIENTED_EDGE('',*,*,#1717,.F.);
#2442=ORIENTED_EDGE('',*,*,#1703,.T.);
#2443=ORIENTED_EDGE('',*,*,#1723,.F.);
#2444=ORIENTED_EDGE('',*,*,#1740,.T.);
#2445=ORIENTED_EDGE('',*,*,#1741,.T.);
#2446=ORIENTED_EDGE('',*,*,#1688,.T.);
#2447=ORIENTED_EDGE('',*,*,#1742,.T.);
#2448=ORIENTED_EDGE('',*,*,#1743,.T.);
#2449=ORIENTED_EDGE('',*,*,#1741,.F.);
#2450=ORIENTED_EDGE('',*,*,#1739,.T.);
#2451=ORIENTED_EDGE('',*,*,#1744,.T.);
#2452=ORIENTED_EDGE('',*,*,#1745,.T.);
#2453=ORIENTED_EDGE('',*,*,#1742,.F.);
#2454=ORIENTED_EDGE('',*,*,#1738,.T.);
#2455=ORIENTED_EDGE('',*,*,#1746,.T.);
#2456=ORIENTED_EDGE('',*,*,#1747,.T.);
#2457=ORIENTED_EDGE('',*,*,#1744,.F.);
#2458=ORIENTED_EDGE('',*,*,#1737,.T.);
#2459=ORIENTED_EDGE('',*,*,#1707,.F.);
#2460=ORIENTED_EDGE('',*,*,#1712,.T.);
#2461=ORIENTED_EDGE('',*,*,#1746,.F.);
#2462=ORIENTED_EDGE('',*,*,#1736,.T.);
#2463=ORIENTED_EDGE('',*,*,#1748,.T.);
#2464=ORIENTED_EDGE('',*,*,#1710,.T.);
#2465=ORIENTED_EDGE('',*,*,#1749,.T.);
#2466=ORIENTED_EDGE('',*,*,#1409,.T.);
#2467=ORIENTED_EDGE('',*,*,#1750,.T.);
#2468=ORIENTED_EDGE('',*,*,#1410,.T.);
#2469=ORIENTED_EDGE('',*,*,#1749,.F.);
#2470=ORIENTED_EDGE('',*,*,#1713,.T.);
#2471=ORIENTED_EDGE('',*,*,#1751,.T.);
#2472=ORIENTED_EDGE('',*,*,#1411,.T.);
#2473=ORIENTED_EDGE('',*,*,#1750,.F.);
#2474=ORIENTED_EDGE('',*,*,#1680,.T.);
#2475=ORIENTED_EDGE('',*,*,#1752,.T.);
#2476=ORIENTED_EDGE('',*,*,#1412,.T.);
#2477=ORIENTED_EDGE('',*,*,#1751,.F.);
#2478=ORIENTED_EDGE('',*,*,#1686,.T.);
#2479=ORIENTED_EDGE('',*,*,#1753,.T.);
#2480=ORIENTED_EDGE('',*,*,#1413,.T.);
#2481=ORIENTED_EDGE('',*,*,#1752,.F.);
#2482=ORIENTED_EDGE('',*,*,#1690,.T.);
#2483=ORIENTED_EDGE('',*,*,#1754,.T.);
#2484=ORIENTED_EDGE('',*,*,#1414,.T.);
#2485=ORIENTED_EDGE('',*,*,#1753,.F.);
#2486=ORIENTED_EDGE('',*,*,#1755,.T.);
#2487=ORIENTED_EDGE('',*,*,#1756,.T.);
#2488=ORIENTED_EDGE('',*,*,#1415,.T.);
#2489=ORIENTED_EDGE('',*,*,#1754,.F.);
#2490=ORIENTED_EDGE('',*,*,#1757,.T.);
#2491=ORIENTED_EDGE('',*,*,#1748,.F.);
#2492=ORIENTED_EDGE('',*,*,#1416,.T.);
#2493=ORIENTED_EDGE('',*,*,#1756,.F.);
#2494=ORIENTED_EDGE('',*,*,#1758,.T.);
#2495=ORIENTED_EDGE('',*,*,#1460,.T.);
#2496=ORIENTED_EDGE('',*,*,#1759,.T.);
#2497=ORIENTED_EDGE('',*,*,#1564,.T.);
#2498=ORIENTED_EDGE('',*,*,#1573,.T.);
#2499=ORIENTED_EDGE('',*,*,#1759,.F.);
#2500=ORIENTED_EDGE('',*,*,#1459,.F.);
#2501=ORIENTED_EDGE('',*,*,#1760,.F.);
#2502=ORIENTED_EDGE('',*,*,#1565,.T.);
#2503=ORIENTED_EDGE('',*,*,#1458,.T.);
#2504=ORIENTED_EDGE('',*,*,#1571,.T.);
#2505=ORIENTED_EDGE('',*,*,#1566,.T.);
#2506=ORIENTED_EDGE('',*,*,#1760,.T.);
#2507=ORIENTED_EDGE('',*,*,#1535,.T.);
#2508=ORIENTED_EDGE('',*,*,#1761,.T.);
#2509=ORIENTED_EDGE('',*,*,#1762,.T.);
#2510=ORIENTED_EDGE('',*,*,#1762,.F.);
#2511=ORIENTED_EDGE('',*,*,#1763,.T.);
#2512=ORIENTED_EDGE('',*,*,#1764,.T.);
#2513=ORIENTED_EDGE('',*,*,#1569,.T.);
#2514=ORIENTED_EDGE('',*,*,#1761,.F.);
#2515=ORIENTED_EDGE('',*,*,#1539,.T.);
#2516=ORIENTED_EDGE('',*,*,#1765,.F.);
#2517=ORIENTED_EDGE('',*,*,#1766,.F.);
#2518=ORIENTED_EDGE('',*,*,#1767,.T.);
#2519=ORIENTED_EDGE('',*,*,#1768,.T.);
#2520=ORIENTED_EDGE('',*,*,#1769,.T.);
#2521=ORIENTED_EDGE('',*,*,#1580,.F.);
#2522=ORIENTED_EDGE('',*,*,#1770,.T.);
#2523=ORIENTED_EDGE('',*,*,#1771,.F.);
#2524=ORIENTED_EDGE('',*,*,#1770,.F.);
#2525=ORIENTED_EDGE('',*,*,#1581,.T.);
#2526=ORIENTED_EDGE('',*,*,#1772,.T.);
#2527=ORIENTED_EDGE('',*,*,#1773,.T.);
#2528=ORIENTED_EDGE('',*,*,#1774,.T.);
#2529=ORIENTED_EDGE('',*,*,#1775,.F.);
#2530=ORIENTED_EDGE('',*,*,#1765,.T.);
#2531=ORIENTED_EDGE('',*,*,#1541,.F.);
#2532=ORIENTED_EDGE('',*,*,#1391,.T.);
#2533=ORIENTED_EDGE('',*,*,#1776,.T.);
#2534=ORIENTED_EDGE('',*,*,#1777,.T.);
#2535=ORIENTED_EDGE('',*,*,#1766,.T.);
#2536=ORIENTED_EDGE('',*,*,#1775,.T.);
#2537=ORIENTED_EDGE('',*,*,#1778,.T.);
#2538=ORIENTED_EDGE('',*,*,#1779,.T.);
#2539=ORIENTED_EDGE('',*,*,#1776,.F.);
#2540=ORIENTED_EDGE('',*,*,#1390,.T.);
#2541=ORIENTED_EDGE('',*,*,#1780,.T.);
#2542=ORIENTED_EDGE('',*,*,#1778,.F.);
#2543=ORIENTED_EDGE('',*,*,#1389,.T.);
#2544=ORIENTED_EDGE('',*,*,#1769,.F.);
#2545=ORIENTED_EDGE('',*,*,#1771,.T.);
#2546=ORIENTED_EDGE('',*,*,#1779,.F.);
#2547=ORIENTED_EDGE('',*,*,#1781,.T.);
#2548=ORIENTED_EDGE('',*,*,#1782,.T.);
#2549=ORIENTED_EDGE('',*,*,#1783,.T.);
#2550=ORIENTED_EDGE('',*,*,#1764,.F.);
#2551=ORIENTED_EDGE('',*,*,#1772,.F.);
#2552=ORIENTED_EDGE('',*,*,#1560,.F.);
#2553=ORIENTED_EDGE('',*,*,#1780,.F.);
#2554=ORIENTED_EDGE('',*,*,#1774,.F.);
#2555=ORIENTED_EDGE('',*,*,#1781,.F.);
#2556=ORIENTED_EDGE('',*,*,#1777,.F.);
#2557=ORIENTED_EDGE('',*,*,#1783,.F.);
#2558=ORIENTED_EDGE('',*,*,#1767,.F.);
#2559=ORIENTED_EDGE('',*,*,#1782,.F.);
#2560=ORIENTED_EDGE('',*,*,#1773,.F.);
#2561=ORIENTED_EDGE('',*,*,#1763,.F.);
#2562=ORIENTED_EDGE('',*,*,#1768,.F.);
#2563=ORIENTED_EDGE('',*,*,#1661,.F.);
#2564=ORIENTED_EDGE('',*,*,#1675,.F.);
#2565=ORIENTED_EDGE('',*,*,#1732,.F.);
#2566=ORIENTED_EDGE('',*,*,#1733,.F.);
#2567=ORIENTED_EDGE('',*,*,#1670,.F.);
#2568=ORIENTED_EDGE('',*,*,#1667,.F.);
#2569=ORIENTED_EDGE('',*,*,#1692,.F.);
#2570=ORIENTED_EDGE('',*,*,#1705,.F.);
#2571=ORIENTED_EDGE('',*,*,#1720,.F.);
#2572=ORIENTED_EDGE('',*,*,#1700,.F.);
#2573=ORIENTED_EDGE('',*,*,#1698,.F.);
#2574=ORIENTED_EDGE('',*,*,#1743,.F.);
#2575=ORIENTED_EDGE('',*,*,#1784,.T.);
#2576=ORIENTED_EDGE('',*,*,#1755,.F.);
#2577=ORIENTED_EDGE('',*,*,#1689,.F.);
#2578=ORIENTED_EDGE('',*,*,#1745,.F.);
#2579=ORIENTED_EDGE('',*,*,#1785,.T.);
#2580=ORIENTED_EDGE('',*,*,#1757,.F.);
#2581=ORIENTED_EDGE('',*,*,#1784,.F.);
#2582=ORIENTED_EDGE('',*,*,#1747,.F.);
#2583=ORIENTED_EDGE('',*,*,#1711,.T.);
#2584=ORIENTED_EDGE('',*,*,#1758,.F.);
#2585=ORIENTED_EDGE('',*,*,#1785,.F.);
#2586=ORIENTED_EDGE('',*,*,#1615,.F.);
#2587=ORIENTED_EDGE('',*,*,#1626,.T.);
#2588=ORIENTED_EDGE('',*,*,#1623,.F.);
#2589=ORIENTED_EDGE('',*,*,#1605,.F.);
#2590=ORIENTED_EDGE('',*,*,#1612,.F.);
#2591=ORIENTED_EDGE('',*,*,#1627,.T.);
#2592=ORIENTED_EDGE('',*,*,#1616,.F.);
#2593=ORIENTED_EDGE('',*,*,#1609,.F.);
#2594=ORIENTED_EDGE('',*,*,#1647,.F.);
#2595=ORIENTED_EDGE('',*,*,#1658,.T.);
#2596=ORIENTED_EDGE('',*,*,#1655,.F.);
#2597=ORIENTED_EDGE('',*,*,#1637,.F.);
#2598=ORIENTED_EDGE('',*,*,#1643,.F.);
#2599=ORIENTED_EDGE('',*,*,#1659,.T.);
#2600=ORIENTED_EDGE('',*,*,#1648,.F.);
#2601=ORIENTED_EDGE('',*,*,#1645,.F.);
#2602=ORIENTED_EDGE('',*,*,#1593,.T.);
#2603=ORIENTED_EDGE('',*,*,#1786,.T.);
#2604=ORIENTED_EDGE('',*,*,#1787,.T.);
#2605=ORIENTED_EDGE('',*,*,#1788,.T.);
#2606=ORIENTED_EDGE('',*,*,#1531,.T.);
#2607=ORIENTED_EDGE('',*,*,#1589,.T.);
#2608=ORIENTED_EDGE('',*,*,#1789,.T.);
#2609=ORIENTED_EDGE('',*,*,#1790,.T.);
#2610=ORIENTED_EDGE('',*,*,#1791,.T.);
#2611=ORIENTED_EDGE('',*,*,#1533,.T.);
#2612=ORIENTED_EDGE('',*,*,#1594,.T.);
#2613=ORIENTED_EDGE('',*,*,#1788,.F.);
#2614=ORIENTED_EDGE('',*,*,#1792,.F.);
#2615=ORIENTED_EDGE('',*,*,#1520,.F.);
#2616=ORIENTED_EDGE('',*,*,#1792,.T.);
#2617=ORIENTED_EDGE('',*,*,#1787,.F.);
#2618=ORIENTED_EDGE('',*,*,#1793,.F.);
#2619=ORIENTED_EDGE('',*,*,#1521,.F.);
#2620=ORIENTED_EDGE('',*,*,#1793,.T.);
#2621=ORIENTED_EDGE('',*,*,#1786,.F.);
#2622=ORIENTED_EDGE('',*,*,#1595,.F.);
#2623=ORIENTED_EDGE('',*,*,#1522,.F.);
#2624=ORIENTED_EDGE('',*,*,#1590,.T.);
#2625=ORIENTED_EDGE('',*,*,#1791,.F.);
#2626=ORIENTED_EDGE('',*,*,#1794,.F.);
#2627=ORIENTED_EDGE('',*,*,#1513,.F.);
#2628=ORIENTED_EDGE('',*,*,#1794,.T.);
#2629=ORIENTED_EDGE('',*,*,#1790,.F.);
#2630=ORIENTED_EDGE('',*,*,#1795,.F.);
#2631=ORIENTED_EDGE('',*,*,#1514,.F.);
#2632=ORIENTED_EDGE('',*,*,#1795,.T.);
#2633=ORIENTED_EDGE('',*,*,#1789,.F.);
#2634=ORIENTED_EDGE('',*,*,#1588,.F.);
#2635=ORIENTED_EDGE('',*,*,#1515,.F.);
#2636=CYLINDRICAL_SURFACE('',#2876,0.999999999999999);
#2637=CYLINDRICAL_SURFACE('',#2909,0.999999999999999);
#2638=CYLINDRICAL_SURFACE('',#2911,0.999999999999999);
#2639=CYLINDRICAL_SURFACE('',#2913,0.999999999999999);
#2640=CYLINDRICAL_SURFACE('',#2915,0.999999999999999);
#2641=CYLINDRICAL_SURFACE('',#2918,0.999999999999999);
#2642=CYLINDRICAL_SURFACE('',#2920,0.999999999999999);
#2643=CYLINDRICAL_SURFACE('',#2924,0.999999999999999);
#2644=CYLINDRICAL_SURFACE('',#2931,1.);
#2645=CYLINDRICAL_SURFACE('',#2944,2.117);
#2646=CYLINDRICAL_SURFACE('',#2946,2.117);
#2647=CYLINDRICAL_SURFACE('',#2948,2.117);
#2648=CYLINDRICAL_SURFACE('',#2950,2.117);
#2649=CYLINDRICAL_SURFACE('',#2952,1.);
#2650=CYLINDRICAL_SURFACE('',#2955,1.);
#2651=CYLINDRICAL_SURFACE('',#2968,3.1);
#2652=CYLINDRICAL_SURFACE('',#2970,3.1);
#2653=CYLINDRICAL_SURFACE('',#2972,1.);
#2654=CYLINDRICAL_SURFACE('',#2976,1.);
#2655=CYLINDRICAL_SURFACE('',#2989,1.);
#2656=CYLINDRICAL_SURFACE('',#2998,5.5);
#2657=CYLINDRICAL_SURFACE('',#3000,5.5);
#2658=CYLINDRICAL_SURFACE('',#3002,1.);
#2659=CYLINDRICAL_SURFACE('',#3006,5.5);
#2660=CYLINDRICAL_SURFACE('',#3009,7.5);
#2661=CYLINDRICAL_SURFACE('',#3011,5.);
#2662=CYLINDRICAL_SURFACE('',#3012,5.5);
#2663=CYLINDRICAL_SURFACE('',#3013,5.);
#2664=CYLINDRICAL_SURFACE('',#3015,7.5);
#2665=CYLINDRICAL_SURFACE('',#3028,1.);
#2666=CYLINDRICAL_SURFACE('',#3033,1.);
#2667=CYLINDRICAL_SURFACE('',#3034,1.);
#2668=CYLINDRICAL_SURFACE('',#3035,1.);
#2669=CYLINDRICAL_SURFACE('',#3037,1.);
#2670=CYLINDRICAL_SURFACE('',#3039,1.);
#2671=CYLINDRICAL_SURFACE('',#3040,1.);
#2672=CYLINDRICAL_SURFACE('',#3042,1.);
#2673=CYLINDRICAL_SURFACE('',#3059,1.);
#2674=CYLINDRICAL_SURFACE('',#3064,1.);
#2675=CYLINDRICAL_SURFACE('',#3065,1.);
#2676=CYLINDRICAL_SURFACE('',#3067,1.);
#2677=CYLINDRICAL_SURFACE('',#3068,1.);
#2678=CYLINDRICAL_SURFACE('',#3070,1.);
#2679=CYLINDRICAL_SURFACE('',#3071,1.);
#2680=CYLINDRICAL_SURFACE('',#3073,1.);
#2681=CYLINDRICAL_SURFACE('',#3078,1.);
#2682=CYLINDRICAL_SURFACE('',#3085,1.);
#2683=CYLINDRICAL_SURFACE('',#3093,3.);
#2684=CYLINDRICAL_SURFACE('',#3096,1.);
#2685=CYLINDRICAL_SURFACE('',#3103,1.);
#2686=CYLINDRICAL_SURFACE('',#3111,3.);
#2687=CYLINDRICAL_SURFACE('',#3117,1.);
#2688=CYLINDRICAL_SURFACE('',#3124,1.);
#2689=CYLINDRICAL_SURFACE('',#3130,1.);
#2690=CYLINDRICAL_SURFACE('',#3131,2.);
#2691=CYLINDRICAL_SURFACE('',#3134,1.);
#2692=CYLINDRICAL_SURFACE('',#3138,1.);
#2693=CYLINDRICAL_SURFACE('',#3139,1.);
#2694=CYLINDRICAL_SURFACE('',#3144,1.);
#2695=CYLINDRICAL_SURFACE('',#3149,1.);
#2696=CYLINDRICAL_SURFACE('',#3150,1.);
#2697=CYLINDRICAL_SURFACE('',#3155,1.);
#2698=CYLINDRICAL_SURFACE('',#3159,1.);
#2699=CYLINDRICAL_SURFACE('',#3164,1.);
#2700=CYLINDRICAL_SURFACE('',#3168,1.);
#2701=CYLINDRICAL_SURFACE('',#3170,1.);
#2702=CYLINDRICAL_SURFACE('',#3174,1.);
#2703=CYLINDRICAL_SURFACE('',#3176,1.);
#2704=CYLINDRICAL_SURFACE('',#3181,1.);
#2705=CYLINDRICAL_SURFACE('',#3191,1.);
#2706=CYLINDRICAL_SURFACE('',#3200,2.99999999999999);
#2707=CYLINDRICAL_SURFACE('',#3202,2.99999999999999);
#2708=CYLINDRICAL_SURFACE('',#3212,10.0000004470348);
#2709=CYLINDRICAL_SURFACE('',#3215,10.0000004470348);
#2710=ADVANCED_FACE('',(#134),#2636,.T.);
#2711=ADVANCED_FACE('',(#135),#107,.T.);
#2712=ADVANCED_FACE('',(#136,#33,#34,#35,#36,#37,#38,#39,#40),#49,.T.);
#2713=ADVANCED_FACE('',(#137),#2637,.T.);
#2714=ADVANCED_FACE('',(#138),#2638,.T.);
#2715=ADVANCED_FACE('',(#139),#2639,.T.);
#2716=ADVANCED_FACE('',(#140),#2640,.T.);
#2717=ADVANCED_FACE('',(#141),#2641,.T.);
#2718=ADVANCED_FACE('',(#142),#2642,.T.);
#2719=ADVANCED_FACE('',(#143),#108,.T.);
#2720=ADVANCED_FACE('',(#144),#2643,.T.);
#2721=ADVANCED_FACE('',(#145),#50,.F.);
#2722=ADVANCED_FACE('',(#146),#51,.T.);
#2723=ADVANCED_FACE('',(#147),#2644,.F.);
#2724=ADVANCED_FACE('',(#148),#52,.T.);
#2725=ADVANCED_FACE('',(#149),#53,.T.);
#2726=ADVANCED_FACE('',(#150),#54,.T.);
#2727=ADVANCED_FACE('',(#151),#55,.T.);
#2728=ADVANCED_FACE('',(#152),#2645,.F.);
#2729=ADVANCED_FACE('',(#153),#2646,.F.);
#2730=ADVANCED_FACE('',(#154),#2647,.F.);
#2731=ADVANCED_FACE('',(#155),#2648,.F.);
#2732=ADVANCED_FACE('',(#156),#2649,.F.);
#2733=ADVANCED_FACE('',(#157),#56,.T.);
#2734=ADVANCED_FACE('',(#158),#2650,.F.);
#2735=ADVANCED_FACE('',(#159,#41,#42,#43,#44,#45,#46),#57,.F.);
#2736=ADVANCED_FACE('',(#160),#58,.T.);
#2737=ADVANCED_FACE('',(#161),#2651,.F.);
#2738=ADVANCED_FACE('',(#162),#2652,.F.);
#2739=ADVANCED_FACE('',(#163),#2653,.F.);
#2740=ADVANCED_FACE('',(#164),#59,.F.);
#2741=ADVANCED_FACE('',(#165),#2654,.T.);
#2742=ADVANCED_FACE('',(#166),#60,.T.);
#2743=ADVANCED_FACE('',(#167),#61,.T.);
#2744=ADVANCED_FACE('',(#168),#62,.F.);
#2745=ADVANCED_FACE('',(#169),#63,.F.);
#2746=ADVANCED_FACE('',(#170),#64,.F.);
#2747=ADVANCED_FACE('',(#171),#2655,.F.);
#2748=ADVANCED_FACE('',(#172),#65,.F.);
#2749=ADVANCED_FACE('',(#173),#66,.T.);
#2750=ADVANCED_FACE('',(#174),#67,.T.);
#2751=ADVANCED_FACE('',(#175),#68,.T.);
#2752=ADVANCED_FACE('',(#176),#69,.T.);
#2753=ADVANCED_FACE('',(#177),#2656,.F.);
#2754=ADVANCED_FACE('',(#178),#70,.T.);
#2755=ADVANCED_FACE('',(#179),#2657,.F.);
#2756=ADVANCED_FACE('',(#180),#71,.T.);
#2757=ADVANCED_FACE('',(#181),#2658,.T.);
#2758=ADVANCED_FACE('',(#182),#72,.F.);
#2759=ADVANCED_FACE('',(#183),#73,.T.);
#2760=ADVANCED_FACE('',(#184),#2659,.F.);
#2761=ADVANCED_FACE('',(#185),#74,.T.);
#2762=ADVANCED_FACE('',(#186),#75,.T.);
#2763=ADVANCED_FACE('',(#187),#2660,.T.);
#2764=ADVANCED_FACE('',(#188),#76,.T.);
#2765=ADVANCED_FACE('',(#189),#2661,.T.);
#2766=ADVANCED_FACE('',(#190),#2662,.F.);
#2767=ADVANCED_FACE('',(#191),#2663,.T.);
#2768=ADVANCED_FACE('',(#192),#77,.T.);
#2769=ADVANCED_FACE('',(#193),#2664,.T.);
#2770=ADVANCED_FACE('',(#194),#109,.T.);
#2771=ADVANCED_FACE('',(#195),#110,.T.);
#2772=ADVANCED_FACE('',(#196),#111,.T.);
#2773=ADVANCED_FACE('',(#197),#2665,.T.);
#2774=ADVANCED_FACE('',(#198),#112,.T.);
#2775=ADVANCED_FACE('',(#199),#2666,.T.);
#2776=ADVANCED_FACE('',(#200),#2667,.T.);
#2777=ADVANCED_FACE('',(#201),#2668,.F.);
#2778=ADVANCED_FACE('',(#202),#2669,.F.);
#2779=ADVANCED_FACE('',(#203),#2670,.T.);
#2780=ADVANCED_FACE('',(#204),#2671,.F.);
#2781=ADVANCED_FACE('',(#205),#2672,.F.);
#2782=ADVANCED_FACE('',(#206),#78,.F.);
#2783=ADVANCED_FACE('',(#207),#79,.F.);
#2784=ADVANCED_FACE('',(#208),#80,.F.);
#2785=ADVANCED_FACE('',(#209),#113,.T.);
#2786=ADVANCED_FACE('',(#210),#114,.T.);
#2787=ADVANCED_FACE('',(#211),#115,.T.);
#2788=ADVANCED_FACE('',(#212),#2673,.T.);
#2789=ADVANCED_FACE('',(#213),#116,.T.);
#2790=ADVANCED_FACE('',(#214),#2674,.T.);
#2791=ADVANCED_FACE('',(#215),#2675,.F.);
#2792=ADVANCED_FACE('',(#216),#2676,.T.);
#2793=ADVANCED_FACE('',(#217),#2677,.F.);
#2794=ADVANCED_FACE('',(#218),#2678,.T.);
#2795=ADVANCED_FACE('',(#219),#2679,.F.);
#2796=ADVANCED_FACE('',(#220),#2680,.F.);
#2797=ADVANCED_FACE('',(#221),#81,.F.);
#2798=ADVANCED_FACE('',(#222),#82,.F.);
#2799=ADVANCED_FACE('',(#223),#83,.F.);
#2800=ADVANCED_FACE('',(#224),#2681,.F.);
#2801=ADVANCED_FACE('',(#225),#117,.F.);
#2802=ADVANCED_FACE('',(#226),#2682,.F.);
#2803=ADVANCED_FACE('',(#227),#84,.F.);
#2804=ADVANCED_FACE('',(#228),#118,.T.);
#2805=ADVANCED_FACE('',(#229),#85,.F.);
#2806=ADVANCED_FACE('',(#230),#2683,.F.);
#2807=ADVANCED_FACE('',(#231),#86,.F.);
#2808=ADVANCED_FACE('',(#232),#2684,.F.);
#2809=ADVANCED_FACE('',(#233),#119,.F.);
#2810=ADVANCED_FACE('',(#234),#2685,.F.);
#2811=ADVANCED_FACE('',(#235),#87,.F.);
#2812=ADVANCED_FACE('',(#236),#120,.T.);
#2813=ADVANCED_FACE('',(#237),#88,.F.);
#2814=ADVANCED_FACE('',(#238),#2686,.F.);
#2815=ADVANCED_FACE('',(#239),#121,.T.);
#2816=ADVANCED_FACE('',(#240),#2687,.T.);
#2817=ADVANCED_FACE('',(#241),#89,.F.);
#2818=ADVANCED_FACE('',(#242),#122,.T.);
#2819=ADVANCED_FACE('',(#243),#2688,.T.);
#2820=ADVANCED_FACE('',(#244),#123,.T.);
#2821=ADVANCED_FACE('',(#245),#2689,.T.);
#2822=ADVANCED_FACE('',(#246),#2690,.F.);
#2823=ADVANCED_FACE('',(#247),#90,.F.);
#2824=ADVANCED_FACE('',(#248),#2691,.F.);
#2825=ADVANCED_FACE('',(#249),#91,.T.);
#2826=ADVANCED_FACE('',(#250),#2692,.T.);
#2827=ADVANCED_FACE('',(#251),#2693,.F.);
#2828=ADVANCED_FACE('',(#252),#124,.F.);
#2829=ADVANCED_FACE('',(#253),#2694,.F.);
#2830=ADVANCED_FACE('',(#254),#125,.F.);
#2831=ADVANCED_FACE('',(#255),#2695,.F.);
#2832=ADVANCED_FACE('',(#256),#2696,.T.);
#2833=ADVANCED_FACE('',(#257),#126,.T.);
#2834=ADVANCED_FACE('',(#258),#2697,.T.);
#2835=ADVANCED_FACE('',(#259),#127,.T.);
#2836=ADVANCED_FACE('',(#260),#2698,.T.);
#2837=ADVANCED_FACE('',(#261),#128,.T.);
#2838=ADVANCED_FACE('',(#262),#2699,.T.);
#2839=ADVANCED_FACE('',(#263),#129,.T.);
#2840=ADVANCED_FACE('',(#264),#2700,.F.);
#2841=ADVANCED_FACE('',(#265),#92,.F.);
#2842=ADVANCED_FACE('',(#266),#2701,.F.);
#2843=ADVANCED_FACE('',(#267),#16,.F.);
#2844=ADVANCED_FACE('',(#268),#2702,.F.);
#2845=ADVANCED_FACE('',(#269),#2703,.F.);
#2846=ADVANCED_FACE('',(#270),#130,.T.);
#2847=ADVANCED_FACE('',(#271),#2704,.F.);
#2848=ADVANCED_FACE('',(#272),#131,.T.);
#2849=ADVANCED_FACE('',(#273),#132,.T.);
#2850=ADVANCED_FACE('',(#274),#15,.F.);
#2851=ADVANCED_FACE('',(#275),#133,.T.);
#2852=ADVANCED_FACE('',(#276),#2705,.F.);
#2853=ADVANCED_FACE('',(#277),#17,.F.);
#2854=ADVANCED_FACE('',(#278),#18,.F.);
#2855=ADVANCED_FACE('',(#279),#19,.F.);
#2856=ADVANCED_FACE('',(#280),#93,.F.);
#2857=ADVANCED_FACE('',(#281),#94,.T.);
#2858=ADVANCED_FACE('',(#282),#95,.T.);
#2859=ADVANCED_FACE('',(#283),#2706,.F.);
#2860=ADVANCED_FACE('',(#284),#96,.F.);
#2861=ADVANCED_FACE('',(#285),#2707,.F.);
#2862=ADVANCED_FACE('',(#286),#97,.F.);
#2863=ADVANCED_FACE('',(#287),#98,.F.);
#2864=ADVANCED_FACE('',(#288),#99,.F.);
#2865=ADVANCED_FACE('',(#289),#100,.F.);
#2866=ADVANCED_FACE('',(#290,#47),#101,.T.);
#2867=ADVANCED_FACE('',(#291,#48),#102,.T.);
#2868=ADVANCED_FACE('',(#292),#103,.T.);
#2869=ADVANCED_FACE('',(#293),#2708,.T.);
#2870=ADVANCED_FACE('',(#294),#104,.T.);
#2871=ADVANCED_FACE('',(#295),#105,.T.);
#2872=ADVANCED_FACE('',(#296),#2709,.T.);
#2873=ADVANCED_FACE('',(#297),#106,.T.);
#2874=CLOSED_SHELL('',(#2710,#2711,#2712,#2713,#2714,#2715,#2716,#2717,
#2718,#2719,#2720,#2721,#2722,#2723,#2724,#2725,#2726,#2727,#2728,#2729,
#2730,#2731,#2732,#2733,#2734,#2735,#2736,#2737,#2738,#2739,#2740,#2741,
#2742,#2743,#2744,#2745,#2746,#2747,#2748,#2749,#2750,#2751,#2752,#2753,
#2754,#2755,#2756,#2757,#2758,#2759,#2760,#2761,#2762,#2763,#2764,#2765,
#2766,#2767,#2768,#2769,#2770,#2771,#2772,#2773,#2774,#2775,#2776,#2777,
#2778,#2779,#2780,#2781,#2782,#2783,#2784,#2785,#2786,#2787,#2788,#2789,
#2790,#2791,#2792,#2793,#2794,#2795,#2796,#2797,#2798,#2799,#2800,#2801,
#2802,#2803,#2804,#2805,#2806,#2807,#2808,#2809,#2810,#2811,#2812,#2813,
#2814,#2815,#2816,#2817,#2818,#2819,#2820,#2821,#2822,#2823,#2824,#2825,
#2826,#2827,#2828,#2829,#2830,#2831,#2832,#2833,#2834,#2835,#2836,#2837,
#2838,#2839,#2840,#2841,#2842,#2843,#2844,#2845,#2846,#2847,#2848,#2849,
#2850,#2851,#2852,#2853,#2854,#2855,#2856,#2857,#2858,#2859,#2860,#2861,
#2862,#2863,#2864,#2865,#2866,#2867,#2868,#2869,#2870,#2871,#2872,#2873));
#2875=AXIS2_PLACEMENT_3D('',#4130,#3217,#3218);
#2876=AXIS2_PLACEMENT_3D('',#4131,#3219,#3220);
#2877=AXIS2_PLACEMENT_3D('',#4134,#3221,#3222);
#2878=AXIS2_PLACEMENT_3D('',#4138,#3224,#3225);
#2879=AXIS2_PLACEMENT_3D('',#4140,#3227,#3228);
#2880=AXIS2_PLACEMENT_3D('',#4143,#3229,#3230);
#2881=AXIS2_PLACEMENT_3D('',#4144,#3231,#3232);
#2882=AXIS2_PLACEMENT_3D('',#4145,#3233,#3234);
#2883=AXIS2_PLACEMENT_3D('',#4146,#3235,#3236);
#2884=AXIS2_PLACEMENT_3D('',#4151,#3238,#3239);
#2885=AXIS2_PLACEMENT_3D('',#4155,#3241,#3242);
#2886=AXIS2_PLACEMENT_3D('',#4159,#3244,#3245);
#2887=AXIS2_PLACEMENT_3D('',#4161,#3246,#3247);
#2888=AXIS2_PLACEMENT_3D('',#4165,#3249,#3250);
#2889=AXIS2_PLACEMENT_3D('',#4167,#3251,#3252);
#2890=AXIS2_PLACEMENT_3D('',#4171,#3254,#3255);
#2891=AXIS2_PLACEMENT_3D('',#4174,#3257,#3258);
#2892=AXIS2_PLACEMENT_3D('',#4176,#3259,#3260);
#2893=AXIS2_PLACEMENT_3D('',#4178,#3261,#3262);
#2894=AXIS2_PLACEMENT_3D('',#4180,#3263,#3264);
#2895=AXIS2_PLACEMENT_3D('',#4182,#3265,#3266);
#2896=AXIS2_PLACEMENT_3D('',#4185,#3267,#3268);
#2897=AXIS2_PLACEMENT_3D('',#4189,#3270,#3271);
#2898=AXIS2_PLACEMENT_3D('',#4193,#3273,#3274);
#2899=AXIS2_PLACEMENT_3D('',#4197,#3276,#3277);
#2900=AXIS2_PLACEMENT_3D('',#4203,#3280,#3281);
#2901=AXIS2_PLACEMENT_3D('',#4207,#3283,#3284);
#2902=AXIS2_PLACEMENT_3D('',#4211,#3286,#3287);
#2903=AXIS2_PLACEMENT_3D('',#4214,#3289,#3290);
#2904=AXIS2_PLACEMENT_3D('',#4217,#3291,#3292);
#2905=AXIS2_PLACEMENT_3D('',#4221,#3294,#3295);
#2906=AXIS2_PLACEMENT_3D('',#4225,#3297,#3298);
#2907=AXIS2_PLACEMENT_3D('',#4229,#3300,#3301);
#2908=AXIS2_PLACEMENT_3D('',#4242,#3308,#3309);
#2909=AXIS2_PLACEMENT_3D('',#4246,#3312,#3313);
#2910=AXIS2_PLACEMENT_3D('',#4251,#3316,#3317);
#2911=AXIS2_PLACEMENT_3D('',#4252,#3318,#3319);
#2912=AXIS2_PLACEMENT_3D('',#4254,#3320,#3321);
#2913=AXIS2_PLACEMENT_3D('',#4256,#3323,#3324);
#2914=AXIS2_PLACEMENT_3D('',#4259,#3326,#3327);
#2915=AXIS2_PLACEMENT_3D('',#4260,#3328,#3329);
#2916=AXIS2_PLACEMENT_3D('',#4264,#3331,#3332);
#2917=AXIS2_PLACEMENT_3D('',#4265,#3333,#3334);
#2918=AXIS2_PLACEMENT_3D('',#4266,#3335,#3336);
#2919=AXIS2_PLACEMENT_3D('',#4269,#3338,#3339);
#2920=AXIS2_PLACEMENT_3D('',#4270,#3340,#3341);
#2921=AXIS2_PLACEMENT_3D('',#4272,#3343,#3344);
#2922=AXIS2_PLACEMENT_3D('',#4274,#3345,#3346);
#2923=AXIS2_PLACEMENT_3D('',#4275,#3347,#3348);
#2924=AXIS2_PLACEMENT_3D('',#4276,#3349,#3350);
#2925=AXIS2_PLACEMENT_3D('',#4278,#3352,#3353);
#2926=AXIS2_PLACEMENT_3D('',#4289,#3358,#3359);
#2927=AXIS2_PLACEMENT_3D('',#4292,#3361,#3362);
#2928=AXIS2_PLACEMENT_3D('',#4293,#3363,#3364);
#2929=AXIS2_PLACEMENT_3D('',#4299,#3367,#3368);
#2930=AXIS2_PLACEMENT_3D('',#4303,#3370,#3371);
#2931=AXIS2_PLACEMENT_3D('',#4323,#3382,#3383);
#2932=AXIS2_PLACEMENT_3D('',#4326,#3384,#3385);
#2933=AXIS2_PLACEMENT_3D('',#4330,#3387,#3388);
#2934=AXIS2_PLACEMENT_3D('',#4332,#3390,#3391);
#2935=AXIS2_PLACEMENT_3D('',#4338,#3395,#3396);
#2936=AXIS2_PLACEMENT_3D('',#4344,#3400,#3401);
#2937=AXIS2_PLACEMENT_3D('',#4348,#3403,#3404);
#2938=AXIS2_PLACEMENT_3D('',#4351,#3406,#3407);
#2939=AXIS2_PLACEMENT_3D('',#4355,#3409,#3410);
#2940=AXIS2_PLACEMENT_3D('',#4359,#3412,#3413);
#2941=AXIS2_PLACEMENT_3D('',#4363,#3415,#3416);
#2942=AXIS2_PLACEMENT_3D('',#4367,#3418,#3419);
#2943=AXIS2_PLACEMENT_3D('',#4369,#3421,#3422);
#2944=AXIS2_PLACEMENT_3D('',#4370,#3423,#3424);
#2945=AXIS2_PLACEMENT_3D('',#4373,#3426,#3427);
#2946=AXIS2_PLACEMENT_3D('',#4374,#3428,#3429);
#2947=AXIS2_PLACEMENT_3D('',#4377,#3431,#3432);
#2948=AXIS2_PLACEMENT_3D('',#4378,#3433,#3434);
#2949=AXIS2_PLACEMENT_3D('',#4381,#3436,#3437);
#2950=AXIS2_PLACEMENT_3D('',#4382,#3438,#3439);
#2951=AXIS2_PLACEMENT_3D('',#4385,#3441,#3442);
#2952=AXIS2_PLACEMENT_3D('',#4386,#3443,#3444);
#2953=AXIS2_PLACEMENT_3D('',#4388,#3445,#3446);
#2954=AXIS2_PLACEMENT_3D('',#4390,#3448,#3449);
#2955=AXIS2_PLACEMENT_3D('',#4396,#3453,#3454);
#2956=AXIS2_PLACEMENT_3D('',#4398,#3455,#3456);
#2957=AXIS2_PLACEMENT_3D('',#4401,#3458,#3459);
#2958=AXIS2_PLACEMENT_3D('',#4402,#3460,#3461);
#2959=AXIS2_PLACEMENT_3D('',#4407,#3463,#3464);
#2960=AXIS2_PLACEMENT_3D('',#4413,#3467,#3468);
#2961=AXIS2_PLACEMENT_3D('',#4418,#3471,#3472);
#2962=AXIS2_PLACEMENT_3D('',#4420,#3473,#3474);
#2963=AXIS2_PLACEMENT_3D('',#4426,#3477,#3478);
#2964=AXIS2_PLACEMENT_3D('',#4429,#3480,#3481);
#2965=AXIS2_PLACEMENT_3D('',#4431,#3482,#3483);
#2966=AXIS2_PLACEMENT_3D('',#4433,#3484,#3485);
#2967=AXIS2_PLACEMENT_3D('',#4434,#3486,#3487);
#2968=AXIS2_PLACEMENT_3D('',#4441,#3492,#3493);
#2969=AXIS2_PLACEMENT_3D('',#4444,#3495,#3496);
#2970=AXIS2_PLACEMENT_3D('',#4445,#3497,#3498);
#2971=AXIS2_PLACEMENT_3D('',#4448,#3500,#3501);
#2972=AXIS2_PLACEMENT_3D('',#4449,#3502,#3503);
#2973=AXIS2_PLACEMENT_3D('',#4453,#3505,#3506);
#2974=AXIS2_PLACEMENT_3D('',#4456,#3508,#3509);
#2975=AXIS2_PLACEMENT_3D('',#4457,#3510,#3511);
#2976=AXIS2_PLACEMENT_3D('',#4461,#3514,#3515);
#2977=AXIS2_PLACEMENT_3D('',#4463,#3517,#3518);
#2978=AXIS2_PLACEMENT_3D('',#4464,#3519,#3520);
#2979=AXIS2_PLACEMENT_3D('',#4468,#3523,#3524);
#2980=AXIS2_PLACEMENT_3D('',#4470,#3525,#3526);
#2981=AXIS2_PLACEMENT_3D('',#4473,#3528,#3529);
#2982=AXIS2_PLACEMENT_3D('',#4479,#3532,#3533);
#2983=AXIS2_PLACEMENT_3D('',#4482,#3535,#3536);
#2984=AXIS2_PLACEMENT_3D('',#4483,#3537,#3538);
#2985=AXIS2_PLACEMENT_3D('',#4486,#3539,#3540);
#2986=AXIS2_PLACEMENT_3D('',#4491,#3544,#3545);
#2987=AXIS2_PLACEMENT_3D('',#4492,#3546,#3547);
#2988=AXIS2_PLACEMENT_3D('',#4493,#3548,#3549);
#2989=AXIS2_PLACEMENT_3D('',#4497,#3552,#3553);
#2990=AXIS2_PLACEMENT_3D('',#4501,#3555,#3556);
#2991=AXIS2_PLACEMENT_3D('',#4503,#3558,#3559);
#2992=AXIS2_PLACEMENT_3D('',#4509,#3562,#3563);
#2993=AXIS2_PLACEMENT_3D('',#4513,#3565,#3566);
#2994=AXIS2_PLACEMENT_3D('',#4518,#3570,#3571);
#2995=AXIS2_PLACEMENT_3D('',#4520,#3573,#3574);
#2996=AXIS2_PLACEMENT_3D('',#4523,#3577,#3578);
#2997=AXIS2_PLACEMENT_3D('',#4524,#3579,#3580);
#2998=AXIS2_PLACEMENT_3D('',#4526,#3582,#3583);
#2999=AXIS2_PLACEMENT_3D('',#4529,#3586,#3587);
#3000=AXIS2_PLACEMENT_3D('',#4531,#3589,#3590);
#3001=AXIS2_PLACEMENT_3D('',#4533,#3592,#3593);
#3002=AXIS2_PLACEMENT_3D('',#4535,#3595,#3596);
#3003=AXIS2_PLACEMENT_3D('',#4538,#3598,#3599);
#3004=AXIS2_PLACEMENT_3D('',#4539,#3600,#3601);
#3005=AXIS2_PLACEMENT_3D('',#4541,#3603,#3604);
#3006=AXIS2_PLACEMENT_3D('',#4544,#3607,#3608);
#3007=AXIS2_PLACEMENT_3D('',#4546,#3610,#3611);
#3008=AXIS2_PLACEMENT_3D('',#4548,#3613,#3614);
#3009=AXIS2_PLACEMENT_3D('',#4549,#3615,#3616);
#3010=AXIS2_PLACEMENT_3D('',#4551,#3618,#3619);
#3011=AXIS2_PLACEMENT_3D('',#4558,#3624,#3625);
#3012=AXIS2_PLACEMENT_3D('',#4559,#3626,#3627);
#3013=AXIS2_PLACEMENT_3D('',#4560,#3628,#3629);
#3014=AXIS2_PLACEMENT_3D('',#4562,#3631,#3632);
#3015=AXIS2_PLACEMENT_3D('',#4568,#3636,#3637);
#3016=AXIS2_PLACEMENT_3D('',#4570,#3639,#3640);
#3017=AXIS2_PLACEMENT_3D('',#4572,#3641,#3642);
#3018=AXIS2_PLACEMENT_3D('',#4574,#3643,#3644);
#3019=AXIS2_PLACEMENT_3D('',#4575,#3645,#3646);
#3020=AXIS2_PLACEMENT_3D('',#4576,#3647,#3648);
#3021=AXIS2_PLACEMENT_3D('',#4579,#3649,#3650);
#3022=AXIS2_PLACEMENT_3D('',#4580,#3651,#3652);
#3023=AXIS2_PLACEMENT_3D('',#4581,#3653,#3654);
#3024=AXIS2_PLACEMENT_3D('',#4582,#3655,#3656);
#3025=AXIS2_PLACEMENT_3D('',#4585,#3657,#3658);
#3026=AXIS2_PLACEMENT_3D('',#4586,#3659,#3660);
#3027=AXIS2_PLACEMENT_3D('',#4587,#3661,#3662);
#3028=AXIS2_PLACEMENT_3D('',#4588,#3663,#3664);
#3029=AXIS2_PLACEMENT_3D('',#4590,#3666,#3667);
#3030=AXIS2_PLACEMENT_3D('',#4593,#3668,#3669);
#3031=AXIS2_PLACEMENT_3D('',#4594,#3670,#3671);
#3032=AXIS2_PLACEMENT_3D('',#4595,#3672,#3673);
#3033=AXIS2_PLACEMENT_3D('',#4596,#3674,#3675);
#3034=AXIS2_PLACEMENT_3D('',#4598,#3677,#3678);
#3035=AXIS2_PLACEMENT_3D('',#4600,#3680,#3681);
#3036=AXIS2_PLACEMENT_3D('',#4603,#3682,#3683);
#3037=AXIS2_PLACEMENT_3D('',#4606,#3686,#3687);
#3038=AXIS2_PLACEMENT_3D('',#4609,#3688,#3689);
#3039=AXIS2_PLACEMENT_3D('',#4612,#3692,#3693);
#3040=AXIS2_PLACEMENT_3D('',#4614,#3695,#3696);
#3041=AXIS2_PLACEMENT_3D('',#4617,#3697,#3698);
#3042=AXIS2_PLACEMENT_3D('',#4620,#3701,#3702);
#3043=AXIS2_PLACEMENT_3D('',#4623,#3703,#3704);
#3044=AXIS2_PLACEMENT_3D('',#4626,#3707,#3708);
#3045=AXIS2_PLACEMENT_3D('',#4628,#3710,#3711);
#3046=AXIS2_PLACEMENT_3D('',#4630,#3713,#3714);
#3047=AXIS2_PLACEMENT_3D('',#4633,#3717,#3718);
#3048=AXIS2_PLACEMENT_3D('',#4636,#3719,#3720);
#3049=AXIS2_PLACEMENT_3D('',#4637,#3721,#3722);
#3050=AXIS2_PLACEMENT_3D('',#4638,#3723,#3724);
#3051=AXIS2_PLACEMENT_3D('',#4639,#3725,#3726);
#3052=AXIS2_PLACEMENT_3D('',#4642,#3727,#3728);
#3053=AXIS2_PLACEMENT_3D('',#4643,#3729,#3730);
#3054=AXIS2_PLACEMENT_3D('',#4644,#3731,#3732);
#3055=AXIS2_PLACEMENT_3D('',#4645,#3733,#3734);
#3056=AXIS2_PLACEMENT_3D('',#4648,#3735,#3736);
#3057=AXIS2_PLACEMENT_3D('',#4649,#3737,#3738);
#3058=AXIS2_PLACEMENT_3D('',#4650,#3739,#3740);
#3059=AXIS2_PLACEMENT_3D('',#4651,#3741,#3742);
#3060=AXIS2_PLACEMENT_3D('',#4653,#3744,#3745);
#3061=AXIS2_PLACEMENT_3D('',#4655,#3746,#3747);
#3062=AXIS2_PLACEMENT_3D('',#4657,#3748,#3749);
#3063=AXIS2_PLACEMENT_3D('',#4658,#3750,#3751);
#3064=AXIS2_PLACEMENT_3D('',#4659,#3752,#3753);
#3065=AXIS2_PLACEMENT_3D('',#4661,#3755,#3756);
#3066=AXIS2_PLACEMENT_3D('',#4664,#3757,#3758);
#3067=AXIS2_PLACEMENT_3D('',#4667,#3761,#3762);
#3068=AXIS2_PLACEMENT_3D('',#4669,#3764,#3765);
#3069=AXIS2_PLACEMENT_3D('',#4672,#3766,#3767);
#3070=AXIS2_PLACEMENT_3D('',#4675,#3770,#3771);
#3071=AXIS2_PLACEMENT_3D('',#4677,#3773,#3774);
#3072=AXIS2_PLACEMENT_3D('',#4680,#3775,#3776);
#3073=AXIS2_PLACEMENT_3D('',#4683,#3779,#3780);
#3074=AXIS2_PLACEMENT_3D('',#4686,#3781,#3782);
#3075=AXIS2_PLACEMENT_3D('',#4689,#3785,#3786);
#3076=AXIS2_PLACEMENT_3D('',#4691,#3788,#3789);
#3077=AXIS2_PLACEMENT_3D('',#4693,#3791,#3792);
#3078=AXIS2_PLACEMENT_3D('',#4696,#3795,#3796);
#3079=AXIS2_PLACEMENT_3D('',#4699,#3797,#3798);
#3080=AXIS2_PLACEMENT_3D('',#4703,#3800,#3801);
#3081=AXIS2_PLACEMENT_3D('',#4710,#3803,#3804);
#3082=AXIS2_PLACEMENT_3D('',#4713,#3805,#3806);
#3083=AXIS2_PLACEMENT_3D('',#4714,#3807,#3808);
#3084=AXIS2_PLACEMENT_3D('',#4715,#3809,#3810);
#3085=AXIS2_PLACEMENT_3D('',#4716,#3811,#3812);
#3086=AXIS2_PLACEMENT_3D('',#4728,#3815,#3816);
#3087=AXIS2_PLACEMENT_3D('',#4729,#3817,#3818);
#3088=AXIS2_PLACEMENT_3D('',#4731,#3819,#3820);
#3089=AXIS2_PLACEMENT_3D('',#4737,#3824,#3825);
#3090=AXIS2_PLACEMENT_3D('',#4746,#3826,#3827);
#3091=AXIS2_PLACEMENT_3D('',#4747,#3828,#3829);
#3092=AXIS2_PLACEMENT_3D('',#4748,#3830,#3831);
#3093=AXIS2_PLACEMENT_3D('',#4765,#3837,#3838);
#3094=AXIS2_PLACEMENT_3D('',#4768,#3840,#3841);
#3095=AXIS2_PLACEMENT_3D('',#4769,#3842,#3843);
#3096=AXIS2_PLACEMENT_3D('',#4782,#3847,#3848);
#3097=AXIS2_PLACEMENT_3D('',#4785,#3849,#3850);
#3098=AXIS2_PLACEMENT_3D('',#4789,#3852,#3853);
#3099=AXIS2_PLACEMENT_3D('',#4796,#3855,#3856);
#3100=AXIS2_PLACEMENT_3D('',#4798,#3857,#3858);
#3101=AXIS2_PLACEMENT_3D('',#4799,#3859,#3860);
#3102=AXIS2_PLACEMENT_3D('',#4800,#3861,#3862);
#3103=AXIS2_PLACEMENT_3D('',#4801,#3863,#3864);
#3104=AXIS2_PLACEMENT_3D('',#4811,#3866,#3867);
#3105=AXIS2_PLACEMENT_3D('',#4812,#3868,#3869);
#3106=AXIS2_PLACEMENT_3D('',#4814,#3870,#3871);
#3107=AXIS2_PLACEMENT_3D('',#4820,#3875,#3876);
#3108=AXIS2_PLACEMENT_3D('',#4829,#3877,#3878);
#3109=AXIS2_PLACEMENT_3D('',#4830,#3879,#3880);
#3110=AXIS2_PLACEMENT_3D('',#4831,#3881,#3882);
#3111=AXIS2_PLACEMENT_3D('',#4839,#3887,#3888);
#3112=AXIS2_PLACEMENT_3D('',#4840,#3889,#3890);
#3113=AXIS2_PLACEMENT_3D('',#4841,#3891,#3892);
#3114=AXIS2_PLACEMENT_3D('',#4843,#3893,#3894);
#3115=AXIS2_PLACEMENT_3D('',#4845,#3895,#3896);
#3116=AXIS2_PLACEMENT_3D('',#4846,#3897,#3898);
#3117=AXIS2_PLACEMENT_3D('',#4847,#3899,#3900);
#3118=AXIS2_PLACEMENT_3D('',#4849,#3901,#3902);
#3119=AXIS2_PLACEMENT_3D('',#4852,#3905,#3906);
#3120=AXIS2_PLACEMENT_3D('',#4854,#3908,#3909);
#3121=AXIS2_PLACEMENT_3D('',#4856,#3910,#3911);
#3122=AXIS2_PLACEMENT_3D('',#4858,#3912,#3913);
#3123=AXIS2_PLACEMENT_3D('',#4859,#3914,#3915);
#3124=AXIS2_PLACEMENT_3D('',#4860,#3916,#3917);
#3125=AXIS2_PLACEMENT_3D('',#4863,#3918,#3919);
#3126=AXIS2_PLACEMENT_3D('',#4866,#3922,#3923);
#3127=AXIS2_PLACEMENT_3D('',#4868,#3924,#3925);
#3128=AXIS2_PLACEMENT_3D('',#4869,#3926,#3927);
#3129=AXIS2_PLACEMENT_3D('',#4870,#3928,#3929);
#3130=AXIS2_PLACEMENT_3D('',#4871,#3930,#3931);
#3131=AXIS2_PLACEMENT_3D('',#4873,#3933,#3934);
#3132=AXIS2_PLACEMENT_3D('',#4876,#3936,#3937);
#3133=AXIS2_PLACEMENT_3D('',#4877,#3938,#3939);
#3134=AXIS2_PLACEMENT_3D('',#4879,#3941,#3942);
#3135=AXIS2_PLACEMENT_3D('',#4881,#3944,#3945);
#3136=AXIS2_PLACEMENT_3D('',#4886,#3948,#3949);
#3137=AXIS2_PLACEMENT_3D('',#4890,#3951,#3952);
#3138=AXIS2_PLACEMENT_3D('',#4892,#3954,#3955);
#3139=AXIS2_PLACEMENT_3D('',#4893,#3956,#3957);
#3140=AXIS2_PLACEMENT_3D('',#4894,#3958,#3959);
#3141=AXIS2_PLACEMENT_3D('',#4895,#3960,#3961);
#3142=AXIS2_PLACEMENT_3D('',#4897,#3962,#3963);
#3143=AXIS2_PLACEMENT_3D('',#4898,#3964,#3965);
#3144=AXIS2_PLACEMENT_3D('',#4899,#3966,#3967);
#3145=AXIS2_PLACEMENT_3D('',#4901,#3968,#3969);
#3146=AXIS2_PLACEMENT_3D('',#4903,#3971,#3972);
#3147=AXIS2_PLACEMENT_3D('',#4904,#3973,#3974);
#3148=AXIS2_PLACEMENT_3D('',#4905,#3975,#3976);
#3149=AXIS2_PLACEMENT_3D('',#4906,#3977,#3978);
#3150=AXIS2_PLACEMENT_3D('',#4907,#3979,#3980);
#3151=AXIS2_PLACEMENT_3D('',#4908,#3981,#3982);
#3152=AXIS2_PLACEMENT_3D('',#4909,#3983,#3984);
#3153=AXIS2_PLACEMENT_3D('',#4910,#3985,#3986);
#3154=AXIS2_PLACEMENT_3D('',#4911,#3987,#3988);
#3155=AXIS2_PLACEMENT_3D('',#4912,#3989,#3990);
#3156=AXIS2_PLACEMENT_3D('',#4913,#3991,#3992);
#3157=AXIS2_PLACEMENT_3D('',#4914,#3993,#3994);
#3158=AXIS2_PLACEMENT_3D('',#4915,#3995,#3996);
#3159=AXIS2_PLACEMENT_3D('',#4916,#3997,#3998);
#3160=AXIS2_PLACEMENT_3D('',#4917,#3999,#4000);
#3161=AXIS2_PLACEMENT_3D('',#4918,#4001,#4002);
#3162=AXIS2_PLACEMENT_3D('',#4920,#4003,#4004);
#3163=AXIS2_PLACEMENT_3D('',#4921,#4005,#4006);
#3164=AXIS2_PLACEMENT_3D('',#4922,#4007,#4008);
#3165=AXIS2_PLACEMENT_3D('',#4924,#4009,#4010);
#3166=AXIS2_PLACEMENT_3D('',#4926,#4012,#4013);
#3167=AXIS2_PLACEMENT_3D('',#4927,#4014,#4015);
#3168=AXIS2_PLACEMENT_3D('',#4928,#4016,#4017);
#3169=AXIS2_PLACEMENT_3D('',#4930,#4019,#4020);
#3170=AXIS2_PLACEMENT_3D('',#4932,#4022,#4023);
#3171=AXIS2_PLACEMENT_3D('',#4933,#4024,#4025);
#3172=AXIS2_PLACEMENT_3D('',#4935,#4026,#4027);
#3173=AXIS2_PLACEMENT_3D('',#4936,#4028,#4029);
#3174=AXIS2_PLACEMENT_3D('',#4937,#4030,#4031);
#3175=AXIS2_PLACEMENT_3D('',#4940,#4033,#4034);
#3176=AXIS2_PLACEMENT_3D('',#4941,#4035,#4036);
#3177=AXIS2_PLACEMENT_3D('',#4943,#4037,#4038);
#3178=AXIS2_PLACEMENT_3D('',#4954,#4039,#4040);
#3179=AXIS2_PLACEMENT_3D('',#4956,#4042,#4043);
#3180=AXIS2_PLACEMENT_3D('',#4970,#4044,#4045);
#3181=AXIS2_PLACEMENT_3D('',#4971,#4046,#4047);
#3182=AXIS2_PLACEMENT_3D('',#4981,#4048,#4049);
#3183=AXIS2_PLACEMENT_3D('',#4984,#4051,#4052);
#3184=AXIS2_PLACEMENT_3D('',#4985,#4053,#4054);
#3185=AXIS2_PLACEMENT_3D('',#4998,#4055,#4056);
#3186=AXIS2_PLACEMENT_3D('',#5000,#4057,#4058);
#3187=AXIS2_PLACEMENT_3D('',#5001,#4059,#4060);
#3188=AXIS2_PLACEMENT_3D('',#5023,#4061,#4062);
#3189=AXIS2_PLACEMENT_3D('',#5028,#4063,#4064);
#3190=AXIS2_PLACEMENT_3D('',#5029,#4065,#4066);
#3191=AXIS2_PLACEMENT_3D('',#5030,#4067,#4068);
#3192=AXIS2_PLACEMENT_3D('',#5031,#4069,#4070);
#3193=AXIS2_PLACEMENT_3D('',#5033,#4072,#4073);
#3194=AXIS2_PLACEMENT_3D('',#5034,#4074,#4075);
#3195=AXIS2_PLACEMENT_3D('',#5035,#4076,#4077);
#3196=AXIS2_PLACEMENT_3D('',#5036,#4078,#4079);
#3197=AXIS2_PLACEMENT_3D('',#5037,#4080,#4081);
#3198=AXIS2_PLACEMENT_3D('',#5038,#4082,#4083);
#3199=AXIS2_PLACEMENT_3D('',#5039,#4084,#4085);
#3200=AXIS2_PLACEMENT_3D('',#5040,#4086,#4087);
#3201=AXIS2_PLACEMENT_3D('',#5042,#4089,#4090);
#3202=AXIS2_PLACEMENT_3D('',#5044,#4092,#4093);
#3203=AXIS2_PLACEMENT_3D('',#5045,#4094,#4095);
#3204=AXIS2_PLACEMENT_3D('',#5046,#4096,#4097);
#3205=AXIS2_PLACEMENT_3D('',#5047,#4098,#4099);
#3206=AXIS2_PLACEMENT_3D('',#5048,#4100,#4101);
#3207=AXIS2_PLACEMENT_3D('',#5049,#4102,#4103);
#3208=AXIS2_PLACEMENT_3D('',#5053,#4105,#4106);
#3209=AXIS2_PLACEMENT_3D('',#5055,#4108,#4109);
#3210=AXIS2_PLACEMENT_3D('',#5059,#4111,#4112);
#3211=AXIS2_PLACEMENT_3D('',#5061,#4114,#4115);
#3212=AXIS2_PLACEMENT_3D('',#5063,#4117,#4118);
#3213=AXIS2_PLACEMENT_3D('',#5065,#4120,#4121);
#3214=AXIS2_PLACEMENT_3D('',#5066,#4122,#4123);
#3215=AXIS2_PLACEMENT_3D('',#5068,#4125,#4126);
#3216=AXIS2_PLACEMENT_3D('',#5070,#4128,#4129);
#3217=DIRECTION('axis',(0.,0.,1.));
#3218=DIRECTION('refdir',(1.,0.,0.));
#3219=DIRECTION('center_axis',(7.40148673481011E-16,0.,1.));
#3220=DIRECTION('ref_axis',(0.968245836551854,0.25,0.));
#3221=DIRECTION('center_axis',(0.707106781186548,0.,0.707106781186548));
#3222=DIRECTION('ref_axis',(0.707106781186548,-4.90653893338681E-17,-0.707106781186547));
#3223=DIRECTION('',(-7.40148673481011E-16,0.,-1.));
#3224=DIRECTION('center_axis',(0.,0.,1.));
#3225=DIRECTION('ref_axis',(0.968245836551854,0.25,0.));
#3226=DIRECTION('',(7.40148673481011E-16,0.,1.));
#3227=DIRECTION('center_axis',(0.,1.,0.));
#3228=DIRECTION('ref_axis',(-1.,0.,7.06058675244559E-16));
#3229=DIRECTION('center_axis',(1.,4.44089209850063E-15,6.67222540982966E-10));
#3230=DIRECTION('ref_axis',(6.46034337137281E-10,0.25,-0.968245836551854));
#3231=DIRECTION('center_axis',(0.,-1.,0.));
#3232=DIRECTION('ref_axis',(-1.,0.,1.10147888945256E-15));
#3233=DIRECTION('center_axis',(0.,1.,0.));
#3234=DIRECTION('ref_axis',(1.,0.,-8.88178419700123E-16));
#3235=DIRECTION('center_axis',(0.,1.,0.));
#3236=DIRECTION('ref_axis',(1.,0.,0.));
#3237=DIRECTION('',(-1.,0.,0.));
#3238=DIRECTION('center_axis',(0.,1.,0.));
#3239=DIRECTION('ref_axis',(0.,0.,-1.));
#3240=DIRECTION('',(0.,0.,1.));
#3241=DIRECTION('center_axis',(0.,1.,0.));
#3242=DIRECTION('ref_axis',(-1.,0.,0.));
#3243=DIRECTION('',(1.,0.,0.));
#3244=DIRECTION('center_axis',(5.81756864903584E-13,1.,1.48999990123855E-8));
#3245=DIRECTION('ref_axis',(1.,-5.81756864903584E-13,0.));
#3246=DIRECTION('center_axis',(0.,1.,0.));
#3247=DIRECTION('ref_axis',(-0.707106781186548,0.,-0.707106781186548));
#3248=DIRECTION('',(-1.,0.,-6.15289643351868E-10));
#3249=DIRECTION('center_axis',(0.,1.,0.));
#3250=DIRECTION('ref_axis',(0.,0.,1.));
#3251=DIRECTION('center_axis',(5.96046445533459E-8,0.999999999999998,0.));
#3252=DIRECTION('ref_axis',(0.,0.,-1.));
#3253=DIRECTION('',(1.,0.,0.));
#3254=DIRECTION('center_axis',(0.,1.,0.));
#3255=DIRECTION('ref_axis',(0.,0.,1.));
#3256=DIRECTION('',(0.,0.,-1.));
#3257=DIRECTION('center_axis',(0.,1.,0.));
#3258=DIRECTION('ref_axis',(1.,0.,0.));
#3259=DIRECTION('center_axis',(0.,1.,0.));
#3260=DIRECTION('ref_axis',(1.,0.,0.));
#3261=DIRECTION('center_axis',(0.,1.,0.));
#3262=DIRECTION('ref_axis',(1.,0.,0.));
#3263=DIRECTION('center_axis',(0.,1.,0.));
#3264=DIRECTION('ref_axis',(1.,0.,0.));
#3265=DIRECTION('center_axis',(0.,1.,0.));
#3266=DIRECTION('ref_axis',(1.,0.,0.));
#3267=DIRECTION('center_axis',(0.,1.,0.));
#3268=DIRECTION('ref_axis',(-0.707106781186546,0.,0.707106781186549));
#3269=DIRECTION('',(0.,0.,1.));
#3270=DIRECTION('center_axis',(0.,1.,0.));
#3271=DIRECTION('ref_axis',(-0.707106781186546,0.,-0.707106781186549));
#3272=DIRECTION('',(-1.,0.,0.));
#3273=DIRECTION('center_axis',(0.,1.,0.));
#3274=DIRECTION('ref_axis',(0.707106781186546,0.,-0.707106781186549));
#3275=DIRECTION('',(0.,0.,-1.));
#3276=DIRECTION('center_axis',(0.,1.,0.));
#3277=DIRECTION('ref_axis',(0.707106781186546,0.,0.707106781186549));
#3278=DIRECTION('',(1.,0.,0.));
#3279=DIRECTION('',(0.,0.,1.));
#3280=DIRECTION('center_axis',(0.,1.,0.));
#3281=DIRECTION('ref_axis',(-0.707106781186547,0.,-0.707106781186548));
#3282=DIRECTION('',(-1.,0.,0.));
#3283=DIRECTION('center_axis',(0.,1.,0.));
#3284=DIRECTION('ref_axis',(0.707106781186548,0.,-0.707106781186548));
#3285=DIRECTION('',(0.,0.,-1.));
#3286=DIRECTION('center_axis',(0.,1.,0.));
#3287=DIRECTION('ref_axis',(0.707106781186548,0.,0.707106781186548));
#3288=DIRECTION('',(1.,0.,0.));
#3289=DIRECTION('center_axis',(0.,1.,0.));
#3290=DIRECTION('ref_axis',(-0.707106781186547,0.,0.707106781186548));
#3291=DIRECTION('center_axis',(0.,1.,0.));
#3292=DIRECTION('ref_axis',(0.707106781186546,0.,-0.707106781186549));
#3293=DIRECTION('',(0.,0.,-1.));
#3294=DIRECTION('center_axis',(0.,1.,0.));
#3295=DIRECTION('ref_axis',(0.707106781186546,0.,0.707106781186549));
#3296=DIRECTION('',(1.,0.,0.));
#3297=DIRECTION('center_axis',(0.,1.,0.));
#3298=DIRECTION('ref_axis',(-0.707106781186546,0.,0.707106781186549));
#3299=DIRECTION('',(0.,0.,1.));
#3300=DIRECTION('center_axis',(0.,1.,0.));
#3301=DIRECTION('ref_axis',(-0.707106781186546,0.,-0.707106781186549));
#3302=DIRECTION('',(-1.,0.,0.));
#3303=DIRECTION('',(1.,0.,0.));
#3304=DIRECTION('',(1.,0.,6.67216169134678E-10));
#3305=DIRECTION('',(-4.4408920058564E-16,0.,1.));
#3306=DIRECTION('',(-1.,0.,0.));
#3307=DIRECTION('',(0.,0.,-1.));
#3308=DIRECTION('center_axis',(0.,-1.,0.));
#3309=DIRECTION('ref_axis',(1.,0.,-1.10147888945257E-15));
#3310=DIRECTION('',(-1.,0.,-6.38621182240089E-9));
#3311=DIRECTION('',(0.,0.,-1.));
#3312=DIRECTION('center_axis',(1.,0.,6.67216169134678E-10));
#3313=DIRECTION('ref_axis',(6.46029896245182E-10,0.25,-0.968245836551854));
#3314=DIRECTION('',(-1.,0.,0.));
#3315=DIRECTION('',(-1.,0.,-6.67216169134678E-10));
#3316=DIRECTION('center_axis',(-0.707106780950645,-3.14018491631994E-15,
-0.70710678142245));
#3317=DIRECTION('ref_axis',(0.70710678142245,3.14018491841516E-15,-0.707106780950646));
#3318=DIRECTION('center_axis',(1.,0.,0.));
#3319=DIRECTION('ref_axis',(0.,0.25,-0.968245836551854));
#3320=DIRECTION('center_axis',(-0.707106781186548,0.,0.707106781186548));
#3321=DIRECTION('ref_axis',(-0.707106781186548,0.,-0.707106781186548));
#3322=DIRECTION('',(-1.,0.,0.));
#3323=DIRECTION('center_axis',(0.,0.,-1.));
#3324=DIRECTION('ref_axis',(-0.968245836551854,0.25,0.));
#3325=DIRECTION('',(0.,0.,1.));
#3326=DIRECTION('center_axis',(0.707106778928682,0.,0.707106783444413));
#3327=DIRECTION('ref_axis',(-0.707106783444412,0.,0.707106778928682));
#3328=DIRECTION('center_axis',(0.,0.,-1.));
#3329=DIRECTION('ref_axis',(-0.968245836551854,0.25,0.));
#3330=DIRECTION('',(0.,0.,1.));
#3331=DIRECTION('center_axis',(-3.43990022795941E-15,4.44089209850063E-15,
-1.));
#3332=DIRECTION('ref_axis',(-0.968245836551854,0.25,4.44089209850063E-15));
#3333=DIRECTION('center_axis',(0.707106781186547,-3.14018491736755E-15,
0.707106781186548));
#3334=DIRECTION('ref_axis',(-0.707106781186548,3.14018491736755E-15,0.707106781186547));
#3335=DIRECTION('center_axis',(-1.,0.,0.));
#3336=DIRECTION('ref_axis',(0.,0.25,0.968245836551854));
#3337=DIRECTION('',(1.,0.,0.));
#3338=DIRECTION('center_axis',(0.707106781186546,1.57009245868378E-15,-0.707106781186549));
#3339=DIRECTION('ref_axis',(0.707106781186549,-1.57009245868377E-15,0.707106781186546));
#3340=DIRECTION('center_axis',(-4.4408920058564E-16,0.,1.));
#3341=DIRECTION('ref_axis',(0.968245836551854,0.25,0.));
#3342=DIRECTION('',(4.4408920058564E-16,0.,-1.));
#3343=DIRECTION('center_axis',(0.,1.,0.));
#3344=DIRECTION('ref_axis',(1.,0.,-7.0605867524456E-16));
#3345=DIRECTION('center_axis',(-1.,-2.83604760363853E-23,-6.38621146547574E-9));
#3346=DIRECTION('ref_axis',(-6.1834226627866E-9,0.25,0.968245836551854));
#3347=DIRECTION('center_axis',(0.,1.,0.));
#3348=DIRECTION('ref_axis',(-1.,0.,1.77635683940025E-15));
#3349=DIRECTION('center_axis',(-1.,0.,-6.38621182240089E-9));
#3350=DIRECTION('ref_axis',(-6.1834226627866E-9,0.25,0.968245836551854));
#3351=DIRECTION('',(1.,0.,6.38621182240089E-9));
#3352=DIRECTION('center_axis',(0.,-1.,0.));
#3353=DIRECTION('ref_axis',(1.,0.,0.));
#3354=DIRECTION('',(0.,0.,-1.));
#3355=DIRECTION('',(1.,0.,0.));
#3356=DIRECTION('',(0.,0.,1.));
#3357=DIRECTION('',(-1.,0.,0.));
#3358=DIRECTION('center_axis',(0.,1.,0.));
#3359=DIRECTION('ref_axis',(-0.707106781186551,0.,-0.707106781186544));
#3360=DIRECTION('',(0.,0.,1.));
#3361=DIRECTION('center_axis',(0.,-1.,0.));
#3362=DIRECTION('ref_axis',(0.707106781186551,0.,0.707106781186544));
#3363=DIRECTION('center_axis',(0.,0.,1.));
#3364=DIRECTION('ref_axis',(1.,0.,0.));
#3365=DIRECTION('',(1.,0.,0.));
#3366=DIRECTION('',(0.,1.,0.));
#3367=DIRECTION('center_axis',(0.,0.,1.));
#3368=DIRECTION('ref_axis',(0.707106781186545,-0.70710678118655,0.));
#3369=DIRECTION('',(-1.,7.65985494960505E-15,0.));
#3370=DIRECTION('center_axis',(0.,0.,1.));
#3371=DIRECTION('ref_axis',(-0.707106781186553,-0.707106781186542,0.));
#3372=DIRECTION('',(0.,1.,0.));
#3373=DIRECTION('',(1.,0.,0.));
#3374=DIRECTION('',(-0.499999999999996,-0.866025403784441,0.));
#3375=DIRECTION('',(-1.,0.,0.));
#3376=DIRECTION('',(0.499999999999996,0.866025403784441,0.));
#3377=DIRECTION('',(1.,0.,0.));
#3378=DIRECTION('',(0.,1.,0.));
#3379=DIRECTION('',(-1.,0.,0.));
#3380=DIRECTION('',(0.,1.,0.));
#3381=DIRECTION('',(1.,0.,0.));
#3382=DIRECTION('center_axis',(0.,0.,-1.));
#3383=DIRECTION('ref_axis',(-0.707106781186549,0.707106781186546,0.));
#3384=DIRECTION('center_axis',(0.,0.,-1.));
#3385=DIRECTION('ref_axis',(-0.707106781186549,0.707106781186546,0.));
#3386=DIRECTION('',(0.,0.,-1.));
#3387=DIRECTION('center_axis',(0.,0.,1.));
#3388=DIRECTION('ref_axis',(-0.707106781186549,0.707106781186546,0.));
#3389=DIRECTION('',(0.,0.,-1.));
#3390=DIRECTION('center_axis',(1.,0.,0.));
#3391=DIRECTION('ref_axis',(0.,-1.,0.));
#3392=DIRECTION('',(0.,1.,0.));
#3393=DIRECTION('',(0.,-1.,0.));
#3394=DIRECTION('',(0.,0.,-1.));
#3395=DIRECTION('center_axis',(0.999999999999993,0.,-1.18025490374027E-7));
#3396=DIRECTION('ref_axis',(-1.18025490374027E-7,0.,-0.999999999999993));
#3397=DIRECTION('',(-1.18025490374027E-7,0.,-0.999999999999993));
#3398=DIRECTION('',(0.,1.,0.));
#3399=DIRECTION('',(1.18025490374027E-7,0.,0.999999999999993));
#3400=DIRECTION('center_axis',(0.,1.,0.));
#3401=DIRECTION('ref_axis',(0.,0.,1.));
#3402=DIRECTION('',(-1.,0.,0.));
#3403=DIRECTION('center_axis',(0.,1.,0.));
#3404=DIRECTION('ref_axis',(0.,0.,-1.));
#3405=DIRECTION('',(0.,0.,1.));
#3406=DIRECTION('center_axis',(0.,1.,0.));
#3407=DIRECTION('ref_axis',(-1.,0.,0.));
#3408=DIRECTION('',(0.,0.,-1.));
#3409=DIRECTION('center_axis',(0.,-1.,0.));
#3410=DIRECTION('ref_axis',(-0.707106781186548,4.1136422417515E-13,0.707106781186548));
#3411=DIRECTION('',(0.,0.,-1.));
#3412=DIRECTION('center_axis',(0.,1.,0.));
#3413=DIRECTION('ref_axis',(0.707106781186548,-4.1136422417515E-13,-0.707106781186548));
#3414=DIRECTION('',(-1.,0.,0.));
#3415=DIRECTION('center_axis',(0.,-1.,0.));
#3416=DIRECTION('ref_axis',(-1.,0.,0.));
#3417=DIRECTION('',(0.,0.,-1.));
#3418=DIRECTION('center_axis',(0.,-1.,0.));
#3419=DIRECTION('ref_axis',(0.,0.,-1.));
#3420=DIRECTION('',(1.,0.,0.));
#3421=DIRECTION('center_axis',(0.,1.,0.));
#3422=DIRECTION('ref_axis',(0.,0.,1.));
#3423=DIRECTION('center_axis',(0.,1.,0.));
#3424=DIRECTION('ref_axis',(1.,0.,0.));
#3425=DIRECTION('',(0.,-1.,0.));
#3426=DIRECTION('center_axis',(0.,1.,0.));
#3427=DIRECTION('ref_axis',(1.,0.,0.));
#3428=DIRECTION('center_axis',(0.,1.,0.));
#3429=DIRECTION('ref_axis',(1.,0.,0.));
#3430=DIRECTION('',(0.,-1.,0.));
#3431=DIRECTION('center_axis',(0.,1.,0.));
#3432=DIRECTION('ref_axis',(1.,0.,0.));
#3433=DIRECTION('center_axis',(0.,1.,0.));
#3434=DIRECTION('ref_axis',(1.,0.,0.));
#3435=DIRECTION('',(0.,-1.,0.));
#3436=DIRECTION('center_axis',(0.,1.,0.));
#3437=DIRECTION('ref_axis',(1.,0.,0.));
#3438=DIRECTION('center_axis',(0.,1.,0.));
#3439=DIRECTION('ref_axis',(1.,0.,0.));
#3440=DIRECTION('',(0.,-1.,0.));
#3441=DIRECTION('center_axis',(0.,1.,0.));
#3442=DIRECTION('ref_axis',(1.,0.,0.));
#3443=DIRECTION('center_axis',(-1.18025490374027E-7,0.,-0.999999999999993));
#3444=DIRECTION('ref_axis',(-0.707106781186543,-0.707106781186547,8.34566191844392E-8));
#3445=DIRECTION('center_axis',(0.,0.,1.));
#3446=DIRECTION('ref_axis',(-0.707106781186549,0.707106781186546,0.));
#3447=DIRECTION('',(-1.18025490374027E-7,0.,-0.999999999999993));
#3448=DIRECTION('center_axis',(0.,1.,0.));
#3449=DIRECTION('ref_axis',(0.,0.,1.));
#3450=DIRECTION('',(-1.,0.,0.));
#3451=DIRECTION('',(0.,0.,-1.));
#3452=DIRECTION('',(1.,0.,0.));
#3453=DIRECTION('center_axis',(0.,0.,1.));
#3454=DIRECTION('ref_axis',(0.707106781186546,-0.707106781186549,0.));
#3455=DIRECTION('center_axis',(0.,0.,1.));
#3456=DIRECTION('ref_axis',(0.707106781186546,-0.707106781186549,0.));
#3457=DIRECTION('',(0.,0.,-1.));
#3458=DIRECTION('center_axis',(0.,0.,1.));
#3459=DIRECTION('ref_axis',(0.707106781186546,-0.707106781186549,0.));
#3460=DIRECTION('center_axis',(0.,1.,0.));
#3461=DIRECTION('ref_axis',(1.,0.,0.));
#3462=DIRECTION('',(1.,0.,0.));
#3463=DIRECTION('center_axis',(0.,-1.,0.));
#3464=DIRECTION('ref_axis',(1.,0.,0.));
#3465=DIRECTION('',(0.,0.,1.));
#3466=DIRECTION('',(0.707106775918191,0.,0.707106786454904));
#3467=DIRECTION('center_axis',(0.,-1.,0.));
#3468=DIRECTION('ref_axis',(0.,0.,1.));
#3469=DIRECTION('',(-0.707106796991616,0.,0.707106765381479));
#3470=DIRECTION('',(0.,0.,1.));
#3471=DIRECTION('center_axis',(0.,-1.,0.));
#3472=DIRECTION('ref_axis',(0.,0.,1.));
#3473=DIRECTION('center_axis',(0.,-1.,0.));
#3474=DIRECTION('ref_axis',(-1.,0.,0.));
#3475=DIRECTION('',(0.,0.,-1.));
#3476=DIRECTION('',(-0.707106775918191,0.,-0.707106786454904));
#3477=DIRECTION('center_axis',(0.,-1.,0.));
#3478=DIRECTION('ref_axis',(0.,0.,-1.));
#3479=DIRECTION('',(0.707106796991616,0.,-0.707106765381479));
#3480=DIRECTION('center_axis',(0.,-1.,0.));
#3481=DIRECTION('ref_axis',(0.,0.,-1.));
#3482=DIRECTION('center_axis',(0.,1.,0.));
#3483=DIRECTION('ref_axis',(1.,0.,0.));
#3484=DIRECTION('center_axis',(0.,1.,0.));
#3485=DIRECTION('ref_axis',(1.,0.,0.));
#3486=DIRECTION('center_axis',(0.,0.,-1.));
#3487=DIRECTION('ref_axis',(-1.,0.,0.));
#3488=DIRECTION('',(-1.,0.,0.));
#3489=DIRECTION('',(0.,1.,0.));
#3490=DIRECTION('',(0.,1.,0.));
#3491=DIRECTION('',(0.,1.,0.));
#3492=DIRECTION('center_axis',(0.,1.,0.));
#3493=DIRECTION('ref_axis',(1.,0.,0.));
#3494=DIRECTION('',(0.,1.,0.));
#3495=DIRECTION('center_axis',(0.,-1.,0.));
#3496=DIRECTION('ref_axis',(1.,0.,0.));
#3497=DIRECTION('center_axis',(0.,1.,0.));
#3498=DIRECTION('ref_axis',(1.,0.,0.));
#3499=DIRECTION('',(0.,1.,0.));
#3500=DIRECTION('center_axis',(0.,-1.,0.));
#3501=DIRECTION('ref_axis',(1.,0.,0.));
#3502=DIRECTION('center_axis',(0.,1.,0.));
#3503=DIRECTION('ref_axis',(0.707106781186551,0.,0.707106781186544));
#3504=DIRECTION('',(0.,-1.,0.));
#3505=DIRECTION('center_axis',(0.,1.,0.));
#3506=DIRECTION('ref_axis',(-4.44089209850064E-15,0.,1.));
#3507=DIRECTION('',(0.,1.,0.));
#3508=DIRECTION('center_axis',(0.,-1.,0.));
#3509=DIRECTION('ref_axis',(0.707106781186551,0.,0.707106781186544));
#3510=DIRECTION('center_axis',(1.,0.,0.));
#3511=DIRECTION('ref_axis',(0.,1.,0.));
#3512=DIRECTION('',(0.,1.,0.));
#3513=DIRECTION('',(0.,0.,-1.));
#3514=DIRECTION('center_axis',(0.,1.,0.));
#3515=DIRECTION('ref_axis',(-0.707106781186551,0.,-0.707106781186544));
#3516=DIRECTION('',(0.,-1.,0.));
#3517=DIRECTION('center_axis',(5.96046445533459E-8,0.999999999999998,0.));
#3518=DIRECTION('ref_axis',(0.,0.,-1.));
#3519=DIRECTION('center_axis',(0.,0.,-1.));
#3520=DIRECTION('ref_axis',(-1.,0.,0.));
#3521=DIRECTION('',(-1.,0.,0.));
#3522=DIRECTION('',(0.,1.,0.));
#3523=DIRECTION('center_axis',(0.,1.,0.));
#3524=DIRECTION('ref_axis',(0.,0.,1.));
#3525=DIRECTION('center_axis',(0.,1.,0.));
#3526=DIRECTION('ref_axis',(0.,0.,1.));
#3527=DIRECTION('',(0.,0.,-1.));
#3528=DIRECTION('center_axis',(0.,1.,0.));
#3529=DIRECTION('ref_axis',(1.,0.,0.));
#3530=DIRECTION('',(0.,0.,1.));
#3531=DIRECTION('',(1.,0.,0.));
#3532=DIRECTION('center_axis',(0.,-1.,0.));
#3533=DIRECTION('ref_axis',(1.,0.,0.));
#3534=DIRECTION('',(0.,0.,1.));
#3535=DIRECTION('center_axis',(0.,-1.,0.));
#3536=DIRECTION('ref_axis',(0.,0.,1.));
#3537=DIRECTION('center_axis',(0.,-1.,0.));
#3538=DIRECTION('ref_axis',(1.,0.,0.));
#3539=DIRECTION('center_axis',(0.,1.,0.));
#3540=DIRECTION('ref_axis',(-0.707106781186548,4.1136422417515E-13,0.707106781186548));
#3541=DIRECTION('',(0.,0.,1.));
#3542=DIRECTION('',(0.,0.,1.));
#3543=DIRECTION('',(1.,0.,0.));
#3544=DIRECTION('center_axis',(-0.866025403784441,0.499999999999996,0.));
#3545=DIRECTION('ref_axis',(-0.499999999999996,-0.866025403784441,0.));
#3546=DIRECTION('center_axis',(0.866025403784441,-0.499999999999996,0.));
#3547=DIRECTION('ref_axis',(-0.499999999999996,-0.866025403784441,0.));
#3548=DIRECTION('center_axis',(0.866025403784441,-0.499999999999996,0.));
#3549=DIRECTION('ref_axis',(0.499999999999996,0.866025403784441,0.));
#3550=DIRECTION('',(0.,0.,1.));
#3551=DIRECTION('',(0.499999999999996,0.866025403784441,0.));
#3552=DIRECTION('center_axis',(-5.81847163735724E-13,-1.,0.));
#3553=DIRECTION('ref_axis',(-0.707106781186548,4.1136422417515E-13,0.707106781186548));
#3554=DIRECTION('',(-5.81847163735724E-13,-1.,0.));
#3555=DIRECTION('center_axis',(5.80646641878956E-13,1.,0.));
#3556=DIRECTION('ref_axis',(0.,0.,1.));
#3557=DIRECTION('',(0.,1.,0.));
#3558=DIRECTION('center_axis',(0.,0.,1.));
#3559=DIRECTION('ref_axis',(1.,0.,0.));
#3560=DIRECTION('',(-1.,0.,0.));
#3561=DIRECTION('',(0.,1.,0.));
#3562=DIRECTION('center_axis',(0.,0.,-1.));
#3563=DIRECTION('ref_axis',(-0.707106781186553,-0.707106781186542,0.));
#3564=DIRECTION('',(-1.,7.65985494960505E-15,0.));
#3565=DIRECTION('center_axis',(0.,0.,-1.));
#3566=DIRECTION('ref_axis',(0.707106781186545,-0.70710678118655,0.));
#3567=DIRECTION('',(0.,1.,0.));
#3568=DIRECTION('',(-1.,0.,0.));
#3569=DIRECTION('',(1.,1.06571294680836E-9,0.));
#3570=DIRECTION('center_axis',(0.,1.,0.));
#3571=DIRECTION('ref_axis',(0.,0.,1.));
#3572=DIRECTION('',(0.,0.,-1.));
#3573=DIRECTION('center_axis',(-1.,0.,0.));
#3574=DIRECTION('ref_axis',(0.,0.,1.));
#3575=DIRECTION('',(0.,0.,-1.));
#3576=DIRECTION('',(0.,0.,1.));
#3577=DIRECTION('center_axis',(0.,1.,0.));
#3578=DIRECTION('ref_axis',(0.,0.,1.));
#3579=DIRECTION('center_axis',(1.,0.,0.));
#3580=DIRECTION('ref_axis',(0.,0.,-1.));
#3581=DIRECTION('',(0.,0.,1.));
#3582=DIRECTION('center_axis',(0.,1.,0.));
#3583=DIRECTION('ref_axis',(0.,0.,-1.));
#3584=DIRECTION('',(0.,1.,0.));
#3585=DIRECTION('',(0.,1.,0.));
#3586=DIRECTION('center_axis',(1.,0.,0.));
#3587=DIRECTION('ref_axis',(0.,0.,-1.));
#3588=DIRECTION('',(0.,1.,0.));
#3589=DIRECTION('center_axis',(0.,1.,0.));
#3590=DIRECTION('ref_axis',(-1.,0.,0.));
#3591=DIRECTION('',(0.,1.,0.));
#3592=DIRECTION('center_axis',(0.,0.,-1.));
#3593=DIRECTION('ref_axis',(-1.,0.,0.));
#3594=DIRECTION('',(0.,1.,0.));
#3595=DIRECTION('center_axis',(-5.81847163735724E-13,-1.,0.));
#3596=DIRECTION('ref_axis',(0.707106781186548,-4.1136422417515E-13,-0.707106781186548));
#3597=DIRECTION('',(-5.81847163735724E-13,-1.,0.));
#3598=DIRECTION('center_axis',(5.81756864903584E-13,1.,1.48999990123855E-8));
#3599=DIRECTION('ref_axis',(1.,-5.81756864903584E-13,0.));
#3600=DIRECTION('center_axis',(-1.,5.81847163735724E-13,0.));
#3601=DIRECTION('ref_axis',(-5.81847163735724E-13,-1.,0.));
#3602=DIRECTION('',(0.,0.,1.));
#3603=DIRECTION('center_axis',(-1.,0.,0.));
#3604=DIRECTION('ref_axis',(0.,0.,1.));
#3605=DIRECTION('',(0.,1.,0.));
#3606=DIRECTION('',(0.,1.,0.));
#3607=DIRECTION('center_axis',(0.,1.,0.));
#3608=DIRECTION('ref_axis',(1.,0.,0.));
#3609=DIRECTION('',(0.,1.,0.));
#3610=DIRECTION('center_axis',(0.,0.,1.));
#3611=DIRECTION('ref_axis',(1.,0.,0.));
#3612=DIRECTION('',(0.,1.,0.));
#3613=DIRECTION('center_axis',(-1.,0.,0.));
#3614=DIRECTION('ref_axis',(0.,0.,1.));
#3615=DIRECTION('center_axis',(0.,1.,0.));
#3616=DIRECTION('ref_axis',(1.,0.,0.));
#3617=DIRECTION('',(0.,1.,0.));
#3618=DIRECTION('center_axis',(1.,0.,0.));
#3619=DIRECTION('ref_axis',(0.,0.,-1.));
#3620=DIRECTION('',(0.,1.,0.));
#3621=DIRECTION('',(0.,1.,0.));
#3622=DIRECTION('',(0.,0.,1.));
#3623=DIRECTION('',(0.,1.,0.));
#3624=DIRECTION('center_axis',(0.,1.,0.));
#3625=DIRECTION('ref_axis',(0.,0.,1.));
#3626=DIRECTION('center_axis',(0.,1.,0.));
#3627=DIRECTION('ref_axis',(0.,0.,1.));
#3628=DIRECTION('center_axis',(0.,1.,0.));
#3629=DIRECTION('ref_axis',(-1.,0.,0.));
#3630=DIRECTION('',(0.,1.,0.));
#3631=DIRECTION('center_axis',(-1.,0.,0.));
#3632=DIRECTION('ref_axis',(0.,0.,1.));
#3633=DIRECTION('',(0.,1.,0.));
#3634=DIRECTION('',(0.,0.,-1.));
#3635=DIRECTION('',(0.,1.,0.));
#3636=DIRECTION('center_axis',(0.,1.,0.));
#3637=DIRECTION('ref_axis',(0.,0.,-1.));
#3638=DIRECTION('',(0.,1.,0.));
#3639=DIRECTION('center_axis',(0.,1.,0.));
#3640=DIRECTION('ref_axis',(0.,0.,1.));
#3641=DIRECTION('center_axis',(1.,0.,0.));
#3642=DIRECTION('ref_axis',(0.,0.,-1.));
#3643=DIRECTION('center_axis',(0.,-1.,0.));
#3644=DIRECTION('ref_axis',(-1.,0.,0.));
#3645=DIRECTION('center_axis',(0.,0.,-1.));
#3646=DIRECTION('ref_axis',(0.,1.,0.));
#3647=DIRECTION('center_axis',(0.,-1.,0.));
#3648=DIRECTION('ref_axis',(0.,0.,-1.));
#3649=DIRECTION('center_axis',(0.,-1.,0.));
#3650=DIRECTION('ref_axis',(0.,0.,-1.));
#3651=DIRECTION('center_axis',(1.,0.,0.));
#3652=DIRECTION('ref_axis',(0.,1.,0.));
#3653=DIRECTION('center_axis',(0.,0.,1.));
#3654=DIRECTION('ref_axis',(1.,0.,0.));
#3655=DIRECTION('center_axis',(0.,-1.,0.));
#3656=DIRECTION('ref_axis',(0.,0.,-1.));
#3657=DIRECTION('center_axis',(0.,-1.,0.));
#3658=DIRECTION('ref_axis',(0.,0.,1.));
#3659=DIRECTION('center_axis',(-1.,0.,0.));
#3660=DIRECTION('ref_axis',(0.,1.,0.));
#3661=DIRECTION('center_axis',(0.,0.,-1.));
#3662=DIRECTION('ref_axis',(-1.,0.,0.));
#3663=DIRECTION('center_axis',(-1.,0.,0.));
#3664=DIRECTION('ref_axis',(0.,0.707106781186549,-0.707106781186546));
#3665=DIRECTION('',(-1.,0.,0.));
#3666=DIRECTION('center_axis',(0.,-1.,0.));
#3667=DIRECTION('ref_axis',(0.,0.,-1.));
#3668=DIRECTION('center_axis',(0.,-1.,0.));
#3669=DIRECTION('ref_axis',(1.,0.,0.));
#3670=DIRECTION('center_axis',(0.,0.,1.));
#3671=DIRECTION('ref_axis',(0.,1.,0.));
#3672=DIRECTION('center_axis',(-1.,0.,0.));
#3673=DIRECTION('ref_axis',(0.,0.,1.));
#3674=DIRECTION('center_axis',(0.,0.,1.));
#3675=DIRECTION('ref_axis',(-0.707106781186546,0.707106781186549,0.));
#3676=DIRECTION('',(0.,0.,1.));
#3677=DIRECTION('center_axis',(1.,0.,0.));
#3678=DIRECTION('ref_axis',(0.,0.707106781186548,0.707106781186547));
#3679=DIRECTION('',(1.,0.,0.));
#3680=DIRECTION('center_axis',(0.,-1.,0.));
#3681=DIRECTION('ref_axis',(0.707106781186546,0.,-0.707106781186549));
#3682=DIRECTION('center_axis',(0.,1.,0.));
#3683=DIRECTION('ref_axis',(0.707106781186546,0.,-0.707106781186549));
#3684=DIRECTION('',(0.,1.,0.));
#3685=DIRECTION('',(0.,-1.,0.));
#3686=DIRECTION('center_axis',(0.,-1.,0.));
#3687=DIRECTION('ref_axis',(0.707106781186548,0.,0.707106781186548));
#3688=DIRECTION('center_axis',(0.,1.,0.));
#3689=DIRECTION('ref_axis',(0.707106781186548,0.,0.707106781186548));
#3690=DIRECTION('',(0.,1.,0.));
#3691=DIRECTION('',(0.,-1.,0.));
#3692=DIRECTION('center_axis',(0.,0.,-1.));
#3693=DIRECTION('ref_axis',(0.707106781186549,0.707106781186546,0.));
#3694=DIRECTION('',(0.,0.,-1.));
#3695=DIRECTION('center_axis',(0.,-1.,0.));
#3696=DIRECTION('ref_axis',(-0.707106781186546,0.,-0.707106781186549));
#3697=DIRECTION('center_axis',(0.,1.,0.));
#3698=DIRECTION('ref_axis',(-0.707106781186546,0.,-0.707106781186549));
#3699=DIRECTION('',(0.,1.,0.));
#3700=DIRECTION('',(0.,-1.,0.));
#3701=DIRECTION('center_axis',(0.,-1.,0.));
#3702=DIRECTION('ref_axis',(-0.707106781186548,0.,0.707106781186548));
#3703=DIRECTION('center_axis',(0.,1.,0.));
#3704=DIRECTION('ref_axis',(-0.707106781186548,0.,0.707106781186548));
#3705=DIRECTION('',(0.,1.,0.));
#3706=DIRECTION('',(0.,-1.,0.));
#3707=DIRECTION('center_axis',(0.,0.,-1.));
#3708=DIRECTION('ref_axis',(1.,0.,0.));
#3709=DIRECTION('',(1.,0.,0.));
#3710=DIRECTION('center_axis',(-1.,0.,0.));
#3711=DIRECTION('ref_axis',(0.,0.,-1.));
#3712=DIRECTION('',(0.,0.,-1.));
#3713=DIRECTION('center_axis',(0.,-1.,0.));
#3714=DIRECTION('ref_axis',(0.,0.,-1.));
#3715=DIRECTION('',(-1.,0.,0.));
#3716=DIRECTION('',(0.,0.,1.));
#3717=DIRECTION('center_axis',(0.,-1.,0.));
#3718=DIRECTION('ref_axis',(0.,0.,-1.));
#3719=DIRECTION('center_axis',(0.,-1.,0.));
#3720=DIRECTION('ref_axis',(1.,0.,0.));
#3721=DIRECTION('center_axis',(0.,0.,1.));
#3722=DIRECTION('ref_axis',(0.,1.,0.));
#3723=DIRECTION('center_axis',(-1.,0.,0.));
#3724=DIRECTION('ref_axis',(0.,0.,1.));
#3725=DIRECTION('center_axis',(0.,-1.,0.));
#3726=DIRECTION('ref_axis',(0.,0.,-1.));
#3727=DIRECTION('center_axis',(0.,-1.,0.));
#3728=DIRECTION('ref_axis',(0.,0.,1.));
#3729=DIRECTION('center_axis',(-1.,0.,0.));
#3730=DIRECTION('ref_axis',(0.,1.,0.));
#3731=DIRECTION('center_axis',(0.,0.,-1.));
#3732=DIRECTION('ref_axis',(-1.,0.,0.));
#3733=DIRECTION('center_axis',(0.,-1.,0.));
#3734=DIRECTION('ref_axis',(0.,0.,-1.));
#3735=DIRECTION('center_axis',(0.,-1.,0.));
#3736=DIRECTION('ref_axis',(0.,0.,-1.));
#3737=DIRECTION('center_axis',(1.,0.,0.));
#3738=DIRECTION('ref_axis',(0.,1.,0.));
#3739=DIRECTION('center_axis',(0.,0.,1.));
#3740=DIRECTION('ref_axis',(1.,0.,0.));
#3741=DIRECTION('center_axis',(1.,0.,0.));
#3742=DIRECTION('ref_axis',(0.,0.707106781186548,0.707106781186547));
#3743=DIRECTION('',(1.,0.,0.));
#3744=DIRECTION('center_axis',(0.,1.,0.));
#3745=DIRECTION('ref_axis',(0.,0.,1.));
#3746=DIRECTION('center_axis',(1.,0.,0.));
#3747=DIRECTION('ref_axis',(0.,0.,-1.));
#3748=DIRECTION('center_axis',(0.,-1.,0.));
#3749=DIRECTION('ref_axis',(-1.,0.,0.));
#3750=DIRECTION('center_axis',(0.,0.,-1.));
#3751=DIRECTION('ref_axis',(0.,1.,0.));
#3752=DIRECTION('center_axis',(-1.,0.,0.));
#3753=DIRECTION('ref_axis',(0.,0.707106781186549,-0.707106781186546));
#3754=DIRECTION('',(-1.,0.,0.));
#3755=DIRECTION('center_axis',(0.,-1.,0.));
#3756=DIRECTION('ref_axis',(-0.707106781186548,0.,0.707106781186548));
#3757=DIRECTION('center_axis',(0.,1.,0.));
#3758=DIRECTION('ref_axis',(-0.707106781186548,0.,0.707106781186548));
#3759=DIRECTION('',(0.,1.,0.));
#3760=DIRECTION('',(0.,-1.,0.));
#3761=DIRECTION('center_axis',(0.,0.,-1.));
#3762=DIRECTION('ref_axis',(0.707106781186546,0.707106781186549,0.));
#3763=DIRECTION('',(0.,0.,-1.));
#3764=DIRECTION('center_axis',(0.,-1.,0.));
#3765=DIRECTION('ref_axis',(-0.707106781186546,0.,-0.707106781186549));
#3766=DIRECTION('center_axis',(0.,1.,0.));
#3767=DIRECTION('ref_axis',(-0.707106781186546,0.,-0.707106781186549));
#3768=DIRECTION('',(0.,1.,0.));
#3769=DIRECTION('',(0.,-1.,0.));
#3770=DIRECTION('center_axis',(0.,0.,1.));
#3771=DIRECTION('ref_axis',(-0.707106781186549,0.707106781186546,0.));
#3772=DIRECTION('',(0.,0.,1.));
#3773=DIRECTION('center_axis',(0.,-1.,0.));
#3774=DIRECTION('ref_axis',(0.707106781186548,0.,0.707106781186548));
#3775=DIRECTION('center_axis',(0.,1.,0.));
#3776=DIRECTION('ref_axis',(0.707106781186548,0.,0.707106781186548));
#3777=DIRECTION('',(0.,1.,0.));
#3778=DIRECTION('',(0.,-1.,0.));
#3779=DIRECTION('center_axis',(0.,-1.,0.));
#3780=DIRECTION('ref_axis',(0.707106781186546,0.,-0.707106781186549));
#3781=DIRECTION('center_axis',(0.,1.,0.));
#3782=DIRECTION('ref_axis',(0.707106781186546,0.,-0.707106781186549));
#3783=DIRECTION('',(0.,1.,0.));
#3784=DIRECTION('',(0.,-1.,0.));
#3785=DIRECTION('center_axis',(0.,0.,1.));
#3786=DIRECTION('ref_axis',(-1.,0.,0.));
#3787=DIRECTION('',(-1.,0.,0.));
#3788=DIRECTION('center_axis',(1.,0.,0.));
#3789=DIRECTION('ref_axis',(0.,0.,1.));
#3790=DIRECTION('',(0.,0.,1.));
#3791=DIRECTION('center_axis',(0.,-1.,0.));
#3792=DIRECTION('ref_axis',(0.,0.,-1.));
#3793=DIRECTION('',(1.,0.,0.));
#3794=DIRECTION('',(0.,0.,-1.));
#3795=DIRECTION('center_axis',(1.,0.,0.));
#3796=DIRECTION('ref_axis',(0.,-0.707106781186549,-0.707106781186546));
#3797=DIRECTION('center_axis',(1.,0.,0.));
#3798=DIRECTION('ref_axis',(0.,-0.707106781186549,-0.707106781186546));
#3799=DIRECTION('',(1.,0.,0.));
#3800=DIRECTION('center_axis',(1.,0.,0.));
#3801=DIRECTION('ref_axis',(0.,-1.,0.));
#3802=DIRECTION('',(-1.,0.,0.));
#3803=DIRECTION('center_axis',(0.,-1.,0.));
#3804=DIRECTION('ref_axis',(0.,0.,-1.));
#3805=DIRECTION('center_axis',(0.,0.,1.));
#3806=DIRECTION('ref_axis',(0.,-1.,0.));
#3807=DIRECTION('center_axis',(0.,1.,0.));
#3808=DIRECTION('ref_axis',(0.707106781186547,0.,-0.707106781186547));
#3809=DIRECTION('center_axis',(0.,-1.,0.));
#3810=DIRECTION('ref_axis',(0.707106781186548,0.,-0.707106781186548));
#3811=DIRECTION('center_axis',(0.,0.,1.));
#3812=DIRECTION('ref_axis',(0.707106781186549,-0.707106781186546,0.));
#3813=DIRECTION('',(0.,0.,-1.));
#3814=DIRECTION('',(0.,0.,1.));
#3815=DIRECTION('center_axis',(0.,0.,-1.));
#3816=DIRECTION('ref_axis',(0.707106781186549,-0.707106781186546,0.));
#3817=DIRECTION('center_axis',(-1.,0.,0.));
#3818=DIRECTION('ref_axis',(0.,0.,-1.));
#3819=DIRECTION('center_axis',(1.,0.,0.));
#3820=DIRECTION('ref_axis',(0.,-0.707106781186548,-0.707106781186547));
#3821=DIRECTION('',(0.,0.,-1.));
#3822=DIRECTION('',(0.,-1.,0.));
#3823=DIRECTION('',(0.,0.,-1.));
#3824=DIRECTION('center_axis',(1.,0.,0.));
#3825=DIRECTION('ref_axis',(0.,0.,-1.));
#3826=DIRECTION('center_axis',(-1.,0.,0.));
#3827=DIRECTION('ref_axis',(0.,-0.707106781186548,-0.707106781186547));
#3828=DIRECTION('center_axis',(0.,0.,1.));
#3829=DIRECTION('ref_axis',(1.,0.,0.));
#3830=DIRECTION('center_axis',(0.,0.,-1.));
#3831=DIRECTION('ref_axis',(-1.,0.,0.));
#3832=DIRECTION('',(0.,1.,0.));
#3833=DIRECTION('',(1.,0.,0.));
#3834=DIRECTION('',(0.,1.,0.));
#3835=DIRECTION('',(-1.,0.,0.));
#3836=DIRECTION('',(-1.,0.,0.));
#3837=DIRECTION('center_axis',(0.,1.,0.));
#3838=DIRECTION('ref_axis',(1.,0.,0.));
#3839=DIRECTION('',(0.,1.,0.));
#3840=DIRECTION('center_axis',(0.,-1.,0.));
#3841=DIRECTION('ref_axis',(0.707106781186547,0.,-0.707106781186547));
#3842=DIRECTION('center_axis',(1.,0.,0.));
#3843=DIRECTION('ref_axis',(0.,0.,-1.));
#3844=DIRECTION('',(0.,0.,-1.));
#3845=DIRECTION('',(0.,1.,0.));
#3846=DIRECTION('',(0.,0.,1.));
#3847=DIRECTION('center_axis',(0.,0.,-1.));
#3848=DIRECTION('ref_axis',(-0.707106781186549,-0.707106781186546,0.));
#3849=DIRECTION('center_axis',(0.,0.,-1.));
#3850=DIRECTION('ref_axis',(-0.707106781186549,-0.707106781186546,0.));
#3851=DIRECTION('',(0.,0.,-1.));
#3852=DIRECTION('center_axis',(0.,0.,-1.));
#3853=DIRECTION('ref_axis',(0.,-1.,0.));
#3854=DIRECTION('',(0.,0.,1.));
#3855=DIRECTION('center_axis',(0.,-1.,0.));
#3856=DIRECTION('ref_axis',(0.,0.,-1.));
#3857=DIRECTION('center_axis',(1.,0.,0.));
#3858=DIRECTION('ref_axis',(0.,-1.,0.));
#3859=DIRECTION('center_axis',(0.,1.,0.));
#3860=DIRECTION('ref_axis',(-0.707106781186547,0.,-0.707106781186548));
#3861=DIRECTION('center_axis',(0.,-1.,0.));
#3862=DIRECTION('ref_axis',(-0.707106781186547,0.,-0.707106781186548));
#3863=DIRECTION('center_axis',(1.,0.,0.));
#3864=DIRECTION('ref_axis',(0.,-0.707106781186549,-0.707106781186546));
#3865=DIRECTION('',(1.,0.,0.));
#3866=DIRECTION('center_axis',(-1.,0.,0.));
#3867=DIRECTION('ref_axis',(0.,-0.707106781186549,-0.707106781186546));
#3868=DIRECTION('center_axis',(0.,0.,1.));
#3869=DIRECTION('ref_axis',(-1.,0.,0.));
#3870=DIRECTION('center_axis',(0.,0.,-1.));
#3871=DIRECTION('ref_axis',(-0.707106781186549,-0.707106781186546,0.));
#3872=DIRECTION('',(-1.,0.,0.));
#3873=DIRECTION('',(0.,-1.,0.));
#3874=DIRECTION('',(-1.,0.,0.));
#3875=DIRECTION('center_axis',(0.,0.,-1.));
#3876=DIRECTION('ref_axis',(-1.,0.,0.));
#3877=DIRECTION('center_axis',(0.,0.,1.));
#3878=DIRECTION('ref_axis',(-0.707106781186549,-0.707106781186546,0.));
#3879=DIRECTION('center_axis',(1.,0.,0.));
#3880=DIRECTION('ref_axis',(0.,0.,-1.));
#3881=DIRECTION('center_axis',(-1.,0.,0.));
#3882=DIRECTION('ref_axis',(0.,0.,1.));
#3883=DIRECTION('',(0.,1.,0.));
#3884=DIRECTION('',(0.,0.,-1.));
#3885=DIRECTION('',(0.,1.,0.));
#3886=DIRECTION('',(0.,0.,1.));
#3887=DIRECTION('center_axis',(0.,1.,0.));
#3888=DIRECTION('ref_axis',(1.48029736616688E-15,0.,-1.));
#3889=DIRECTION('center_axis',(0.,-1.,0.));
#3890=DIRECTION('ref_axis',(-0.707106781186547,0.,-0.707106781186548));
#3891=DIRECTION('center_axis',(-1.,0.,0.));
#3892=DIRECTION('ref_axis',(0.,0.,1.));
#3893=DIRECTION('center_axis',(-1.,0.,0.));
#3894=DIRECTION('ref_axis',(0.,-0.707106781186548,-0.707106781186547));
#3895=DIRECTION('center_axis',(0.,0.,-1.));
#3896=DIRECTION('ref_axis',(-1.,0.,0.));
#3897=DIRECTION('center_axis',(1.,0.,0.));
#3898=DIRECTION('ref_axis',(0.,-0.707106781186548,-0.707106781186547));
#3899=DIRECTION('center_axis',(0.,0.,1.));
#3900=DIRECTION('ref_axis',(-0.707106781186548,0.707106781186547,0.));
#3901=DIRECTION('center_axis',(-0.707106781186548,0.,0.707106781186547));
#3902=DIRECTION('ref_axis',(-0.707106781186547,-1.47196168001604E-16,-0.707106781186548));
#3903=DIRECTION('',(0.,0.,-1.));
#3904=DIRECTION('',(0.,0.,1.));
#3905=DIRECTION('center_axis',(1.,0.,0.));
#3906=DIRECTION('ref_axis',(0.,0.,1.));
#3907=DIRECTION('',(0.,0.,1.));
#3908=DIRECTION('center_axis',(0.,0.,-1.));
#3909=DIRECTION('ref_axis',(-1.,0.,0.));
#3910=DIRECTION('center_axis',(0.,0.,-1.));
#3911=DIRECTION('ref_axis',(0.707106781186549,-0.707106781186546,0.));
#3912=DIRECTION('center_axis',(1.,0.,0.));
#3913=DIRECTION('ref_axis',(0.,0.,-1.));
#3914=DIRECTION('center_axis',(0.,0.,1.));
#3915=DIRECTION('ref_axis',(0.707106781186549,-0.707106781186546,0.));
#3916=DIRECTION('center_axis',(-1.,0.,0.));
#3917=DIRECTION('ref_axis',(0.,0.707106781186546,-0.707106781186549));
#3918=DIRECTION('center_axis',(1.,0.,0.));
#3919=DIRECTION('ref_axis',(0.,0.,-1.));
#3920=DIRECTION('',(1.,0.,0.));
#3921=DIRECTION('',(-1.,0.,0.));
#3922=DIRECTION('center_axis',(0.,-1.,0.));
#3923=DIRECTION('ref_axis',(0.,0.,-1.));
#3924=DIRECTION('center_axis',(0.,0.,1.));
#3925=DIRECTION('ref_axis',(1.,0.,0.));
#3926=DIRECTION('center_axis',(0.,1.,0.));
#3927=DIRECTION('ref_axis',(-0.707106781186548,0.,0.707106781186548));
#3928=DIRECTION('center_axis',(0.,-1.,0.));
#3929=DIRECTION('ref_axis',(-0.707106781186547,0.,0.707106781186547));
#3930=DIRECTION('center_axis',(0.,0.,-1.));
#3931=DIRECTION('ref_axis',(0.707106781186548,0.707106781186547,0.));
#3932=DIRECTION('',(0.,0.,1.));
#3933=DIRECTION('center_axis',(0.,-1.,0.));
#3934=DIRECTION('ref_axis',(-1.,0.,0.));
#3935=DIRECTION('',(0.,-1.,0.));
#3936=DIRECTION('center_axis',(0.,-1.,0.));
#3937=DIRECTION('ref_axis',(-1.,0.,0.));
#3938=DIRECTION('center_axis',(0.,0.,1.));
#3939=DIRECTION('ref_axis',(-1.,0.,0.));
#3940=DIRECTION('',(-1.,0.,0.));
#3941=DIRECTION('center_axis',(1.,0.,0.));
#3942=DIRECTION('ref_axis',(0.,-0.707106781186549,-0.707106781186546));
#3943=DIRECTION('',(1.,0.,0.));
#3944=DIRECTION('center_axis',(0.,1.,0.));
#3945=DIRECTION('ref_axis',(1.,0.,0.));
#3946=DIRECTION('',(1.,0.,0.));
#3947=DIRECTION('',(0.,0.,-1.));
#3948=DIRECTION('center_axis',(0.,-1.,0.));
#3949=DIRECTION('ref_axis',(-0.707106781186547,0.,0.707106781186548));
#3950=DIRECTION('',(-1.,0.,0.));
#3951=DIRECTION('center_axis',(0.,-1.,0.));
#3952=DIRECTION('ref_axis',(0.707106781186548,0.,0.707106781186548));
#3953=DIRECTION('',(0.,0.,1.));
#3954=DIRECTION('center_axis',(-1.,0.,0.));
#3955=DIRECTION('ref_axis',(0.,0.707106781186546,-0.707106781186549));
#3956=DIRECTION('center_axis',(0.,0.,1.));
#3957=DIRECTION('ref_axis',(0.707106781186549,-0.707106781186546,0.));
#3958=DIRECTION('center_axis',(0.,0.,1.));
#3959=DIRECTION('ref_axis',(0.,-1.,0.));
#3960=DIRECTION('center_axis',(0.,-1.,0.));
#3961=DIRECTION('ref_axis',(0.,0.,-1.));
#3962=DIRECTION('center_axis',(-1.,0.,-4.44089209850064E-15));
#3963=DIRECTION('ref_axis',(0.,-1.,0.));
#3964=DIRECTION('center_axis',(0.,1.,0.));
#3965=DIRECTION('ref_axis',(0.707106781186548,0.,0.707106781186548));
#3966=DIRECTION('center_axis',(-1.,0.,0.));
#3967=DIRECTION('ref_axis',(0.,-0.707106781186549,0.707106781186546));
#3968=DIRECTION('center_axis',(-1.,0.,0.));
#3969=DIRECTION('ref_axis',(0.,-1.,0.));
#3970=DIRECTION('',(1.,0.,0.));
#3971=DIRECTION('center_axis',(0.,-1.,0.));
#3972=DIRECTION('ref_axis',(0.,0.,-1.));
#3973=DIRECTION('center_axis',(4.44089209850062E-15,0.,-1.));
#3974=DIRECTION('ref_axis',(0.,-1.,0.));
#3975=DIRECTION('center_axis',(0.,1.,0.));
#3976=DIRECTION('ref_axis',(-0.707106781186547,0.,0.707106781186548));
#3977=DIRECTION('center_axis',(0.,0.,-1.));
#3978=DIRECTION('ref_axis',(-0.707106781186549,-0.707106781186546,0.));
#3979=DIRECTION('center_axis',(0.,0.,-1.));
#3980=DIRECTION('ref_axis',(0.707106781186549,0.707106781186546,0.));
#3981=DIRECTION('center_axis',(0.,0.,-1.));
#3982=DIRECTION('ref_axis',(0.,1.,0.));
#3983=DIRECTION('center_axis',(0.,0.,1.));
#3984=DIRECTION('ref_axis',(1.,0.,0.));
#3985=DIRECTION('center_axis',(0.,-1.,0.));
#3986=DIRECTION('ref_axis',(0.,0.,-1.));
#3987=DIRECTION('center_axis',(-1.,0.,0.));
#3988=DIRECTION('ref_axis',(0.,0.,1.));
#3989=DIRECTION('center_axis',(1.,0.,0.));
#3990=DIRECTION('ref_axis',(0.,0.707106781186546,0.707106781186549));
#3991=DIRECTION('center_axis',(-1.,0.,0.));
#3992=DIRECTION('ref_axis',(0.,0.,1.));
#3993=DIRECTION('center_axis',(0.,-1.,0.));
#3994=DIRECTION('ref_axis',(0.,0.,-1.));
#3995=DIRECTION('center_axis',(0.,0.,-1.));
#3996=DIRECTION('ref_axis',(-1.,0.,0.));
#3997=DIRECTION('center_axis',(0.,0.,1.));
#3998=DIRECTION('ref_axis',(-0.707106781186549,0.707106781186546,0.));
#3999=DIRECTION('center_axis',(0.,0.,-1.));
#4000=DIRECTION('ref_axis',(-1.,0.,0.));
#4001=DIRECTION('center_axis',(0.,-1.,0.));
#4002=DIRECTION('ref_axis',(0.,0.,-1.));
#4003=DIRECTION('center_axis',(1.,0.,4.4408920985006E-15));
#4004=DIRECTION('ref_axis',(4.4408920985006E-15,0.,-1.));
#4005=DIRECTION('center_axis',(0.,-1.,0.));
#4006=DIRECTION('ref_axis',(0.707106781186548,0.,0.707106781186548));
#4007=DIRECTION('center_axis',(-1.,0.,0.));
#4008=DIRECTION('ref_axis',(0.,0.707106781186549,-0.707106781186546));
#4009=DIRECTION('center_axis',(1.,0.,0.));
#4010=DIRECTION('ref_axis',(0.,0.,-1.));
#4011=DIRECTION('',(-1.,0.,0.));
#4012=DIRECTION('center_axis',(0.,-1.,0.));
#4013=DIRECTION('ref_axis',(0.,0.,-1.));
#4014=DIRECTION('center_axis',(0.,-1.,0.));
#4015=DIRECTION('ref_axis',(-0.707106781186547,0.,0.707106781186548));
#4016=DIRECTION('center_axis',(0.,0.,-1.));
#4017=DIRECTION('ref_axis',(-0.707106781186553,-0.707106781186542,0.));
#4018=DIRECTION('',(0.,0.,-1.));
#4019=DIRECTION('center_axis',(-7.65985494960505E-15,-1.,0.));
#4020=DIRECTION('ref_axis',(-1.,7.65985494960505E-15,0.));
#4021=DIRECTION('',(0.,0.,1.));
#4022=DIRECTION('center_axis',(0.,0.,-1.));
#4023=DIRECTION('ref_axis',(0.707106781186545,-0.70710678118655,0.));
#4024=DIRECTION('center_axis',(0.408248290536376,-0.408248290101297,-0.816496581072752));
#4025=DIRECTION('ref_axis',(0.57735026959982,-0.577350268984531,0.577350268984526));
#4026=DIRECTION('center_axis',(0.,0.,-1.));
#4027=DIRECTION('ref_axis',(0.707106781563334,-0.707106780809762,0.));
#4028=DIRECTION('center_axis',(-1.,-1.06571294680836E-9,0.));
#4029=DIRECTION('ref_axis',(7.53570539302473E-10,-0.707106781186549,0.707106781186546));
#4030=DIRECTION('center_axis',(1.,1.06571294680836E-9,0.));
#4031=DIRECTION('ref_axis',(7.53572155915114E-10,-0.707106781186548,0.707106781186547));
#4032=DIRECTION('',(-1.,-1.06571294680836E-9,0.));
#4033=DIRECTION('center_axis',(1.,1.06571196312189E-9,0.));
#4034=DIRECTION('ref_axis',(1.06571196312189E-9,-1.,0.));
#4035=DIRECTION('center_axis',(0.,0.,1.));
#4036=DIRECTION('ref_axis',(0.707106781563334,-0.707106780809762,0.));
#4037=DIRECTION('center_axis',(0.,0.,1.));
#4038=DIRECTION('ref_axis',(0.96592581412232,-0.258819090509438,0.));
#4039=DIRECTION('center_axis',(0.,0.,-1.));
#4040=DIRECTION('ref_axis',(0.999999999999998,-5.96046445533459E-8,0.));
#4041=DIRECTION('',(0.,0.,1.));
#4042=DIRECTION('center_axis',(0.,0.,-1.));
#4043=DIRECTION('ref_axis',(-1.,0.,0.));
#4044=DIRECTION('center_axis',(0.,0.,1.));
#4045=DIRECTION('ref_axis',(-0.965925829330755,-0.258819033750791,0.));
#4046=DIRECTION('center_axis',(0.,0.,1.));
#4047=DIRECTION('ref_axis',(-0.707106780809968,-0.707106781563127,0.));
#4048=DIRECTION('center_axis',(0.,0.,-1.));
#4049=DIRECTION('ref_axis',(-1.,5.81756864903582E-13,0.));
#4050=DIRECTION('',(0.,0.,-1.));
#4051=DIRECTION('center_axis',(0.,0.,-1.));
#4052=DIRECTION('ref_axis',(1.06571196312189E-9,-1.,0.));
#4053=DIRECTION('center_axis',(0.,0.,-1.));
#4054=DIRECTION('ref_axis',(0.998004200249276,0.0631475754467443,0.));
#4055=DIRECTION('center_axis',(0.,1.,0.));
#4056=DIRECTION('ref_axis',(0.,0.,1.));
#4057=DIRECTION('center_axis',(1.,0.,6.15291664962017E-10));
#4058=DIRECTION('ref_axis',(0.,1.,0.));
#4059=DIRECTION('center_axis',(0.,-1.,0.));
#4060=DIRECTION('ref_axis',(0.707106781186548,0.,-0.707106781186548));
#4061=DIRECTION('center_axis',(1.,0.,6.15286521780622E-10));
#4062=DIRECTION('ref_axis',(0.,1.,0.));
#4063=DIRECTION('center_axis',(0.,1.,0.));
#4064=DIRECTION('ref_axis',(-0.924009890486083,0.,-0.382368568640124));
#4065=DIRECTION('center_axis',(0.,-1.,0.));
#4066=DIRECTION('ref_axis',(-0.707106781186548,0.,-0.707106781186548));
#4067=DIRECTION('center_axis',(-1.,-1.06571294680836E-9,0.));
#4068=DIRECTION('ref_axis',(7.53572155915113E-10,-0.707106781186549,-0.707106781186546));
#4069=DIRECTION('center_axis',(-1.,-1.06571196312188E-9,-1.58803459853267E-17));
#4070=DIRECTION('ref_axis',(0.,1.49011614158923E-8,-1.));
#4071=DIRECTION('',(1.,1.06571294680836E-9,0.));
#4072=DIRECTION('center_axis',(1.,1.06571196312188E-9,-4.50441348244195E-15));
#4073=DIRECTION('ref_axis',(1.06571196312188E-9,-1.,0.));
#4074=DIRECTION('center_axis',(0.408248290391193,-0.81649658078286,-0.408248290826265));
#4075=DIRECTION('ref_axis',(-0.577350268779546,-0.577350269394498,0.577350269394833));
#4076=DIRECTION('center_axis',(0.408248282280184,-0.816496588893865,0.408248282715263));
#4077=DIRECTION('ref_axis',(-0.577350274514893,-0.577350257923805,-0.57735027513018));
#4078=DIRECTION('center_axis',(-0.816496596860005,-0.408248298865076,-0.408248250198091));
#4079=DIRECTION('ref_axis',(0.577350246657979,-0.577350314868204,-0.577350246042692));
#4080=DIRECTION('center_axis',(1.06571294680836E-9,-1.,0.));
#4081=DIRECTION('ref_axis',(1.,1.06571294680836E-9,0.));
#4082=DIRECTION('center_axis',(0.,1.,0.));
#4083=DIRECTION('ref_axis',(0.,0.,1.));
#4084=DIRECTION('center_axis',(0.,1.,0.));
#4085=DIRECTION('ref_axis',(0.,0.,1.));
#4086=DIRECTION('center_axis',(0.,1.,0.));
#4087=DIRECTION('ref_axis',(-2.96059473233376E-15,0.,1.));
#4088=DIRECTION('',(0.,1.,0.));
#4089=DIRECTION('center_axis',(0.,0.,1.));
#4090=DIRECTION('ref_axis',(1.,0.,0.));
#4091=DIRECTION('',(0.,1.,0.));
#4092=DIRECTION('center_axis',(0.,1.,0.));
#4093=DIRECTION('ref_axis',(-1.,0.,-2.96059473233376E-15));
#4094=DIRECTION('center_axis',(0.,0.,1.));
#4095=DIRECTION('ref_axis',(-1.,0.,0.));
#4096=DIRECTION('center_axis',(1.,0.,0.));
#4097=DIRECTION('ref_axis',(0.,0.,1.));
#4098=DIRECTION('center_axis',(0.,0.,-1.));
#4099=DIRECTION('ref_axis',(1.,0.,0.));
#4100=DIRECTION('center_axis',(-1.,0.,0.));
#4101=DIRECTION('ref_axis',(0.,0.,-1.));
#4102=DIRECTION('center_axis',(0.,1.,0.));
#4103=DIRECTION('ref_axis',(1.,0.,0.));
#4104=DIRECTION('',(-0.707106796991616,0.,0.707106765381479));
#4105=DIRECTION('center_axis',(0.,1.,0.));
#4106=DIRECTION('ref_axis',(0.,0.,-1.));
#4107=DIRECTION('',(0.707106775918191,0.,0.707106786454904));
#4108=DIRECTION('center_axis',(0.,1.,0.));
#4109=DIRECTION('ref_axis',(1.,0.,0.));
#4110=DIRECTION('',(0.707106796991616,0.,-0.707106765381479));
#4111=DIRECTION('center_axis',(0.,1.,0.));
#4112=DIRECTION('ref_axis',(0.,0.,1.));
#4113=DIRECTION('',(-0.707106775918191,0.,-0.707106786454904));
#4114=DIRECTION('center_axis',(-0.707106786454904,0.,0.707106775918191));
#4115=DIRECTION('ref_axis',(0.707106775918191,0.,0.707106786454904));
#4116=DIRECTION('',(0.,1.,0.));
#4117=DIRECTION('center_axis',(0.,1.,0.));
#4118=DIRECTION('ref_axis',(0.,0.,-1.));
#4119=DIRECTION('',(0.,1.,0.));
#4120=DIRECTION('center_axis',(-0.707106765381479,0.,-0.707106796991616));
#4121=DIRECTION('ref_axis',(-0.707106796991616,0.,0.707106765381479));
#4122=DIRECTION('center_axis',(0.707106786454904,0.,-0.707106775918191));
#4123=DIRECTION('ref_axis',(-0.707106775918191,0.,-0.707106786454904));
#4124=DIRECTION('',(0.,1.,0.));
#4125=DIRECTION('center_axis',(0.,1.,0.));
#4126=DIRECTION('ref_axis',(0.,0.,1.));
#4127=DIRECTION('',(0.,1.,0.));
#4128=DIRECTION('center_axis',(0.707106765381479,0.,0.707106796991616));
#4129=DIRECTION('ref_axis',(0.707106796991616,0.,-0.707106765381479));
#4130=CARTESIAN_POINT('',(0.,0.,0.));
#4131=CARTESIAN_POINT('Origin',(31.0317546849888,5.,29.7500004097819));
#4132=CARTESIAN_POINT('',(31.0317546849888,6.,36.9682463282902));
#4133=CARTESIAN_POINT('',(32.0000005215406,5.25,36.0000004917383));
#4134=CARTESIAN_POINT('Origin',(31.0317546849888,5.,36.9682463282902));
#4135=CARTESIAN_POINT('',(32.0000005215406,5.25,30.0000004138964));
#4136=CARTESIAN_POINT('',(32.0000005215406,5.25,29.7500004097819));
#4137=CARTESIAN_POINT('',(31.0317546849888,6.,30.0000004138964));
#4138=CARTESIAN_POINT('Origin',(31.0317546849888,5.,30.0000004138964));
#4139=CARTESIAN_POINT('',(31.0317546849888,6.,29.7500004097819));
#4140=CARTESIAN_POINT('Origin',(27.0000005215406,5.,30.0000004138964));
#4141=CARTESIAN_POINT('',(27.0000005248767,5.25,25.0000004138964));
#4142=CARTESIAN_POINT('',(27.0000005242307,6.,25.9682462504483));
#4143=CARTESIAN_POINT('Origin',(27.0000005242307,5.,25.9682462504483));
#4144=CARTESIAN_POINT('Origin',(27.0000005215406,6.,30.0000004138964));
#4145=CARTESIAN_POINT('Origin',(27.0000005215406,5.25,30.0000004138964));
#4146=CARTESIAN_POINT('Origin',(0.,6.,2.25000038743019));
#4147=CARTESIAN_POINT('',(55.,6.,-45.5));
#4148=CARTESIAN_POINT('',(-55.,6.,-45.5));
#4149=CARTESIAN_POINT('',(-27.5,6.,-45.5));
#4150=CARTESIAN_POINT('',(-60.5,6.,-40.));
#4151=CARTESIAN_POINT('Origin',(-55.,6.,-40.));
#4152=CARTESIAN_POINT('',(-60.5,6.,40.));
#4153=CARTESIAN_POINT('',(-60.5,6.,21.1250001937151));
#4154=CARTESIAN_POINT('',(-55.,6.,45.5));
#4155=CARTESIAN_POINT('Origin',(-55.,6.,40.));
#4156=CARTESIAN_POINT('',(-36.7708653614843,6.,45.5));
#4157=CARTESIAN_POINT('',(27.5,6.,45.5));
#4158=CARTESIAN_POINT('',(-36.5025278449737,5.99999999945339,45.5366750406883));
#4159=CARTESIAN_POINT('Origin',(-36.7708653614843,5.9999999851,46.5));
#4160=CARTESIAN_POINT('',(-34.7708653604186,6.,43.7679491838279));
#4161=CARTESIAN_POINT('Origin',(-34.7708653614843,6.,45.5));
#4162=CARTESIAN_POINT('',(35.1408368905899,6.,43.7679492268439));
#4163=CARTESIAN_POINT('',(0.184985765618515,6.,43.7679492053359));
#4164=CARTESIAN_POINT('',(36.8724993942763,6.00000001599416,45.5366750347655));
#4165=CARTESIAN_POINT('Origin',(35.1408368895242,6.,45.5));
#4166=CARTESIAN_POINT('',(37.1408368895242,6.,45.5));
#4167=CARTESIAN_POINT('Origin',(37.1408368895242,6.,46.5));
#4168=CARTESIAN_POINT('',(55.,6.,45.5));
#4169=CARTESIAN_POINT('',(27.5,6.,45.5));
#4170=CARTESIAN_POINT('',(60.5,6.,40.));
#4171=CARTESIAN_POINT('Origin',(55.,6.,40.));
#4172=CARTESIAN_POINT('',(60.5,6.,-40.));
#4173=CARTESIAN_POINT('',(60.5,6.,-18.8749998062849));
#4174=CARTESIAN_POINT('Origin',(55.,6.,-40.));
#4175=CARTESIAN_POINT('',(-57.117,6.,40.));
#4176=CARTESIAN_POINT('Origin',(-55.,6.,40.));
#4177=CARTESIAN_POINT('',(-57.117,6.,-40.));
#4178=CARTESIAN_POINT('Origin',(-55.,6.,-40.));
#4179=CARTESIAN_POINT('',(52.883,6.,40.));
#4180=CARTESIAN_POINT('Origin',(55.,6.,40.));
#4181=CARTESIAN_POINT('',(52.883,6.,-40.));
#4182=CARTESIAN_POINT('Origin',(55.,6.,-40.));
#4183=CARTESIAN_POINT('',(-52.0000006705522,6.,20.0000002235174));
#4184=CARTESIAN_POINT('',(-50.0000006705523,6.,22.0000002235174));
#4185=CARTESIAN_POINT('Origin',(-50.0000006705523,6.,20.0000002235174));
#4186=CARTESIAN_POINT('',(-52.0000006705522,6.,10.0000002235174));
#4187=CARTESIAN_POINT('',(-52.0000006705522,6.,11.6250003054738));
#4188=CARTESIAN_POINT('',(-50.0000006705523,6.,8.00000022351742));
#4189=CARTESIAN_POINT('Origin',(-50.0000006705523,6.,10.0000002235174));
#4190=CARTESIAN_POINT('',(-40.0000006705523,6.,8.00000022351742));
#4191=CARTESIAN_POINT('',(-25.5000003352761,6.,8.00000022351742));
#4192=CARTESIAN_POINT('',(-38.0000006705523,6.,10.0000002235174));
#4193=CARTESIAN_POINT('Origin',(-40.0000006705523,6.,10.0000002235174));
#4194=CARTESIAN_POINT('',(-38.0000006705523,6.,20.0000002235174));
#4195=CARTESIAN_POINT('',(-38.0000006705523,6.,5.6250003054738));
#4196=CARTESIAN_POINT('',(-40.0000006705523,6.,22.0000002235174));
#4197=CARTESIAN_POINT('Origin',(-40.0000006705523,6.,20.0000002235174));
#4198=CARTESIAN_POINT('',(-19.5000003352761,6.,22.0000002235174));
#4199=CARTESIAN_POINT('',(-31.0000004470348,6.,33.0000004470348));
#4200=CARTESIAN_POINT('',(-31.0000004470348,6.,38.0000006109476));
#4201=CARTESIAN_POINT('',(-31.0000004470348,6.,17.6250004172325));
#4202=CARTESIAN_POINT('',(-27.0000004470348,6.,29.0000004470348));
#4203=CARTESIAN_POINT('Origin',(-27.0000004470348,6.,33.0000004470348));
#4204=CARTESIAN_POINT('',(27.0000004470348,6.,29.0000004470348));
#4205=CARTESIAN_POINT('',(13.5000002235174,6.,29.0000004470348));
#4206=CARTESIAN_POINT('',(31.0000004470348,6.,33.0000004470348));
#4207=CARTESIAN_POINT('Origin',(27.0000004470348,6.,33.0000004470348));
#4208=CARTESIAN_POINT('',(31.0000004470348,6.,38.0000006109476));
#4209=CARTESIAN_POINT('',(31.0000004470348,6.,20.1250004991889));
#4210=CARTESIAN_POINT('',(27.0000004470348,6.,42.0000006109476));
#4211=CARTESIAN_POINT('Origin',(27.0000004470348,6.,38.0000006109476));
#4212=CARTESIAN_POINT('',(-27.0000004470348,6.,42.0000006109476));
#4213=CARTESIAN_POINT('',(-13.5000002235174,6.,42.0000006109476));
#4214=CARTESIAN_POINT('Origin',(-27.0000004470348,6.,38.0000006109476));
#4215=CARTESIAN_POINT('',(52.0000006705522,6.,10.0000002235174));
#4216=CARTESIAN_POINT('',(50.0000006705523,6.,8.00000022351742));
#4217=CARTESIAN_POINT('Origin',(50.0000006705523,6.,10.0000002235174));
#4218=CARTESIAN_POINT('',(52.0000006705522,6.,20.0000002235174));
#4219=CARTESIAN_POINT('',(52.0000006705522,6.,5.6250003054738));
#4220=CARTESIAN_POINT('',(50.0000006705523,6.,22.0000002235174));
#4221=CARTESIAN_POINT('Origin',(50.0000006705523,6.,20.0000002235174));
#4222=CARTESIAN_POINT('',(40.0000006705523,6.,22.0000002235174));
#4223=CARTESIAN_POINT('',(25.5000003352761,6.,22.0000002235174));
#4224=CARTESIAN_POINT('',(38.0000006705523,6.,20.0000002235174));
#4225=CARTESIAN_POINT('Origin',(40.0000006705523,6.,20.0000002235174));
#4226=CARTESIAN_POINT('',(38.0000006705523,6.,10.0000002235174));
#4227=CARTESIAN_POINT('',(38.0000006705523,6.,11.6250003054738));
#4228=CARTESIAN_POINT('',(40.0000006705523,6.,8.00000022351742));
#4229=CARTESIAN_POINT('Origin',(40.0000006705523,6.,10.0000002235174));
#4230=CARTESIAN_POINT('',(19.5000003352761,6.,8.00000022351742));
#4231=CARTESIAN_POINT('',(42.9682464176971,6.,36.9682463282902));
#4232=CARTESIAN_POINT('',(22.750000435859,6.,36.9682463282902));
#4233=CARTESIAN_POINT('',(-35.9682458365519,6.,25.9682462084349));
#4234=CARTESIAN_POINT('',(15.2500004065782,6.,25.9682462426085));
#4235=CARTESIAN_POINT('',(-35.9682458365519,6.,10.0317543273609));
#4236=CARTESIAN_POINT('',(-35.9682458365519,6.,20.500000320375));
#4237=CARTESIAN_POINT('',(35.9682458365519,6.,10.0317543273609));
#4238=CARTESIAN_POINT('',(-15.7499998547137,6.,10.0317543273609));
#4239=CARTESIAN_POINT('',(35.9682458365519,6.,20.0000004044601));
#4240=CARTESIAN_POINT('',(35.9682458365519,6.,17.2500002458692));
#4241=CARTESIAN_POINT('',(39.9999999742524,6.,24.0317545679082));
#4242=CARTESIAN_POINT('Origin',(40.,6.,20.0000004044601));
#4243=CARTESIAN_POINT('',(42.9682464176971,6.,24.0317545868641));
#4244=CARTESIAN_POINT('',(21.7500001307146,6.,24.0317544513599));
#4245=CARTESIAN_POINT('',(42.9682464176971,6.,24.250000372529));
#4246=CARTESIAN_POINT('Origin',(15.2500004065782,5.,25.9682462426085));
#4247=CARTESIAN_POINT('',(-33.,5.25,25.000000372529));
#4248=CARTESIAN_POINT('',(16.5,5.25,25.000000372529));
#4249=CARTESIAN_POINT('',(-35.,5.25,25.000000372529));
#4250=CARTESIAN_POINT('',(15.2500004072243,5.25,25.0000004060566));
#4251=CARTESIAN_POINT('Origin',(-35.9682458365519,5.,25.9682462084349));
#4252=CARTESIAN_POINT('Origin',(22.750000435859,5.,36.9682463282902));
#4253=CARTESIAN_POINT('',(42.0000005811453,5.25,36.0000004917383));
#4254=CARTESIAN_POINT('Origin',(42.9682464176971,5.,36.9682463282902));
#4255=CARTESIAN_POINT('',(22.750000435859,5.25,36.0000004917383));
#4256=CARTESIAN_POINT('Origin',(42.9682464176971,5.,24.250000372529));
#4257=CARTESIAN_POINT('',(42.0000005811453,5.25,25.0000004172325));
#4258=CARTESIAN_POINT('',(42.0000005811453,5.25,24.250000372529));
#4259=CARTESIAN_POINT('Origin',(42.9682464176971,5.,24.0317545868641));
#4260=CARTESIAN_POINT('Origin',(35.9682458365519,5.,17.2500002458692));
#4261=CARTESIAN_POINT('',(35.,5.25,11.0000001639128));
#4262=CARTESIAN_POINT('',(35.,5.25,20.0000004044601));
#4263=CARTESIAN_POINT('',(35.,5.25,17.2500002458692));
#4264=CARTESIAN_POINT('Origin',(35.9682458365519,5.,20.0000004044601));
#4265=CARTESIAN_POINT('Origin',(35.9682458365519,5.,10.0317543273609));
#4266=CARTESIAN_POINT('Origin',(-15.7499998547137,5.,10.0317543273609));
#4267=CARTESIAN_POINT('',(-35.,5.25,11.0000001639128));
#4268=CARTESIAN_POINT('',(-15.7499998547137,5.25,11.0000001639128));
#4269=CARTESIAN_POINT('Origin',(-35.9682458365519,5.,10.0317543273609));
#4270=CARTESIAN_POINT('Origin',(-35.9682458365519,5.,20.500000320375));
#4271=CARTESIAN_POINT('',(-35.,5.25,20.500000320375));
#4272=CARTESIAN_POINT('Origin',(40.,5.,20.0000004044601));
#4273=CARTESIAN_POINT('',(39.9999999680689,5.25,25.0000004044601));
#4274=CARTESIAN_POINT('Origin',(39.9999999742524,5.,24.0317545679082));
#4275=CARTESIAN_POINT('Origin',(40.,5.25,20.0000004044601));
#4276=CARTESIAN_POINT('Origin',(21.7500001307146,5.,24.0317544513599));
#4277=CARTESIAN_POINT('',(21.7500001245311,5.25,25.0000002879117));
#4278=CARTESIAN_POINT('Origin',(36.0200856984898,8.53518069428233,35.4109980926034));
#4279=CARTESIAN_POINT('',(36.0045042295974,8.53516859006057,52.0000007748604));
#4280=CARTESIAN_POINT('',(36.0045151004404,8.5351497612081,50.7040435912787));
#4281=CARTESIAN_POINT('',(36.0044972412217,8.53518069428233,35.4109980926034));
#4282=CARTESIAN_POINT('',(38.329486758042,8.535,52.0000007748604));
#4283=CARTESIAN_POINT('',(-10.7399571507551,8.53518069428233,52.0000007748604));
#4284=CARTESIAN_POINT('',(38.329486758042,8.535,45.5));
#4285=CARTESIAN_POINT('',(38.329486758042,8.535,27.1250005811453));
#4286=CARTESIAN_POINT('',(37.1408368895242,8.53518069428233,45.5));
#4287=CARTESIAN_POINT('',(45.5100428492449,8.53518069428233,45.5));
#4288=CARTESIAN_POINT('',(36.1408368895242,8.53518069428233,46.5));
#4289=CARTESIAN_POINT('Origin',(37.1408368895242,8.53518069428233,46.5));
#4290=CARTESIAN_POINT('',(36.1408368895242,8.53518069428233,50.2));
#4291=CARTESIAN_POINT('',(36.1408368895242,8.53518069428233,40.4554990463017));
#4292=CARTESIAN_POINT('Origin',(35.1408368895242,8.53518069428233,50.2));
#4293=CARTESIAN_POINT('Origin',(-57.5,1.,52.0000007748604));
#4294=CARTESIAN_POINT('',(24.5349869154203,8.535,52.0000007748604));
#4295=CARTESIAN_POINT('',(-28.75,8.535,52.0000007748604));
#4296=CARTESIAN_POINT('',(24.5349869154203,7.99108661395516,52.0000007748604));
#4297=CARTESIAN_POINT('',(24.5349869154203,7.535,52.0000007748604));
#4298=CARTESIAN_POINT('',(23.5349869154203,6.99108661395516,52.0000007748604));
#4299=CARTESIAN_POINT('Origin',(23.5349869154203,7.99108661395516,52.0000007748604));
#4300=CARTESIAN_POINT('',(-23.1650131143828,6.99108661395552,52.0000007748604));
#4301=CARTESIAN_POINT('',(-16.4825065422898,6.99108661395547,52.0000007748604));
#4302=CARTESIAN_POINT('',(-24.1650131143828,7.99108661395552,52.0000007748604));
#4303=CARTESIAN_POINT('Origin',(-23.1650131143828,7.99108661395552,52.0000007748604));
#4304=CARTESIAN_POINT('',(-24.1650131143828,8.535,52.0000007748604));
#4305=CARTESIAN_POINT('',(-24.1650131143828,7.535,52.0000007748604));
#4306=CARTESIAN_POINT('',(-34.4799330077714,8.535,52.0000007748604));
#4307=CARTESIAN_POINT('',(-28.75,8.535,52.0000007748604));
#4308=CARTESIAN_POINT('',(-34.4954171411469,8.50818069428233,52.0000007748604));
#4309=CARTESIAN_POINT('',(-38.9965588028666,0.711974644118766,52.0000007748604));
#4310=CARTESIAN_POINT('',(-35.6501176967326,8.50818069428233,52.0000007748604));
#4311=CARTESIAN_POINT('',(-46.5750588483663,8.50818069428233,52.0000007748604));
#4312=CARTESIAN_POINT('',(-35.634633563357,8.535,52.0000007748604));
#4313=CARTESIAN_POINT('',(-37.9786447302297,4.47505356546769,52.0000007748604));
#4314=CARTESIAN_POINT('',(-57.5,8.535,52.0000007748604));
#4315=CARTESIAN_POINT('',(-28.75,8.535,52.0000007748604));
#4316=CARTESIAN_POINT('',(-57.5,-2.77555756156289E-16,52.0000007748604));
#4317=CARTESIAN_POINT('',(-57.5,1.,52.0000007748604));
#4318=CARTESIAN_POINT('',(57.5,-2.77555756156289E-16,52.0000007748604));
#4319=CARTESIAN_POINT('',(0.,-2.77555756156289E-16,52.0000007748604));
#4320=CARTESIAN_POINT('',(57.5,8.535,52.0000007748604));
#4321=CARTESIAN_POINT('',(57.5,7.535,52.0000007748604));
#4322=CARTESIAN_POINT('',(-28.75,8.535,52.0000007748604));
#4323=CARTESIAN_POINT('Origin',(-44.7677021198797,8.,-46.5000003909685));
#4324=CARTESIAN_POINT('',(-44.7677021198797,7.,-46.5000007032532));
#4325=CARTESIAN_POINT('',(-45.7677021198797,8.,-46.5000007819369));
#4326=CARTESIAN_POINT('Origin',(-44.7677021198797,8.,-46.5000003909685));
#4327=CARTESIAN_POINT('',(-44.7677021198797,7.,-47.5000007032532));
#4328=CARTESIAN_POINT('',(-44.7677021198797,7.,-46.5000007032532));
#4329=CARTESIAN_POINT('',(-45.7677021198797,8.,-47.5000007819369));
#4330=CARTESIAN_POINT('Origin',(-44.7677021198797,8.,-47.5000003909685));
#4331=CARTESIAN_POINT('',(-45.7677021198797,8.,-46.5000007819369));
#4332=CARTESIAN_POINT('Origin',(-45.7677021198797,8.535,-46.5000003909685));
#4333=CARTESIAN_POINT('',(-45.7677021198797,8.535,-46.5000007819369));
#4334=CARTESIAN_POINT('',(-45.7677021198797,3.,-46.5000003909685));
#4335=CARTESIAN_POINT('',(-45.7677021198797,8.535,-47.5000007819369));
#4336=CARTESIAN_POINT('',(-45.7677021198797,3.,-47.5000003909685));
#4337=CARTESIAN_POINT('',(-45.7677021198797,8.535,-46.5000007819369));
#4338=CARTESIAN_POINT('Origin',(-45.7677020018541,6.,-45.5));
#4339=CARTESIAN_POINT('',(-45.7677020018541,8.535,-45.5));
#4340=CARTESIAN_POINT('',(-45.7676991839952,8.535,-21.6249971054075));
#4341=CARTESIAN_POINT('',(-45.7677020018541,8.,-45.5));
#4342=CARTESIAN_POINT('',(-45.7677020018541,6.,-45.5));
#4343=CARTESIAN_POINT('',(-45.767702084472,8.,-46.199999835284));
#4344=CARTESIAN_POINT('Origin',(0.,8.535,2.25000038743019));
#4345=CARTESIAN_POINT('',(-55.,8.535,-47.5));
#4346=CARTESIAN_POINT('',(27.5,8.535,-47.5));
#4347=CARTESIAN_POINT('',(-62.5,8.535,-40.));
#4348=CARTESIAN_POINT('Origin',(-55.,8.535,-40.));
#4349=CARTESIAN_POINT('',(-62.5,8.535,47.0000007748604));
#4350=CARTESIAN_POINT('',(-62.5,8.535,1.1250001937151));
#4351=CARTESIAN_POINT('Origin',(-57.5,8.535,47.0000007748604));
#4352=CARTESIAN_POINT('',(-35.6346335633453,8.53500000002023,50.7038893662822));
#4353=CARTESIAN_POINT('',(-35.634633563357,8.535,18.8304992400168));
#4354=CARTESIAN_POINT('',(-35.770865361483,8.535,50.2));
#4355=CARTESIAN_POINT('Origin',(-34.7708653614834,8.53500000002023,50.2));
#4356=CARTESIAN_POINT('',(-35.770865361483,8.535,46.5));
#4357=CARTESIAN_POINT('',(-35.7708653614834,8.535,23.8750001937151));
#4358=CARTESIAN_POINT('',(-36.7708653614797,8.535,45.5));
#4359=CARTESIAN_POINT('Origin',(-36.7708653614834,8.53500000002139,46.5));
#4360=CARTESIAN_POINT('',(-55.,8.535,45.5));
#4361=CARTESIAN_POINT('',(27.5,8.535,45.5));
#4362=CARTESIAN_POINT('',(-60.5,8.535,40.));
#4363=CARTESIAN_POINT('Origin',(-55.,8.535,40.));
#4364=CARTESIAN_POINT('',(-60.5,8.535,-40.));
#4365=CARTESIAN_POINT('',(-60.5,8.535,21.1250001937151));
#4366=CARTESIAN_POINT('',(-55.,8.535,-45.5));
#4367=CARTESIAN_POINT('Origin',(-55.,8.535,-40.));
#4368=CARTESIAN_POINT('',(-17.9149931471574,8.535,-45.5));
#4369=CARTESIAN_POINT('Origin',(0.,5.25,18.0000002682209));
#4370=CARTESIAN_POINT('Origin',(-55.,0.,40.));
#4371=CARTESIAN_POINT('',(-57.117,-2.77555756156289E-16,40.));
#4372=CARTESIAN_POINT('',(-57.117,0.,40.));
#4373=CARTESIAN_POINT('Origin',(-55.,-2.77555756156289E-16,40.));
#4374=CARTESIAN_POINT('Origin',(-55.,0.,-40.));
#4375=CARTESIAN_POINT('',(-57.117,-2.77555756156289E-16,-40.));
#4376=CARTESIAN_POINT('',(-57.117,0.,-40.));
#4377=CARTESIAN_POINT('Origin',(-55.,-2.77555756156289E-16,-40.));
#4378=CARTESIAN_POINT('Origin',(55.,0.,40.));
#4379=CARTESIAN_POINT('',(52.883,-2.77555756156289E-16,40.));
#4380=CARTESIAN_POINT('',(52.883,0.,40.));
#4381=CARTESIAN_POINT('Origin',(55.,-2.77555756156289E-16,40.));
#4382=CARTESIAN_POINT('Origin',(55.,0.,-40.));
#4383=CARTESIAN_POINT('',(52.883,-2.77555756156289E-16,-40.));
#4384=CARTESIAN_POINT('',(52.883,0.,-40.));
#4385=CARTESIAN_POINT('Origin',(55.,-2.77555756156289E-16,-40.));
#4386=CARTESIAN_POINT('Origin',(-44.767702084472,8.,-46.1999999533095));
#4387=CARTESIAN_POINT('',(-44.7677020018541,7.,-45.5));
#4388=CARTESIAN_POINT('Origin',(-44.7677020018541,8.,-45.5));
#4389=CARTESIAN_POINT('',(-44.767702084472,7.,-46.1999999533095));
#4390=CARTESIAN_POINT('Origin',(-40.7988441952947,7.,-46.9000002570199));
#4391=CARTESIAN_POINT('',(-36.8299862943148,7.,-45.5));
#4392=CARTESIAN_POINT('',(-38.3144152448048,7.,-45.5));
#4393=CARTESIAN_POINT('',(-36.8299862943148,7.,-47.5000003909685));
#4394=CARTESIAN_POINT('',(-36.8299862943148,7.,-46.5000003909685));
#4395=CARTESIAN_POINT('',(-40.7988441913605,7.,-47.5000003909685));
#4396=CARTESIAN_POINT('Origin',(-36.8299862943148,8.,-47.20000012851));
#4397=CARTESIAN_POINT('',(-35.8299862943148,8.,-45.5));
#4398=CARTESIAN_POINT('Origin',(-36.8299862943148,8.,-45.5));
#4399=CARTESIAN_POINT('',(-35.8299862943148,8.,-47.5000003909685));
#4400=CARTESIAN_POINT('',(-35.8299862943148,8.,-47.20000012851));
#4401=CARTESIAN_POINT('Origin',(-36.8299862943148,8.,-47.5000003909685));
#4402=CARTESIAN_POINT('Origin',(0.,-2.77555756156289E-16,2.25000038743019));
#4403=CARTESIAN_POINT('',(-55.,-2.77555756156289E-16,-47.5));
#4404=CARTESIAN_POINT('',(55.,-2.77555756156289E-16,-47.5));
#4405=CARTESIAN_POINT('',(-35.8299862943148,-2.77555756156289E-16,-47.5));
#4406=CARTESIAN_POINT('',(62.5,-2.77555756156289E-16,-40.));
#4407=CARTESIAN_POINT('Origin',(55.,-2.77555756156289E-16,-40.));
#4408=CARTESIAN_POINT('',(62.5,-2.77555756156289E-16,0.));
#4409=CARTESIAN_POINT('',(62.5,-2.77555756156289E-16,-40.));
#4410=CARTESIAN_POINT('',(72.5,-2.77555756156289E-16,9.99999955296516));
#4411=CARTESIAN_POINT('',(72.5,-2.77555756156289E-16,10.0000001490116));
#4412=CARTESIAN_POINT('',(72.5,-2.77555756156289E-16,30.0000004470348));
#4413=CARTESIAN_POINT('Origin',(72.5,-2.77555756156289E-16,20.));
#4414=CARTESIAN_POINT('',(62.5,-2.77555756156289E-16,40.));
#4415=CARTESIAN_POINT('',(72.5,-2.77555756156289E-16,30.0000004470348));
#4416=CARTESIAN_POINT('',(62.5,-2.77555756156289E-16,47.0000007748604));
#4417=CARTESIAN_POINT('',(62.5,-2.77555756156289E-16,40.));
#4418=CARTESIAN_POINT('Origin',(57.5,-2.77555756156289E-16,47.0000007748604));
#4419=CARTESIAN_POINT('',(-62.5,-2.77555756156289E-16,47.0000007748604));
#4420=CARTESIAN_POINT('Origin',(-57.5,-2.77555756156289E-16,47.0000007748604));
#4421=CARTESIAN_POINT('',(-62.5,-2.77555756156289E-16,0.));
#4422=CARTESIAN_POINT('',(-62.5,-2.77555756156289E-16,0.));
#4423=CARTESIAN_POINT('',(-72.5,-2.77555756156289E-16,-9.99999955296516));
#4424=CARTESIAN_POINT('',(-72.5,-2.77555756156289E-16,-10.0000001490116));
#4425=CARTESIAN_POINT('',(-72.5,-2.77555756156289E-16,-30.0000004470348));
#4426=CARTESIAN_POINT('Origin',(-72.5,-2.77555756156289E-16,-20.));
#4427=CARTESIAN_POINT('',(-62.5,-2.77555756156289E-16,-40.));
#4428=CARTESIAN_POINT('',(-72.5,-2.77555756156289E-16,-30.0000004470348));
#4429=CARTESIAN_POINT('Origin',(-55.,-2.77555756156289E-16,-40.));
#4430=CARTESIAN_POINT('',(69.4,0.,20.));
#4431=CARTESIAN_POINT('Origin',(72.5,-2.77555756156289E-16,20.));
#4432=CARTESIAN_POINT('',(-75.6,0.,-20.));
#4433=CARTESIAN_POINT('Origin',(-72.5,-2.77555756156289E-16,-20.));
#4434=CARTESIAN_POINT('Origin',(55.,1.,-47.5));
#4435=CARTESIAN_POINT('',(55.,8.535,-47.5));
#4436=CARTESIAN_POINT('',(-35.8299862943148,8.535,-47.5000003909685));
#4437=CARTESIAN_POINT('',(27.5,8.535,-47.5));
#4438=CARTESIAN_POINT('',(55.,7.535,-47.5));
#4439=CARTESIAN_POINT('',(-55.,1.,-47.5));
#4440=CARTESIAN_POINT('',(-35.8299862943148,3.,-47.5000003909685));
#4441=CARTESIAN_POINT('Origin',(-72.5,0.,-20.));
#4442=CARTESIAN_POINT('',(-75.6,6.,-20.));
#4443=CARTESIAN_POINT('',(-75.6,0.,-20.));
#4444=CARTESIAN_POINT('Origin',(-72.5,6.,-20.));
#4445=CARTESIAN_POINT('Origin',(72.5,0.,20.));
#4446=CARTESIAN_POINT('',(69.4,6.,20.));
#4447=CARTESIAN_POINT('',(69.4,0.,20.));
#4448=CARTESIAN_POINT('Origin',(72.5,6.,20.));
#4449=CARTESIAN_POINT('Origin',(35.1408368895242,7.50000003033518,50.2));
#4450=CARTESIAN_POINT('',(36.1408368895242,6.00000005960464,50.2));
#4451=CARTESIAN_POINT('',(36.1408368895242,7.50000003033518,50.2));
#4452=CARTESIAN_POINT('',(35.1408368895242,6.00000005960464,51.2));
#4453=CARTESIAN_POINT('Origin',(35.1408368895242,6.00000005960464,50.2));
#4454=CARTESIAN_POINT('',(35.1408368895242,8.535,51.2));
#4455=CARTESIAN_POINT('',(35.1408368895242,7.50000003033518,51.2));
#4456=CARTESIAN_POINT('Origin',(35.1408368895242,8.535,50.2));
#4457=CARTESIAN_POINT('Origin',(36.1408368895242,5.00000006067036,45.5));
#4458=CARTESIAN_POINT('',(36.1408368895242,6.00000005960464,46.5));
#4459=CARTESIAN_POINT('',(36.1408368895242,8.50818069428233,46.5));
#4460=CARTESIAN_POINT('',(36.1408368895242,6.00000005960464,45.5));
#4461=CARTESIAN_POINT('Origin',(37.1408368895242,5.50000003033518,46.5));
#4462=CARTESIAN_POINT('',(37.1408368895242,5.50000003033518,45.5));
#4463=CARTESIAN_POINT('Origin',(37.1408368895242,6.,46.5));
#4464=CARTESIAN_POINT('Origin',(55.,6.,45.5));
#4465=CARTESIAN_POINT('',(55.,8.535,45.5));
#4466=CARTESIAN_POINT('',(27.5,8.535,45.5));
#4467=CARTESIAN_POINT('',(55.,6.,45.5));
#4468=CARTESIAN_POINT('Origin',(0.,8.535,2.25000038743019));
#4469=CARTESIAN_POINT('',(62.5,8.535,47.0000007748604));
#4470=CARTESIAN_POINT('Origin',(57.5,8.535,47.0000007748604));
#4471=CARTESIAN_POINT('',(62.5,8.535,-40.));
#4472=CARTESIAN_POINT('',(62.5,8.535,1.1250001937151));
#4473=CARTESIAN_POINT('Origin',(55.,8.535,-40.));
#4474=CARTESIAN_POINT('',(-35.8299862943148,8.535,-45.5));
#4475=CARTESIAN_POINT('',(-35.8299862943148,8.535,-22.6249998062849));
#4476=CARTESIAN_POINT('',(55.,8.535,-45.5));
#4477=CARTESIAN_POINT('',(-17.9149931471574,8.535,-45.5));
#4478=CARTESIAN_POINT('',(60.5,8.535,-40.));
#4479=CARTESIAN_POINT('Origin',(55.,8.535,-40.));
#4480=CARTESIAN_POINT('',(60.5,8.535,40.));
#4481=CARTESIAN_POINT('',(60.5,8.535,-18.8749998062849));
#4482=CARTESIAN_POINT('Origin',(55.,8.535,40.));
#4483=CARTESIAN_POINT('Origin',(-35.6501176967326,8.50818069428233,35.4109980926034));
#4484=CARTESIAN_POINT('',(-35.6501176967326,8.50818069428233,50.6763563067263));
#4485=CARTESIAN_POINT('',(-34.7708653614829,8.50818069428233,51.2));
#4486=CARTESIAN_POINT('Origin',(-34.7708653614829,8.50818069428182,50.2));
#4487=CARTESIAN_POINT('',(-35.6501176967326,8.50818069428233,35.4109980926034));
#4488=CARTESIAN_POINT('',(-34.4954171411469,8.50818069428233,51.2));
#4489=CARTESIAN_POINT('',(-34.4954171411469,8.50818069428233,35.4109980926034));
#4490=CARTESIAN_POINT('',(-17.7325659663563,8.50818069428233,51.2));
#4491=CARTESIAN_POINT('Origin',(-31.5935635791838,15.5343385295296,35.4109980926034));
#4492=CARTESIAN_POINT('Origin',(-34.770865361482,10.0310904116099,50.2));
#4493=CARTESIAN_POINT('Origin',(-34.4954171411469,8.50818069428233,35.4109980926034));
#4494=CARTESIAN_POINT('',(-34.4799330077714,8.535,51.2));
#4495=CARTESIAN_POINT('',(-34.4799330077714,8.535,18.8304992400168));
#4496=CARTESIAN_POINT('',(-29.8373784238493,16.576140416265,51.2));
#4497=CARTESIAN_POINT('Origin',(-34.7708653614825,9.12951805471227,50.2));
#4498=CARTESIAN_POINT('',(-34.7708653614843,5.99999998509884,51.2));
#4499=CARTESIAN_POINT('',(-34.7708653614825,9.12951805471227,51.2));
#4500=CARTESIAN_POINT('',(-35.7708653614843,5.99999998509942,50.2));
#4501=CARTESIAN_POINT('Origin',(-34.7708653614843,5.99999998509884,50.2));
#4502=CARTESIAN_POINT('',(-35.770865361483,7.535,50.2));
#4503=CARTESIAN_POINT('Origin',(0.184985764019947,10.,51.2));
#4504=CARTESIAN_POINT('',(-24.1650131143828,8.535,51.2));
#4505=CARTESIAN_POINT('',(0.0924928820099735,8.535,51.2));
#4506=CARTESIAN_POINT('',(-24.1650131143828,7.99108661395552,51.2));
#4507=CARTESIAN_POINT('',(-24.1650131143828,7.535,51.2));
#4508=CARTESIAN_POINT('',(-23.1650131143828,6.99108661395552,51.2));
#4509=CARTESIAN_POINT('Origin',(-23.1650131143828,7.99108661395552,51.2));
#4510=CARTESIAN_POINT('',(23.5349869154203,6.99108661395516,51.2));
#4511=CARTESIAN_POINT('',(12.3599863397201,6.99108661395525,51.2));
#4512=CARTESIAN_POINT('',(24.5349869154203,7.99108661395516,51.2));
#4513=CARTESIAN_POINT('Origin',(23.5349869154203,7.99108661395516,51.2));
#4514=CARTESIAN_POINT('',(24.5349869154203,8.535,51.2));
#4515=CARTESIAN_POINT('',(24.5349869154203,7.535,51.2));
#4516=CARTESIAN_POINT('',(0.0924928820099735,8.535,51.2));
#4517=CARTESIAN_POINT('',(-17.7929397971339,6.00000000319243,51.2));
#4518=CARTESIAN_POINT('Origin',(0.,8.535,2.25000038743019));
#4519=CARTESIAN_POINT('',(-24.1650131143828,8.535,27.1250005811453));
#4520=CARTESIAN_POINT('Origin',(24.5349869154203,7.535,51.2));
#4521=CARTESIAN_POINT('',(24.5349869154203,7.99108661395516,52.0000007748604));
#4522=CARTESIAN_POINT('',(24.5349869154203,8.535,27.1250005811453));
#4523=CARTESIAN_POINT('Origin',(0.,8.535,2.25000038743019));
#4524=CARTESIAN_POINT('Origin',(-24.1650131143828,7.535,52.0000007748604));
#4525=CARTESIAN_POINT('',(-24.1650131143828,7.99108661395552,52.0000007748604));
#4526=CARTESIAN_POINT('Origin',(-55.,6.,-40.));
#4527=CARTESIAN_POINT('',(-60.5,7.535,-40.));
#4528=CARTESIAN_POINT('',(-55.,7.535,-45.5));
#4529=CARTESIAN_POINT('Origin',(-60.5,6.,40.));
#4530=CARTESIAN_POINT('',(-60.5,7.535,40.));
#4531=CARTESIAN_POINT('Origin',(-55.,6.,40.));
#4532=CARTESIAN_POINT('',(-55.,7.535,45.5));
#4533=CARTESIAN_POINT('Origin',(55.,6.,45.5));
#4534=CARTESIAN_POINT('',(-36.7708653614797,7.535,45.5));
#4535=CARTESIAN_POINT('Origin',(-36.7708653614837,7.12951805472938,46.5));
#4536=CARTESIAN_POINT('',(-35.7708653614843,5.99999998509942,46.5));
#4537=CARTESIAN_POINT('',(-35.7708653614837,7.1295180547288,46.5));
#4538=CARTESIAN_POINT('Origin',(-36.7708653614843,5.9999999851,46.5));
#4539=CARTESIAN_POINT('Origin',(-35.770865361483,8.25903610940479,45.5));
#4540=CARTESIAN_POINT('',(-35.7708653614843,5.99999998509942,45.5));
#4541=CARTESIAN_POINT('Origin',(60.5,6.,-40.));
#4542=CARTESIAN_POINT('',(60.5,7.535,-40.));
#4543=CARTESIAN_POINT('',(60.5,6.,40.));
#4544=CARTESIAN_POINT('Origin',(55.,6.,-40.));
#4545=CARTESIAN_POINT('',(55.,7.535,-45.5));
#4546=CARTESIAN_POINT('Origin',(-35.8299862943148,6.,-45.5));
#4547=CARTESIAN_POINT('',(-35.8299862943148,7.535,-45.5));
#4548=CARTESIAN_POINT('Origin',(-35.8299862943148,6.,-47.5));
#4549=CARTESIAN_POINT('Origin',(55.,1.,-40.));
#4550=CARTESIAN_POINT('',(62.5,7.535,-40.));
#4551=CARTESIAN_POINT('Origin',(62.5,1.,0.));
#4552=CARTESIAN_POINT('',(62.5,7.535,47.0000007748604));
#4553=CARTESIAN_POINT('',(62.5,6.,40.));
#4554=CARTESIAN_POINT('',(62.5,1.,40.));
#4555=CARTESIAN_POINT('',(62.5,6.,0.));
#4556=CARTESIAN_POINT('',(62.5,6.,24.6250005811453));
#4557=CARTESIAN_POINT('',(62.5,1.,0.));
#4558=CARTESIAN_POINT('Origin',(57.5,1.,47.0000007748604));
#4559=CARTESIAN_POINT('Origin',(55.,6.,40.));
#4560=CARTESIAN_POINT('Origin',(-57.5,1.,47.0000007748604));
#4561=CARTESIAN_POINT('',(-62.5,1.,47.0000007748604));
#4562=CARTESIAN_POINT('Origin',(-62.5,1.,0.));
#4563=CARTESIAN_POINT('',(-62.5,6.,-40.));
#4564=CARTESIAN_POINT('',(-62.5,6.,-40.));
#4565=CARTESIAN_POINT('',(-62.5,6.,0.));
#4566=CARTESIAN_POINT('',(-62.5,6.,-18.8749998062849));
#4567=CARTESIAN_POINT('',(-62.5,1.,0.));
#4568=CARTESIAN_POINT('Origin',(-55.,1.,-40.));
#4569=CARTESIAN_POINT('',(-62.5,1.,-40.));
#4570=CARTESIAN_POINT('Origin',(40.0000006705523,5.,20.0000002235174));
#4571=CARTESIAN_POINT('',(40.0000006705523,5.,21.0000002235174));
#4572=CARTESIAN_POINT('Origin',(40.0000006705523,5.,22.0000002235174));
#4573=CARTESIAN_POINT('',(39.0000006705523,5.,20.0000002235174));
#4574=CARTESIAN_POINT('Origin',(40.0000006705523,5.,20.0000002235174));
#4575=CARTESIAN_POINT('Origin',(38.0000006705523,5.,20.0000002235174));
#4576=CARTESIAN_POINT('Origin',(40.0000006705523,5.,10.0000002235174));
#4577=CARTESIAN_POINT('',(40.0000006705523,5.,9.00000022351742));
#4578=CARTESIAN_POINT('',(39.0000006705523,5.,10.0000002235174));
#4579=CARTESIAN_POINT('Origin',(40.0000006705523,5.,10.0000002235174));
#4580=CARTESIAN_POINT('Origin',(40.0000006705523,5.,8.00000022351742));
#4581=CARTESIAN_POINT('Origin',(38.0000006705523,5.,10.0000002235174));
#4582=CARTESIAN_POINT('Origin',(50.0000006705523,5.,20.0000002235174));
#4583=CARTESIAN_POINT('',(50.0000006705523,5.,21.0000002235174));
#4584=CARTESIAN_POINT('',(51.0000006705523,5.,20.0000002235174));
#4585=CARTESIAN_POINT('Origin',(50.0000006705523,5.,20.0000002235174));
#4586=CARTESIAN_POINT('Origin',(50.0000006705523,5.,22.0000002235174));
#4587=CARTESIAN_POINT('Origin',(52.0000006705522,5.,20.0000002235174));
#4588=CARTESIAN_POINT('Origin',(25.5000003352761,5.,22.0000002235174));
#4589=CARTESIAN_POINT('',(25.5000003352761,5.,21.0000002235174));
#4590=CARTESIAN_POINT('Origin',(50.0000006705523,5.,10.0000002235174));
#4591=CARTESIAN_POINT('',(51.0000006705523,5.,10.0000002235174));
#4592=CARTESIAN_POINT('',(50.0000006705523,5.,9.00000022351742));
#4593=CARTESIAN_POINT('Origin',(50.0000006705523,5.,10.0000002235174));
#4594=CARTESIAN_POINT('Origin',(52.0000006705522,5.,10.0000002235174));
#4595=CARTESIAN_POINT('Origin',(50.0000006705523,5.,8.00000022351742));
#4596=CARTESIAN_POINT('Origin',(52.0000006705522,5.,5.6250003054738));
#4597=CARTESIAN_POINT('',(51.0000006705523,5.,5.6250003054738));
#4598=CARTESIAN_POINT('Origin',(19.5000003352761,5.,8.00000022351742));
#4599=CARTESIAN_POINT('',(19.5000003352761,5.,9.00000022351742));
#4600=CARTESIAN_POINT('Origin',(50.0000006705523,6.,10.0000002235174));
#4601=CARTESIAN_POINT('',(51.0000006705523,3.5,10.0000002235174));
#4602=CARTESIAN_POINT('',(50.0000006705523,3.5,9.00000022351742));
#4603=CARTESIAN_POINT('Origin',(50.0000006705523,3.5,10.0000002235174));
#4604=CARTESIAN_POINT('',(51.0000006705523,6.,10.0000002235174));
#4605=CARTESIAN_POINT('',(50.0000006705523,6.,9.00000022351742));
#4606=CARTESIAN_POINT('Origin',(50.0000006705523,6.,20.0000002235174));
#4607=CARTESIAN_POINT('',(50.0000006705523,3.5,21.0000002235174));
#4608=CARTESIAN_POINT('',(51.0000006705523,3.5,20.0000002235174));
#4609=CARTESIAN_POINT('Origin',(50.0000006705523,3.5,20.0000002235174));
#4610=CARTESIAN_POINT('',(50.0000006705523,6.,21.0000002235174));
#4611=CARTESIAN_POINT('',(51.0000006705523,6.,20.0000002235174));
#4612=CARTESIAN_POINT('Origin',(38.0000006705523,5.,11.6250003054738));
#4613=CARTESIAN_POINT('',(39.0000006705523,5.,11.6250003054738));
#4614=CARTESIAN_POINT('Origin',(40.0000006705523,6.,10.0000002235174));
#4615=CARTESIAN_POINT('',(40.0000006705523,3.5,9.00000022351742));
#4616=CARTESIAN_POINT('',(39.0000006705523,3.5,10.0000002235174));
#4617=CARTESIAN_POINT('Origin',(40.0000006705523,3.5,10.0000002235174));
#4618=CARTESIAN_POINT('',(40.0000006705523,6.,9.00000022351742));
#4619=CARTESIAN_POINT('',(39.0000006705523,6.,10.0000002235174));
#4620=CARTESIAN_POINT('Origin',(40.0000006705523,6.,20.0000002235174));
#4621=CARTESIAN_POINT('',(39.0000006705523,3.5,20.0000002235174));
#4622=CARTESIAN_POINT('',(40.0000006705523,3.5,21.0000002235174));
#4623=CARTESIAN_POINT('Origin',(40.0000006705523,3.5,20.0000002235174));
#4624=CARTESIAN_POINT('',(39.0000006705523,6.,20.0000002235174));
#4625=CARTESIAN_POINT('',(40.0000006705523,6.,21.0000002235174));
#4626=CARTESIAN_POINT('Origin',(39.0000006705523,6.,9.00000022351742));
#4627=CARTESIAN_POINT('',(25.5000003352761,3.5,9.00000022351742));
#4628=CARTESIAN_POINT('Origin',(39.0000006705523,6.,21.0000002235174));
#4629=CARTESIAN_POINT('',(39.0000006705523,3.5,12.0000002235174));
#4630=CARTESIAN_POINT('Origin',(0.,3.5,15.0000002235174));
#4631=CARTESIAN_POINT('',(19.5000003352761,3.5,21.0000002235174));
#4632=CARTESIAN_POINT('',(51.0000006705523,3.5,18.0000002235174));
#4633=CARTESIAN_POINT('Origin',(-40.0000006705523,5.,10.0000002235174));
#4634=CARTESIAN_POINT('',(-39.0000006705523,5.,10.0000002235174));
#4635=CARTESIAN_POINT('',(-40.0000006705523,5.,9.00000022351742));
#4636=CARTESIAN_POINT('Origin',(-40.0000006705523,5.,10.0000002235174));
#4637=CARTESIAN_POINT('Origin',(-38.0000006705523,5.,10.0000002235174));
#4638=CARTESIAN_POINT('Origin',(-40.0000006705523,5.,8.00000022351742));
#4639=CARTESIAN_POINT('Origin',(-40.0000006705523,5.,20.0000002235174));
#4640=CARTESIAN_POINT('',(-40.0000006705523,5.,21.0000002235174));
#4641=CARTESIAN_POINT('',(-39.0000006705523,5.,20.0000002235174));
#4642=CARTESIAN_POINT('Origin',(-40.0000006705523,5.,20.0000002235174));
#4643=CARTESIAN_POINT('Origin',(-40.0000006705523,5.,22.0000002235174));
#4644=CARTESIAN_POINT('Origin',(-38.0000006705523,5.,20.0000002235174));
#4645=CARTESIAN_POINT('Origin',(-50.0000006705523,5.,10.0000002235174));
#4646=CARTESIAN_POINT('',(-50.0000006705523,5.,9.00000022351742));
#4647=CARTESIAN_POINT('',(-51.0000006705523,5.,10.0000002235174));
#4648=CARTESIAN_POINT('Origin',(-50.0000006705523,5.,10.0000002235174));
#4649=CARTESIAN_POINT('Origin',(-50.0000006705523,5.,8.00000022351742));
#4650=CARTESIAN_POINT('Origin',(-52.0000006705522,5.,10.0000002235174));
#4651=CARTESIAN_POINT('Origin',(-25.5000003352761,5.,8.00000022351742));
#4652=CARTESIAN_POINT('',(-25.5000003352761,5.,9.00000022351742));
#4653=CARTESIAN_POINT('Origin',(-50.0000006705523,5.,20.0000002235174));
#4654=CARTESIAN_POINT('',(-50.0000006705523,5.,21.0000002235174));
#4655=CARTESIAN_POINT('Origin',(-50.0000006705523,5.,22.0000002235174));
#4656=CARTESIAN_POINT('',(-51.0000006705523,5.,20.0000002235174));
#4657=CARTESIAN_POINT('Origin',(-50.0000006705523,5.,20.0000002235174));
#4658=CARTESIAN_POINT('Origin',(-52.0000006705522,5.,20.0000002235174));
#4659=CARTESIAN_POINT('Origin',(-19.5000003352761,5.,22.0000002235174));
#4660=CARTESIAN_POINT('',(-19.5000003352761,5.,21.0000002235174));
#4661=CARTESIAN_POINT('Origin',(-50.0000006705523,6.,20.0000002235174));
#4662=CARTESIAN_POINT('',(-51.0000006705523,3.5,20.0000002235174));
#4663=CARTESIAN_POINT('',(-50.0000006705523,3.5,21.0000002235174));
#4664=CARTESIAN_POINT('Origin',(-50.0000006705523,3.5,20.0000002235174));
#4665=CARTESIAN_POINT('',(-51.0000006705523,6.,20.0000002235174));
#4666=CARTESIAN_POINT('',(-50.0000006705523,6.,21.0000002235174));
#4667=CARTESIAN_POINT('Origin',(-52.0000006705522,5.,11.6250003054738));
#4668=CARTESIAN_POINT('',(-51.0000006705523,5.,11.6250003054738));
#4669=CARTESIAN_POINT('Origin',(-50.0000006705523,6.,10.0000002235174));
#4670=CARTESIAN_POINT('',(-50.0000006705523,3.5,9.00000022351742));
#4671=CARTESIAN_POINT('',(-51.0000006705523,3.5,10.0000002235174));
#4672=CARTESIAN_POINT('Origin',(-50.0000006705523,3.5,10.0000002235174));
#4673=CARTESIAN_POINT('',(-50.0000006705523,6.,9.00000022351742));
#4674=CARTESIAN_POINT('',(-51.0000006705523,6.,10.0000002235174));
#4675=CARTESIAN_POINT('Origin',(-38.0000006705523,5.,5.6250003054738));
#4676=CARTESIAN_POINT('',(-39.0000006705523,5.,5.6250003054738));
#4677=CARTESIAN_POINT('Origin',(-40.0000006705523,6.,20.0000002235174));
#4678=CARTESIAN_POINT('',(-40.0000006705523,3.5,21.0000002235174));
#4679=CARTESIAN_POINT('',(-39.0000006705523,3.5,20.0000002235174));
#4680=CARTESIAN_POINT('Origin',(-40.0000006705523,3.5,20.0000002235174));
#4681=CARTESIAN_POINT('',(-40.0000006705523,6.,21.0000002235174));
#4682=CARTESIAN_POINT('',(-39.0000006705523,6.,20.0000002235174));
#4683=CARTESIAN_POINT('Origin',(-40.0000006705523,6.,10.0000002235174));
#4684=CARTESIAN_POINT('',(-39.0000006705523,3.5,10.0000002235174));
#4685=CARTESIAN_POINT('',(-40.0000006705523,3.5,9.00000022351742));
#4686=CARTESIAN_POINT('Origin',(-40.0000006705523,3.5,10.0000002235174));
#4687=CARTESIAN_POINT('',(-39.0000006705523,6.,10.0000002235174));
#4688=CARTESIAN_POINT('',(-40.0000006705523,6.,9.00000022351742));
#4689=CARTESIAN_POINT('Origin',(-39.0000006705523,6.,21.0000002235174));
#4690=CARTESIAN_POINT('',(-25.5000003352761,3.5,21.0000002235174));
#4691=CARTESIAN_POINT('Origin',(-39.0000006705523,6.,9.00000022351742));
#4692=CARTESIAN_POINT('',(-39.0000006705523,3.5,18.0000002235174));
#4693=CARTESIAN_POINT('Origin',(0.,3.5,15.0000002235174));
#4694=CARTESIAN_POINT('',(-19.5000003352761,3.5,9.00000022351742));
#4695=CARTESIAN_POINT('',(-51.0000006705523,3.5,12.0000002235174));
#4696=CARTESIAN_POINT('Origin',(13.5000002235174,2.5,31.0000004470348));
#4697=CARTESIAN_POINT('',(17.0000002533197,1.5,31.0000004470348));
#4698=CARTESIAN_POINT('',(17.0000002533197,2.25,30.031754610483));
#4699=CARTESIAN_POINT('Origin',(17.0000002533197,2.5,31.0000004470348));
#4700=CARTESIAN_POINT('',(27.0000004470348,1.5,31.0000004470348));
#4701=CARTESIAN_POINT('',(13.5000002235174,1.5,31.0000004470348));
#4702=CARTESIAN_POINT('',(27.0000004470348,2.5,30.0000004470348));
#4703=CARTESIAN_POINT('Origin',(27.0000004470348,2.5,31.0000004470348));
#4704=CARTESIAN_POINT('',(16.9803586314883,2.50000000195408,30.0000004470348));
#4705=CARTESIAN_POINT('',(13.5000002235174,2.5,30.0000004470348));
#4706=CARTESIAN_POINT('Ctrl Pts',(17.0000002533197,2.25,30.031754610483));
#4707=CARTESIAN_POINT('Ctrl Pts',(17.0000002533197,2.3321639370335,30.0105399731637));
#4708=CARTESIAN_POINT('Ctrl Pts',(16.9943679849106,2.41630629514982,30.0000004468668));
#4709=CARTESIAN_POINT('Ctrl Pts',(16.9803586318065,2.50000000200734,30.0000004470348));
#4710=CARTESIAN_POINT('Origin',(27.0000004470348,2.5,33.0000004470348));
#4711=CARTESIAN_POINT('',(29.0000004470348,1.5,33.0000004470348));
#4712=CARTESIAN_POINT('',(30.0000004470348,2.5,33.0000004470348));
#4713=CARTESIAN_POINT('Origin',(29.0000004470348,2.5,33.0000004470348));
#4714=CARTESIAN_POINT('Origin',(27.0000004470348,2.5,33.0000004470348));
#4715=CARTESIAN_POINT('Origin',(27.0000004470348,1.5,33.0000004470348));
#4716=CARTESIAN_POINT('Origin',(29.0000004470348,2.5,35.3750005494803));
#4717=CARTESIAN_POINT('',(30.0000004470348,2.50000000195408,35.5196421508227));
#4718=CARTESIAN_POINT('',(29.9682462835867,2.25,35.5000005289912));
#4719=CARTESIAN_POINT('Ctrl Pts',(30.0000004470348,2.50000000200734,35.5196421505045));
#4720=CARTESIAN_POINT('Ctrl Pts',(30.0000004470828,2.47612313751793,35.5156454410957));
#4721=CARTESIAN_POINT('Ctrl Pts',(29.9991451825992,2.45206794830031,35.5123129857631));
#4722=CARTESIAN_POINT('Ctrl Pts',(29.9930594081649,2.36789328529766,35.5028505360933));
#4723=CARTESIAN_POINT('Ctrl Pts',(29.9833047096405,2.30832103332635,35.5000005289912));
#4724=CARTESIAN_POINT('Ctrl Pts',(29.9682462835867,2.25,35.5000005289912));
#4725=CARTESIAN_POINT('',(30.0000004470348,2.5,35.3750005494803));
#4726=CARTESIAN_POINT('',(29.0000004470348,1.5,35.5000005289912));
#4727=CARTESIAN_POINT('',(29.0000004470348,1.5,35.3750005494803));
#4728=CARTESIAN_POINT('Origin',(29.0000004470348,2.5,35.5000005289912));
#4729=CARTESIAN_POINT('Origin',(17.0000002533197,3.,33.5000005289912));
#4730=CARTESIAN_POINT('',(17.0000002533197,2.,31.0000004470348));
#4731=CARTESIAN_POINT('Origin',(17.0000002533197,4.,31.0000004470348));
#4732=CARTESIAN_POINT('',(17.0000002533197,2.,33.5000005289912));
#4733=CARTESIAN_POINT('',(17.0000002533197,2.,34.5000005289912));
#4734=CARTESIAN_POINT('',(17.0000002533197,1.5,33.5000005289912));
#4735=CARTESIAN_POINT('',(17.0000002533197,3.,33.5000005289912));
#4736=CARTESIAN_POINT('',(17.0000002533197,1.5,31.3750004675239));
#4737=CARTESIAN_POINT('Origin',(16.0000002533197,4.,31.0000004470348));
#4738=CARTESIAN_POINT('',(16.0000002533197,4.,30.0000004470348));
#4739=CARTESIAN_POINT('Ctrl Pts',(16.0000002533197,4.,30.0000004470348));
#4740=CARTESIAN_POINT('Ctrl Pts',(16.2770984754007,3.72290177791904,30.0000004470348));
#4741=CARTESIAN_POINT('Ctrl Pts',(16.6039129695085,3.38477672779599,30.0000004470348));
#4742=CARTESIAN_POINT('Ctrl Pts',(16.8749415146626,2.88120409625636,30.0000004470348));
#4743=CARTESIAN_POINT('Ctrl Pts',(16.9486419861561,2.6894793896274,30.0000004470348));
#4744=CARTESIAN_POINT('Ctrl Pts',(16.9803586318065,2.50000000200734,30.0000004470348));
#4745=CARTESIAN_POINT('',(16.0000002533197,3.,31.0000004470348));
#4746=CARTESIAN_POINT('Origin',(16.0000002533197,4.,31.0000004470348));
#4747=CARTESIAN_POINT('Origin',(16.0000002533197,2.,31.0000004470348));
#4748=CARTESIAN_POINT('Origin',(27.0000004470348,1.,30.0000004470348));
#4749=CARTESIAN_POINT('',(27.0000004470348,5.,30.0000004470348));
#4750=CARTESIAN_POINT('',(27.0000004470348,1.,30.0000004470348));
#4751=CARTESIAN_POINT('',(-27.0000004470348,5.,30.0000004470348));
#4752=CARTESIAN_POINT('',(13.5000002235174,5.,30.0000004470348));
#4753=CARTESIAN_POINT('',(-27.0000004470348,2.5,30.0000004470348));
#4754=CARTESIAN_POINT('',(-27.0000004470348,1.,30.0000004470348));
#4755=CARTESIAN_POINT('',(-16.6803583781686,2.50000000195408,30.0000004470348));
#4756=CARTESIAN_POINT('',(13.5000002235174,2.5,30.0000004470348));
#4757=CARTESIAN_POINT('',(-15.7,4.,30.0000004470348));
#4758=CARTESIAN_POINT('Ctrl Pts',(-16.6803583784867,2.50000000200734,30.0000004470348));
#4759=CARTESIAN_POINT('Ctrl Pts',(-16.6486417328363,2.6894793896274,30.0000004470348));
#4760=CARTESIAN_POINT('Ctrl Pts',(-16.5749412613429,2.88120409625636,30.0000004470348));
#4761=CARTESIAN_POINT('Ctrl Pts',(-16.3039127161887,3.38477672779599,30.0000004470348));
#4762=CARTESIAN_POINT('Ctrl Pts',(-15.977098222081,3.72290177791904,30.0000004470348));
#4763=CARTESIAN_POINT('Ctrl Pts',(-15.7,4.,30.0000004470348));
#4764=CARTESIAN_POINT('',(13.5000002235174,4.,30.0000004470348));
#4765=CARTESIAN_POINT('Origin',(27.0000004470348,1.,33.0000004470348));
#4766=CARTESIAN_POINT('',(30.0000004470348,5.,33.0000004470348));
#4767=CARTESIAN_POINT('',(30.0000004470348,1.,33.0000004470348));
#4768=CARTESIAN_POINT('Origin',(27.0000004470348,5.,33.0000004470348));
#4769=CARTESIAN_POINT('Origin',(30.0000004470348,1.,38.0000006109476));
#4770=CARTESIAN_POINT('',(30.0000004470348,4.,36.5000005289912));
#4771=CARTESIAN_POINT('Ctrl Pts',(30.0000004470348,2.50000000200734,35.5196421505045));
#4772=CARTESIAN_POINT('Ctrl Pts',(30.0000004470348,2.6894793896274,35.5513587961549));
#4773=CARTESIAN_POINT('Ctrl Pts',(30.0000004470348,2.88120409625637,35.6250592676484));
#4774=CARTESIAN_POINT('Ctrl Pts',(30.0000004470348,3.38477672779599,35.8960878128025));
#4775=CARTESIAN_POINT('Ctrl Pts',(30.0000004470348,3.72290177791904,36.2229023069103));
#4776=CARTESIAN_POINT('Ctrl Pts',(30.0000004470348,4.,36.5000005289912));
#4777=CARTESIAN_POINT('',(30.0000004470348,4.,38.0000006109476));
#4778=CARTESIAN_POINT('',(30.0000004470348,4.,36.7500005699694));
#4779=CARTESIAN_POINT('',(30.0000004470348,5.,38.0000006109476));
#4780=CARTESIAN_POINT('',(30.0000004470348,1.,38.0000006109476));
#4781=CARTESIAN_POINT('',(30.0000004470348,5.,20.1250004991889));
#4782=CARTESIAN_POINT('Origin',(-29.0000004470348,2.5,32.8750004675239));
#4783=CARTESIAN_POINT('',(-29.0000004470348,1.5,35.5000005289912));
#4784=CARTESIAN_POINT('',(-29.9682462835867,2.25,35.5000005289912));
#4785=CARTESIAN_POINT('Origin',(-29.0000004470348,2.5,35.5000005289912));
#4786=CARTESIAN_POINT('',(-29.0000004470348,1.5,33.0000004470348));
#4787=CARTESIAN_POINT('',(-29.0000004470348,1.5,32.8750004675239));
#4788=CARTESIAN_POINT('',(-30.0000004470348,2.5,33.0000004470348));
#4789=CARTESIAN_POINT('Origin',(-29.0000004470348,2.5,33.0000004470348));
#4790=CARTESIAN_POINT('',(-30.0000004470348,2.50000000195408,35.5196421508227));
#4791=CARTESIAN_POINT('',(-30.0000004470348,2.5,32.8750004675239));
#4792=CARTESIAN_POINT('Ctrl Pts',(-29.9682462835867,2.25,35.5000005289912));
#4793=CARTESIAN_POINT('Ctrl Pts',(-29.989460920906,2.3321639370335,35.5000005289912));
#4794=CARTESIAN_POINT('Ctrl Pts',(-30.0000004472028,2.41630629514982,35.5056327974004));
#4795=CARTESIAN_POINT('Ctrl Pts',(-30.0000004470348,2.50000000200734,35.5196421505045));
#4796=CARTESIAN_POINT('Origin',(-27.0000004470348,2.5,33.0000004470348));
#4797=CARTESIAN_POINT('',(-27.0000004470348,1.5,31.0000004470348));
#4798=CARTESIAN_POINT('Origin',(-27.0000004470348,2.5,31.0000004470348));
#4799=CARTESIAN_POINT('Origin',(-27.0000004470348,2.5,33.0000004470348));
#4800=CARTESIAN_POINT('Origin',(-27.0000004470348,1.5,33.0000004470348));
#4801=CARTESIAN_POINT('Origin',(13.5000002235174,2.5,31.0000004470348));
#4802=CARTESIAN_POINT('',(-16.7,2.25,30.031754610483));
#4803=CARTESIAN_POINT('Ctrl Pts',(-16.6803583784867,2.50000000200734,30.0000004470348));
#4804=CARTESIAN_POINT('Ctrl Pts',(-16.6843550878955,2.47612313751791,30.0000004469869));
#4805=CARTESIAN_POINT('Ctrl Pts',(-16.6876875432281,2.45206794830027,30.0008557114705));
#4806=CARTESIAN_POINT('Ctrl Pts',(-16.6971499928979,2.36789328529762,30.0069414859047));
#4807=CARTESIAN_POINT('Ctrl Pts',(-16.7,2.30832103332632,30.0166961844292));
#4808=CARTESIAN_POINT('Ctrl Pts',(-16.7,2.25,30.031754610483));
#4809=CARTESIAN_POINT('',(-16.7,1.5,31.0000004470348));
#4810=CARTESIAN_POINT('',(13.5000002235174,1.5,31.0000004470348));
#4811=CARTESIAN_POINT('Origin',(-16.7,2.5,31.0000004470348));
#4812=CARTESIAN_POINT('Origin',(-16.7,3.,35.5000005289912));
#4813=CARTESIAN_POINT('',(-29.0000004470348,2.,35.5000005289912));
#4814=CARTESIAN_POINT('Origin',(-29.0000004470348,4.,35.5000005289912));
#4815=CARTESIAN_POINT('',(-16.7,2.,35.5000005289912));
#4816=CARTESIAN_POINT('',(-8.35,2.,35.5000005289912));
#4817=CARTESIAN_POINT('',(-16.7,1.5,35.5000005289912));
#4818=CARTESIAN_POINT('',(-16.7,3.,35.5000005289912));
#4819=CARTESIAN_POINT('',(-15.0000002235174,1.5,35.5000005289912));
#4820=CARTESIAN_POINT('Origin',(-29.0000004470348,4.,36.5000005289912));
#4821=CARTESIAN_POINT('',(-30.0000004470348,4.,36.5000005289912));
#4822=CARTESIAN_POINT('Ctrl Pts',(-30.0000004470348,4.,36.5000005289912));
#4823=CARTESIAN_POINT('Ctrl Pts',(-30.0000004470348,3.72290177791904,36.2229023069103));
#4824=CARTESIAN_POINT('Ctrl Pts',(-30.0000004470348,3.38477672779599,35.8960878128025));
#4825=CARTESIAN_POINT('Ctrl Pts',(-30.0000004470348,2.88120409625637,35.6250592676483));
#4826=CARTESIAN_POINT('Ctrl Pts',(-30.0000004470348,2.6894793896274,35.5513587961549));
#4827=CARTESIAN_POINT('Ctrl Pts',(-30.0000004470348,2.50000000200734,35.5196421505045));
#4828=CARTESIAN_POINT('',(-29.0000004470348,3.,36.5000005289912));
#4829=CARTESIAN_POINT('Origin',(-29.0000004470348,4.,36.5000005289912));
#4830=CARTESIAN_POINT('Origin',(-29.0000004470348,2.,36.5000005289912));
#4831=CARTESIAN_POINT('Origin',(-30.0000004470348,1.,33.0000004470348));
#4832=CARTESIAN_POINT('',(-30.0000004470348,5.,33.0000004470348));
#4833=CARTESIAN_POINT('',(-30.0000004470348,1.,33.0000004470348));
#4834=CARTESIAN_POINT('',(-30.0000004470348,5.,38.0000006109476));
#4835=CARTESIAN_POINT('',(-30.0000004470348,5.,17.6250004172325));
#4836=CARTESIAN_POINT('',(-30.0000004470348,4.,38.0000006109476));
#4837=CARTESIAN_POINT('',(-30.0000004470348,1.,38.0000006109476));
#4838=CARTESIAN_POINT('',(-30.0000004470348,4.,34.250000488013));
#4839=CARTESIAN_POINT('Origin',(-27.0000004470348,1.,33.0000004470348));
#4840=CARTESIAN_POINT('Origin',(-27.0000004470348,5.,33.0000004470348));
#4841=CARTESIAN_POINT('Origin',(-15.7,4.,31.0000004470348));
#4842=CARTESIAN_POINT('',(-16.7,2.,31.0000004470348));
#4843=CARTESIAN_POINT('Origin',(-16.7,4.,31.0000004470348));
#4844=CARTESIAN_POINT('',(-15.7,3.,31.0000004470348));
#4845=CARTESIAN_POINT('Origin',(-15.7,2.,31.0000004470348));
#4846=CARTESIAN_POINT('Origin',(-15.7,4.,31.0000004470348));
#4847=CARTESIAN_POINT('Origin',(-15.7,2.,32.750000488013));
#4848=CARTESIAN_POINT('',(-15.7,3.,36.5000005289912));
#4849=CARTESIAN_POINT('Origin',(-15.7,2.,36.5000005289912));
#4850=CARTESIAN_POINT('',(-15.7,3.,32.750000488013));
#4851=CARTESIAN_POINT('',(-16.7,2.,32.750000488013));
#4852=CARTESIAN_POINT('Origin',(-16.7,3.,30.0000004470348));
#4853=CARTESIAN_POINT('',(-16.7,1.5,34.1250005085021));
#4854=CARTESIAN_POINT('Origin',(29.0000004470348,4.,36.5000005289912));
#4855=CARTESIAN_POINT('',(29.0000004470348,2.,35.5000005289912));
#4856=CARTESIAN_POINT('Origin',(29.0000004470348,4.,35.5000005289912));
#4857=CARTESIAN_POINT('',(29.0000004470348,3.,36.5000005289912));
#4858=CARTESIAN_POINT('Origin',(29.0000004470348,2.,36.5000005289912));
#4859=CARTESIAN_POINT('Origin',(29.0000004470348,4.,36.5000005289912));
#4860=CARTESIAN_POINT('Origin',(15.0000002235174,2.,36.5000005289912));
#4861=CARTESIAN_POINT('',(19.0000002533197,2.,35.5000005289912));
#4862=CARTESIAN_POINT('',(19.0000002533197,3.,36.5000005289912));
#4863=CARTESIAN_POINT('Origin',(19.0000002533197,2.,36.5000005289912));
#4864=CARTESIAN_POINT('',(15.0000002235174,3.,36.5000005289912));
#4865=CARTESIAN_POINT('',(15.0000002235174,2.,35.5000005289912));
#4866=CARTESIAN_POINT('Origin',(19.0000002533197,2.,33.5000005289912));
#4867=CARTESIAN_POINT('',(16.0000002533197,3.,33.5000005289912));
#4868=CARTESIAN_POINT('Origin',(16.0000002533197,2.,33.5000005289912));
#4869=CARTESIAN_POINT('Origin',(19.0000002533197,3.,33.5000005289912));
#4870=CARTESIAN_POINT('Origin',(19.0000002533197,2.,33.5000005289912));
#4871=CARTESIAN_POINT('Origin',(16.0000002533197,2.,34.5000005289912));
#4872=CARTESIAN_POINT('',(16.0000002533197,3.,34.5000005289912));
#4873=CARTESIAN_POINT('Origin',(19.0000002533197,3.,33.5000005289912));
#4874=CARTESIAN_POINT('',(19.0000002533197,1.5,35.5000005289912));
#4875=CARTESIAN_POINT('',(19.0000002533197,3.,35.5000005289912));
#4876=CARTESIAN_POINT('Origin',(19.0000002533197,1.5,33.5000005289912));
#4877=CARTESIAN_POINT('Origin',(30.0000004470348,3.,35.5000005289912));
#4878=CARTESIAN_POINT('',(9.50000012665987,1.5,35.5000005289912));
#4879=CARTESIAN_POINT('Origin',(13.5000002235174,4.,31.0000004470348));
#4880=CARTESIAN_POINT('',(13.5000002235174,3.,31.0000004470348));
#4881=CARTESIAN_POINT('Origin',(0.,3.,35.5000005289912));
#4882=CARTESIAN_POINT('',(-8.35,3.,36.5000005289912));
#4883=CARTESIAN_POINT('',(-29.0000004470348,3.,38.0000006109476));
#4884=CARTESIAN_POINT('',(-29.0000004470348,3.,34.250000488013));
#4885=CARTESIAN_POINT('',(-27.0000004470348,3.,40.0000006109476));
#4886=CARTESIAN_POINT('Origin',(-27.0000004470348,3.,38.0000006109476));
#4887=CARTESIAN_POINT('',(27.0000004470348,3.,40.0000006109476));
#4888=CARTESIAN_POINT('',(-13.5000002235174,3.,40.0000006109476));
#4889=CARTESIAN_POINT('',(29.0000004470348,3.,38.0000006109476));
#4890=CARTESIAN_POINT('Origin',(27.0000004470348,3.,38.0000006109476));
#4891=CARTESIAN_POINT('',(29.0000004470348,3.,36.7500005699694));
#4892=CARTESIAN_POINT('Origin',(-8.35,2.,36.5000005289912));
#4893=CARTESIAN_POINT('Origin',(29.0000004470348,4.,36.7500005699694));
#4894=CARTESIAN_POINT('Origin',(29.0000004470348,4.,38.0000006109476));
#4895=CARTESIAN_POINT('Origin',(27.0000004470348,4.,38.0000006109476));
#4896=CARTESIAN_POINT('',(27.0000004470348,4.,41.0000006109476));
#4897=CARTESIAN_POINT('Origin',(27.0000004470348,4.,40.0000006109476));
#4898=CARTESIAN_POINT('Origin',(27.0000004470348,4.,38.0000006109476));
#4899=CARTESIAN_POINT('Origin',(-13.5000002235174,4.,40.0000006109476));
#4900=CARTESIAN_POINT('',(-27.0000004470348,4.,41.0000006109476));
#4901=CARTESIAN_POINT('Origin',(-27.0000004470348,4.,40.0000006109476));
#4902=CARTESIAN_POINT('',(-13.5000002235174,4.,41.0000006109476));
#4903=CARTESIAN_POINT('Origin',(-27.0000004470348,4.,38.0000006109476));
#4904=CARTESIAN_POINT('Origin',(-29.0000004470348,4.,38.0000006109476));
#4905=CARTESIAN_POINT('Origin',(-27.0000004470348,4.,38.0000006109476));
#4906=CARTESIAN_POINT('Origin',(-29.0000004470348,4.,34.250000488013));
#4907=CARTESIAN_POINT('Origin',(-31.0000004470348,5.,17.6250004172325));
#4908=CARTESIAN_POINT('Origin',(-31.0000004470348,5.,38.0000006109476));
#4909=CARTESIAN_POINT('Origin',(-31.0000004470348,5.,33.0000004470348));
#4910=CARTESIAN_POINT('Origin',(-27.0000004470348,5.,33.0000004470348));
#4911=CARTESIAN_POINT('Origin',(-27.0000004470348,5.,29.0000004470348));
#4912=CARTESIAN_POINT('Origin',(13.5000002235174,5.,29.0000004470348));
#4913=CARTESIAN_POINT('Origin',(27.0000004470348,5.,29.0000004470348));
#4914=CARTESIAN_POINT('Origin',(27.0000004470348,5.,33.0000004470348));
#4915=CARTESIAN_POINT('Origin',(31.0000004470348,5.,33.0000004470348));
#4916=CARTESIAN_POINT('Origin',(31.0000004470348,5.,20.1250004991889));
#4917=CARTESIAN_POINT('Origin',(31.0000004470348,5.,38.0000006109476));
#4918=CARTESIAN_POINT('Origin',(27.0000004470348,5.,38.0000006109476));
#4919=CARTESIAN_POINT('',(27.0000004470348,5.,41.0000006109476));
#4920=CARTESIAN_POINT('Origin',(27.0000004470348,5.,42.0000006109476));
#4921=CARTESIAN_POINT('Origin',(27.0000004470348,5.,38.0000006109476));
#4922=CARTESIAN_POINT('Origin',(-13.5000002235174,5.,42.0000006109476));
#4923=CARTESIAN_POINT('',(-27.0000004470348,5.,41.0000006109476));
#4924=CARTESIAN_POINT('Origin',(-27.0000004470348,5.,42.0000006109476));
#4925=CARTESIAN_POINT('',(-13.5000002235174,5.,41.0000006109476));
#4926=CARTESIAN_POINT('Origin',(-27.0000004470348,5.,38.0000006109476));
#4927=CARTESIAN_POINT('Origin',(-27.0000004470348,5.,38.0000006109476));
#4928=CARTESIAN_POINT('Origin',(-23.1650131143828,7.99108661395552,52.0000007748604));
#4929=CARTESIAN_POINT('',(-23.1650131143828,6.99108661395552,52.0000007748604));
#4930=CARTESIAN_POINT('Origin',(24.5349869154203,6.99108661395516,52.0000007748604));
#4931=CARTESIAN_POINT('',(23.5349869154203,6.99108661395516,52.0000007748604));
#4932=CARTESIAN_POINT('Origin',(23.5349869154203,7.99108661395516,52.0000007748604));
#4933=CARTESIAN_POINT('Origin',(35.1408368895242,6.00000005960464,50.2));
#4934=CARTESIAN_POINT('',(35.1408368905899,5.00000005960464,50.2));
#4935=CARTESIAN_POINT('Origin',(35.1408368895242,6.00000005960464,50.2));
#4936=CARTESIAN_POINT('Origin',(35.1408368895242,6.00000005960464,50.2));
#4937=CARTESIAN_POINT('Origin',(-17.7929397971339,6.00000000319243,50.2));
#4938=CARTESIAN_POINT('',(-34.7708653604186,4.99999998509884,50.2));
#4939=CARTESIAN_POINT('',(-17.7929397960682,5.00000000319243,50.2));
#4940=CARTESIAN_POINT('Origin',(-34.7708653614843,5.99999998509884,50.2));
#4941=CARTESIAN_POINT('Origin',(35.1408368895242,6.00000005960464,45.5));
#4942=CARTESIAN_POINT('',(36.1394746853549,5.94782197284027,46.5));
#4943=CARTESIAN_POINT('Origin',(35.1408368895242,6.00000005960464,46.5));
#4944=CARTESIAN_POINT('',(36.0068622761023,5.50000002980232,45.5));
#4945=CARTESIAN_POINT('Ctrl Pts',(36.0068622761023,5.50000002980232,45.5));
#4946=CARTESIAN_POINT('Ctrl Pts',(36.0073120181325,5.50077900578709,45.5012720624816));
#4947=CARTESIAN_POINT('Ctrl Pts',(36.0077602423481,5.50155778005362,45.5025447864649));
#4948=CARTESIAN_POINT('Ctrl Pts',(36.0989300943548,5.66045624537241,45.7624307092142));
#4949=CARTESIAN_POINT('Ctrl Pts',(36.1271145584269,5.8102114443243,46.047892481571));
#4950=CARTESIAN_POINT('Ctrl Pts',(36.1377684885663,5.91996904043689,46.3934762668554));
#4951=CARTESIAN_POINT('Ctrl Pts',(36.1388004899493,5.93491852896908,46.446456568143));
#4952=CARTESIAN_POINT('Ctrl Pts',(36.1394746853549,5.94782197284027,46.5));
#4953=CARTESIAN_POINT('',(35.1408368905899,5.00000005960464,45.5));
#4954=CARTESIAN_POINT('Origin',(35.1408368895242,6.00000005960464,45.5));
#4955=CARTESIAN_POINT('',(35.1408368905899,5.00000005960464,45.5));
#4956=CARTESIAN_POINT('Origin',(-34.7708653614843,5.99999998509884,46.5));
#4957=CARTESIAN_POINT('',(-35.7695031604914,5.94782195912678,46.5));
#4958=CARTESIAN_POINT('Ctrl Pts',(-36.5025278449737,6.,45.5366750406883));
#4959=CARTESIAN_POINT('Ctrl Pts',(-36.4593354157491,5.99999999982071,45.5487064420116));
#4960=CARTESIAN_POINT('Ctrl Pts',(-36.4168353556626,5.99722664091857,45.5636712893826));
#4961=CARTESIAN_POINT('Ctrl Pts',(-36.2724310046284,5.97936117040061,45.6258425860642));
#4962=CARTESIAN_POINT('Ctrl Pts',(-36.1841889203987,5.95339430205752,45.6841380257827));
#4963=CARTESIAN_POINT('Ctrl Pts',(-36.0339649254501,5.90392226919664,45.8131302514776));
#4964=CARTESIAN_POINT('Ctrl Pts',(-35.9584424219318,5.87447780345514,45.8966905894721));
#4965=CARTESIAN_POINT('Ctrl Pts',(-35.8581449986956,5.86069374688936,46.0650295695722));
#4966=CARTESIAN_POINT('Ctrl Pts',(-35.8244143167802,5.86553827991464,46.1404276550396));
#4967=CARTESIAN_POINT('Ctrl Pts',(-35.7789445076044,5.90024737520585,46.3173450351523));
#4968=CARTESIAN_POINT('Ctrl Pts',(-35.7683429889261,5.92561737861815,46.4078610870713));
#4969=CARTESIAN_POINT('Ctrl Pts',(-35.7695031604914,5.94782195912678,46.5));
#4970=CARTESIAN_POINT('Origin',(-34.7708653614843,5.99999998509884,46.5));
#4971=CARTESIAN_POINT('Origin',(-34.7708653614843,5.99999998509884,45.5));
#4972=CARTESIAN_POINT('',(-35.6368907695704,5.49999999254942,45.5));
#4973=CARTESIAN_POINT('Ctrl Pts',(-35.7695031604914,5.94782195912678,46.5));
#4974=CARTESIAN_POINT('Ctrl Pts',(-35.7688289666738,5.93491853057409,46.4464566385555));
#4975=CARTESIAN_POINT('Ctrl Pts',(-35.7677969678886,5.91996906284974,46.3934764063491));
#4976=CARTESIAN_POINT('Ctrl Pts',(-35.7571430528907,5.81021148324678,46.0478926012739));
#4977=CARTESIAN_POINT('Ctrl Pts',(-35.7289585967664,5.66045623969022,45.7624307542303));
#4978=CARTESIAN_POINT('Ctrl Pts',(-35.6377887357895,5.50155774290958,45.5025447865808));
#4979=CARTESIAN_POINT('Ctrl Pts',(-35.637340511517,5.50077896846682,45.50127206234));
#4980=CARTESIAN_POINT('Ctrl Pts',(-35.6368907695704,5.49999999254942,45.5));
#4981=CARTESIAN_POINT('Origin',(-34.7708653614843,5.99999998509884,50.2));
#4982=CARTESIAN_POINT('',(-34.7708653604186,4.99999998509884,45.5));
#4983=CARTESIAN_POINT('',(-34.7708653604186,4.99999998509884,45.5));
#4984=CARTESIAN_POINT('Origin',(-34.7708653614843,5.99999998509884,45.5));
#4985=CARTESIAN_POINT('Origin',(35.1408368895242,6.00000005960464,46.5));
#4986=CARTESIAN_POINT('Ctrl Pts',(36.1394746853549,5.94782197284027,46.5));
#4987=CARTESIAN_POINT('Ctrl Pts',(36.1386227975624,5.93151766963125,46.4323445464201));
#4988=CARTESIAN_POINT('Ctrl Pts',(36.1441659262979,5.9139678830239,46.3670308019022));
#4989=CARTESIAN_POINT('Ctrl Pts',(36.1772128838163,5.86965185717438,46.1787413730105));
#4990=CARTESIAN_POINT('Ctrl Pts',(36.2159370956406,5.86330040470318,46.0950495381066));
#4991=CARTESIAN_POINT('Ctrl Pts',(36.2876198428047,5.86533937666768,45.9572838094444));
#4992=CARTESIAN_POINT('Ctrl Pts',(36.3395437724641,5.88188440649026,45.8908231438153));
#4993=CARTESIAN_POINT('Ctrl Pts',(36.4608243342209,5.92202250554992,45.7561465799317));
#4994=CARTESIAN_POINT('Ctrl Pts',(36.5595659941018,5.9596314784061,45.6751036617848));
#4995=CARTESIAN_POINT('Ctrl Pts',(36.7403888018061,5.99324564450204,45.581047148956));
#4996=CARTESIAN_POINT('Ctrl Pts',(36.8051849316603,6.00000000401246,45.5554257107513));
#4997=CARTESIAN_POINT('Ctrl Pts',(36.8724993942794,6.,45.5366750347646));
#4998=CARTESIAN_POINT('Origin',(35.1408368895242,5.,45.5));
#4999=CARTESIAN_POINT('',(35.1408368900571,5.50000002980232,44.6339746134219));
#5000=CARTESIAN_POINT('Origin',(35.1408368905899,5.,43.7679492268439));
#5001=CARTESIAN_POINT('Origin',(35.1408368895242,5.50000002980232,45.5));
#5002=CARTESIAN_POINT('Ctrl Pts',(-34.7708653609515,5.49999999254941,44.633974591914));
#5003=CARTESIAN_POINT('Ctrl Pts',(-11.4669646106153,5.50000000496705,44.6339745990833));
#5004=CARTESIAN_POINT('Ctrl Pts',(11.8369361397209,5.5000000173847,44.6339746062526));
#5005=CARTESIAN_POINT('Ctrl Pts',(35.1408368900571,5.50000002980233,44.6339746134219));
#5006=CARTESIAN_POINT('Ctrl Pts',(-34.7708653608978,5.65114994156146,44.5467081298977));
#5007=CARTESIAN_POINT('Ctrl Pts',(-11.4669646105616,5.65114995064866,44.5467081360736));
#5008=CARTESIAN_POINT('Ctrl Pts',(11.8369361397746,5.65114995976452,44.5467081423125));
#5009=CARTESIAN_POINT('Ctrl Pts',(35.1408368901108,5.65114996885171,44.5467081484885));
#5010=CARTESIAN_POINT('Ctrl Pts',(-34.7708653607406,5.90630195980958,44.2912028694892));
#5011=CARTESIAN_POINT('Ctrl Pts',(-11.4669646104044,5.90630196244355,44.291202876686));
#5012=CARTESIAN_POINT('Ctrl Pts',(11.8369361399318,5.90630196506424,44.2912028838725));
#5013=CARTESIAN_POINT('Ctrl Pts',(35.140836890268,5.90630196769821,44.2912028910693));
#5014=CARTESIAN_POINT('Ctrl Pts',(-34.770865360526,5.99999999999999,43.9424821104612));
#5015=CARTESIAN_POINT('Ctrl Pts',(-11.4669646101898,5.99999999997776,43.9424821224066));
#5016=CARTESIAN_POINT('Ctrl Pts',(11.8369361401463,6.00000000002223,43.9424821343625));
#5017=CARTESIAN_POINT('Ctrl Pts',(35.1408368904826,6.,43.9424821463079));
#5018=CARTESIAN_POINT('Ctrl Pts',(-34.7708653604186,5.99999999999999,43.7679491838279));
#5019=CARTESIAN_POINT('Ctrl Pts',(-11.4669646100824,5.99999999999999,43.7679491981666));
#5020=CARTESIAN_POINT('Ctrl Pts',(11.8369361402538,6.,43.7679492125052));
#5021=CARTESIAN_POINT('Ctrl Pts',(35.1408368905899,6.,43.7679492268439));
#5022=CARTESIAN_POINT('',(-34.7708653609515,5.49999999254941,44.633974591914));
#5023=CARTESIAN_POINT('Origin',(-34.7708653604186,5.,43.7679491838279));
#5024=CARTESIAN_POINT('Ctrl Pts',(-34.7708653609515,5.49999999254941,44.633974591914));
#5025=CARTESIAN_POINT('Ctrl Pts',(-11.4669646106153,5.50000000496705,44.6339745990833));
#5026=CARTESIAN_POINT('Ctrl Pts',(11.8369361397209,5.5000000173847,44.6339746062526));
#5027=CARTESIAN_POINT('Ctrl Pts',(35.1408368900571,5.50000002980233,44.6339746134219));
#5028=CARTESIAN_POINT('Origin',(-34.7708653614843,5.,45.5));
#5029=CARTESIAN_POINT('Origin',(-34.7708653614843,5.49999999254942,45.5));
#5030=CARTESIAN_POINT('Origin',(-17.7929397971341,6.00000000319243,45.5));
#5031=CARTESIAN_POINT('Origin',(-34.7708653614843,5.99999998509884,45.5));
#5032=CARTESIAN_POINT('',(-17.7929397960684,5.00000000319243,45.5));
#5033=CARTESIAN_POINT('Origin',(35.1408368895242,6.00000005960465,45.5));
#5034=CARTESIAN_POINT('Origin',(-34.7708653614843,5.99999998509884,50.2));
#5035=CARTESIAN_POINT('Origin',(-34.7708653614843,5.99999998509884,45.5));
#5036=CARTESIAN_POINT('Origin',(35.1408368895242,6.00000005960464,45.5));
#5037=CARTESIAN_POINT('Origin',(-35.7708653614849,4.99999998403313,45.5));
#5038=CARTESIAN_POINT('Origin',(0.,1.5,32.750000488013));
#5039=CARTESIAN_POINT('Origin',(0.,1.5,32.750000488013));
#5040=CARTESIAN_POINT('Origin',(27.0000004470348,1.,38.0000006109476));
#5041=CARTESIAN_POINT('',(27.0000004470348,1.,41.0000006109476));
#5042=CARTESIAN_POINT('Origin',(-27.0000004470348,1.,41.0000006109476));
#5043=CARTESIAN_POINT('',(-27.0000004470348,1.,41.0000006109476));
#5044=CARTESIAN_POINT('Origin',(-27.0000004470348,1.,38.0000006109476));
#5045=CARTESIAN_POINT('Origin',(51.0000006705523,6.,21.0000002235174));
#5046=CARTESIAN_POINT('Origin',(51.0000006705523,6.,9.00000022351742));
#5047=CARTESIAN_POINT('Origin',(-51.0000006705523,6.,9.00000022351742));
#5048=CARTESIAN_POINT('Origin',(-51.0000006705523,6.,21.0000002235174));
#5049=CARTESIAN_POINT('Origin',(0.,6.,2.25000038743019));
#5050=CARTESIAN_POINT('',(-72.5,6.,-30.0000004470348));
#5051=CARTESIAN_POINT('',(-72.5,6.,-30.0000004470348));
#5052=CARTESIAN_POINT('',(-72.5,6.,-9.99999955296516));
#5053=CARTESIAN_POINT('Origin',(-72.5,6.,-20.));
#5054=CARTESIAN_POINT('',(-72.5,6.,-10.0000001490116));
#5055=CARTESIAN_POINT('Origin',(0.,6.,2.25000038743019));
#5056=CARTESIAN_POINT('',(72.5,6.,30.0000004470348));
#5057=CARTESIAN_POINT('',(72.5,6.,30.0000004470348));
#5058=CARTESIAN_POINT('',(72.5,6.,9.99999955296516));
#5059=CARTESIAN_POINT('Origin',(72.5,6.,20.));
#5060=CARTESIAN_POINT('',(72.5,6.,10.0000001490116));
#5061=CARTESIAN_POINT('Origin',(-72.4999997019768,1.,-9.99999985098838));
#5062=CARTESIAN_POINT('',(-72.5,1.,-9.99999955296516));
#5063=CARTESIAN_POINT('Origin',(-72.5,1.,-20.));
#5064=CARTESIAN_POINT('',(-72.5,1.,-30.0000004470348));
#5065=CARTESIAN_POINT('Origin',(-62.5,1.,-40.));
#5066=CARTESIAN_POINT('Origin',(72.4999997019768,1.,9.99999985098838));
#5067=CARTESIAN_POINT('',(72.5,1.,9.99999955296516));
#5068=CARTESIAN_POINT('Origin',(72.5,1.,20.));
#5069=CARTESIAN_POINT('',(72.5,1.,30.0000004470348));
#5070=CARTESIAN_POINT('Origin',(62.5,1.,40.));
#5071=UNCERTAINTY_MEASURE_WITH_UNIT(LENGTH_MEASURE(0.01),#5075,
'DISTANCE_ACCURACY_VALUE',
'Maximum model space distance between geometric entities at asserted c
onnectivities');
#5072=UNCERTAINTY_MEASURE_WITH_UNIT(LENGTH_MEASURE(0.01),#5075,
'DISTANCE_ACCURACY_VALUE',
'Maximum model space distance between geometric entities at asserted c
onnectivities');
#5073=(
GEOMETRIC_REPRESENTATION_CONTEXT(3)
GLOBAL_UNCERTAINTY_ASSIGNED_CONTEXT((#5071))
GLOBAL_UNIT_ASSIGNED_CONTEXT((#5075,#5076,#5077))
REPRESENTATION_CONTEXT('','3D')
);
#5074=(
GEOMETRIC_REPRESENTATION_CONTEXT(3)
GLOBAL_UNCERTAINTY_ASSIGNED_CONTEXT((#5072))
GLOBAL_UNIT_ASSIGNED_CONTEXT((#5075,#5076,#5077))
REPRESENTATION_CONTEXT('','3D')
);
#5075=(
LENGTH_UNIT()
NAMED_UNIT(*)
SI_UNIT(.MILLI.,.METRE.)
);
#5076=(
NAMED_UNIT(*)
PLANE_ANGLE_UNIT()
SI_UNIT($,.RADIAN.)
);
#5077=(
NAMED_UNIT(*)
SI_UNIT($,.STERADIAN.)
SOLID_ANGLE_UNIT()
);
#5078=SHAPE_DEFINITION_REPRESENTATION(#5079,#5080);
#5079=PRODUCT_DEFINITION_SHAPE('',$,#5082);
#5080=SHAPE_REPRESENTATION('',(#2875),#5073);
#5081=PRODUCT_DEFINITION_CONTEXT('part definition',#5086,'design');
#5082=PRODUCT_DEFINITION('2025-07-14-13-53-35-904','Box',#5083,#5081);
#5083=PRODUCT_DEFINITION_FORMATION('',$,#5088);
#5084=PRODUCT_RELATED_PRODUCT_CATEGORY('Box','Box',(#5088));
#5085=APPLICATION_PROTOCOL_DEFINITION('international standard',
'automotive_design',2009,#5086);
#5086=APPLICATION_CONTEXT(
'Core Data for Automotive Mechanical Design Process');
#5087=PRODUCT_CONTEXT('part definition',#5086,'mechanical');
#5088=PRODUCT('2025-07-14-13-53-35-904','Box',$,(#5087));
#5089=PRESENTATION_STYLE_ASSIGNMENT((#5109));
#5090=PRESENTATION_STYLE_ASSIGNMENT((#5110));
#5091=PRESENTATION_STYLE_ASSIGNMENT((#5111));
#5092=PRESENTATION_STYLE_ASSIGNMENT((#5112));
#5093=PRESENTATION_STYLE_ASSIGNMENT((#5113));
#5094=PRESENTATION_STYLE_ASSIGNMENT((#5114));
#5095=PRESENTATION_STYLE_ASSIGNMENT((#5115));
#5096=PRESENTATION_STYLE_ASSIGNMENT((#5116));
#5097=PRESENTATION_STYLE_ASSIGNMENT((#5117));
#5098=PRESENTATION_STYLE_ASSIGNMENT((#5118));
#5099=PRESENTATION_STYLE_ASSIGNMENT((#5119));
#5100=PRESENTATION_STYLE_ASSIGNMENT((#5120));
#5101=PRESENTATION_STYLE_ASSIGNMENT((#5121));
#5102=PRESENTATION_STYLE_ASSIGNMENT((#5122));
#5103=PRESENTATION_STYLE_ASSIGNMENT((#5123));
#5104=PRESENTATION_STYLE_ASSIGNMENT((#5124));
#5105=PRESENTATION_STYLE_ASSIGNMENT((#5125));
#5106=PRESENTATION_STYLE_ASSIGNMENT((#5126));
#5107=PRESENTATION_STYLE_ASSIGNMENT((#5127));
#5108=PRESENTATION_STYLE_ASSIGNMENT((#5128));
#5109=SURFACE_STYLE_USAGE(.BOTH.,#5129);
#5110=SURFACE_STYLE_USAGE(.BOTH.,#5130);
#5111=SURFACE_STYLE_USAGE(.BOTH.,#5131);
#5112=SURFACE_STYLE_USAGE(.BOTH.,#5132);
#5113=SURFACE_STYLE_USAGE(.BOTH.,#5133);
#5114=SURFACE_STYLE_USAGE(.BOTH.,#5134);
#5115=SURFACE_STYLE_USAGE(.BOTH.,#5135);
#5116=SURFACE_STYLE_USAGE(.BOTH.,#5136);
#5117=SURFACE_STYLE_USAGE(.BOTH.,#5137);
#5118=SURFACE_STYLE_USAGE(.BOTH.,#5138);
#5119=SURFACE_STYLE_USAGE(.BOTH.,#5139);
#5120=SURFACE_STYLE_USAGE(.BOTH.,#5140);
#5121=SURFACE_STYLE_USAGE(.BOTH.,#5141);
#5122=SURFACE_STYLE_USAGE(.BOTH.,#5142);
#5123=SURFACE_STYLE_USAGE(.BOTH.,#5143);
#5124=SURFACE_STYLE_USAGE(.BOTH.,#5144);
#5125=SURFACE_STYLE_USAGE(.BOTH.,#5145);
#5126=SURFACE_STYLE_USAGE(.BOTH.,#5146);
#5127=SURFACE_STYLE_USAGE(.BOTH.,#5147);
#5128=SURFACE_STYLE_USAGE(.BOTH.,#5148);
#5129=SURFACE_SIDE_STYLE('',(#5149));
#5130=SURFACE_SIDE_STYLE('',(#5150));
#5131=SURFACE_SIDE_STYLE('',(#5151));
#5132=SURFACE_SIDE_STYLE('',(#5152));
#5133=SURFACE_SIDE_STYLE('',(#5153));
#5134=SURFACE_SIDE_STYLE('',(#5154));
#5135=SURFACE_SIDE_STYLE('',(#5155));
#5136=SURFACE_SIDE_STYLE('',(#5156));
#5137=SURFACE_SIDE_STYLE('',(#5157));
#5138=SURFACE_SIDE_STYLE('',(#5158));
#5139=SURFACE_SIDE_STYLE('',(#5159));
#5140=SURFACE_SIDE_STYLE('',(#5160));
#5141=SURFACE_SIDE_STYLE('',(#5161));
#5142=SURFACE_SIDE_STYLE('',(#5162));
#5143=SURFACE_SIDE_STYLE('',(#5163));
#5144=SURFACE_SIDE_STYLE('',(#5164));
#5145=SURFACE_SIDE_STYLE('',(#5165));
#5146=SURFACE_SIDE_STYLE('',(#5166));
#5147=SURFACE_SIDE_STYLE('',(#5167));
#5148=SURFACE_SIDE_STYLE('',(#5168));
#5149=SURFACE_STYLE_FILL_AREA(#5169);
#5150=SURFACE_STYLE_FILL_AREA(#5170);
#5151=SURFACE_STYLE_FILL_AREA(#5171);
#5152=SURFACE_STYLE_FILL_AREA(#5172);
#5153=SURFACE_STYLE_FILL_AREA(#5173);
#5154=SURFACE_STYLE_FILL_AREA(#5174);
#5155=SURFACE_STYLE_FILL_AREA(#5175);
#5156=SURFACE_STYLE_FILL_AREA(#5176);
#5157=SURFACE_STYLE_FILL_AREA(#5177);
#5158=SURFACE_STYLE_FILL_AREA(#5178);
#5159=SURFACE_STYLE_FILL_AREA(#5179);
#5160=SURFACE_STYLE_FILL_AREA(#5180);
#5161=SURFACE_STYLE_FILL_AREA(#5181);
#5162=SURFACE_STYLE_FILL_AREA(#5182);
#5163=SURFACE_STYLE_FILL_AREA(#5183);
#5164=SURFACE_STYLE_FILL_AREA(#5184);
#5165=SURFACE_STYLE_FILL_AREA(#5185);
#5166=SURFACE_STYLE_FILL_AREA(#5186);
#5167=SURFACE_STYLE_FILL_AREA(#5187);
#5168=SURFACE_STYLE_FILL_AREA(#5188);
#5169=FILL_AREA_STYLE('Acciaio - Satinato',(#5189));
#5170=FILL_AREA_STYLE('Alluminio - Satinato',(#5190));
#5171=FILL_AREA_STYLE('Opaque(202,209,238)',(#5191));
#5172=FILL_AREA_STYLE('Opaque(255,255,255)',(#5192));
#5173=FILL_AREA_STYLE('Opaque(178,114,80)',(#5193));
#5174=FILL_AREA_STYLE('Opaque(47,191,148)',(#5194));
#5175=FILL_AREA_STYLE('Opaque(110,110,110)',(#5195));
#5176=FILL_AREA_STYLE('Opaque(64,64,64)',(#5196));
#5177=FILL_AREA_STYLE('Opaque(211,211,211)',(#5197));
#5178=FILL_AREA_STYLE('Opaque(204,204,204)',(#5198));
#5179=FILL_AREA_STYLE('Opaque(41,41,41)',(#5199));
#5180=FILL_AREA_STYLE('Opaque(245,245,245)',(#5200));
#5181=FILL_AREA_STYLE('Opaque(14,14,14)',(#5201));
#5182=FILL_AREA_STYLE('Opaque(212,179,45)',(#5202));
#5183=FILL_AREA_STYLE('Opaque(171,171,171)',(#5203));
#5184=FILL_AREA_STYLE('Opaque(0,192,0)',(#5204));
#5185=FILL_AREA_STYLE('Opaque(51,51,51)',(#5205));
#5186=FILL_AREA_STYLE('Opaque(0,128,0)',(#5206));
#5187=FILL_AREA_STYLE('Rame - Grezzo',(#5207));
#5188=FILL_AREA_STYLE('Nylon 12 (con la stampante 3D Formlabs Fuse 1)',
(#5208));
#5189=FILL_AREA_STYLE_COLOUR('Acciaio - Satinato',#5209);
#5190=FILL_AREA_STYLE_COLOUR('Alluminio - Satinato',#5210);
#5191=FILL_AREA_STYLE_COLOUR('Opaque(202,209,238)',#5211);
#5192=FILL_AREA_STYLE_COLOUR('Opaque(255,255,255)',#5212);
#5193=FILL_AREA_STYLE_COLOUR('Opaque(178,114,80)',#5213);
#5194=FILL_AREA_STYLE_COLOUR('Opaque(47,191,148)',#5214);
#5195=FILL_AREA_STYLE_COLOUR('Opaque(110,110,110)',#5215);
#5196=FILL_AREA_STYLE_COLOUR('Opaque(64,64,64)',#5216);
#5197=FILL_AREA_STYLE_COLOUR('Opaque(211,211,211)',#5217);
#5198=FILL_AREA_STYLE_COLOUR('Opaque(204,204,204)',#5218);
#5199=FILL_AREA_STYLE_COLOUR('Opaque(41,41,41)',#5219);
#5200=FILL_AREA_STYLE_COLOUR('Opaque(245,245,245)',#5220);
#5201=FILL_AREA_STYLE_COLOUR('Opaque(14,14,14)',#5221);
#5202=FILL_AREA_STYLE_COLOUR('Opaque(212,179,45)',#5222);
#5203=FILL_AREA_STYLE_COLOUR('Opaque(171,171,171)',#5223);
#5204=FILL_AREA_STYLE_COLOUR('Opaque(0,192,0)',#5224);
#5205=FILL_AREA_STYLE_COLOUR('Opaque(51,51,51)',#5225);
#5206=FILL_AREA_STYLE_COLOUR('Opaque(0,128,0)',#5226);
#5207=FILL_AREA_STYLE_COLOUR('Rame - Grezzo',#5227);
#5208=FILL_AREA_STYLE_COLOUR(
'Nylon 12 (con la stampante 3D Formlabs Fuse 1)',#5228);
#5209=COLOUR_RGB('Acciaio - Satinato',0.627450980392157,0.627450980392157,
0.627450980392157);
#5210=COLOUR_RGB('Alluminio - Satinato',0.96078431372549,0.96078431372549,
0.964705882352941);
#5211=COLOUR_RGB('Opaque(202,209,238)',0.792156862745098,0.819607843137255,
0.933333333333333);
#5212=COLOUR_RGB('Opaque(255,255,255)',1.,1.,1.);
#5213=COLOUR_RGB('Opaque(178,114,80)',0.698039215686274,0.447058823529412,
0.313725490196078);
#5214=COLOUR_RGB('Opaque(47,191,148)',0.184313725490196,0.749019607843137,
0.580392156862745);
#5215=COLOUR_RGB('Opaque(110,110,110)',0.431372549019608,0.431372549019608,
0.431372549019608);
#5216=COLOUR_RGB('Opaque(64,64,64)',0.250980392156863,0.250980392156863,
0.250980392156863);
#5217=COLOUR_RGB('Opaque(211,211,211)',0.827450980392157,0.827450980392157,
0.827450980392157);
#5218=COLOUR_RGB('Opaque(204,204,204)',0.8,0.8,0.8);
#5219=COLOUR_RGB('Opaque(41,41,41)',0.16078431372549,0.16078431372549,0.16078431372549);
#5220=COLOUR_RGB('Opaque(245,245,245)',0.96078431372549,0.96078431372549,
0.96078431372549);
#5221=COLOUR_RGB('Opaque(14,14,14)',0.0549019607843137,0.0549019607843137,
0.0549019607843137);
#5222=COLOUR_RGB('Opaque(212,179,45)',0.831372549019608,0.701960784313725,
0.176470588235294);
#5223=COLOUR_RGB('Opaque(171,171,171)',0.670588235294118,0.670588235294118,
0.670588235294118);
#5224=COLOUR_RGB('Opaque(0,192,0)',0.,0.752941176470588,0.);
#5225=COLOUR_RGB('Opaque(51,51,51)',0.2,0.2,0.2);
#5226=COLOUR_RGB('Opaque(0,128,0)',0.,0.501960784313725,0.);
#5227=COLOUR_RGB('Rame - Grezzo',0.,0.,0.);
#5228=COLOUR_RGB('Nylon 12 (con la stampante 3D Formlabs Fuse 1)',0.247058823529412,
0.247058823529412,0.247058823529412);
ENDSEC;
END-ISO-10303-21;
