2025-06-30 15:23:23,618 [INFO] Activator:176 - 


2025-06-30 15:23:23,619 [INFO] Activator:177 - !SESSION log4j initialized
2025-06-30 15:23:28,443 [INFO] LogOutputStream:77 - [STDOUT_REDIRECT] 
2025-06-30 15:23:32,110 [INFO] ApplicationProperties:184 - Using Application install path: C:\ST\STM32CubeIDE_1.15.0\STM32CubeIDE\plugins\com.st.stm32cube.common.mx_6.14.1.202504091515
2025-06-30 15:23:32,124 [INFO] DbMcusXml:78 - Set database path to: C:\ST\STM32CubeIDE_1.15.0\STM32CubeIDE\plugins\com.st.stm32cube.common.mx_6.14.1.202504091515\\db\/mcu/
2025-06-30 15:23:32,124 [INFO] ApiDb:274 - Set plugin database path to: C:\ST\STM32CubeIDE_1.15.0\STM32CubeIDE\plugins\com.st.stm32cube.common.mx_6.14.1.202504091515\\db\/plugins/boardmanager/
2025-06-30 15:23:32,125 [WARN] ApiDb:259 - Overriding images path with different value:  => C:\ST\STM32CubeIDE_1.15.0\STM32CubeIDE\plugins\com.st.stm32cube.common.mx_6.14.1.202504091515\\db\/plugins/mcufinder/images/
2025-06-30 15:23:32,134 [INFO] ApiDb:250 - Set database path to: C:\Users\nicola.reat\.stmcufinder\plugins\mcufinder//mcu/
2025-06-30 15:23:32,134 [INFO] DbMcusAds:125 - Set database path to: C:\Users\nicola.reat\.stmcufinder\plugins\mcufinder//mcu/
2025-06-30 15:23:32,135 [INFO] CrossReferenceDbSqlite:203 - Set database path to: C:\Users\nicola.reat\.stmcufinder\plugins\mcufinder//mcu/cs/
2025-06-30 15:23:32,247 [INFO] RulesReader:64 - Compatibility file has been processed (302 Rules)
2025-06-30 15:23:32,908 [INFO] DbMcusXml:78 - Set database path to: C:\ST\STM32CubeIDE_1.15.0\STM32CubeIDE\plugins\com.st.stm32cube.common.mx_6.14.1.202504091515\\db\/mcu/
2025-06-30 15:23:32,908 [INFO] ApiDb:274 - Set plugin database path to: C:\ST\STM32CubeIDE_1.15.0\STM32CubeIDE\plugins\com.st.stm32cube.common.mx_6.14.1.202504091515\\db\/plugins/boardmanager/
2025-06-30 15:23:32,908 [INFO] ApiDb:261 - Set plugin images path to: C:\ST\STM32CubeIDE_1.15.0\STM32CubeIDE\plugins\com.st.stm32cube.common.mx_6.14.1.202504091515\\db\/plugins/mcufinder/images/
2025-06-30 15:23:32,908 [WARN] DbFile:41 - Overriding database path with different value: C:\Users\nicola.reat\.stmcufinder\plugins\mcufinder/ => C:\Users\nicola.reat\.stmcufinder\plugins\mcufinder
2025-06-30 15:23:32,909 [INFO] ApiDb:250 - Set database path to: C:\Users\nicola.reat\.stmcufinder\plugins\mcufinder//mcu/
2025-06-30 15:23:32,909 [WARN] DbFile:41 - Overriding database path with different value: C:\Users\nicola.reat\.stmcufinder\plugins\mcufinder/ => C:\Users\nicola.reat\.stmcufinder\plugins\mcufinder
2025-06-30 15:23:32,909 [INFO] DbMcusAds:125 - Set database path to: C:\Users\nicola.reat\.stmcufinder\plugins\mcufinder//mcu/
2025-06-30 15:23:32,909 [WARN] DbFile:41 - Overriding database path with different value: C:\Users\nicola.reat\.stmcufinder\plugins\mcufinder/ => C:\Users\nicola.reat\.stmcufinder\plugins\mcufinder
2025-06-30 15:23:32,909 [WARN] DbFile:41 - Overriding database path with different value: C:\Users\nicola.reat\.stmcufinder\plugins\mcufinder/ => C:\Users\nicola.reat\.stmcufinder\plugins\mcufinder
2025-06-30 15:23:32,909 [INFO] CrossReferenceDbSqlite:203 - Set database path to: C:\Users\nicola.reat\.stmcufinder\plugins\mcufinder//mcu/cs/
2025-06-30 15:23:33,294 [INFO] MainPanel:272 - HeapMemory: 268435456
2025-06-30 15:23:33,377 [INFO] DbMcusXml:78 - Set database path to: C:\ST\STM32CubeIDE_1.15.0\STM32CubeIDE\plugins\com.st.stm32cube.common.mx_6.14.1.202504091515\\db\/mcu/
2025-06-30 15:23:33,377 [INFO] ApiDb:274 - Set plugin database path to: C:\ST\STM32CubeIDE_1.15.0\STM32CubeIDE\plugins\com.st.stm32cube.common.mx_6.14.1.202504091515\\db\/plugins/boardmanager/
2025-06-30 15:23:33,377 [INFO] ApiDb:261 - Set plugin images path to: C:\ST\STM32CubeIDE_1.15.0\STM32CubeIDE\plugins\com.st.stm32cube.common.mx_6.14.1.202504091515\\db\/plugins/mcufinder/images/
2025-06-30 15:23:33,378 [WARN] DbFile:41 - Overriding database path with different value: C:\Users\nicola.reat\.stmcufinder\plugins\mcufinder/ => C:\Users\nicola.reat\.stmcufinder\plugins\mcufinder
2025-06-30 15:23:33,378 [INFO] ApiDb:250 - Set database path to: C:\Users\nicola.reat\.stmcufinder\plugins\mcufinder//mcu/
2025-06-30 15:23:33,378 [WARN] DbFile:41 - Overriding database path with different value: C:\Users\nicola.reat\.stmcufinder\plugins\mcufinder/ => C:\Users\nicola.reat\.stmcufinder\plugins\mcufinder
2025-06-30 15:23:33,378 [INFO] DbMcusAds:125 - Set database path to: C:\Users\nicola.reat\.stmcufinder\plugins\mcufinder//mcu/
2025-06-30 15:23:33,378 [WARN] DbFile:41 - Overriding database path with different value: C:\Users\nicola.reat\.stmcufinder\plugins\mcufinder/ => C:\Users\nicola.reat\.stmcufinder\plugins\mcufinder
2025-06-30 15:23:33,378 [WARN] DbFile:41 - Overriding database path with different value: C:\Users\nicola.reat\.stmcufinder\plugins\mcufinder/ => C:\Users\nicola.reat\.stmcufinder\plugins\mcufinder
2025-06-30 15:23:33,378 [INFO] CrossReferenceDbSqlite:203 - Set database path to: C:\Users\nicola.reat\.stmcufinder\plugins\mcufinder//mcu/cs/
2025-06-30 15:23:33,449 [INFO] ApplicationProperties:184 - Using Application install path: C:\ST\STM32CubeIDE_1.15.0\STM32CubeIDE\plugins\com.st.stm32cube.common.mx_6.14.1.202504091515
2025-06-30 15:23:33,450 [INFO] PluginManage:196 - Search for loadable plugins [exclusion list=, ]
2025-06-30 15:23:33,451 [INFO] PluginManage:310 - Check plugin analytics
2025-06-30 15:23:33,672 [INFO] AnalyticsPlugin:253 - Accepted Software Licenses: STM32CubeMX.6.11.1
2025-06-30 15:23:33,673 [INFO] AnalyticsPlugin:255 - Accepted CMSIS Pack Licenses: 
2025-06-30 15:23:33,673 [INFO] AnalyticsPlugin:257 - Accepted Firmware Licenses: FW.G0.1.6.0,FW.F4.1.28.0,FW.C0.1.1.0
2025-06-30 15:23:33,682 [INFO] PluginManage:359 - Loaded plugin analytics (category:tool,tabindex:-1)
2025-06-30 15:23:33,682 [INFO] PluginManage:310 - Check plugin cadmodel
2025-06-30 15:23:33,776 [INFO] CADModel:105 - Init CAD model plugin
2025-06-30 15:23:33,776 [INFO] PluginManage:359 - Loaded plugin cadmodel (category:power,tabindex:5)
2025-06-30 15:23:33,777 [INFO] PluginManage:310 - Check plugin clock
2025-06-30 15:23:33,860 [INFO] PluginManage:359 - Loaded plugin clock (category:base,tabindex:2)
2025-06-30 15:23:33,860 [INFO] PluginManage:310 - Check plugin ddr
2025-06-30 15:23:33,862 [INFO] PluginManage:359 - Loaded plugin ddr (category:tool,tabindex:6)
2025-06-30 15:23:33,863 [INFO] PluginManage:310 - Check plugin filemanager
2025-06-30 15:23:34,077 [INFO] PluginManage:359 - Loaded plugin filemanager (category:base,tabindex:10)
2025-06-30 15:23:34,077 [INFO] PluginManage:310 - Check plugin ipmanager
2025-06-30 15:23:34,162 [INFO] PluginManage:359 - Loaded plugin ipmanager (category:base,tabindex:5)
2025-06-30 15:23:34,163 [INFO] PluginManage:310 - Check plugin lpbam
2025-06-30 15:23:34,299 [INFO] PluginManage:359 - Loaded plugin lpbam (category:base,tabindex:0)
2025-06-30 15:23:34,299 [INFO] PluginManage:310 - Check plugin memorymap
2025-06-30 15:23:34,629 [INFO] PluginManage:359 - Loaded plugin memorymap (category:base,tabindex:4)
2025-06-30 15:23:34,629 [INFO] PluginManage:310 - Check plugin pinoutandconfiguration
2025-06-30 15:23:35,387 [INFO] PluginManage:359 - Loaded plugin pinoutandconfiguration (category:base,tabindex:1)
2025-06-30 15:23:35,387 [INFO] PluginManage:310 - Check plugin pinoutconfig
2025-06-30 15:23:35,543 [WARN] SupportedApi:132 - Cannot load RTOS API schema: s4s-elt-must-match.1: The content of 'definitions' must match (annotation?, (simpleType | complexType)?, (unique | key | keyref)*)). A problem was found starting at: attribute.
2025-06-30 15:23:35,632 [INFO] PluginManage:359 - Loaded plugin pinoutconfig (category:base,tabindex:0)
2025-06-30 15:23:35,632 [INFO] PluginManage:310 - Check plugin power
2025-06-30 15:23:35,716 [INFO] PluginManage:359 - Loaded plugin power (category:power,tabindex:4)
2025-06-30 15:23:35,716 [INFO] PluginManage:310 - Check plugin projectmanager
2025-06-30 15:23:35,727 [INFO] PluginManage:359 - Loaded plugin projectmanager (category:projectmanager,tabindex:4)
2025-06-30 15:23:35,727 [INFO] PluginManage:310 - Check plugin rif
2025-06-30 15:23:35,807 [INFO] PluginManage:359 - Loaded plugin rif (category:base,tabindex:3)
2025-06-30 15:23:35,807 [INFO] PluginManage:310 - Check plugin thirdparty
2025-06-30 15:23:36,287 [INFO] PluginManage:359 - Loaded plugin thirdparty (category:base,tabindex:-1)
2025-06-30 15:23:36,287 [INFO] PluginManage:310 - Check plugin tools
2025-06-30 15:23:36,287 [WARN] IntegrityCheckThread:84 - waiting for thirdparty lock release [integrity check]
2025-06-30 15:23:36,287 [INFO] IntegrityCheckThread:86 - entering critical section [integrity check]
2025-06-30 15:23:36,287 [INFO] ThirdPartyUpdaterWithRetryManager:70 - Updater plugin not ready yet. [1/15]
2025-06-30 15:23:36,297 [INFO] PluginManage:359 - Loaded plugin tools (category:base,tabindex:7)
2025-06-30 15:23:36,297 [INFO] PluginManage:310 - Check plugin tutovideos
2025-06-30 15:23:36,459 [INFO] PluginManage:359 - Loaded plugin tutovideos (category:base,tabindex:-1)
2025-06-30 15:23:36,459 [INFO] PluginManage:310 - Check plugin updater
2025-06-30 15:23:36,480 [INFO] PluginManage:359 - Loaded plugin updater (category:base,tabindex:12)
2025-06-30 15:23:36,480 [INFO] PluginManage:310 - Check plugin userauth
2025-06-30 15:23:36,483 [INFO] UserAuth:118 - Init User Auth plugin
2025-06-30 15:23:36,484 [INFO] PluginManage:359 - Loaded plugin userauth (category:base,tabindex:14)
2025-06-30 15:23:36,484 [INFO] PluginManage:283 - PluginManage : Loaded plugins [18]
2025-06-30 15:23:37,260 [INFO] PinOutPanel:1589 - setPackage(No Configuration,No Configuration)
2025-06-30 15:23:37,913 [INFO] CADModel:165 - CPN selected for project level
2025-06-30 15:23:37,913 [INFO] CADModel:114 - Register for checkConnection events
2025-06-30 15:23:37,948 [INFO] IPUIPlugin:80 - create IPUIPlugin
2025-06-30 15:23:37,948 [INFO] PluginManager:220 - loadIPPluginJar : add adc
2025-06-30 15:23:37,960 [INFO] IPUIPlugin:80 - create IPUIPlugin
2025-06-30 15:23:37,960 [INFO] PluginManager:220 - loadIPPluginJar : add aes
2025-06-30 15:23:37,972 [INFO] IPUIPlugin:80 - create IPUIPlugin
2025-06-30 15:23:37,972 [INFO] PluginManager:220 - loadIPPluginJar : add can
2025-06-30 15:23:37,983 [INFO] IPUIPlugin:80 - create IPUIPlugin
2025-06-30 15:23:37,984 [INFO] PluginManager:220 - loadIPPluginJar : add comp
2025-06-30 15:23:37,994 [INFO] IPUIPlugin:80 - create IPUIPlugin
2025-06-30 15:23:37,994 [INFO] PluginManager:220 - loadIPPluginJar : add cryp
2025-06-30 15:23:38,214 [INFO] IPUIPlugin:80 - create IPUIPlugin
2025-06-30 15:23:38,214 [INFO] PluginManager:220 - loadIPPluginJar : add ddr_ctrl_phy
2025-06-30 15:23:38,225 [INFO] IPUIPlugin:80 - create IPUIPlugin
2025-06-30 15:23:38,225 [INFO] PluginManager:220 - loadIPPluginJar : add dfsdm
2025-06-30 15:23:38,245 [INFO] IPUIPlugin:80 - create IPUIPlugin
2025-06-30 15:23:38,246 [INFO] PluginManager:220 - loadIPPluginJar : add dma
2025-06-30 15:23:38,259 [INFO] IPUIPlugin:80 - create IPUIPlugin
2025-06-30 15:23:38,259 [INFO] PluginManager:220 - loadIPPluginJar : add dma3
2025-06-30 15:23:38,270 [INFO] IPUIPlugin:80 - create IPUIPlugin
2025-06-30 15:23:38,270 [INFO] PluginManager:220 - loadIPPluginJar : add extmemmanager
2025-06-30 15:23:38,282 [INFO] IPUIPlugin:80 - create IPUIPlugin
2025-06-30 15:23:38,282 [INFO] PluginManager:220 - loadIPPluginJar : add fatfs
2025-06-30 15:23:38,303 [INFO] IPUIPlugin:80 - create IPUIPlugin
2025-06-30 15:23:38,304 [INFO] PluginManager:220 - loadIPPluginJar : add fmc
2025-06-30 15:23:38,644 [INFO] IPUIPlugin:80 - create IPUIPlugin
2025-06-30 15:23:38,644 [INFO] PluginManager:220 - loadIPPluginJar : add freertos
2025-06-30 15:23:38,670 [INFO] IPUIPlugin:80 - create IPUIPlugin
2025-06-30 15:23:38,670 [INFO] PluginManager:220 - loadIPPluginJar : add genericplugin
2025-06-30 15:23:38,693 [INFO] IPUIPlugin:80 - create IPUIPlugin
2025-06-30 15:23:38,693 [INFO] PluginManager:220 - loadIPPluginJar : add gfxmmu
2025-06-30 15:23:38,721 [INFO] IPUIPlugin:80 - create IPUIPlugin
2025-06-30 15:23:38,721 [INFO] PluginManager:220 - loadIPPluginJar : add gic
2025-06-30 15:23:38,775 [INFO] IPUIPlugin:80 - create IPUIPlugin
2025-06-30 15:23:38,775 [INFO] PluginManager:220 - loadIPPluginJar : add gpio
2025-06-30 15:23:38,803 [INFO] IPUIPlugin:80 - create IPUIPlugin
2025-06-30 15:23:38,803 [INFO] PluginManager:220 - loadIPPluginJar : add gtzc
2025-06-30 15:23:38,818 [INFO] IPUIPlugin:80 - create IPUIPlugin
2025-06-30 15:23:38,818 [INFO] PluginManager:220 - loadIPPluginJar : add hash
2025-06-30 15:23:38,838 [INFO] IPUIPlugin:80 - create IPUIPlugin
2025-06-30 15:23:38,839 [INFO] PluginManager:220 - loadIPPluginJar : add i2c
2025-06-30 15:23:38,853 [INFO] IPUIPlugin:80 - create IPUIPlugin
2025-06-30 15:23:38,853 [INFO] PluginManager:220 - loadIPPluginJar : add i2s
2025-06-30 15:23:39,105 [INFO] IPUIPlugin:80 - create IPUIPlugin
2025-06-30 15:23:39,105 [INFO] PluginManager:220 - loadIPPluginJar : add i3c
2025-06-30 15:23:39,124 [INFO] IPUIPlugin:80 - create IPUIPlugin
2025-06-30 15:23:39,124 [INFO] PluginManager:220 - loadIPPluginJar : add ipddr
2025-06-30 15:23:39,143 [INFO] IPUIPlugin:80 - create IPUIPlugin
2025-06-30 15:23:39,143 [INFO] PluginManager:220 - loadIPPluginJar : add linkedlist
2025-06-30 15:23:39,154 [INFO] IPUIPlugin:80 - create IPUIPlugin
2025-06-30 15:23:39,154 [INFO] PluginManager:220 - loadIPPluginJar : add lorawan
2025-06-30 15:23:39,165 [INFO] IPUIPlugin:80 - create IPUIPlugin
2025-06-30 15:23:39,165 [INFO] PluginManager:220 - loadIPPluginJar : add ltdc
2025-06-30 15:23:39,196 [INFO] IPUIPlugin:80 - create IPUIPlugin
2025-06-30 15:23:39,196 [INFO] PluginManager:220 - loadIPPluginJar : add mdma
2025-06-30 15:23:39,245 [INFO] IPUIPlugin:80 - create IPUIPlugin
2025-06-30 15:23:39,245 [INFO] PluginManager:220 - loadIPPluginJar : add nvic
2025-06-30 15:23:39,271 [INFO] IPUIPlugin:80 - create IPUIPlugin
2025-06-30 15:23:39,271 [INFO] PluginManager:220 - loadIPPluginJar : add opamp
2025-06-30 15:23:39,286 [INFO] IPUIPlugin:80 - create IPUIPlugin
2025-06-30 15:23:39,286 [INFO] PluginManager:220 - loadIPPluginJar : add openamp
2025-06-30 15:23:39,289 [INFO] ThirdPartyUpdaterWithRetryManager:70 - Updater plugin not ready yet. [2/15]
2025-06-30 15:23:39,300 [INFO] IPUIPlugin:80 - create IPUIPlugin
2025-06-30 15:23:39,301 [INFO] PluginManager:220 - loadIPPluginJar : add pdm2pcm
2025-06-30 15:23:39,334 [INFO] IPUIPlugin:80 - create IPUIPlugin
2025-06-30 15:23:39,335 [INFO] PluginManager:220 - loadIPPluginJar : add plateformsettings
2025-06-30 15:23:39,360 [INFO] IPUIPlugin:80 - create IPUIPlugin
2025-06-30 15:23:39,361 [INFO] PluginManager:220 - loadIPPluginJar : add quadspi
2025-06-30 15:23:39,373 [INFO] IPUIPlugin:80 - create IPUIPlugin
2025-06-30 15:23:39,374 [INFO] PluginManager:220 - loadIPPluginJar : add radio
2025-06-30 15:23:39,453 [INFO] IPUIPlugin:80 - create IPUIPlugin
2025-06-30 15:23:39,453 [INFO] PluginManager:220 - loadIPPluginJar : add resmgrutility
2025-06-30 15:23:39,467 [INFO] IPUIPlugin:80 - create IPUIPlugin
2025-06-30 15:23:39,467 [INFO] PluginManager:220 - loadIPPluginJar : add sai
2025-06-30 15:23:39,479 [INFO] IPUIPlugin:80 - create IPUIPlugin
2025-06-30 15:23:39,479 [INFO] PluginManager:220 - loadIPPluginJar : add spi
2025-06-30 15:23:39,494 [INFO] IPUIPlugin:80 - create IPUIPlugin
2025-06-30 15:23:39,495 [INFO] PluginManager:220 - loadIPPluginJar : add stm32_wpan
2025-06-30 15:23:39,504 [INFO] IPUIPlugin:80 - create IPUIPlugin
2025-06-30 15:23:39,505 [INFO] PluginManager:220 - loadIPPluginJar : add tim
2025-06-30 15:23:39,519 [INFO] IPUIPlugin:80 - create IPUIPlugin
2025-06-30 15:23:39,519 [INFO] PluginManager:220 - loadIPPluginJar : add touchsensing
2025-06-30 15:23:39,727 [INFO] IPUIPlugin:80 - create IPUIPlugin
2025-06-30 15:23:39,727 [INFO] PluginManager:220 - loadIPPluginJar : add tracer_emb
2025-06-30 15:23:39,745 [INFO] IPUIPlugin:80 - create IPUIPlugin
2025-06-30 15:23:39,745 [INFO] PluginManager:220 - loadIPPluginJar : add ts
2025-06-30 15:23:39,757 [INFO] IPUIPlugin:80 - create IPUIPlugin
2025-06-30 15:23:39,757 [INFO] PluginManager:220 - loadIPPluginJar : add tsc
2025-06-30 15:23:39,766 [INFO] IPUIPlugin:80 - create IPUIPlugin
2025-06-30 15:23:39,766 [INFO] PluginManager:220 - loadIPPluginJar : add ucpd
2025-06-30 15:23:39,777 [INFO] IPUIPlugin:80 - create IPUIPlugin
2025-06-30 15:23:39,778 [INFO] PluginManager:220 - loadIPPluginJar : add usart
2025-06-30 15:23:39,789 [INFO] IPUIPlugin:80 - create IPUIPlugin
2025-06-30 15:23:39,790 [INFO] PluginManager:220 - loadIPPluginJar : add usbx
2025-06-30 15:23:40,139 [FATAL] Updater:351 - Updater called before beeing initialized
2025-06-30 15:23:40,157 [INFO] RulesReader:64 - Compatibility file has been processed (302 Rules)
2025-06-30 15:23:40,165 [INFO] RulesReader:64 - Compatibility file has been processed (302 Rules)
2025-06-30 15:23:40,171 [INFO] CADModel:165 - CPN selected for project level
2025-06-30 15:23:40,172 [INFO] CADModel:114 - Register for checkConnection events
2025-06-30 15:23:40,172 [FATAL] Updater:351 - Updater called before beeing initialized
2025-06-30 15:23:40,172 [ERROR] CADModel:125 - Updater not yet initialized, retry later 
2025-06-30 15:23:40,309 [FATAL] Updater:351 - Updater called before beeing initialized
2025-06-30 15:23:40,310 [INFO] CADModel:165 - CPN selected for project level
2025-06-30 15:23:40,311 [INFO] CADModel:114 - Register for checkConnection events
2025-06-30 15:23:40,311 [FATAL] Updater:351 - Updater called before beeing initialized
2025-06-30 15:23:40,311 [ERROR] CADModel:125 - Updater not yet initialized, retry later 
2025-06-30 15:23:40,313 [FATAL] Updater:351 - Updater called before beeing initialized
2025-06-30 15:23:40,781 [FATAL] Updater:351 - Updater called before beeing initialized
2025-06-30 15:23:40,791 [INFO] DbMcusAds:53 - JSON generation date=Thu Jun 19 10:32:37 CEST 2025 (1750321957418)
2025-06-30 15:23:40,791 [FATAL] Updater:351 - Updater called before beeing initialized
2025-06-30 15:23:40,883 [WARN] DetailPanel:346 - Failed to get advertising image, set to default
2025-06-30 15:23:41,182 [FATAL] Updater:351 - Updater called before beeing initialized
2025-06-30 15:23:41,185 [FATAL] Updater:351 - Updater called before beeing initialized
2025-06-30 15:23:41,185 [FATAL] Updater:351 - Updater called before beeing initialized
2025-06-30 15:23:41,186 [WARN] DetailPanel:346 - Failed to get advertising image, set to default
2025-06-30 15:23:41,186 [FATAL] Updater:351 - Updater called before beeing initialized
2025-06-30 15:23:41,315 [ERROR] Updater:1198 - MainUpdater not yet initialized. External WinMGr cannot be set.
2025-06-30 15:23:41,323 [INFO] Updater:1134 - Updater Version found : 6.14.1
2025-06-30 15:23:41,348 [INFO] ApplicationProperties:184 - Using Application install path: C:\ST\STM32CubeIDE_1.15.0\STM32CubeIDE\plugins\com.st.stm32cube.common.mx_6.14.1.202504091515
2025-06-30 15:23:41,426 [INFO] MainUpdater:525 - Copy updater definitions from MX database
2025-06-30 15:23:41,812 [INFO] MainUpdater:2872 - connection check result : 10
2025-06-30 15:23:41,812 [INFO] MainUpdater:3566 - Updater definition file requires update
2025-06-30 15:23:41,817 [INFO] MainUpdater:289 - Updater Check For Update Now.
2025-06-30 15:23:41,818 [INFO] MicroXplorer:498 - Change Database Version : DB.6.0.141
2025-06-30 15:23:41,842 [INFO] McuFinderGlobals:63 - Set McuFinder mode to 2 (CubeIDE integrated)
2025-06-30 15:23:41,847 [INFO] UserAuth:484 - Internet connection configuration mode: 1
2025-06-30 15:23:41,870 [INFO] JxBrowserEngine:152 - Initiate JxBrowser Engine with user profile folder
2025-06-30 15:23:41,871 [INFO] ServerAccessManage:473 - Download File updaters.zip
2025-06-30 15:23:42,289 [WARN] MainUpdater:1193 - Updater busy. Cannot search thirdparties
2025-06-30 15:23:42,289 [INFO] ThirdPartyUpdaterWithRetryManager:96 - Updater plugin is busy. [1/15]
2025-06-30 15:23:42,383 [INFO] FileExtend:242 - Unzip File : updaters.zip
2025-06-30 15:23:42,384 [INFO] FileExtend:257 - Standard Zip Deflate
2025-06-30 15:23:43,790 [INFO] WebApp:169 - Instantiating new browser for Auth
2025-06-30 15:26:46,191 [INFO] Activator:176 - 


2025-06-30 15:26:46,192 [INFO] Activator:177 - !SESSION log4j initialized
2025-06-30 15:26:49,016 [INFO] LogOutputStream:77 - [STDOUT_REDIRECT] 
2025-06-30 15:26:52,350 [INFO] ApplicationProperties:184 - Using Application install path: C:\ST\STM32CubeIDE_1.15.0\STM32CubeIDE\plugins\com.st.stm32cube.common.mx_6.14.1.202504091515
2025-06-30 15:26:52,359 [INFO] DbMcusXml:78 - Set database path to: C:\ST\STM32CubeIDE_1.15.0\STM32CubeIDE\plugins\com.st.stm32cube.common.mx_6.14.1.202504091515\\db\/mcu/
2025-06-30 15:26:52,359 [INFO] ApiDb:274 - Set plugin database path to: C:\ST\STM32CubeIDE_1.15.0\STM32CubeIDE\plugins\com.st.stm32cube.common.mx_6.14.1.202504091515\\db\/plugins/boardmanager/
2025-06-30 15:26:52,359 [WARN] ApiDb:259 - Overriding images path with different value:  => C:\ST\STM32CubeIDE_1.15.0\STM32CubeIDE\plugins\com.st.stm32cube.common.mx_6.14.1.202504091515\\db\/plugins/mcufinder/images/
2025-06-30 15:26:52,365 [INFO] ApiDb:250 - Set database path to: C:\Users\nicola.reat\.stmcufinder\plugins\mcufinder//mcu/
2025-06-30 15:26:52,366 [INFO] DbMcusAds:125 - Set database path to: C:\Users\nicola.reat\.stmcufinder\plugins\mcufinder//mcu/
2025-06-30 15:26:52,367 [INFO] CrossReferenceDbSqlite:203 - Set database path to: C:\Users\nicola.reat\.stmcufinder\plugins\mcufinder//mcu/cs/
2025-06-30 15:26:52,438 [INFO] RulesReader:64 - Compatibility file has been processed (302 Rules)
2025-06-30 15:26:52,956 [INFO] DbMcusXml:78 - Set database path to: C:\ST\STM32CubeIDE_1.15.0\STM32CubeIDE\plugins\com.st.stm32cube.common.mx_6.14.1.202504091515\\db\/mcu/
2025-06-30 15:26:52,956 [INFO] ApiDb:274 - Set plugin database path to: C:\ST\STM32CubeIDE_1.15.0\STM32CubeIDE\plugins\com.st.stm32cube.common.mx_6.14.1.202504091515\\db\/plugins/boardmanager/
2025-06-30 15:26:52,957 [INFO] ApiDb:261 - Set plugin images path to: C:\ST\STM32CubeIDE_1.15.0\STM32CubeIDE\plugins\com.st.stm32cube.common.mx_6.14.1.202504091515\\db\/plugins/mcufinder/images/
2025-06-30 15:26:52,957 [WARN] DbFile:41 - Overriding database path with different value: C:\Users\nicola.reat\.stmcufinder\plugins\mcufinder/ => C:\Users\nicola.reat\.stmcufinder\plugins\mcufinder
2025-06-30 15:26:52,957 [INFO] ApiDb:250 - Set database path to: C:\Users\nicola.reat\.stmcufinder\plugins\mcufinder//mcu/
2025-06-30 15:26:52,957 [WARN] DbFile:41 - Overriding database path with different value: C:\Users\nicola.reat\.stmcufinder\plugins\mcufinder/ => C:\Users\nicola.reat\.stmcufinder\plugins\mcufinder
2025-06-30 15:26:52,958 [INFO] DbMcusAds:125 - Set database path to: C:\Users\nicola.reat\.stmcufinder\plugins\mcufinder//mcu/
2025-06-30 15:26:52,958 [WARN] DbFile:41 - Overriding database path with different value: C:\Users\nicola.reat\.stmcufinder\plugins\mcufinder/ => C:\Users\nicola.reat\.stmcufinder\plugins\mcufinder
2025-06-30 15:26:52,958 [WARN] DbFile:41 - Overriding database path with different value: C:\Users\nicola.reat\.stmcufinder\plugins\mcufinder/ => C:\Users\nicola.reat\.stmcufinder\plugins\mcufinder
2025-06-30 15:26:52,958 [INFO] CrossReferenceDbSqlite:203 - Set database path to: C:\Users\nicola.reat\.stmcufinder\plugins\mcufinder//mcu/cs/
2025-06-30 15:26:53,344 [INFO] MainPanel:272 - HeapMemory: 268435456
2025-06-30 15:26:53,415 [INFO] DbMcusXml:78 - Set database path to: C:\ST\STM32CubeIDE_1.15.0\STM32CubeIDE\plugins\com.st.stm32cube.common.mx_6.14.1.202504091515\\db\/mcu/
2025-06-30 15:26:53,415 [INFO] ApiDb:274 - Set plugin database path to: C:\ST\STM32CubeIDE_1.15.0\STM32CubeIDE\plugins\com.st.stm32cube.common.mx_6.14.1.202504091515\\db\/plugins/boardmanager/
2025-06-30 15:26:53,415 [INFO] ApiDb:261 - Set plugin images path to: C:\ST\STM32CubeIDE_1.15.0\STM32CubeIDE\plugins\com.st.stm32cube.common.mx_6.14.1.202504091515\\db\/plugins/mcufinder/images/
2025-06-30 15:26:53,415 [WARN] DbFile:41 - Overriding database path with different value: C:\Users\nicola.reat\.stmcufinder\plugins\mcufinder/ => C:\Users\nicola.reat\.stmcufinder\plugins\mcufinder
2025-06-30 15:26:53,415 [INFO] ApiDb:250 - Set database path to: C:\Users\nicola.reat\.stmcufinder\plugins\mcufinder//mcu/
2025-06-30 15:26:53,415 [WARN] DbFile:41 - Overriding database path with different value: C:\Users\nicola.reat\.stmcufinder\plugins\mcufinder/ => C:\Users\nicola.reat\.stmcufinder\plugins\mcufinder
2025-06-30 15:26:53,416 [INFO] DbMcusAds:125 - Set database path to: C:\Users\nicola.reat\.stmcufinder\plugins\mcufinder//mcu/
2025-06-30 15:26:53,416 [WARN] DbFile:41 - Overriding database path with different value: C:\Users\nicola.reat\.stmcufinder\plugins\mcufinder/ => C:\Users\nicola.reat\.stmcufinder\plugins\mcufinder
2025-06-30 15:26:53,416 [WARN] DbFile:41 - Overriding database path with different value: C:\Users\nicola.reat\.stmcufinder\plugins\mcufinder/ => C:\Users\nicola.reat\.stmcufinder\plugins\mcufinder
2025-06-30 15:26:53,416 [INFO] CrossReferenceDbSqlite:203 - Set database path to: C:\Users\nicola.reat\.stmcufinder\plugins\mcufinder//mcu/cs/
2025-06-30 15:26:53,507 [INFO] ApplicationProperties:184 - Using Application install path: C:\ST\STM32CubeIDE_1.15.0\STM32CubeIDE\plugins\com.st.stm32cube.common.mx_6.14.1.202504091515
2025-06-30 15:26:53,508 [INFO] PluginManage:196 - Search for loadable plugins [exclusion list=, ]
2025-06-30 15:26:53,509 [INFO] PluginManage:310 - Check plugin analytics
2025-06-30 15:26:53,670 [INFO] AnalyticsPlugin:253 - Accepted Software Licenses: STM32CubeMX.6.11.1
2025-06-30 15:26:53,670 [INFO] AnalyticsPlugin:255 - Accepted CMSIS Pack Licenses: 
2025-06-30 15:26:53,670 [INFO] AnalyticsPlugin:257 - Accepted Firmware Licenses: FW.G0.1.6.0,FW.F4.1.28.0,FW.C0.1.1.0
2025-06-30 15:26:53,675 [INFO] PluginManage:359 - Loaded plugin analytics (category:tool,tabindex:-1)
2025-06-30 15:26:53,675 [INFO] PluginManage:310 - Check plugin cadmodel
2025-06-30 15:26:53,680 [INFO] CADModel:105 - Init CAD model plugin
2025-06-30 15:26:53,680 [INFO] PluginManage:359 - Loaded plugin cadmodel (category:power,tabindex:5)
2025-06-30 15:26:53,680 [INFO] PluginManage:310 - Check plugin clock
2025-06-30 15:26:53,689 [INFO] PluginManage:359 - Loaded plugin clock (category:base,tabindex:2)
2025-06-30 15:26:53,690 [INFO] PluginManage:310 - Check plugin ddr
2025-06-30 15:26:53,691 [INFO] PluginManage:359 - Loaded plugin ddr (category:tool,tabindex:6)
2025-06-30 15:26:53,691 [INFO] PluginManage:310 - Check plugin filemanager
2025-06-30 15:26:53,824 [INFO] PluginManage:359 - Loaded plugin filemanager (category:base,tabindex:10)
2025-06-30 15:26:53,825 [INFO] PluginManage:310 - Check plugin ipmanager
2025-06-30 15:26:53,888 [INFO] PluginManage:359 - Loaded plugin ipmanager (category:base,tabindex:5)
2025-06-30 15:26:53,888 [INFO] PluginManage:310 - Check plugin lpbam
2025-06-30 15:26:53,899 [INFO] PluginManage:359 - Loaded plugin lpbam (category:base,tabindex:0)
2025-06-30 15:26:53,899 [INFO] PluginManage:310 - Check plugin memorymap
2025-06-30 15:26:53,910 [INFO] PluginManage:359 - Loaded plugin memorymap (category:base,tabindex:4)
2025-06-30 15:26:53,910 [INFO] PluginManage:310 - Check plugin pinoutandconfiguration
2025-06-30 15:26:53,916 [INFO] PluginManage:359 - Loaded plugin pinoutandconfiguration (category:base,tabindex:1)
2025-06-30 15:26:53,916 [INFO] PluginManage:310 - Check plugin pinoutconfig
2025-06-30 15:26:53,996 [WARN] SupportedApi:132 - Cannot load RTOS API schema: s4s-elt-must-match.1: The content of 'definitions' must match (annotation?, (simpleType | complexType)?, (unique | key | keyref)*)). A problem was found starting at: attribute.
2025-06-30 15:26:54,067 [INFO] PluginManage:359 - Loaded plugin pinoutconfig (category:base,tabindex:0)
2025-06-30 15:26:54,067 [INFO] PluginManage:310 - Check plugin power
2025-06-30 15:26:54,073 [INFO] PluginManage:359 - Loaded plugin power (category:power,tabindex:4)
2025-06-30 15:26:54,073 [INFO] PluginManage:310 - Check plugin projectmanager
2025-06-30 15:26:54,082 [INFO] PluginManage:359 - Loaded plugin projectmanager (category:projectmanager,tabindex:4)
2025-06-30 15:26:54,082 [INFO] PluginManage:310 - Check plugin rif
2025-06-30 15:26:54,087 [INFO] PluginManage:359 - Loaded plugin rif (category:base,tabindex:3)
2025-06-30 15:26:54,088 [INFO] PluginManage:310 - Check plugin thirdparty
2025-06-30 15:26:54,193 [INFO] PluginManage:359 - Loaded plugin thirdparty (category:base,tabindex:-1)
2025-06-30 15:26:54,193 [WARN] IntegrityCheckThread:84 - waiting for thirdparty lock release [integrity check]
2025-06-30 15:26:54,193 [INFO] IntegrityCheckThread:86 - entering critical section [integrity check]
2025-06-30 15:26:54,193 [INFO] PluginManage:310 - Check plugin tools
2025-06-30 15:26:54,193 [INFO] ThirdPartyUpdaterWithRetryManager:70 - Updater plugin not ready yet. [1/15]
2025-06-30 15:26:54,196 [INFO] PluginManage:359 - Loaded plugin tools (category:base,tabindex:7)
2025-06-30 15:26:54,196 [INFO] PluginManage:310 - Check plugin tutovideos
2025-06-30 15:26:54,290 [INFO] PluginManage:359 - Loaded plugin tutovideos (category:base,tabindex:-1)
2025-06-30 15:26:54,290 [INFO] PluginManage:310 - Check plugin updater
2025-06-30 15:26:54,302 [INFO] PluginManage:359 - Loaded plugin updater (category:base,tabindex:12)
2025-06-30 15:26:54,302 [INFO] PluginManage:310 - Check plugin userauth
2025-06-30 15:26:54,304 [INFO] UserAuth:118 - Init User Auth plugin
2025-06-30 15:26:54,305 [INFO] PluginManage:359 - Loaded plugin userauth (category:base,tabindex:14)
2025-06-30 15:26:54,305 [INFO] PluginManage:283 - PluginManage : Loaded plugins [18]
2025-06-30 15:26:55,188 [INFO] PinOutPanel:1589 - setPackage(No Configuration,No Configuration)
2025-06-30 15:26:55,762 [INFO] CADModel:165 - CPN selected for project level
2025-06-30 15:26:55,762 [INFO] CADModel:114 - Register for checkConnection events
2025-06-30 15:26:55,772 [INFO] IPUIPlugin:80 - create IPUIPlugin
2025-06-30 15:26:55,772 [INFO] PluginManager:220 - loadIPPluginJar : add adc
2025-06-30 15:26:55,775 [INFO] IPUIPlugin:80 - create IPUIPlugin
2025-06-30 15:26:55,775 [INFO] PluginManager:220 - loadIPPluginJar : add aes
2025-06-30 15:26:55,777 [INFO] IPUIPlugin:80 - create IPUIPlugin
2025-06-30 15:26:55,778 [INFO] PluginManager:220 - loadIPPluginJar : add can
2025-06-30 15:26:55,780 [INFO] IPUIPlugin:80 - create IPUIPlugin
2025-06-30 15:26:55,780 [INFO] PluginManager:220 - loadIPPluginJar : add comp
2025-06-30 15:26:55,783 [INFO] IPUIPlugin:80 - create IPUIPlugin
2025-06-30 15:26:55,783 [INFO] PluginManager:220 - loadIPPluginJar : add cryp
2025-06-30 15:26:55,785 [INFO] IPUIPlugin:80 - create IPUIPlugin
2025-06-30 15:26:55,785 [INFO] PluginManager:220 - loadIPPluginJar : add ddr_ctrl_phy
2025-06-30 15:26:55,788 [INFO] IPUIPlugin:80 - create IPUIPlugin
2025-06-30 15:26:55,788 [INFO] PluginManager:220 - loadIPPluginJar : add dfsdm
2025-06-30 15:26:55,791 [INFO] IPUIPlugin:80 - create IPUIPlugin
2025-06-30 15:26:55,792 [INFO] PluginManager:220 - loadIPPluginJar : add dma
2025-06-30 15:26:55,794 [INFO] IPUIPlugin:80 - create IPUIPlugin
2025-06-30 15:26:55,794 [INFO] PluginManager:220 - loadIPPluginJar : add dma3
2025-06-30 15:26:55,797 [INFO] IPUIPlugin:80 - create IPUIPlugin
2025-06-30 15:26:55,797 [INFO] PluginManager:220 - loadIPPluginJar : add extmemmanager
2025-06-30 15:26:55,799 [INFO] IPUIPlugin:80 - create IPUIPlugin
2025-06-30 15:26:55,800 [INFO] PluginManager:220 - loadIPPluginJar : add fatfs
2025-06-30 15:26:55,803 [INFO] IPUIPlugin:80 - create IPUIPlugin
2025-06-30 15:26:55,804 [INFO] PluginManager:220 - loadIPPluginJar : add fmc
2025-06-30 15:26:55,808 [INFO] IPUIPlugin:80 - create IPUIPlugin
2025-06-30 15:26:55,808 [INFO] PluginManager:220 - loadIPPluginJar : add freertos
2025-06-30 15:26:55,810 [INFO] IPUIPlugin:80 - create IPUIPlugin
2025-06-30 15:26:55,810 [INFO] PluginManager:220 - loadIPPluginJar : add genericplugin
2025-06-30 15:26:55,812 [INFO] IPUIPlugin:80 - create IPUIPlugin
2025-06-30 15:26:55,812 [INFO] PluginManager:220 - loadIPPluginJar : add gfxmmu
2025-06-30 15:26:55,816 [INFO] IPUIPlugin:80 - create IPUIPlugin
2025-06-30 15:26:55,816 [INFO] PluginManager:220 - loadIPPluginJar : add gic
2025-06-30 15:26:55,820 [INFO] IPUIPlugin:80 - create IPUIPlugin
2025-06-30 15:26:55,820 [INFO] PluginManager:220 - loadIPPluginJar : add gpio
2025-06-30 15:26:55,823 [INFO] IPUIPlugin:80 - create IPUIPlugin
2025-06-30 15:26:55,823 [INFO] PluginManager:220 - loadIPPluginJar : add gtzc
2025-06-30 15:26:55,826 [INFO] IPUIPlugin:80 - create IPUIPlugin
2025-06-30 15:26:55,826 [INFO] PluginManager:220 - loadIPPluginJar : add hash
2025-06-30 15:26:55,829 [INFO] IPUIPlugin:80 - create IPUIPlugin
2025-06-30 15:26:55,829 [INFO] PluginManager:220 - loadIPPluginJar : add i2c
2025-06-30 15:26:55,832 [INFO] IPUIPlugin:80 - create IPUIPlugin
2025-06-30 15:26:55,832 [INFO] PluginManager:220 - loadIPPluginJar : add i2s
2025-06-30 15:26:55,835 [INFO] IPUIPlugin:80 - create IPUIPlugin
2025-06-30 15:26:55,835 [INFO] PluginManager:220 - loadIPPluginJar : add i3c
2025-06-30 15:26:55,839 [INFO] IPUIPlugin:80 - create IPUIPlugin
2025-06-30 15:26:55,839 [INFO] PluginManager:220 - loadIPPluginJar : add ipddr
2025-06-30 15:26:55,844 [INFO] IPUIPlugin:80 - create IPUIPlugin
2025-06-30 15:26:55,844 [INFO] PluginManager:220 - loadIPPluginJar : add linkedlist
2025-06-30 15:26:55,848 [INFO] IPUIPlugin:80 - create IPUIPlugin
2025-06-30 15:26:55,848 [INFO] PluginManager:220 - loadIPPluginJar : add lorawan
2025-06-30 15:26:55,850 [INFO] IPUIPlugin:80 - create IPUIPlugin
2025-06-30 15:26:55,850 [INFO] PluginManager:220 - loadIPPluginJar : add ltdc
2025-06-30 15:26:55,854 [INFO] IPUIPlugin:80 - create IPUIPlugin
2025-06-30 15:26:55,854 [INFO] PluginManager:220 - loadIPPluginJar : add mdma
2025-06-30 15:26:55,858 [INFO] IPUIPlugin:80 - create IPUIPlugin
2025-06-30 15:26:55,858 [INFO] PluginManager:220 - loadIPPluginJar : add nvic
2025-06-30 15:26:55,861 [INFO] IPUIPlugin:80 - create IPUIPlugin
2025-06-30 15:26:55,861 [INFO] PluginManager:220 - loadIPPluginJar : add opamp
2025-06-30 15:26:55,864 [INFO] IPUIPlugin:80 - create IPUIPlugin
2025-06-30 15:26:55,864 [INFO] PluginManager:220 - loadIPPluginJar : add openamp
2025-06-30 15:26:55,867 [INFO] IPUIPlugin:80 - create IPUIPlugin
2025-06-30 15:26:55,867 [INFO] PluginManager:220 - loadIPPluginJar : add pdm2pcm
2025-06-30 15:26:55,871 [INFO] IPUIPlugin:80 - create IPUIPlugin
2025-06-30 15:26:55,872 [INFO] PluginManager:220 - loadIPPluginJar : add plateformsettings
2025-06-30 15:26:55,875 [INFO] IPUIPlugin:80 - create IPUIPlugin
2025-06-30 15:26:55,875 [INFO] PluginManager:220 - loadIPPluginJar : add quadspi
2025-06-30 15:26:55,877 [INFO] IPUIPlugin:80 - create IPUIPlugin
2025-06-30 15:26:55,877 [INFO] PluginManager:220 - loadIPPluginJar : add radio
2025-06-30 15:26:55,879 [INFO] IPUIPlugin:80 - create IPUIPlugin
2025-06-30 15:26:55,879 [INFO] PluginManager:220 - loadIPPluginJar : add resmgrutility
2025-06-30 15:26:55,883 [INFO] IPUIPlugin:80 - create IPUIPlugin
2025-06-30 15:26:55,883 [INFO] PluginManager:220 - loadIPPluginJar : add sai
2025-06-30 15:26:55,885 [INFO] IPUIPlugin:80 - create IPUIPlugin
2025-06-30 15:26:55,885 [INFO] PluginManager:220 - loadIPPluginJar : add spi
2025-06-30 15:26:55,890 [INFO] IPUIPlugin:80 - create IPUIPlugin
2025-06-30 15:26:55,890 [INFO] PluginManager:220 - loadIPPluginJar : add stm32_wpan
2025-06-30 15:26:55,892 [INFO] IPUIPlugin:80 - create IPUIPlugin
2025-06-30 15:26:55,892 [INFO] PluginManager:220 - loadIPPluginJar : add tim
2025-06-30 15:26:55,895 [INFO] IPUIPlugin:80 - create IPUIPlugin
2025-06-30 15:26:55,895 [INFO] PluginManager:220 - loadIPPluginJar : add touchsensing
2025-06-30 15:26:55,897 [INFO] IPUIPlugin:80 - create IPUIPlugin
2025-06-30 15:26:55,897 [INFO] PluginManager:220 - loadIPPluginJar : add tracer_emb
2025-06-30 15:26:55,899 [INFO] IPUIPlugin:80 - create IPUIPlugin
2025-06-30 15:26:55,899 [INFO] PluginManager:220 - loadIPPluginJar : add ts
2025-06-30 15:26:55,901 [INFO] IPUIPlugin:80 - create IPUIPlugin
2025-06-30 15:26:55,901 [INFO] PluginManager:220 - loadIPPluginJar : add tsc
2025-06-30 15:26:55,906 [INFO] IPUIPlugin:80 - create IPUIPlugin
2025-06-30 15:26:55,906 [INFO] PluginManager:220 - loadIPPluginJar : add ucpd
2025-06-30 15:26:55,909 [INFO] IPUIPlugin:80 - create IPUIPlugin
2025-06-30 15:26:55,909 [INFO] PluginManager:220 - loadIPPluginJar : add usart
2025-06-30 15:26:55,911 [INFO] IPUIPlugin:80 - create IPUIPlugin
2025-06-30 15:26:55,911 [INFO] PluginManager:220 - loadIPPluginJar : add usbx
2025-06-30 15:26:56,296 [FATAL] Updater:351 - Updater called before beeing initialized
2025-06-30 15:26:56,315 [INFO] RulesReader:64 - Compatibility file has been processed (302 Rules)
2025-06-30 15:26:56,322 [INFO] RulesReader:64 - Compatibility file has been processed (302 Rules)
2025-06-30 15:26:56,329 [INFO] CADModel:165 - CPN selected for project level
2025-06-30 15:26:56,329 [INFO] CADModel:114 - Register for checkConnection events
2025-06-30 15:26:56,329 [FATAL] Updater:351 - Updater called before beeing initialized
2025-06-30 15:26:56,329 [ERROR] CADModel:125 - Updater not yet initialized, retry later 
2025-06-30 15:26:56,451 [FATAL] Updater:351 - Updater called before beeing initialized
2025-06-30 15:26:56,452 [INFO] CADModel:165 - CPN selected for project level
2025-06-30 15:26:56,452 [INFO] CADModel:114 - Register for checkConnection events
2025-06-30 15:26:56,452 [FATAL] Updater:351 - Updater called before beeing initialized
2025-06-30 15:26:56,452 [ERROR] CADModel:125 - Updater not yet initialized, retry later 
2025-06-30 15:26:56,454 [FATAL] Updater:351 - Updater called before beeing initialized
2025-06-30 15:26:56,927 [FATAL] Updater:351 - Updater called before beeing initialized
2025-06-30 15:26:56,931 [INFO] DbMcusAds:53 - JSON generation date=Thu Jun 19 10:32:37 CEST 2025 (1750321957418)
2025-06-30 15:26:56,931 [FATAL] Updater:351 - Updater called before beeing initialized
2025-06-30 15:26:57,004 [WARN] DetailPanel:346 - Failed to get advertising image, set to default
2025-06-30 15:26:57,194 [INFO] ThirdPartyUpdaterWithRetryManager:70 - Updater plugin not ready yet. [2/15]
2025-06-30 15:26:57,345 [FATAL] Updater:351 - Updater called before beeing initialized
2025-06-30 15:26:57,346 [FATAL] Updater:351 - Updater called before beeing initialized
2025-06-30 15:26:57,346 [FATAL] Updater:351 - Updater called before beeing initialized
2025-06-30 15:26:57,346 [WARN] DetailPanel:346 - Failed to get advertising image, set to default
2025-06-30 15:26:57,347 [FATAL] Updater:351 - Updater called before beeing initialized
2025-06-30 15:26:57,465 [ERROR] Updater:1198 - MainUpdater not yet initialized. External WinMGr cannot be set.
2025-06-30 15:26:57,467 [INFO] Updater:1134 - Updater Version found : 6.14.1
2025-06-30 15:26:57,476 [INFO] ApplicationProperties:184 - Using Application install path: C:\ST\STM32CubeIDE_1.15.0\STM32CubeIDE\plugins\com.st.stm32cube.common.mx_6.14.1.202504091515
2025-06-30 15:26:58,017 [INFO] MainUpdater:2872 - connection check result : 10
2025-06-30 15:26:58,018 [INFO] MainUpdater:3566 - Updater definition file requires update
2025-06-30 15:26:58,024 [INFO] MainUpdater:289 - Updater Check For Update Now.
2025-06-30 15:26:58,025 [INFO] MicroXplorer:498 - Change Database Version : DB.6.0.141
2025-06-30 15:26:58,037 [INFO] McuFinderGlobals:63 - Set McuFinder mode to 2 (CubeIDE integrated)
2025-06-30 15:26:58,040 [INFO] UserAuth:484 - Internet connection configuration mode: 1
2025-06-30 15:26:58,056 [INFO] JxBrowserEngine:152 - Initiate JxBrowser Engine with user profile folder
2025-06-30 15:26:58,121 [INFO] ServerAccessManage:473 - Download File updaters.zip
2025-06-30 15:26:58,787 [INFO] FileExtend:242 - Unzip File : updaters.zip
2025-06-30 15:26:58,788 [INFO] FileExtend:257 - Standard Zip Deflate
2025-06-30 15:26:58,848 [INFO] WebApp:169 - Instantiating new browser for Auth
2025-06-30 15:27:00,038 [INFO] WebApp:463 - Apply proxy settings
2025-06-30 15:27:00,039 [INFO] WebApp:548 - Chromium requires no authentication
2025-06-30 15:27:00,063 [INFO] WebApp:491 - Direct internet connection detected
2025-06-30 15:27:00,087 [INFO] WebApp:894 - Register for checkConnection events
2025-06-30 15:27:00,087 [INFO] WebApp:463 - Apply proxy settings
2025-06-30 15:27:00,087 [INFO] WebApp:548 - Chromium requires no authentication
2025-06-30 15:27:00,087 [INFO] WebApp:491 - Direct internet connection detected
2025-06-30 15:27:00,195 [WARN] MainUpdater:1193 - Updater busy. Cannot search thirdparties
2025-06-30 15:27:00,195 [INFO] ThirdPartyUpdaterWithRetryManager:96 - Updater plugin is busy. [1/15]
2025-06-30 15:27:00,239 [INFO] WebApp:225 - Starting web application
2025-06-30 15:27:00,239 [INFO] WebApp:593 - Web application path used C:\ST\STM32CubeIDE_1.15.0\STM32CubeIDE\plugins\com.st.stm32cube.common.mx_6.14.1.202504091515\db\plugins\mcufinder\reactClient1\index.html
2025-06-30 15:27:00,305 [INFO] UserAuth:484 - Internet connection configuration mode: 1
2025-06-30 15:27:00,550 [INFO] WebApp:191 - Connection restablished
2025-06-30 15:27:02,262 [INFO] ServerAccessManage:473 - Download File PacksControlFlags.xml
2025-06-30 15:27:02,437 [INFO] ServerAccessManage:473 - Download File cubemx.pidx
2025-06-30 15:27:02,574 [INFO] LoadServerUpdatesThread:375 - End of LoadServerUpdate Thread
2025-06-30 15:27:02,738 [INFO] CheckServerUpdateThread:120 - End of CheckServer Thread
2025-06-30 15:27:04,054 [WARN] PackLoader:240 - Cannot read IP mode file for STMicroelectronics.FP-SNS-MOTENVWB1.1.4.0
2025-06-30 15:27:04,068 [WARN] PackLoader:240 - Cannot read IP mode file for STMicroelectronics.FP-ATR-ASTRA1.2.0.2
2025-06-30 15:27:04,078 [WARN] PackLoader:240 - Cannot read IP mode file for STMicroelectronics.FP-ATR-ASTRA1.2.0.1
2025-06-30 15:27:04,090 [WARN] PackLoader:240 - Cannot read IP mode file for STMicroelectronics.X-CUBE-SMBUS.2.1.0
2025-06-30 15:27:04,101 [WARN] PackLoader:240 - Cannot read IP mode file for STMicroelectronics.X-CUBE-WB05N.1.1.0
2025-06-30 15:27:04,109 [WARN] PackLoader:240 - Cannot read IP mode file for STMicroelectronics.X-CUBE-ST60.1.0.0
2025-06-30 15:27:04,119 [WARN] PackLoader:240 - Cannot read IP mode file for STMicroelectronics.X-CUBE-TOUCHGFX.4.23.2
2025-06-30 15:27:04,148 [WARN] PackLoader:240 - Cannot read IP mode file for STMicroelectronics.X-CUBE-AZRTOS-F7.1.1.0
2025-06-30 15:27:04,201 [WARN] PackLoader:240 - Cannot read IP mode file for STMicroelectronics.X-CUBE-MEMS1.11.0.0
2025-06-30 15:27:04,294 [WARN] PackLoader:240 - Cannot read IP mode file for STMicroelectronics.FP-SNS-FLIGHT1.5.0.2
2025-06-30 15:27:04,305 [WARN] PackLoader:240 - Cannot read IP mode file for STMicroelectronics.X-CUBE-DISPLAY.3.0.0
2025-06-30 15:27:04,314 [WARN] PackLoader:240 - Cannot read IP mode file for STMicroelectronics.X-CUBE-BLE1.7.0.0
2025-06-30 15:27:04,323 [WARN] PackLoader:240 - Cannot read IP mode file for STMicroelectronics.X-CUBE-NFC10.1.0.0
2025-06-30 15:27:04,335 [WARN] PackLoader:240 - Cannot read IP mode file for STMicroelectronics.X-CUBE-BLEMGR.4.0.0
2025-06-30 15:27:04,347 [WARN] PackLoader:240 - Cannot read IP mode file for emotas.I-CUBE-CANOPEN.1.3.0
2025-06-30 15:27:04,356 [WARN] PackLoader:240 - Cannot read IP mode file for STMicroelectronics.X-CUBE-BLEMGR.3.1.0
2025-06-30 15:27:04,365 [WARN] PackLoader:240 - Cannot read IP mode file for STMicroelectronics.X-CUBE-AI.10.0.0
2025-06-30 15:27:04,373 [WARN] PackLoader:240 - Cannot read IP mode file for STMicroelectronics.FP-SNS-SMARTAG2.1.2.0
2025-06-30 15:27:04,380 [WARN] PackLoader:240 - Cannot read IP mode file for STMicroelectronics.FP-SNS-FLIGHT1.5.1.0
2025-06-30 15:27:04,420 [WARN] PackLoader:240 - Cannot read IP mode file for STMicroelectronics.X-CUBE-MEMS1.11.1.0
2025-06-30 15:27:04,484 [INFO] LogOutputStream:77 - [STDOUT_REDIRECT] 1 : Invalid condition id : UX_CORESTACK_Condition cause : null
2025-06-30 15:27:04,485 [INFO] LogOutputStream:77 - [STDOUT_REDIRECT] 1 : Invalid condition id : UX_CORESTACK_Condition cause : null
2025-06-30 15:27:04,486 [INFO] LogOutputStream:77 - [STDOUT_REDIRECT] 1 : Invalid condition id : UX_CORESTACK_Condition cause : null
2025-06-30 15:27:04,488 [INFO] LogOutputStream:77 - [STDOUT_REDIRECT] 1 : Invalid condition id : UX_CORESTACK_Condition cause : null
2025-06-30 15:27:04,490 [INFO] LogOutputStream:77 - [STDOUT_REDIRECT] 1 : Invalid condition id : UX_CORESTACK_Condition cause : null
2025-06-30 15:27:04,492 [WARN] PackLoader:240 - Cannot read IP mode file for STMicroelectronics.X-CUBE-AZRTOS-WL.2.0.0
2025-06-30 15:27:04,504 [WARN] PackLoader:240 - Cannot read IP mode file for STMicroelectronics.FP-SNS-MOTENV1.5.0.0
2025-06-30 15:27:04,514 [WARN] PackLoader:240 - Cannot read IP mode file for wolfSSL.I-CUBE-wolfMQTT.1.19.0
2025-06-30 15:27:04,527 [WARN] PackLoader:240 - Cannot read IP mode file for WES.I-CUBE-Cesium.1.3.0
2025-06-30 15:27:04,536 [WARN] PackLoader:240 - Cannot read IP mode file for STMicroelectronics.X-CUBE-BLE2.3.3.0
2025-06-30 15:27:04,547 [WARN] PackLoader:240 - Cannot read IP mode file for STMicroelectronics.X-CUBE-NFC9.1.0.0
2025-06-30 15:27:04,558 [WARN] PackLoader:240 - Cannot read IP mode file for STMicroelectronics.X-CUBE-BLE1.7.1.0
2025-06-30 15:27:04,570 [WARN] PackLoader:240 - Cannot read IP mode file for STMicroelectronics.X-CUBE-TCPP.4.1.0
2025-06-30 15:27:04,580 [WARN] PackLoader:240 - Cannot read IP mode file for STMicroelectronics.X-CUBE-AI.10.1.0
2025-06-30 15:27:04,591 [WARN] PackLoader:240 - Cannot read IP mode file for STMicroelectronics.X-CUBE-ALGOBUILD.1.3.0
2025-06-30 15:27:04,633 [WARN] PackLoader:240 - Cannot read IP mode file for STMicroelectronics.X-CUBE-MEMS1.11.2.0
2025-06-30 15:27:04,690 [WARN] PackLoader:240 - Cannot read IP mode file for STMicroelectronics.X-CUBE-AZRTOS-G0.1.1.0
2025-06-30 15:27:04,701 [WARN] PackLoader:240 - Cannot read IP mode file for STMicroelectronics.X-CUBE-SAFEA1.1.2.2
2025-06-30 15:27:04,710 [WARN] PackLoader:240 - Cannot read IP mode file for STMicroelectronics.X-CUBE-NFC4.3.0.0
2025-06-30 15:27:04,717 [WARN] PackLoader:240 - Cannot read IP mode file for wolfSSL.I-CUBE-wolfMQTT.1.18.0
2025-06-30 15:27:04,730 [WARN] PackLoader:240 - Cannot read IP mode file for EmbeddedOffice.I-CUBE-FS-RTOS.1.0.1
2025-06-30 15:27:04,738 [WARN] PackLoader:240 - Cannot read IP mode file for STMicroelectronics.X-CUBE-WB05N.2.0.0
2025-06-30 15:27:04,747 [WARN] PackLoader:240 - Cannot read IP mode file for STMicroelectronics.X-CUBE-TCPP.4.2.0
2025-06-30 15:27:04,756 [WARN] PackLoader:240 - Cannot read IP mode file for RealThread.X-CUBE-RT-Thread_Nano.4.1.1
2025-06-30 15:27:04,765 [WARN] PackLoader:240 - Cannot read IP mode file for wolfSSL.I-CUBE-wolfSSL.5.7.0
2025-06-30 15:27:04,773 [WARN] PackLoader:240 - Cannot read IP mode file for STMicroelectronics.FP-ATR-SIGFOX1.3.2.0
2025-06-30 15:27:04,783 [WARN] ConditionMgr:438 - getConditionDescription Invalid condition id : Cortex-A Device cause : null
2025-06-30 15:27:04,807 [WARN] ConditionMgr:1044 - genDependencies : Invalid condition id : Cortex-A Device cause : null
2025-06-30 15:27:04,807 [WARN] ConditionMgr:1044 - genDependencies : Invalid condition id : Cortex-A Device cause : null
2025-06-30 15:27:04,807 [WARN] ConditionMgr:1044 - genDependencies : Invalid condition id : Cortex-A Device cause : null
2025-06-30 15:27:04,816 [WARN] PackLoader:240 - Cannot read IP mode file for STMicroelectronics.X-CUBE-EEPRMA1.5.1.0
2025-06-30 15:27:04,826 [WARN] PackLoader:240 - Cannot read IP mode file for ITTIA_DB.I-CUBE-ITTIADB.8.9.0
2025-06-30 15:27:04,839 [WARN] PackLoader:240 - Cannot read IP mode file for STMicroelectronics.X-CUBE-ST67W61.1.0.0
2025-06-30 15:27:04,861 [WARN] PackLoader:240 - Cannot read IP mode file for SEGGER.I-CUBE-embOS.1.3.1
2025-06-30 15:27:04,885 [WARN] PackLoader:240 - Cannot read IP mode file for STMicroelectronics.X-CUBE-ALGOBUILD.1.4.0
2025-06-30 15:27:04,915 [WARN] PackLoader:240 - Cannot read IP mode file for STMicroelectronics.X-CUBE-MEMS1.11.3.0
2025-06-30 15:27:04,984 [WARN] PackLoader:240 - Cannot read IP mode file for STMicroelectronics.X-CUBE-AI.9.1.0
2025-06-30 15:27:05,002 [WARN] PackLoader:240 - Cannot read IP mode file for STMicroelectronics.X-CUBE-PM33A1.1.0.0
2025-06-30 15:27:05,015 [WARN] PackLoader:240 - Cannot read IP mode file for STMicroelectronics.X-CUBE-GNSS1.6.0.0
2025-06-30 15:27:05,032 [WARN] PackLoader:240 - Cannot read IP mode file for STMicroelectronics.X-CUBE-AZRTOS-F4.1.1.0
2025-06-30 15:27:05,041 [WARN] PackLoader:240 - Cannot read IP mode file for Avnet-IotConnect.X-CUBE-IoTC-DA16k-PMOD.1.0.0
2025-06-30 15:27:05,051 [WARN] PackLoader:240 - Cannot read IP mode file for STMicroelectronics.X-CUBE-ISPU.2.1.0
2025-06-30 15:27:05,059 [WARN] PackLoader:240 - Cannot read IP mode file for STMicroelectronics.X-CUBE-FREERTOS.1.2.0
2025-06-30 15:27:05,077 [WARN] PackLoader:240 - Cannot read IP mode file for STMicroelectronics.X-CUBE-AZRTOS-L5.2.0.0
2025-06-30 15:27:05,089 [WARN] PackLoader:240 - Cannot read IP mode file for STMicroelectronics.X-CUBE-NFC6.3.1.0
2025-06-30 15:27:05,099 [WARN] PackLoader:240 - Cannot read IP mode file for STMicroelectronics.X-CUBE-DPower.1.2.0
2025-06-30 15:27:05,106 [WARN] PackLoader:240 - Cannot read IP mode file for STMicroelectronics.X-CUBE-AI.9.0.0
2025-06-30 15:27:05,115 [WARN] PackLoader:240 - Cannot read IP mode file for STMicroelectronics.X-CUBE-FREERTOS.1.3.1
2025-06-30 15:27:05,122 [WARN] PackLoader:240 - Cannot read IP mode file for STMicroelectronics.X-CUBE-FREERTOS.1.3.0
2025-06-30 15:27:05,130 [WARN] PackLoader:240 - Cannot read IP mode file for STMicroelectronics.X-CUBE-NFC7.1.0.1
2025-06-30 15:27:05,138 [WARN] PackLoader:240 - Cannot read IP mode file for wolfSSL.I-CUBE-wolfTPM.3.2.0
2025-06-30 15:27:05,147 [WARN] PackLoader:240 - Cannot read IP mode file for STMicroelectronics.FP-SNS-STAIOTCFT.1.0.0
2025-06-30 15:27:05,155 [WARN] PackLoader:240 - Cannot read IP mode file for STMicroelectronics.X-CUBE-DPower.1.3.0
2025-06-30 15:27:05,162 [WARN] PackLoader:240 - Cannot read IP mode file for STMicroelectronics.X-CUBE-AI.8.1.0
2025-06-30 15:27:05,180 [WARN] ConditionMgr:438 - getConditionDescription Invalid condition id : LAN8742 Phy interface Condition cause : null
2025-06-30 15:27:05,181 [WARN] PackLoader:240 - Cannot read IP mode file for STMicroelectronics.X-CUBE-AZRTOS-L4.2.0.0
2025-06-30 15:27:05,182 [WARN] ConditionMgr:1044 - genDependencies : Invalid condition id : LAN8742 Phy interface Condition cause : null
2025-06-30 15:27:05,182 [WARN] ConditionMgr:1044 - genDependencies : Invalid condition id : LAN8742 Phy interface Condition cause : null
2025-06-30 15:27:05,182 [WARN] ConditionMgr:1044 - genDependencies : Invalid condition id : LAN8742 Phy interface Condition cause : null
2025-06-30 15:27:05,194 [WARN] PackLoader:240 - Cannot read IP mode file for STMicroelectronics.X-CUBE-SFXS2LP1.4.0.0
2025-06-30 15:27:05,212 [WARN] PackLoader:240 - Cannot read IP mode file for STMicroelectronics.X-CUBE-AZRTOS-H7.3.3.0
2025-06-30 15:27:05,225 [WARN] PackLoader:240 - Cannot read IP mode file for STMicroelectronics.X-CUBE-IPS.3.0.0
2025-06-30 15:27:05,241 [WARN] ConditionMgr:438 - getConditionDescription Invalid condition id : UX DEVICE CLASS RTOS Condition cause : null
2025-06-30 15:27:05,241 [WARN] ConditionMgr:438 - getConditionDescription Invalid condition id : UX DEVICE CLASS RTOS Condition cause : null
2025-06-30 15:27:05,242 [WARN] PackLoader:240 - Cannot read IP mode file for STMicroelectronics.X-CUBE-AZRTOS-WB.2.0.0
2025-06-30 15:27:05,242 [WARN] ConditionMgr:1044 - genDependencies : Invalid condition id : UX DEVICE CLASS RTOS Condition cause : null
2025-06-30 15:27:05,242 [WARN] ConditionMgr:1044 - genDependencies : Invalid condition id : UX DEVICE CLASS RTOS Condition cause : null
2025-06-30 15:27:05,243 [WARN] ConditionMgr:1044 - genDependencies : Invalid condition id : UX DEVICE CLASS RTOS Condition cause : null
2025-06-30 15:27:05,243 [WARN] ConditionMgr:1044 - genDependencies : Invalid condition id : UX DEVICE CLASS RTOS Condition cause : null
2025-06-30 15:27:05,243 [WARN] ConditionMgr:1044 - genDependencies : Invalid condition id : UX DEVICE CLASS RTOS Condition cause : null
2025-06-30 15:27:05,252 [WARN] PackLoader:240 - Cannot read IP mode file for STMicroelectronics.X-CUBE-GNSS1.7.0.0
2025-06-30 15:27:05,295 [WARN] PackLoader:240 - Cannot read IP mode file for STMicroelectronics.X-CUBE-GNSS1.7.0.1
2025-06-30 15:27:05,301 [WARN] PackLoader:240 - Cannot read IP mode file for STMicroelectronics.X-CUBE-TOUCHGFX.4.25.0
2025-06-30 15:27:05,309 [WARN] PackLoader:240 - Cannot read IP mode file for STMicroelectronics.FP-SNS-STBOX1.2.0.0
2025-06-30 15:27:05,321 [WARN] PackLoader:240 - Cannot read IP mode file for STMicroelectronics.X-CUBE-SUBG2.5.0.0
2025-06-30 15:27:05,340 [WARN] PackLoader:240 - Cannot read IP mode file for STMicroelectronics.X-CUBE-AZRTOS-H7RS.1.1.0
2025-06-30 15:27:05,358 [WARN] PackLoader:240 - Cannot read IP mode file for STMicroelectronics.X-CUBE-AZRTOS-G4.2.0.0
2025-06-30 15:27:05,368 [WARN] PackLoader:240 - Cannot read IP mode file for STMicroelectronics.X-CUBE-NFC7.2.0.0
2025-06-30 15:27:05,377 [WARN] PackLoader:240 - Cannot read IP mode file for STMicroelectronics.FP-SNS-MOTENVWB1.1.3.1
2025-06-30 15:27:05,386 [WARN] PackLoader:240 - Cannot read IP mode file for STMicroelectronics.X-CUBE-ISPU.2.0.0
2025-06-30 15:27:05,397 [WARN] PackLoader:240 - Cannot read IP mode file for STMicroelectronics.X-CUBE-IPS.3.1.0
2025-06-30 15:27:05,406 [WARN] PackLoader:240 - Cannot read IP mode file for STMicroelectronics.X-CUBE-ALS.1.0.2
2025-06-30 15:27:05,438 [WARN] PackLoader:240 - Cannot read IP mode file for STMicroelectronics.X-CUBE-MEMS1.10.0.0
2025-06-30 15:27:05,474 [WARN] PackLoader:240 - Cannot read IP mode file for STMicroelectronics.X-CUBE-FREERTOS.1.1.0
2025-06-30 15:27:05,484 [WARN] PackLoader:240 - Cannot read IP mode file for STMicroelectronics.X-CUBE-TOUCHGFX.4.24.0
2025-06-30 15:27:05,491 [WARN] PackLoader:240 - Cannot read IP mode file for STMicroelectronics.X-CUBE-TOUCHGFX.4.24.2
2025-06-30 15:27:05,497 [WARN] PackLoader:240 - Cannot read IP mode file for STMicroelectronics.X-CUBE-TOUCHGFX.4.24.1
2025-06-30 15:27:05,505 [WARN] PackLoader:240 - Cannot read IP mode file for portGmbH.I-Cube-SoM-uGOAL.1.1.0
2025-06-30 15:27:05,511 [WARN] PackLoader:240 - Cannot read IP mode file for STMicroelectronics.X-CUBE-ALS.1.0.1
2025-06-30 15:27:05,525 [WARN] PackLoader:240 - Cannot read IP mode file for STMicroelectronics.X-CUBE-AZRTOS-H7RS.1.0.0
2025-06-30 15:27:05,533 [WARN] PackLoader:240 - Cannot read IP mode file for STMicroelectronics.FP-ATR-ASTRA1.2.0.0
2025-06-30 15:27:05,546 [WARN] PackLoader:240 - Cannot read IP mode file for STMicroelectronics.X-CUBE-TOF1.3.4.2
2025-06-30 15:27:05,559 [WARN] PackLoader:240 - Cannot read IP mode file for STMicroelectronics.X-CUBE-TOF1.3.4.3
2025-06-30 15:27:05,574 [WARN] PackLoader:240 - Cannot read IP mode file for STMicroelectronics.X-CUBE-TOF1.3.4.1
2025-06-30 15:27:05,598 [WARN] PackLoader:240 - Cannot read IP mode file for STMicroelectronics.X-CUBE-AZRTOS-H7.3.2.0
2025-06-30 15:27:05,612 [WARN] PackLoader:240 - Cannot read IP mode file for Infineon.AIROC-Wi-Fi-Bluetooth-STM32.1.6.0
2025-06-30 15:27:05,621 [WARN] PackLoader:240 - Cannot read IP mode file for wolfSSL.I-CUBE-wolfSSH.1.4.17
2025-06-30 15:27:05,622 [INFO] ThirdParty:978 - Integrity check success = true
2025-06-30 15:27:05,622 [INFO] IntegrityCheckThread:100 - exiting critical section [integrity check]
2025-06-30 15:27:05,622 [INFO] IntegrityCheckThread:103 - End integrity checks thread
2025-06-30 15:28:46,591 [INFO] McuFinderGlobals:63 - Set McuFinder mode to 2 (CubeIDE integrated)
2025-06-30 15:28:46,602 [INFO] MainUpdater:2872 - connection check result : 10
2025-06-30 15:28:47,319 [INFO] ApiDb:581 - Connected to CubeFinder SQLite database (C:\Users\nicola.reat\.stmcufinder\plugins\mcufinder\mcu\cube-finder-db.db)
2025-06-30 15:28:47,375 [INFO] ApiDb:668 - CubeFinder database Data Model version=2.1
2025-06-30 15:28:47,376 [INFO] ApiDb:669 - CubeFinder database Configuration version=3.0.39
2025-06-30 15:28:47,376 [INFO] ApiDb:670 - CubeFinder database generation date=2025-06-16 (1750072209)
2025-06-30 15:28:47,376 [INFO] ApiDb:671 - CubeFinder database FW Pack versions=[FP-ATR-ASTRA1_V2.0.0, FP-SNS-FLIGHT1_V5.1.0, FP-SNS-MOTENV1_V5.0.0, FP-SNS-MOTENVWB1_V1.4.0, FP-SNS-SMARTAG2_V1.2.0, FP-SNS-STBOX1_V2.0.0, STM32Cube_FW_C0_V1.4.0, STM32Cube_FW_F4_V1.28.2, STM32Cube_FW_F7_V1.17.3, STM32Cube_FW_G0_V1.6.2, STM32Cube_FW_G4_V1.6.1, STM32Cube_FW_H5_V1.5.0, STM32Cube_FW_H7RS_V1.2.0, STM32Cube_FW_H7_V1.12.1, STM32Cube_FW_L0_V1.12.2, STM32Cube_FW_L4_V1.18.1, STM32Cube_FW_L5_V1.5.1, STM32Cube_FW_N6_V1.1.1, STM32Cube_FW_U0_V1.2.0, STM32Cube_FW_U3_V1.1.0, STM32Cube_FW_U5_V1.7.0, STM32Cube_FW_WB0_V1.2.0, STM32Cube_FW_WBA_V1.6.0, STM32Cube_FW_WB_V1.22.0, STM32Cube_FW_WL3_V1.1.0, STM32Cube_FW_WL_V1.3.1, X-CUBE-ALGOBUILD_V1.4.0, X-CUBE-ALS_V1.0.2, X-CUBE-AZRTOS-F4_V1.1.0, X-CUBE-AZRTOS-F7_V1.1.0, X-CUBE-AZRTOS-G0_V1.1.0, X-CUBE-AZRTOS-G4_V2.0.0, X-CUBE-AZRTOS-H7RS_V1.1.0, X-CUBE-AZRTOS-H7_V3.3.0, X-CUBE-AZRTOS-L4_V2.0.0, X-CUBE-AZRTOS-L5_V2.0.0, X-CUBE-AZRTOS-WB_V2.0.0, X-CUBE-AZRTOS-WL_V2.0.0, X-CUBE-BLE1_V7.1.0, X-CUBE-BLE2_V3.3.0, X-CUBE-BLEMGR_V4.0.0, X-CUBE-EEPRMA1_V5.1.0, X-CUBE-FREERTOS_V1.3.1, X-CUBE-GNSS1_V6.0.0, X-CUBE-MEMS1_V11.3.0, X-CUBE-NFC4_V3.0.0, X-CUBE-NFC7_V2.0.0, X-CUBE-SFXS2LP1_V4.0.0, X-CUBE-SUBG2_V5.0.0, X-CUBE-TOF1_V3.4.3]
2025-06-30 15:28:47,428 [INFO] DbBoardsSqlite:226 - include board P-NUCLEO-WB55-NUCLEO as a kit item of type 'Nucleo-64'
2025-06-30 15:28:47,428 [INFO] DbBoardsSqlite:226 - include board P-NUCLEO-WB55-USBDONGLE as a kit item of type 'Nucleo USB Dongle'
2025-06-30 15:28:47,428 [INFO] DbBoardsSqlite:226 - include board STEVAL-IDP005V1 as a kit item of type 'Evaluation Board'
2025-06-30 15:28:47,429 [INFO] DbBoardsSqlite:226 - include board STEVAL-IDP005V2 as a kit item of type 'Evaluation Board'
2025-06-30 15:28:47,477 [INFO] ApiDb:240 - Found 895 in-development CPN: [B-G473E-ZEST1S, B-WB1M-WPAN1, B-WBA5M-WPAN, B-WL5M-SUBG1, NUCLEO-C031C6, NUCLEO-C051C8, NUCLEO-C071RB, NUCLEO-C092RC, NUCLEO-H503RB, NUCLEO-H533RE, NUCLEO-H563ZI, NUCLEO-H7S3L8, NUCLEO-N657X0-Q, NUCLEO-U031R8, NUCLEO-U083RC, NUCLEO-U385RG-Q, NUCLEO-U545RE-Q, NUCLEO-U5A5ZJ-Q, NUCLEO-WB05KZ, NUCLEO-WB07CC, NUCLEO-WB09KE, NUCLEO-WBA52CG, NUCLEO-WBA55CG, NUCLEO-WBA65RI, NUCLEO-WL33CC1, NUCLEO-WL33CC2, STEVAL-PROTEUS1, STEVAL-SMARTAG2, STEVAL-STWINBX1, STM320518-EVAL, STM32C0116-DK, STM32C011D6Y3TR, STM32C011D6Y6TR, STM32C011F4P3, STM32C011F4P6, STM32C011F4U3, STM32C011F4U6TR, STM32C011F6P3, STM32C011F6P6, STM32C011F6U3, STM32C011F6U6TR, STM32C011J4M3, STM32C011J4M6, STM32C011J6M3, STM32C011J6M6, STM32C0316-DK, STM32C031C4T3, STM32C031C4T6, STM32C031C4U3, STM32C031C4U6, STM32C031C6T3, STM32C031C6T6, STM32C031C6U3, STM32C031C6U6, STM32C031F4P3, STM32C031F4P6, STM32C031F6P3, STM32C031F6P6, STM32C031G4U3, STM32C031G4U6, STM32C031G6U3, STM32C031G6U6, STM32C031K4T3, STM32C031K4T6, STM32C031K4U3, STM32C031K4U6, STM32C031K6T3, STM32C031K6T6, STM32C031K6U3, STM32C031K6U6, STM32C051C6T6, STM32C051C6U6, STM32C051C8T6, STM32C051C8U6, STM32C051D8Y6TR, STM32C051F6P6, STM32C051F8P6, STM32C051G6U6, STM32C051G8U6, STM32C051K6T6, STM32C051K6U6, STM32C051K8T6, STM32C071C8T6, STM32C071C8T6N, STM32C071C8U6, STM32C071C8U6N, STM32C071CBT6, STM32C071CBT6N, STM32C071CBU6, STM32C071CBU6N, STM32C071F8P6, STM32C071F8P6N, STM32C071FBP6, STM32C071FBP6N, STM32C071FBY6TR, STM32C071G8U6, STM32C071G8U6N, STM32C071GBU6, STM32C071GBU6N, STM32C071K8T6, STM32C071K8T6N, STM32C071K8U6, STM32C071K8U6N, STM32C071KBT6, STM32C071KBT6N, STM32C071KBU6, STM32C071KBU6N, STM32C071R8T6, STM32C071R8T6N, STM32C071RBI6N, STM32C071RBT6, STM32C071RBT6N, STM32C091CBT6, STM32C091CBU6, STM32C091CCT6, STM32C091CCU6, STM32C091ECY6TR, STM32C091FBP6, STM32C091FCP6, STM32C091GBU6, STM32C091GCU6, STM32C091KBT6, STM32C091KBU6, STM32C091KCT6, STM32C091KCU6, STM32C091RBT6, STM32C091RCI6, STM32C091RCT6, STM32C092CBT6, STM32C092CBU6, STM32C092CCT6, STM32C092CCU6, STM32C092ECY6TR, STM32C092FBP6, STM32C092FCP6, STM32C092GBU6, STM32C092GCU6, STM32C092KBT6, STM32C092KBU6, STM32C092KCT6, STM32C092KCU6, STM32C092RBT6, STM32C092RCI6, STM32C092RCT6, STM32G071K8TXN, STM32G071K8UXN, STM32G081GBU6N, STM32G081KBT6N, STM32G081KBUXN, STM32G0B1CCT6N, STM32G0B1KCT6, STM32G0B1NEY6TR, STM32G0B1RCT6N, STM32G0C1CCT6, STM32G0C1CCT6N, STM32G0C1CCU6N, STM32G0C1CET6N, STM32G0C1CEU6N, STM32G0C1KCT6, STM32G0C1NEY6TR, STM32G0C1RCI6N, STM32G0C1RCT6N, STM32G0C1REI6N, STM32G0C1RET6N, STM32G0C1VCI6, STM32G0C1VEI6, STM32G411C6T3, STM32G411C6T6, STM32G411C6U3, STM32G411C6U6, STM32G411C8T3, STM32G411C8T6, STM32G411C8U3, STM32G411C8U6, STM32G411CBT3, STM32G411CBT6, STM32G411CBU3, STM32G411CBU6, STM32G411CCT3, STM32G411CCT6, STM32G411CCU3, STM32G411CCU6, STM32G411K6T3, STM32G411K6T6, STM32G411K6U3, STM32G411K6U6, STM32G411K8T3, STM32G411K8T6, STM32G411K8U3, STM32G411K8U6, STM32G411KBT3, STM32G411KBT6, STM32G411KBU3, STM32G411KBU6, STM32G411M6T3, STM32G411M6T6, STM32G411M8T3, STM32G411M8T6, STM32G411MBT3, STM32G411MBT6, STM32G411MCT3, STM32G411MCT6, STM32G411R6T3, STM32G411R6T6, STM32G411R8T3, STM32G411R8T6, STM32G411RBT3, STM32G411RBT6, STM32G411RCT3, STM32G411RCT6, STM32G414CBT3, STM32G414CBT6, STM32G414CBU3, STM32G414CBU6, STM32G414CCT3, STM32G414CCT6, STM32G414CCU3, STM32G414CCU6, STM32G414MBT3, STM32G414MBT6, STM32G414MCT3, STM32G414MCT6, STM32G414RBT3, STM32G414RBT6, STM32G414RCT3, STM32G414RCT6, STM32G414VBT3, STM32G414VBT6, STM32G414VCT3, STM32G414VCT6, STM32G431CBT3Z, STM32G431RBT3Z, STM32G471CCT6, STM32G471CCU6, STM32G471CET3, STM32G471CET6, STM32G471CEU3, STM32G471CEU6, STM32G471MCT6, STM32G471MET3, STM32G471MET6, STM32G471MEY6TR, STM32G471QCT6, STM32G471QET3, STM32G471RCT6, STM32G471RET3, STM32G471RET6, STM32G471VCH6, STM32G471VCI6, STM32G471VCT6, STM32G471VEH3, STM32G471VEH6, STM32G471VEI3, STM32G471VEI6, STM32G471VET3, STM32G471VET6, STM32G473QET3Z, STM32G473RET3Z, STM32G474CCT6, STM32G491RET3Z, STM32H503CBT6, STM32H503CBU6, STM32H503EBY6TR, STM32H503KBU6, STM32H503RBT6, STM32H523CCT6, STM32H523CCU6, STM32H523CET6, STM32H523CEU6, STM32H523HEY6TR, STM32H523RCT6, STM32H523RET6, STM32H523VCI6, STM32H523VCT6, STM32H523VEI6, STM32H523VET6, STM32H523ZCJ6, STM32H523ZCT6, STM32H523ZEJ6, STM32H523ZET6, STM32H533CET6, STM32H533CEU6, STM32H533HEY6TR, STM32H533RET6, STM32H533VEI6, STM32H533VET6, STM32H533ZEJ6, STM32H533ZET6, STM32H562AGI6, STM32H562AII6, STM32H562IGK6, STM32H562IGT6, STM32H562IIK6, STM32H562IIT6, STM32H562RGT6, STM32H562RGV6, STM32H562RIT6, STM32H562RIV6, STM32H562VGT6, STM32H562VIT6, STM32H562ZGT6, STM32H562ZIT6, STM32H563AGI6, STM32H563AII3Q, STM32H563AII6, STM32H563IGK6, STM32H563IGT6, STM32H563IIK3Q, STM32H563IIK6, STM32H563IIT3Q, STM32H563IIT6, STM32H563MIY3QTR, STM32H563RGT6, STM32H563RGV6, STM32H563RIT6, STM32H563RIV6, STM32H563VGT6, STM32H563VIT3Q, STM32H563VIT6, STM32H563ZGT6, STM32H563ZIT3Q, STM32H563ZIT6, STM32H573AII3Q, STM32H573AII6, STM32H573I-DK, STM32H573IIK3Q, STM32H573IIK6, STM32H573IIT3Q, STM32H573IIT6, STM32H573MIY3QTR, STM32H573RIT6, STM32H573RIV6, STM32H573VIT3Q, STM32H573VIT6, STM32H573ZIT3Q, STM32H573ZIT6, STM32H7R3A8I6, STM32H7R3I8K6, STM32H7R3I8T6, STM32H7R3L8H6, STM32H7R3L8H6H, STM32H7R3R8V6, STM32H7R3V8H6, STM32H7R3V8T6, STM32H7R3V8Y6TR, STM32H7R3Z8J6, STM32H7R3Z8T6, STM32H7R7A8I6, STM32H7R7I8K6, STM32H7R7I8T6, STM32H7R7L8H6, STM32H7R7L8H6H, STM32H7R7Z8J6, STM32H7S3A8I6, STM32H7S3I8K6, STM32H7S3I8T6, STM32H7S3L8H6, STM32H7S3L8H6H, STM32H7S3R8V6, STM32H7S3V8H6, STM32H7S3V8T6, STM32H7S3V8Y6TR, STM32H7S3Z8J6, STM32H7S3Z8T6, STM32H7S78-DK, STM32H7S7A8I6, STM32H7S7I8K6, STM32H7S7I8T6, STM32H7S7L8H6, STM32H7S7L8H6H, STM32H7S7Z8J6, STM32L4R5QGI6STR, STM32MP131AAE3, STM32MP131AAF3, STM32MP131AAG3, STM32MP131CAE3, STM32MP131CAF3, STM32MP131CAG3, STM32MP131DAE7, STM32MP131DAF7, STM32MP131DAG7, STM32MP131FAE7, STM32MP131FAF7, STM32MP131FAG7, STM32MP133AAE3, STM32MP133AAF3, STM32MP133AAG3, STM32MP133CAE3, STM32MP133CAF3, STM32MP133CAG3, STM32MP133DAE7, STM32MP133DAF7, STM32MP133DAG7, STM32MP133FAE7, STM32MP133FAF7, STM32MP133FAG7, STM32MP135AAE3, STM32MP135AAF3, STM32MP135AAG3, STM32MP135CAE3, STM32MP135CAF3, STM32MP135CAG3, STM32MP135DAE7, STM32MP135DAF7, STM32MP135DAG7, STM32MP135F-DK, STM32MP135FAE7, STM32MP135FAF7, STM32MP135FAF7T, STM32MP135FAF7U, STM32MP135FAG7, STM32MP231AAJ3, STM32MP231AAK3, STM32MP231AAL3, STM32MP231CAJ3, STM32MP231CAK3, STM32MP231CAL3, STM32MP231DAJ3, STM32MP231DAK3, STM32MP231DAL3, STM32MP231FAJ3, STM32MP231FAK3, STM32MP231FAL3, STM32MP233AAJ3, STM32MP233AAK3, STM32MP233AAL3, STM32MP233CAJ3, STM32MP233CAK3, STM32MP233CAL3, STM32MP233DAJ3, STM32MP233DAK3, STM32MP233DAL3, STM32MP233FAJ3, STM32MP233FAK3, STM32MP233FAL3, STM32MP235AAJ3, STM32MP235AAK3, STM32MP235AAL3, STM32MP235CAJ3, STM32MP235CAK3, STM32MP235CAL3, STM32MP235DAJ3, STM32MP235DAK3, STM32MP235DAL3, STM32MP235FAJ3, STM32MP235FAK3, STM32MP235FAL3, STM32MP251AAI3, STM32MP251AAJ3, STM32MP251AAK3, STM32MP251AAL3, STM32MP251CAI3, STM32MP251CAJ3, STM32MP251CAK3, STM32MP251CAL3, STM32MP251DAI3, STM32MP251DAJ3, STM32MP251DAK3, STM32MP251DAL3, STM32MP251FAI3, STM32MP251FAJ3, STM32MP251FAK3, STM32MP251FAL3, STM32MP253AAI3, STM32MP253AAJ3, STM32MP253AAK3, STM32MP253AAL3, STM32MP253CAI3, STM32MP253CAJ3, STM32MP253CAK3, STM32MP253CAL3, STM32MP253DAI3, STM32MP253DAJ3, STM32MP253DAK3, STM32MP253DAL3, STM32MP253FAI3, STM32MP253FAJ3, STM32MP253FAK3, STM32MP253FAL3, STM32MP255AAI3, STM32MP255AAJ3, STM32MP255AAK3, STM32MP255AAL3, STM32MP255CAI3, STM32MP255CAJ3, STM32MP255CAK3, STM32MP255CAL3, STM32MP255DAI3, STM32MP255DAJ3, STM32MP255DAK3, STM32MP255DAL3, STM32MP255FAI3, STM32MP255FAJ3, STM32MP255FAK3, STM32MP255FAL3, STM32MP257AAI3, STM32MP257AAJ3, STM32MP257AAK3, STM32MP257AAL3, STM32MP257CAI3, STM32MP257CAJ3, STM32MP257CAK3, STM32MP257CAL3, STM32MP257DAI3, STM32MP257DAJ3, STM32MP257DAK3, STM32MP257DAL3, STM32MP257F-DK, STM32MP257F-EV1, STM32MP257FAI3, STM32MP257FAJ3, STM32MP257FAK3, STM32MP257FAL3, STM32N645A0H3Q, STM32N645B0H3Q, STM32N645I0H3Q, STM32N645L0H3Q, STM32N645X0H3Q, STM32N645Z0H3Q, STM32N647A0H3Q, STM32N647B0H3Q, STM32N647I0H3Q, STM32N647L0H3Q, STM32N647X0H3Q, STM32N647Z0H3Q, STM32N655A0H3Q, STM32N655B0H3Q, STM32N655I0H3Q, STM32N655L0H3Q, STM32N655X0H3Q, STM32N655Z0H3Q, STM32N6570-DK, STM32N657A0H3Q, STM32N657B0H3Q, STM32N657I0H3Q, STM32N657L0H3Q, STM32N657X0H3Q, STM32N657Z0H3Q, STM32U031C6T6, STM32U031C6U6, STM32U031C8T6, STM32U031C8U6, STM32U031F4P6, STM32U031F6P6, STM32U031F8P6, STM32U031G6Y6TR, STM32U031G8Y6TR, STM32U031K4U6, STM32U031K6U6, STM32U031K8U6, STM32U031R6I6, STM32U031R6T6, STM32U031R8I6, STM32U031R8T6, STM32U073C8T6, STM32U073C8U6, STM32U073CBT6, STM32U073CBU6, STM32U073CCT6, STM32U073CCU6, STM32U073H8Y6TR, STM32U073HBY6TR, STM32U073HCY6TR, STM32U073K8U6, STM32U073KBU6, STM32U073KCU6, STM32U073M8I6, STM32U073M8T6, STM32U073MBI6, STM32U073MBT6, STM32U073MCI6, STM32U073MCT6, STM32U073R8I6, STM32U073R8T6, STM32U073RBI6, STM32U073RBT6, STM32U073RCI6, STM32U073RCT6, STM32U083C-DK, STM32U083CCT6, STM32U083CCU6, STM32U083HCY6TR, STM32U083KCU6, STM32U083MCI6, STM32U083MCT6, STM32U083RCI6, STM32U083RCT6, STM32U375CET6, STM32U375CET6Q, STM32U375CEU6, STM32U375CEU6Q, STM32U375CEY6QTR, STM32U375CGT6, STM32U375CGT6Q, STM32U375CGU6, STM32U375CGU6Q, STM32U375CGY6QTR, STM32U375KEU6, STM32U375KGU6, STM32U375REI6, STM32U375REI6Q, STM32U375RET6, STM32U375RET6Q, STM32U375REY6GTR, STM32U375REY6QTR, STM32U375RGI6, STM32U375RGI6Q, STM32U375RGT6, STM32U375RGT6Q, STM32U375RGY6GTR, STM32U375RGY6QTR, STM32U375VEI6, STM32U375VEI6Q, STM32U375VET6, STM32U375VET6Q, STM32U375VGI6, STM32U375VGI6Q, STM32U375VGT6, STM32U375VGT6Q, STM32U385CGT6, STM32U385CGT6Q, STM32U385CGU6, STM32U385CGU6Q, STM32U385CGY6QTR, STM32U385KGU6, STM32U385RGI6, STM32U385RGI6Q, STM32U385RGT6, STM32U385RGT6Q, STM32U385RGY6GTR, STM32U385RGY6QTR, STM32U385VGI6, STM32U385VGI6Q, STM32U385VGT6, STM32U385VGT6Q, STM32U535CBT6, STM32U535CBT6Q, STM32U535CBU6, STM32U535CBU6Q, STM32U535CCT6, STM32U535CCT6Q, STM32U535CCU6, STM32U535CCU6Q, STM32U535CET6, STM32U535CET6Q, STM32U535CEU6, STM32U535CEU6Q, STM32U535JEY6QTR, STM32U535NCY6QTR, STM32U535NEY6QTR, STM32U535RBI6, STM32U535RBI6Q, STM32U535RBT6, STM32U535RBT6Q, STM32U535RCI6, STM32U535RCI6Q, STM32U535RCT6, STM32U535RCT6Q, STM32U535REI6, STM32U535REI6Q, STM32U535RET6, STM32U535RET6Q, STM32U535VCI6, STM32U535VCI6Q, STM32U535VCT6, STM32U535VCT6Q, STM32U535VEI6, STM32U535VEI6Q, STM32U535VET6, STM32U535VET6Q, STM32U545CET6, STM32U545CET6Q, STM32U545CEU6, STM32U545CEU6Q, STM32U545JEY6QTR, STM32U545NEY6QTR, STM32U545REI6, STM32U545REI6Q, STM32U545RET6, STM32U545RET6Q, STM32U545VEI6, STM32U545VEI6Q, STM32U545VET6, STM32U545VET6Q, STM32U595AIH6, STM32U595AIH6Q, STM32U595AJH6, STM32U595AJH6Q, STM32U595QII6, STM32U595QII6Q, STM32U595QJI6, STM32U595QJI6Q, STM32U595RIT6, STM32U595RIT6Q, STM32U595RJT6, STM32U595RJT6Q, STM32U595VIT6, STM32U595VIT6Q, STM32U595VJT6, STM32U595VJT6Q, STM32U595ZIT6, STM32U595ZIT6Q, STM32U595ZIY6QTR, STM32U595ZJT6, STM32U595ZJT6Q, STM32U595ZJY6QTR, STM32U599BJY6QTR, STM32U599NIH6Q, STM32U599NJH6Q, STM32U599VIT6Q, STM32U599VJT6, STM32U599VJT6Q, STM32U599ZIT6Q, STM32U599ZIY6QTR, STM32U599ZJT6Q, STM32U599ZJY6QTR, STM32U5A5AJH6, STM32U5A5AJH6Q, STM32U5A5QII3Q , STM32U5A5QJI6, STM32U5A5QJI6Q, STM32U5A5RJT6, STM32U5A5RJT6Q, STM32U5A5VJT6, STM32U5A5VJT6Q, STM32U5A5ZJT6, STM32U5A5ZJT6Q, STM32U5A5ZJY6QTR, STM32U5A9BJY6QTR, STM32U5A9J-DK, STM32U5A9NJH6Q, STM32U5A9VJT6Q, STM32U5A9ZJT6Q, STM32U5A9ZJY6QTR, STM32U5F7VIT6, STM32U5F7VIT6Q, STM32U5F7VJT6, STM32U5F7VJT6Q, STM32U5F9BJY6QTR, STM32U5F9NJH6Q, STM32U5F9VIT6Q, STM32U5F9VJT6Q, STM32U5F9ZIJ6QTR, STM32U5F9ZIT6Q, STM32U5F9ZJJ6QTR, STM32U5F9ZJT6Q, STM32U5G7VJT6, STM32U5G7VJT6Q, STM32U5G9BJY6QTR, STM32U5G9J-DK1, STM32U5G9J-DK2, STM32U5G9NJH6Q, STM32U5G9VJT6Q, STM32U5G9ZJJ6QTR, STM32U5G9ZJT6Q, STM32WB05KZV6TR, STM32WB05KZV7TR, STM32WB05TZF6TR, STM32WB05TZF7TR, STM32WB06CCF6TR, STM32WB06CCF7TR, STM32WB06CCV6TR, STM32WB06CCV7TR, STM32WB06KCV6TR, STM32WB06KCV7TR, STM32WB07CCF6TR, STM32WB07CCF7TR, STM32WB07CCV6TR, STM32WB07CCV7TR, STM32WB07KCV6TR, STM32WB07KCV7TR, STM32WB09KEV6TR, STM32WB09KEV7TR, STM32WB09TEF6TR, STM32WB09TEF7TR, STM32WB1MMCH6, STM32WBA50KGU6, STM32WBA50KGU6TR, STM32WBA52CEU6, STM32WBA52CEU6TR, STM32WBA52CEU7, STM32WBA52CEU7TR, STM32WBA52CGU6, STM32WBA52CGU6TR, STM32WBA52CGU6U, STM32WBA52CGU7, STM32WBA52CGU7TR, STM32WBA52KEU6, STM32WBA52KEU6TR, STM32WBA52KGU6, STM32WBA52KGU6TR, STM32WBA54CEU6, STM32WBA54CEU6TR, STM32WBA54CEU7, STM32WBA54CEU7TR, STM32WBA54CGU6, STM32WBA54CGU6TR, STM32WBA54CGU7, STM32WBA54CGU7TR, STM32WBA54KEU6, STM32WBA54KEU6TR, STM32WBA54KEU7, STM32WBA54KEU7TR, STM32WBA54KGU6, STM32WBA54KGU6TR, STM32WBA54KGU7, STM32WBA54KGU7TR, STM32WBA55CEU6, STM32WBA55CEU6TR, STM32WBA55CEU7, STM32WBA55CEU7TR, STM32WBA55CGU6, STM32WBA55CGU6TR, STM32WBA55CGU6U, STM32WBA55CGU7, STM32WBA55CGU7TR, STM32WBA55G-DK1, STM32WBA55HEF6, STM32WBA55HEF7, STM32WBA55HGF6, STM32WBA55HGF7, STM32WBA55UEI6, STM32WBA55UEI6TR, STM32WBA55UEI7, STM32WBA55UEI7TR, STM32WBA55UGI6, STM32WBA55UGI6TR, STM32WBA55UGI7, STM32WBA55UGI7TR, STM32WBA5MJGH6TR, STM32WBA62CGU6, STM32WBA62CIU6, STM32WBA62MGF6, STM32WBA62MIF6, STM32WBA62PGI6, STM32WBA62PII6, STM32WBA63CGU6, STM32WBA63CGU7, STM32WBA63CIU6, STM32WBA63CIU7, STM32WBA64CGU6, STM32WBA64CGU7, STM32WBA64CIU6, STM32WBA64CIU7, STM32WBA65CGU6, STM32WBA65CGU7, STM32WBA65CIU6, STM32WBA65CIU7, STM32WBA65I-DK1, STM32WBA65MGF6, STM32WBA65MGF7, STM32WBA65MIF6, STM32WBA65MIF7, STM32WBA65PGI6, STM32WBA65PGI7, STM32WBA65PII6, STM32WBA65PII7, STM32WBA65RGV6, STM32WBA65RGV7, STM32WBA65RIV6, STM32WBA65RIV7, STM32WL30K8V6, STM32WL30KBV6, STM32WL31C8V6, STM32WL31CBV6, STM32WL31K8V6, STM32WL31KBV6, STM32WL33C8V6, STM32WL33C8V6TR, STM32WL33C8V7, STM32WL33C8V7TR, STM32WL33CBV6, STM32WL33CBV6TR, STM32WL33CBV7, STM32WL33CBV7TR, STM32WL33CCV6, STM32WL33CCV6TR, STM32WL33CCV7, STM32WL33CCV7A, STM32WL33CCV7ATR, STM32WL33CCV7TR, STM32WL33K8V6, STM32WL33K8V6TR, STM32WL33K8V7, STM32WL33K8V7TR, STM32WL33KBV6, STM32WL33KBV6TR, STM32WL33KBV7, STM32WL33KBV7TR, STM32WL33KCV6, STM32WL33KCV6TR, STM32WL33KCV7, STM32WL33KCV7TR, STM32WL5MOCH6, STM32WL5MOCH6TR]
2025-06-30 15:28:47,638 [INFO] BoardInfo:889 - No configuration file found for board P-NUCLEO-WB55
2025-06-30 15:28:47,639 [INFO] DbBoards:161 - Kit is not supported: P-NUCLEO-WB55
2025-06-30 15:28:47,645 [INFO] BoardInfo:889 - No configuration file found for board STEVAL-BFA001V1B
2025-06-30 15:28:47,646 [INFO] DbBoards:161 - Kit is not supported: STEVAL-BFA001V1B
2025-06-30 15:28:47,647 [INFO] BoardInfo:889 - No configuration file found for board STEVAL-BFA001V2B
2025-06-30 15:28:47,648 [INFO] DbBoards:161 - Kit is not supported: STEVAL-BFA001V2B
2025-06-30 15:28:47,801 [INFO] DbBoards:168 - Found 211 boards, 208 are supported
2025-06-30 15:28:47,801 [INFO] DbBoards:169 - Found 211 boards, 43 of them is supported for  Bsp
2025-06-30 15:28:47,803 [INFO] ApiDb:668 - CubeFinder database Data Model version=2.1
2025-06-30 15:28:47,804 [INFO] ApiDb:669 - CubeFinder database Configuration version=3.0.39
2025-06-30 15:28:47,804 [INFO] ApiDb:670 - CubeFinder database generation date=2025-06-16 (1750072209)
2025-06-30 15:28:47,804 [INFO] ApiDb:671 - CubeFinder database FW Pack versions=[FP-ATR-ASTRA1_V2.0.0, FP-SNS-FLIGHT1_V5.1.0, FP-SNS-MOTENV1_V5.0.0, FP-SNS-MOTENVWB1_V1.4.0, FP-SNS-SMARTAG2_V1.2.0, FP-SNS-STBOX1_V2.0.0, STM32Cube_FW_C0_V1.4.0, STM32Cube_FW_F4_V1.28.2, STM32Cube_FW_F7_V1.17.3, STM32Cube_FW_G0_V1.6.2, STM32Cube_FW_G4_V1.6.1, STM32Cube_FW_H5_V1.5.0, STM32Cube_FW_H7RS_V1.2.0, STM32Cube_FW_H7_V1.12.1, STM32Cube_FW_L0_V1.12.2, STM32Cube_FW_L4_V1.18.1, STM32Cube_FW_L5_V1.5.1, STM32Cube_FW_N6_V1.1.1, STM32Cube_FW_U0_V1.2.0, STM32Cube_FW_U3_V1.1.0, STM32Cube_FW_U5_V1.7.0, STM32Cube_FW_WB0_V1.2.0, STM32Cube_FW_WBA_V1.6.0, STM32Cube_FW_WB_V1.22.0, STM32Cube_FW_WL3_V1.1.0, STM32Cube_FW_WL_V1.3.1, X-CUBE-ALGOBUILD_V1.4.0, X-CUBE-ALS_V1.0.2, X-CUBE-AZRTOS-F4_V1.1.0, X-CUBE-AZRTOS-F7_V1.1.0, X-CUBE-AZRTOS-G0_V1.1.0, X-CUBE-AZRTOS-G4_V2.0.0, X-CUBE-AZRTOS-H7RS_V1.1.0, X-CUBE-AZRTOS-H7_V3.3.0, X-CUBE-AZRTOS-L4_V2.0.0, X-CUBE-AZRTOS-L5_V2.0.0, X-CUBE-AZRTOS-WB_V2.0.0, X-CUBE-AZRTOS-WL_V2.0.0, X-CUBE-BLE1_V7.1.0, X-CUBE-BLE2_V3.3.0, X-CUBE-BLEMGR_V4.0.0, X-CUBE-EEPRMA1_V5.1.0, X-CUBE-FREERTOS_V1.3.1, X-CUBE-GNSS1_V6.0.0, X-CUBE-MEMS1_V11.3.0, X-CUBE-NFC4_V3.0.0, X-CUBE-NFC7_V2.0.0, X-CUBE-SFXS2LP1_V4.0.0, X-CUBE-SUBG2_V5.0.0, X-CUBE-TOF1_V3.4.3]
2025-06-30 15:28:48,983 [INFO] ApiDb:240 - Found 895 in-development CPN: [B-G473E-ZEST1S, B-WB1M-WPAN1, B-WBA5M-WPAN, B-WL5M-SUBG1, NUCLEO-C031C6, NUCLEO-C051C8, NUCLEO-C071RB, NUCLEO-C092RC, NUCLEO-H503RB, NUCLEO-H533RE, NUCLEO-H563ZI, NUCLEO-H7S3L8, NUCLEO-N657X0-Q, NUCLEO-U031R8, NUCLEO-U083RC, NUCLEO-U385RG-Q, NUCLEO-U545RE-Q, NUCLEO-U5A5ZJ-Q, NUCLEO-WB05KZ, NUCLEO-WB07CC, NUCLEO-WB09KE, NUCLEO-WBA52CG, NUCLEO-WBA55CG, NUCLEO-WBA65RI, NUCLEO-WL33CC1, NUCLEO-WL33CC2, STEVAL-PROTEUS1, STEVAL-SMARTAG2, STEVAL-STWINBX1, STM320518-EVAL, STM32C0116-DK, STM32C011D6Y3TR, STM32C011D6Y6TR, STM32C011F4P3, STM32C011F4P6, STM32C011F4U3, STM32C011F4U6TR, STM32C011F6P3, STM32C011F6P6, STM32C011F6U3, STM32C011F6U6TR, STM32C011J4M3, STM32C011J4M6, STM32C011J6M3, STM32C011J6M6, STM32C0316-DK, STM32C031C4T3, STM32C031C4T6, STM32C031C4U3, STM32C031C4U6, STM32C031C6T3, STM32C031C6T6, STM32C031C6U3, STM32C031C6U6, STM32C031F4P3, STM32C031F4P6, STM32C031F6P3, STM32C031F6P6, STM32C031G4U3, STM32C031G4U6, STM32C031G6U3, STM32C031G6U6, STM32C031K4T3, STM32C031K4T6, STM32C031K4U3, STM32C031K4U6, STM32C031K6T3, STM32C031K6T6, STM32C031K6U3, STM32C031K6U6, STM32C051C6T6, STM32C051C6U6, STM32C051C8T6, STM32C051C8U6, STM32C051D8Y6TR, STM32C051F6P6, STM32C051F8P6, STM32C051G6U6, STM32C051G8U6, STM32C051K6T6, STM32C051K6U6, STM32C051K8T6, STM32C071C8T6, STM32C071C8T6N, STM32C071C8U6, STM32C071C8U6N, STM32C071CBT6, STM32C071CBT6N, STM32C071CBU6, STM32C071CBU6N, STM32C071F8P6, STM32C071F8P6N, STM32C071FBP6, STM32C071FBP6N, STM32C071FBY6TR, STM32C071G8U6, STM32C071G8U6N, STM32C071GBU6, STM32C071GBU6N, STM32C071K8T6, STM32C071K8T6N, STM32C071K8U6, STM32C071K8U6N, STM32C071KBT6, STM32C071KBT6N, STM32C071KBU6, STM32C071KBU6N, STM32C071R8T6, STM32C071R8T6N, STM32C071RBI6N, STM32C071RBT6, STM32C071RBT6N, STM32C091CBT6, STM32C091CBU6, STM32C091CCT6, STM32C091CCU6, STM32C091ECY6TR, STM32C091FBP6, STM32C091FCP6, STM32C091GBU6, STM32C091GCU6, STM32C091KBT6, STM32C091KBU6, STM32C091KCT6, STM32C091KCU6, STM32C091RBT6, STM32C091RCI6, STM32C091RCT6, STM32C092CBT6, STM32C092CBU6, STM32C092CCT6, STM32C092CCU6, STM32C092ECY6TR, STM32C092FBP6, STM32C092FCP6, STM32C092GBU6, STM32C092GCU6, STM32C092KBT6, STM32C092KBU6, STM32C092KCT6, STM32C092KCU6, STM32C092RBT6, STM32C092RCI6, STM32C092RCT6, STM32G071K8TXN, STM32G071K8UXN, STM32G081GBU6N, STM32G081KBT6N, STM32G081KBUXN, STM32G0B1CCT6N, STM32G0B1KCT6, STM32G0B1NEY6TR, STM32G0B1RCT6N, STM32G0C1CCT6, STM32G0C1CCT6N, STM32G0C1CCU6N, STM32G0C1CET6N, STM32G0C1CEU6N, STM32G0C1KCT6, STM32G0C1NEY6TR, STM32G0C1RCI6N, STM32G0C1RCT6N, STM32G0C1REI6N, STM32G0C1RET6N, STM32G0C1VCI6, STM32G0C1VEI6, STM32G411C6T3, STM32G411C6T6, STM32G411C6U3, STM32G411C6U6, STM32G411C8T3, STM32G411C8T6, STM32G411C8U3, STM32G411C8U6, STM32G411CBT3, STM32G411CBT6, STM32G411CBU3, STM32G411CBU6, STM32G411CCT3, STM32G411CCT6, STM32G411CCU3, STM32G411CCU6, STM32G411K6T3, STM32G411K6T6, STM32G411K6U3, STM32G411K6U6, STM32G411K8T3, STM32G411K8T6, STM32G411K8U3, STM32G411K8U6, STM32G411KBT3, STM32G411KBT6, STM32G411KBU3, STM32G411KBU6, STM32G411M6T3, STM32G411M6T6, STM32G411M8T3, STM32G411M8T6, STM32G411MBT3, STM32G411MBT6, STM32G411MCT3, STM32G411MCT6, STM32G411R6T3, STM32G411R6T6, STM32G411R8T3, STM32G411R8T6, STM32G411RBT3, STM32G411RBT6, STM32G411RCT3, STM32G411RCT6, STM32G414CBT3, STM32G414CBT6, STM32G414CBU3, STM32G414CBU6, STM32G414CCT3, STM32G414CCT6, STM32G414CCU3, STM32G414CCU6, STM32G414MBT3, STM32G414MBT6, STM32G414MCT3, STM32G414MCT6, STM32G414RBT3, STM32G414RBT6, STM32G414RCT3, STM32G414RCT6, STM32G414VBT3, STM32G414VBT6, STM32G414VCT3, STM32G414VCT6, STM32G431CBT3Z, STM32G431RBT3Z, STM32G471CCT6, STM32G471CCU6, STM32G471CET3, STM32G471CET6, STM32G471CEU3, STM32G471CEU6, STM32G471MCT6, STM32G471MET3, STM32G471MET6, STM32G471MEY6TR, STM32G471QCT6, STM32G471QET3, STM32G471RCT6, STM32G471RET3, STM32G471RET6, STM32G471VCH6, STM32G471VCI6, STM32G471VCT6, STM32G471VEH3, STM32G471VEH6, STM32G471VEI3, STM32G471VEI6, STM32G471VET3, STM32G471VET6, STM32G473QET3Z, STM32G473RET3Z, STM32G474CCT6, STM32G491RET3Z, STM32H503CBT6, STM32H503CBU6, STM32H503EBY6TR, STM32H503KBU6, STM32H503RBT6, STM32H523CCT6, STM32H523CCU6, STM32H523CET6, STM32H523CEU6, STM32H523HEY6TR, STM32H523RCT6, STM32H523RET6, STM32H523VCI6, STM32H523VCT6, STM32H523VEI6, STM32H523VET6, STM32H523ZCJ6, STM32H523ZCT6, STM32H523ZEJ6, STM32H523ZET6, STM32H533CET6, STM32H533CEU6, STM32H533HEY6TR, STM32H533RET6, STM32H533VEI6, STM32H533VET6, STM32H533ZEJ6, STM32H533ZET6, STM32H562AGI6, STM32H562AII6, STM32H562IGK6, STM32H562IGT6, STM32H562IIK6, STM32H562IIT6, STM32H562RGT6, STM32H562RGV6, STM32H562RIT6, STM32H562RIV6, STM32H562VGT6, STM32H562VIT6, STM32H562ZGT6, STM32H562ZIT6, STM32H563AGI6, STM32H563AII3Q, STM32H563AII6, STM32H563IGK6, STM32H563IGT6, STM32H563IIK3Q, STM32H563IIK6, STM32H563IIT3Q, STM32H563IIT6, STM32H563MIY3QTR, STM32H563RGT6, STM32H563RGV6, STM32H563RIT6, STM32H563RIV6, STM32H563VGT6, STM32H563VIT3Q, STM32H563VIT6, STM32H563ZGT6, STM32H563ZIT3Q, STM32H563ZIT6, STM32H573AII3Q, STM32H573AII6, STM32H573I-DK, STM32H573IIK3Q, STM32H573IIK6, STM32H573IIT3Q, STM32H573IIT6, STM32H573MIY3QTR, STM32H573RIT6, STM32H573RIV6, STM32H573VIT3Q, STM32H573VIT6, STM32H573ZIT3Q, STM32H573ZIT6, STM32H7R3A8I6, STM32H7R3I8K6, STM32H7R3I8T6, STM32H7R3L8H6, STM32H7R3L8H6H, STM32H7R3R8V6, STM32H7R3V8H6, STM32H7R3V8T6, STM32H7R3V8Y6TR, STM32H7R3Z8J6, STM32H7R3Z8T6, STM32H7R7A8I6, STM32H7R7I8K6, STM32H7R7I8T6, STM32H7R7L8H6, STM32H7R7L8H6H, STM32H7R7Z8J6, STM32H7S3A8I6, STM32H7S3I8K6, STM32H7S3I8T6, STM32H7S3L8H6, STM32H7S3L8H6H, STM32H7S3R8V6, STM32H7S3V8H6, STM32H7S3V8T6, STM32H7S3V8Y6TR, STM32H7S3Z8J6, STM32H7S3Z8T6, STM32H7S78-DK, STM32H7S7A8I6, STM32H7S7I8K6, STM32H7S7I8T6, STM32H7S7L8H6, STM32H7S7L8H6H, STM32H7S7Z8J6, STM32L4R5QGI6STR, STM32MP131AAE3, STM32MP131AAF3, STM32MP131AAG3, STM32MP131CAE3, STM32MP131CAF3, STM32MP131CAG3, STM32MP131DAE7, STM32MP131DAF7, STM32MP131DAG7, STM32MP131FAE7, STM32MP131FAF7, STM32MP131FAG7, STM32MP133AAE3, STM32MP133AAF3, STM32MP133AAG3, STM32MP133CAE3, STM32MP133CAF3, STM32MP133CAG3, STM32MP133DAE7, STM32MP133DAF7, STM32MP133DAG7, STM32MP133FAE7, STM32MP133FAF7, STM32MP133FAG7, STM32MP135AAE3, STM32MP135AAF3, STM32MP135AAG3, STM32MP135CAE3, STM32MP135CAF3, STM32MP135CAG3, STM32MP135DAE7, STM32MP135DAF7, STM32MP135DAG7, STM32MP135F-DK, STM32MP135FAE7, STM32MP135FAF7, STM32MP135FAF7T, STM32MP135FAF7U, STM32MP135FAG7, STM32MP231AAJ3, STM32MP231AAK3, STM32MP231AAL3, STM32MP231CAJ3, STM32MP231CAK3, STM32MP231CAL3, STM32MP231DAJ3, STM32MP231DAK3, STM32MP231DAL3, STM32MP231FAJ3, STM32MP231FAK3, STM32MP231FAL3, STM32MP233AAJ3, STM32MP233AAK3, STM32MP233AAL3, STM32MP233CAJ3, STM32MP233CAK3, STM32MP233CAL3, STM32MP233DAJ3, STM32MP233DAK3, STM32MP233DAL3, STM32MP233FAJ3, STM32MP233FAK3, STM32MP233FAL3, STM32MP235AAJ3, STM32MP235AAK3, STM32MP235AAL3, STM32MP235CAJ3, STM32MP235CAK3, STM32MP235CAL3, STM32MP235DAJ3, STM32MP235DAK3, STM32MP235DAL3, STM32MP235FAJ3, STM32MP235FAK3, STM32MP235FAL3, STM32MP251AAI3, STM32MP251AAJ3, STM32MP251AAK3, STM32MP251AAL3, STM32MP251CAI3, STM32MP251CAJ3, STM32MP251CAK3, STM32MP251CAL3, STM32MP251DAI3, STM32MP251DAJ3, STM32MP251DAK3, STM32MP251DAL3, STM32MP251FAI3, STM32MP251FAJ3, STM32MP251FAK3, STM32MP251FAL3, STM32MP253AAI3, STM32MP253AAJ3, STM32MP253AAK3, STM32MP253AAL3, STM32MP253CAI3, STM32MP253CAJ3, STM32MP253CAK3, STM32MP253CAL3, STM32MP253DAI3, STM32MP253DAJ3, STM32MP253DAK3, STM32MP253DAL3, STM32MP253FAI3, STM32MP253FAJ3, STM32MP253FAK3, STM32MP253FAL3, STM32MP255AAI3, STM32MP255AAJ3, STM32MP255AAK3, STM32MP255AAL3, STM32MP255CAI3, STM32MP255CAJ3, STM32MP255CAK3, STM32MP255CAL3, STM32MP255DAI3, STM32MP255DAJ3, STM32MP255DAK3, STM32MP255DAL3, STM32MP255FAI3, STM32MP255FAJ3, STM32MP255FAK3, STM32MP255FAL3, STM32MP257AAI3, STM32MP257AAJ3, STM32MP257AAK3, STM32MP257AAL3, STM32MP257CAI3, STM32MP257CAJ3, STM32MP257CAK3, STM32MP257CAL3, STM32MP257DAI3, STM32MP257DAJ3, STM32MP257DAK3, STM32MP257DAL3, STM32MP257F-DK, STM32MP257F-EV1, STM32MP257FAI3, STM32MP257FAJ3, STM32MP257FAK3, STM32MP257FAL3, STM32N645A0H3Q, STM32N645B0H3Q, STM32N645I0H3Q, STM32N645L0H3Q, STM32N645X0H3Q, STM32N645Z0H3Q, STM32N647A0H3Q, STM32N647B0H3Q, STM32N647I0H3Q, STM32N647L0H3Q, STM32N647X0H3Q, STM32N647Z0H3Q, STM32N655A0H3Q, STM32N655B0H3Q, STM32N655I0H3Q, STM32N655L0H3Q, STM32N655X0H3Q, STM32N655Z0H3Q, STM32N6570-DK, STM32N657A0H3Q, STM32N657B0H3Q, STM32N657I0H3Q, STM32N657L0H3Q, STM32N657X0H3Q, STM32N657Z0H3Q, STM32U031C6T6, STM32U031C6U6, STM32U031C8T6, STM32U031C8U6, STM32U031F4P6, STM32U031F6P6, STM32U031F8P6, STM32U031G6Y6TR, STM32U031G8Y6TR, STM32U031K4U6, STM32U031K6U6, STM32U031K8U6, STM32U031R6I6, STM32U031R6T6, STM32U031R8I6, STM32U031R8T6, STM32U073C8T6, STM32U073C8U6, STM32U073CBT6, STM32U073CBU6, STM32U073CCT6, STM32U073CCU6, STM32U073H8Y6TR, STM32U073HBY6TR, STM32U073HCY6TR, STM32U073K8U6, STM32U073KBU6, STM32U073KCU6, STM32U073M8I6, STM32U073M8T6, STM32U073MBI6, STM32U073MBT6, STM32U073MCI6, STM32U073MCT6, STM32U073R8I6, STM32U073R8T6, STM32U073RBI6, STM32U073RBT6, STM32U073RCI6, STM32U073RCT6, STM32U083C-DK, STM32U083CCT6, STM32U083CCU6, STM32U083HCY6TR, STM32U083KCU6, STM32U083MCI6, STM32U083MCT6, STM32U083RCI6, STM32U083RCT6, STM32U375CET6, STM32U375CET6Q, STM32U375CEU6, STM32U375CEU6Q, STM32U375CEY6QTR, STM32U375CGT6, STM32U375CGT6Q, STM32U375CGU6, STM32U375CGU6Q, STM32U375CGY6QTR, STM32U375KEU6, STM32U375KGU6, STM32U375REI6, STM32U375REI6Q, STM32U375RET6, STM32U375RET6Q, STM32U375REY6GTR, STM32U375REY6QTR, STM32U375RGI6, STM32U375RGI6Q, STM32U375RGT6, STM32U375RGT6Q, STM32U375RGY6GTR, STM32U375RGY6QTR, STM32U375VEI6, STM32U375VEI6Q, STM32U375VET6, STM32U375VET6Q, STM32U375VGI6, STM32U375VGI6Q, STM32U375VGT6, STM32U375VGT6Q, STM32U385CGT6, STM32U385CGT6Q, STM32U385CGU6, STM32U385CGU6Q, STM32U385CGY6QTR, STM32U385KGU6, STM32U385RGI6, STM32U385RGI6Q, STM32U385RGT6, STM32U385RGT6Q, STM32U385RGY6GTR, STM32U385RGY6QTR, STM32U385VGI6, STM32U385VGI6Q, STM32U385VGT6, STM32U385VGT6Q, STM32U535CBT6, STM32U535CBT6Q, STM32U535CBU6, STM32U535CBU6Q, STM32U535CCT6, STM32U535CCT6Q, STM32U535CCU6, STM32U535CCU6Q, STM32U535CET6, STM32U535CET6Q, STM32U535CEU6, STM32U535CEU6Q, STM32U535JEY6QTR, STM32U535NCY6QTR, STM32U535NEY6QTR, STM32U535RBI6, STM32U535RBI6Q, STM32U535RBT6, STM32U535RBT6Q, STM32U535RCI6, STM32U535RCI6Q, STM32U535RCT6, STM32U535RCT6Q, STM32U535REI6, STM32U535REI6Q, STM32U535RET6, STM32U535RET6Q, STM32U535VCI6, STM32U535VCI6Q, STM32U535VCT6, STM32U535VCT6Q, STM32U535VEI6, STM32U535VEI6Q, STM32U535VET6, STM32U535VET6Q, STM32U545CET6, STM32U545CET6Q, STM32U545CEU6, STM32U545CEU6Q, STM32U545JEY6QTR, STM32U545NEY6QTR, STM32U545REI6, STM32U545REI6Q, STM32U545RET6, STM32U545RET6Q, STM32U545VEI6, STM32U545VEI6Q, STM32U545VET6, STM32U545VET6Q, STM32U595AIH6, STM32U595AIH6Q, STM32U595AJH6, STM32U595AJH6Q, STM32U595QII6, STM32U595QII6Q, STM32U595QJI6, STM32U595QJI6Q, STM32U595RIT6, STM32U595RIT6Q, STM32U595RJT6, STM32U595RJT6Q, STM32U595VIT6, STM32U595VIT6Q, STM32U595VJT6, STM32U595VJT6Q, STM32U595ZIT6, STM32U595ZIT6Q, STM32U595ZIY6QTR, STM32U595ZJT6, STM32U595ZJT6Q, STM32U595ZJY6QTR, STM32U599BJY6QTR, STM32U599NIH6Q, STM32U599NJH6Q, STM32U599VIT6Q, STM32U599VJT6, STM32U599VJT6Q, STM32U599ZIT6Q, STM32U599ZIY6QTR, STM32U599ZJT6Q, STM32U599ZJY6QTR, STM32U5A5AJH6, STM32U5A5AJH6Q, STM32U5A5QII3Q , STM32U5A5QJI6, STM32U5A5QJI6Q, STM32U5A5RJT6, STM32U5A5RJT6Q, STM32U5A5VJT6, STM32U5A5VJT6Q, STM32U5A5ZJT6, STM32U5A5ZJT6Q, STM32U5A5ZJY6QTR, STM32U5A9BJY6QTR, STM32U5A9J-DK, STM32U5A9NJH6Q, STM32U5A9VJT6Q, STM32U5A9ZJT6Q, STM32U5A9ZJY6QTR, STM32U5F7VIT6, STM32U5F7VIT6Q, STM32U5F7VJT6, STM32U5F7VJT6Q, STM32U5F9BJY6QTR, STM32U5F9NJH6Q, STM32U5F9VIT6Q, STM32U5F9VJT6Q, STM32U5F9ZIJ6QTR, STM32U5F9ZIT6Q, STM32U5F9ZJJ6QTR, STM32U5F9ZJT6Q, STM32U5G7VJT6, STM32U5G7VJT6Q, STM32U5G9BJY6QTR, STM32U5G9J-DK1, STM32U5G9J-DK2, STM32U5G9NJH6Q, STM32U5G9VJT6Q, STM32U5G9ZJJ6QTR, STM32U5G9ZJT6Q, STM32WB05KZV6TR, STM32WB05KZV7TR, STM32WB05TZF6TR, STM32WB05TZF7TR, STM32WB06CCF6TR, STM32WB06CCF7TR, STM32WB06CCV6TR, STM32WB06CCV7TR, STM32WB06KCV6TR, STM32WB06KCV7TR, STM32WB07CCF6TR, STM32WB07CCF7TR, STM32WB07CCV6TR, STM32WB07CCV7TR, STM32WB07KCV6TR, STM32WB07KCV7TR, STM32WB09KEV6TR, STM32WB09KEV7TR, STM32WB09TEF6TR, STM32WB09TEF7TR, STM32WB1MMCH6, STM32WBA50KGU6, STM32WBA50KGU6TR, STM32WBA52CEU6, STM32WBA52CEU6TR, STM32WBA52CEU7, STM32WBA52CEU7TR, STM32WBA52CGU6, STM32WBA52CGU6TR, STM32WBA52CGU6U, STM32WBA52CGU7, STM32WBA52CGU7TR, STM32WBA52KEU6, STM32WBA52KEU6TR, STM32WBA52KGU6, STM32WBA52KGU6TR, STM32WBA54CEU6, STM32WBA54CEU6TR, STM32WBA54CEU7, STM32WBA54CEU7TR, STM32WBA54CGU6, STM32WBA54CGU6TR, STM32WBA54CGU7, STM32WBA54CGU7TR, STM32WBA54KEU6, STM32WBA54KEU6TR, STM32WBA54KEU7, STM32WBA54KEU7TR, STM32WBA54KGU6, STM32WBA54KGU6TR, STM32WBA54KGU7, STM32WBA54KGU7TR, STM32WBA55CEU6, STM32WBA55CEU6TR, STM32WBA55CEU7, STM32WBA55CEU7TR, STM32WBA55CGU6, STM32WBA55CGU6TR, STM32WBA55CGU6U, STM32WBA55CGU7, STM32WBA55CGU7TR, STM32WBA55G-DK1, STM32WBA55HEF6, STM32WBA55HEF7, STM32WBA55HGF6, STM32WBA55HGF7, STM32WBA55UEI6, STM32WBA55UEI6TR, STM32WBA55UEI7, STM32WBA55UEI7TR, STM32WBA55UGI6, STM32WBA55UGI6TR, STM32WBA55UGI7, STM32WBA55UGI7TR, STM32WBA5MJGH6TR, STM32WBA62CGU6, STM32WBA62CIU6, STM32WBA62MGF6, STM32WBA62MIF6, STM32WBA62PGI6, STM32WBA62PII6, STM32WBA63CGU6, STM32WBA63CGU7, STM32WBA63CIU6, STM32WBA63CIU7, STM32WBA64CGU6, STM32WBA64CGU7, STM32WBA64CIU6, STM32WBA64CIU7, STM32WBA65CGU6, STM32WBA65CGU7, STM32WBA65CIU6, STM32WBA65CIU7, STM32WBA65I-DK1, STM32WBA65MGF6, STM32WBA65MGF7, STM32WBA65MIF6, STM32WBA65MIF7, STM32WBA65PGI6, STM32WBA65PGI7, STM32WBA65PII6, STM32WBA65PII7, STM32WBA65RGV6, STM32WBA65RGV7, STM32WBA65RIV6, STM32WBA65RIV7, STM32WL30K8V6, STM32WL30KBV6, STM32WL31C8V6, STM32WL31CBV6, STM32WL31K8V6, STM32WL31KBV6, STM32WL33C8V6, STM32WL33C8V6TR, STM32WL33C8V7, STM32WL33C8V7TR, STM32WL33CBV6, STM32WL33CBV6TR, STM32WL33CBV7, STM32WL33CBV7TR, STM32WL33CCV6, STM32WL33CCV6TR, STM32WL33CCV7, STM32WL33CCV7A, STM32WL33CCV7ATR, STM32WL33CCV7TR, STM32WL33K8V6, STM32WL33K8V6TR, STM32WL33K8V7, STM32WL33K8V7TR, STM32WL33KBV6, STM32WL33KBV6TR, STM32WL33KBV7, STM32WL33KBV7TR, STM32WL33KCV6, STM32WL33KCV6TR, STM32WL33KCV7, STM32WL33KCV7TR, STM32WL5MOCH6, STM32WL5MOCH6TR]
2025-06-30 15:28:48,987 [INFO] DbMcus:218 - Found 4686 MCUs, 4686 are supported
2025-06-30 15:28:48,990 [INFO] ApiDb:423 - Load user favorites file C:\Users\nicola.reat/.stm32cubeide/favorites.mcus.txt: 0 item(s)
2025-06-30 15:28:48,990 [INFO] ApiDb:427 - User favorites MCUs=[]
2025-06-30 15:28:48,990 [INFO] DbMcus:224 - Set 0 / 0 favorites MCUs
2025-06-30 15:28:49,239 [INFO] ApiDb:423 - Load user favorites file C:\Users\nicola.reat/.stm32cubeide/favorites.boards.txt: 0 item(s)
2025-06-30 15:28:49,239 [INFO] ApiDb:427 - User favorites Boards=[]
2025-06-30 15:28:49,240 [INFO] DbBoards:198 - Set 0 / 0 favorites Boards
2025-06-30 15:28:49,240 [INFO] McuFinderGlobals:76 - Set McuFinderConnectedMode to true
2025-06-30 15:28:49,249 [INFO] MultiScanPanel:200 - Auto-refresh data requested => check proxy status ongoing
2025-06-30 15:28:49,251 [INFO] FinderPluginLoader:95 - Searching for filters in installed packs
2025-06-30 15:28:50,667 [INFO] LoadUrlFilesThread:185 - End of LoadServerUrlFiles without Thread
2025-06-30 15:28:50,731 [INFO] DetailPanel:341 - Set advertising image to C:/Users/nicola.reat/STM32Cube/Repository/\en.cubemxfinderstm32wba6.jpg
2025-06-30 15:29:04,659 [INFO] MainUpdater:2872 - connection check result : 10
2025-06-30 15:29:04,659 [INFO] MainUpdater:2872 - connection check result : 10
2025-06-30 15:29:04,684 [INFO] MicroXplorer:468 - Change Database Path : 
2025-06-30 15:29:04,684 [INFO] MicroXplorer:498 - Change Database Version : DB.6.0.141
2025-06-30 15:29:04,690 [WARN] ThirdParty:871 - waiting for thirdparty lock release [close project]
2025-06-30 15:29:04,690 [INFO] ThirdParty:873 - entering critical section [close project]
2025-06-30 15:29:04,692 [INFO] ThirdParty:883 - exiting critical section [close project]
2025-06-30 15:29:04,696 [INFO] PinOutPanel:1589 - setPackage(No Configuration,No Configuration)
2025-06-30 15:29:04,703 [INFO] UtilMem:75 - Begin LoadConfig() Used Memory: 731973288 Bytes (846200832)
2025-06-30 15:29:45,391 [INFO] MainUpdater:2872 - connection check result : 10
2025-06-30 15:29:45,480 [INFO] McuFinderGlobals:76 - Set McuFinderConnectedMode to true
2025-06-30 15:29:45,481 [INFO] MultiScanPanel:200 - Auto-refresh data requested => check proxy status ongoing
2025-06-30 15:29:45,481 [INFO] FinderPluginLoader:95 - Searching for filters in installed packs
2025-06-30 15:29:46,098 [INFO] LoadUrlFilesThread:185 - End of LoadServerUrlFiles without Thread
2025-06-30 15:29:46,098 [INFO] DetailPanel:341 - Set advertising image to C:/Users/nicola.reat/STM32Cube/Repository/\en.cubemxfinderstm32wba6.jpg
2025-06-30 15:29:51,348 [INFO] MainUpdater:2872 - connection check result : 10
2025-06-30 15:29:51,348 [INFO] MainUpdater:2872 - connection check result : 10
2025-06-30 15:29:51,372 [INFO] MicroXplorer:468 - Change Database Path : 
2025-06-30 15:29:51,372 [INFO] MicroXplorer:498 - Change Database Version : DB.6.0.141
2025-06-30 15:29:51,372 [WARN] ThirdParty:871 - waiting for thirdparty lock release [close project]
2025-06-30 15:29:51,372 [INFO] ThirdParty:873 - entering critical section [close project]
2025-06-30 15:29:51,372 [INFO] ThirdParty:883 - exiting critical section [close project]
2025-06-30 15:29:51,372 [INFO] PinOutPanel:1589 - setPackage(No Configuration,No Configuration)
2025-06-30 15:29:51,373 [INFO] UtilMem:75 - Begin LoadConfig() Used Memory: 794902440 Bytes (1073741824)
2025-06-30 15:48:40,169 [INFO] MainUpdater:2872 - connection check result : 10
2025-06-30 15:48:40,243 [INFO] McuFinderGlobals:76 - Set McuFinderConnectedMode to true
2025-06-30 15:48:40,245 [INFO] MultiScanPanel:200 - Auto-refresh data requested => check proxy status ongoing
2025-06-30 15:48:40,245 [INFO] FinderPluginLoader:95 - Searching for filters in installed packs
2025-06-30 15:48:40,970 [INFO] LoadUrlFilesThread:185 - End of LoadServerUrlFiles without Thread
2025-06-30 15:48:40,970 [INFO] DetailPanel:341 - Set advertising image to C:/Users/nicola.reat/STM32Cube/Repository/\en.cubemxfinderstm32wba6.jpg
2025-06-30 15:48:45,373 [INFO] MainUpdater:2872 - connection check result : 10
2025-06-30 15:48:45,374 [INFO] MainUpdater:2872 - connection check result : 10
2025-06-30 15:48:45,387 [INFO] MicroXplorer:468 - Change Database Path : 
2025-06-30 15:48:45,387 [INFO] MicroXplorer:498 - Change Database Version : DB.6.0.141
2025-06-30 15:48:45,387 [WARN] ThirdParty:871 - waiting for thirdparty lock release [close project]
2025-06-30 15:48:45,388 [INFO] ThirdParty:873 - entering critical section [close project]
2025-06-30 15:48:45,388 [INFO] ThirdParty:883 - exiting critical section [close project]
2025-06-30 15:48:45,388 [INFO] PinOutPanel:1589 - setPackage(No Configuration,No Configuration)
2025-06-30 15:48:45,388 [INFO] UtilMem:75 - Begin LoadConfig() Used Memory: 946864128 Bytes (1073741824)
2025-06-30 15:48:45,389 [INFO] MicroXplorer:468 - Change Database Path : 
2025-06-30 15:48:45,389 [INFO] MicroXplorer:498 - Change Database Version : DB.6.0.141
2025-06-30 15:48:45,389 [INFO] OpenFileManager:354 - Change cursor
2025-06-30 15:48:45,450 [INFO] Mcu:2011 - Initializing MCU STM32F446R(C-E)Tx STM32F446RETx STM32F446RET6
2025-06-30 15:48:47,103 [INFO] Context:756 - Trying to add GPIOservice into a context  which must be forbidden
2025-06-30 15:48:47,456 [INFO] ImportTextPane:218 - (OptionalMessage_ERROR) Pin11 (VP_RIF_VS_RIF1) cannot be retrieved for this MCU
2025-06-30 15:48:47,611 [INFO] RtosManager:558 - Registered RTOS mode: class=CMSIS, group=RTOS, mode=CMSIS_V1, owner=FREERTOS
2025-06-30 15:48:47,611 [INFO] RtosManager:558 - Registered RTOS mode: class=CMSIS, group=RTOS2, mode=CMSIS_V2, owner=FREERTOS
2025-06-30 15:48:47,611 [INFO] RtosManager:558 - Registered RTOS mode: class=RTOS, group=Core, mode=CMSIS_V1, owner=FREERTOS
2025-06-30 15:48:47,611 [INFO] RtosManager:558 - Registered RTOS mode: class=RTOS, group=Core, mode=CMSIS_V2, owner=FREERTOS
2025-06-30 15:48:47,611 [WARN] ModelIntegratedComponent:184 - Missing modes for component STMicroelectronics:FreeRTOS:0.0.1:STMicroelectronics:RTOS:FreeRTOS:Core:::10.2.0:
2025-06-30 15:48:47,618 [WARN] ModelIntegratedComponent:63 - No mode defined for component null
2025-06-30 15:48:47,618 [WARN] ModelIntegratedComponent:63 - No mode defined for component null
2025-06-30 15:48:47,618 [WARN] ModelIntegratedComponent:63 - No mode defined for component null
2025-06-30 15:48:47,618 [WARN] ModelIntegratedComponent:63 - No mode defined for component null
2025-06-30 15:48:47,618 [WARN] ModelIntegratedComponent:63 - No mode defined for component null
2025-06-30 15:48:47,618 [WARN] ModelIntegratedComponent:63 - No mode defined for component null
2025-06-30 15:48:47,618 [WARN] ModelIntegratedComponent:63 - No mode defined for component null
2025-06-30 15:48:47,618 [WARN] ModelIntegratedComponent:63 - No mode defined for component null
2025-06-30 15:48:47,619 [WARN] ModelIntegratedComponent:63 - No mode defined for component null
2025-06-30 15:48:47,619 [WARN] ModelIntegratedComponent:63 - No mode defined for component null
2025-06-30 15:48:47,619 [WARN] ModelIntegratedComponent:63 - No mode defined for component null
2025-06-30 15:48:47,619 [WARN] ModelIntegratedComponent:63 - No mode defined for component null
2025-06-30 15:48:47,619 [WARN] ModelIntegratedComponent:63 - No mode defined for component null
2025-06-30 15:48:47,619 [WARN] ModelIntegratedComponent:63 - No mode defined for component null
2025-06-30 15:48:47,619 [WARN] ModelIntegratedComponent:63 - No mode defined for component null
2025-06-30 15:48:47,619 [WARN] ModelIntegratedComponent:63 - No mode defined for component null
2025-06-30 15:48:47,619 [WARN] ModelIntegratedComponent:63 - No mode defined for component null
2025-06-30 15:48:47,619 [WARN] ModelIntegratedComponent:63 - No mode defined for component null
2025-06-30 15:48:47,619 [WARN] ModelIntegratedComponent:63 - No mode defined for component null
2025-06-30 15:48:47,619 [WARN] ModelIntegratedComponent:63 - No mode defined for component null
2025-06-30 15:48:47,619 [WARN] ModelIntegratedComponent:63 - No mode defined for component null
2025-06-30 15:48:47,619 [WARN] ModelIntegratedComponent:63 - No mode defined for component null
2025-06-30 15:48:47,619 [WARN] ModelIntegratedComponent:63 - No mode defined for component null
2025-06-30 15:48:47,619 [WARN] ModelIntegratedComponent:63 - No mode defined for component null
2025-06-30 15:48:47,619 [WARN] ModelIntegratedComponent:63 - No mode defined for component null
2025-06-30 15:48:47,619 [WARN] ModelIntegratedComponent:63 - No mode defined for component null
2025-06-30 15:48:47,619 [WARN] ModelIntegratedComponent:63 - No mode defined for component null
2025-06-30 15:48:47,619 [WARN] ModelIntegratedComponent:63 - No mode defined for component null
2025-06-30 15:48:47,619 [WARN] ModelIntegratedComponent:63 - No mode defined for component null
2025-06-30 15:48:47,619 [WARN] ModelIntegratedComponent:63 - No mode defined for component null
2025-06-30 15:48:47,619 [WARN] ModelIntegratedComponent:63 - No mode defined for component null
2025-06-30 15:48:47,619 [WARN] ModelIntegratedComponent:63 - No mode defined for component null
2025-06-30 15:48:47,619 [WARN] ModelIntegratedComponent:63 - No mode defined for component null
2025-06-30 15:48:47,619 [WARN] ModelIntegratedComponent:63 - No mode defined for component null
2025-06-30 15:48:47,620 [WARN] ModelIntegratedComponent:63 - No mode defined for component null
2025-06-30 15:48:47,620 [WARN] ModelPack:524 - Component already loaded: STMicroelectronics:HAL Drivers:0.0.0:STMicroelectronics:Device:STMicro_Driver:XSPI:HAL::0.0.1:HAL_XSPI
2025-06-30 15:48:47,920 [INFO] ThirdPartyModel:298 - Start build external matchings
2025-06-30 15:48:49,287 [INFO] ThirdPartyModel:316 - End build external matchings
2025-06-30 15:48:49,313 [INFO] ImportTextPane:218 - (OptionalMessage_ERROR) IP (RCC) : Invalid parameter (FamilyName)
2025-06-30 15:48:49,314 [INFO] ImportTextPane:218 - (OptionalMessage_ERROR) IP (RCC) : Parameter (MCO2PinFreq_Value) has invalid value (180000000)
2025-06-30 15:48:49,315 [INFO] ImportTextPane:218 - (OptionalMessage_ERROR) IP (RCC) : Parameter (SDIOFreq_Value) has invalid value (180000000)
2025-06-30 15:48:49,315 [INFO] ImportTextPane:218 - (OptionalMessage_ERROR) IP (RCC) : Parameter (USBFreq_Value) has invalid value (180000000)
2025-06-30 15:48:49,531 [INFO] UtilMem:75 - End LoadConfig() Used Memory: 883559056 Bytes (1073741824)
2025-06-30 15:48:49,620 [WARN] ThirdParty:833 - waiting for thirdparty lock release [change project]
2025-06-30 15:48:49,620 [INFO] ThirdParty:835 - entering critical section [change project]
2025-06-30 15:48:49,620 [INFO] ThirdParty:1030 - CMSIS Pack Vendor :STMicroelectronics X-CUBE-PM33A1 1.0.0
2025-06-30 15:48:49,620 [INFO] ThirdParty:1030 - CMSIS Pack Vendor :STMicroelectronics USBPD 4.1
2025-06-30 15:48:49,620 [INFO] ThirdParty:1030 - CMSIS Pack Vendor :STMicroelectronics X-CUBE-GNSS1 6.0.0
2025-06-30 15:48:49,620 [INFO] ThirdParty:1030 - CMSIS Pack Vendor :STMicroelectronics USB_HOST 2.0.0
2025-06-30 15:48:49,621 [INFO] ThirdParty:1030 - CMSIS Pack Vendor :STMicroelectronics FP-SNS-MOTENVWB1 1.4.0
2025-06-30 15:48:49,621 [INFO] ThirdParty:1030 - CMSIS Pack Vendor :STMicroelectronics X-CUBE-AZRTOS-F4 1.1.0
2025-06-30 15:48:49,621 [INFO] ThirdParty:1030 - CMSIS Pack Vendor :STMicroelectronics LIBJPEG 8.0.0
2025-06-30 15:48:49,621 [INFO] ThirdParty:1030 - CMSIS Pack Vendor :STMicroelectronics FP-ATR-ASTRA1 2.0.2
2025-06-30 15:48:49,621 [INFO] ThirdParty:1030 - CMSIS Pack Vendor :STMicroelectronics FP-ATR-ASTRA1 2.0.1
2025-06-30 15:48:49,621 [INFO] ThirdParty:1030 - CMSIS Pack Vendor :Avnet-IotConnect X-CUBE-IoTC-DA16k-PMOD 1.0.0
2025-06-30 15:48:49,621 [INFO] ThirdParty:1030 - CMSIS Pack Vendor :STMicroelectronics X-CUBE-SMBUS 2.1.0
2025-06-30 15:48:49,621 [INFO] ThirdParty:1030 - CMSIS Pack Vendor :STMicroelectronics X-CUBE-WB05N 1.1.0
2025-06-30 15:48:49,621 [INFO] ThirdParty:1030 - CMSIS Pack Vendor :STMicroelectronics X-CUBE-ISPU 2.1.0
2025-06-30 15:48:49,621 [INFO] ThirdParty:1030 - CMSIS Pack Vendor :STMicroelectronics X-CUBE-FREERTOS 1.2.0
2025-06-30 15:48:49,621 [INFO] ThirdParty:1030 - CMSIS Pack Vendor :STMicroelectronics X-CUBE-ST60 1.0.0
2025-06-30 15:48:49,621 [INFO] ThirdParty:1030 - CMSIS Pack Vendor :STMicroelectronics X-CUBE-TOUCHGFX 4.23.2
2025-06-30 15:48:49,621 [INFO] ThirdParty:1030 - CMSIS Pack Vendor :STMicroelectronics X-CUBE-AZRTOS-F7 1.1.0
2025-06-30 15:48:49,621 [INFO] ThirdParty:1030 - CMSIS Pack Vendor :STMicroelectronics X-CUBE-AZRTOS-L5 2.0.0
2025-06-30 15:48:49,621 [INFO] ThirdParty:1030 - CMSIS Pack Vendor :STMicroelectronics USB_DEVICE 2.0.0
2025-06-30 15:48:49,621 [INFO] ThirdParty:1030 - CMSIS Pack Vendor :STMicroelectronics X-CUBE-NFC6 3.1.0
2025-06-30 15:48:49,621 [INFO] ThirdParty:1030 - CMSIS Pack Vendor :STMicroelectronics X-CUBE-MEMS1 11.0.0
2025-06-30 15:48:49,621 [INFO] ThirdParty:1030 - CMSIS Pack Vendor :STMicroelectronics FreeRTOS 0.0.1
2025-06-30 15:48:49,621 [INFO] ThirdParty:1030 - CMSIS Pack Vendor :STMicroelectronics X-CUBE-DPower 1.2.0
2025-06-30 15:48:49,621 [INFO] ThirdParty:1030 - CMSIS Pack Vendor :STMicroelectronics FP-SNS-FLIGHT1 5.0.2
2025-06-30 15:48:49,621 [INFO] ThirdParty:1030 - CMSIS Pack Vendor :STMicroelectronics X-CUBE-AI 9.0.0
2025-06-30 15:48:49,621 [INFO] ThirdParty:1030 - CMSIS Pack Vendor :STMicroelectronics PDM2PCM 3.3.0
2025-06-30 15:48:49,621 [INFO] ThirdParty:1030 - CMSIS Pack Vendor :STMicroelectronics X-CUBE-DISPLAY 3.0.0
2025-06-30 15:48:49,621 [INFO] ThirdParty:1030 - CMSIS Pack Vendor :STMicroelectronics X-CUBE-BLE1 7.0.0
2025-06-30 15:48:49,621 [INFO] ThirdParty:1030 - CMSIS Pack Vendor :STMicroelectronics X-CUBE-NFC10 1.0.0
2025-06-30 15:48:49,621 [INFO] ThirdParty:1030 - CMSIS Pack Vendor :STMicroelectronics X-CUBE-BLEMGR 4.0.0
2025-06-30 15:48:49,621 [INFO] ThirdParty:1030 - CMSIS Pack Vendor :STMicroelectronics X-CUBE-FREERTOS 1.3.1
2025-06-30 15:48:49,621 [INFO] ThirdParty:1030 - CMSIS Pack Vendor :STMicroelectronics HAL Drivers 0.0.0
2025-06-30 15:48:49,621 [INFO] ThirdParty:1030 - CMSIS Pack Vendor :emotas I-CUBE-CANOPEN 1.3.0
2025-06-30 15:48:49,621 [INFO] ThirdParty:1030 - CMSIS Pack Vendor :STMicroelectronics X-CUBE-FREERTOS 1.3.0
2025-06-30 15:48:49,622 [INFO] ThirdParty:1030 - CMSIS Pack Vendor :STMicroelectronics X-CUBE-NFC7 1.0.1
2025-06-30 15:48:49,622 [INFO] ThirdParty:1030 - CMSIS Pack Vendor :STMicroelectronics MBEDTLS 2.14.1
2025-06-30 15:48:49,622 [INFO] ThirdParty:1030 - CMSIS Pack Vendor :wolfSSL I-CUBE-wolfTPM 3.2.0
2025-06-30 15:48:49,622 [INFO] ThirdParty:1030 - CMSIS Pack Vendor :STMicroelectronics X-CUBE-BLEMGR 3.1.0
2025-06-30 15:48:49,622 [INFO] ThirdParty:1030 - CMSIS Pack Vendor :STMicroelectronics X-CUBE-AI 10.0.0
2025-06-30 15:48:49,622 [INFO] ThirdParty:1030 - CMSIS Pack Vendor :STMicroelectronics FP-SNS-STAIOTCFT 1.0.0
2025-06-30 15:48:49,623 [INFO] ThirdParty:1030 - CMSIS Pack Vendor :STMicroelectronics FP-SNS-SMARTAG2 1.2.0
2025-06-30 15:48:49,623 [INFO] ThirdParty:1030 - CMSIS Pack Vendor :STMicroelectronics FP-SNS-FLIGHT1 5.1.0
2025-06-30 15:48:49,623 [INFO] ThirdParty:1030 - CMSIS Pack Vendor :STMicroelectronics X-CUBE-MEMS1 11.1.0
2025-06-30 15:48:49,623 [INFO] ThirdParty:1030 - CMSIS Pack Vendor :STMicroelectronics X-CUBE-AZRTOS-WL 2.0.0
2025-06-30 15:48:49,623 [INFO] ThirdParty:1030 - CMSIS Pack Vendor :STMicroelectronics X-CUBE-DPower 1.3.0
2025-06-30 15:48:49,623 [INFO] ThirdParty:1030 - CMSIS Pack Vendor :STMicroelectronics FP-SNS-MOTENV1 5.0.0
2025-06-30 15:48:49,623 [INFO] ThirdParty:1030 - CMSIS Pack Vendor :STMicroelectronics USB_DEVICE 1.0.0
2025-06-30 15:48:49,623 [INFO] ThirdParty:1030 - CMSIS Pack Vendor :STMicroelectronics X-CUBE-AI 8.1.0
2025-06-30 15:48:49,623 [INFO] ThirdParty:1030 - CMSIS Pack Vendor :wolfSSL I-CUBE-wolfMQTT 1.19.0
2025-06-30 15:48:49,623 [INFO] ThirdParty:1030 - CMSIS Pack Vendor :STMicroelectronics X-CUBE-AZRTOS-L4 2.0.0
2025-06-30 15:48:49,623 [INFO] ThirdParty:1030 - CMSIS Pack Vendor :STMicroelectronics ThreadX 0.0.2
2025-06-30 15:48:49,623 [INFO] ThirdParty:1030 - CMSIS Pack Vendor :WES I-CUBE-Cesium 1.3.0
2025-06-30 15:48:49,623 [INFO] ThirdParty:1030 - CMSIS Pack Vendor :STMicroelectronics lwIP 2.1.2
2025-06-30 15:48:49,623 [INFO] ThirdParty:1030 - CMSIS Pack Vendor :STMicroelectronics X-CUBE-SFXS2LP1 4.0.0
2025-06-30 15:48:49,623 [INFO] ThirdParty:1030 - CMSIS Pack Vendor :STMicroelectronics X-CUBE-BLE2 3.3.0
2025-06-30 15:48:49,623 [INFO] ThirdParty:1030 - CMSIS Pack Vendor :STMicroelectronics PDM2PCM 3.2.0
2025-06-30 15:48:49,623 [INFO] ThirdParty:1030 - CMSIS Pack Vendor :STMicroelectronics X-CUBE-AZRTOS-H7 3.3.0
2025-06-30 15:48:49,623 [INFO] ThirdParty:1030 - CMSIS Pack Vendor :STMicroelectronics X-CUBE-NFC9 1.0.0
2025-06-30 15:48:49,623 [INFO] ThirdParty:1030 - CMSIS Pack Vendor :STMicroelectronics X-CUBE-BLE1 7.1.0
2025-06-30 15:48:49,623 [INFO] ThirdParty:1030 - CMSIS Pack Vendor :STMicroelectronics USB_DEVICE 3.0.0
2025-06-30 15:48:49,623 [INFO] ThirdParty:1030 - CMSIS Pack Vendor :STMicroelectronics X-CUBE-TCPP 4.1.0
2025-06-30 15:48:49,623 [INFO] ThirdParty:1030 - CMSIS Pack Vendor :STMicroelectronics X-CUBE-IPS 3.0.0
2025-06-30 15:48:49,623 [INFO] ThirdParty:1030 - CMSIS Pack Vendor :STMicroelectronics X-CUBE-AZRTOS-WB 2.0.0
2025-06-30 15:48:49,623 [INFO] ThirdParty:1030 - CMSIS Pack Vendor :STMicroelectronics X-CUBE-GNSS1 7.0.0
2025-06-30 15:48:49,623 [INFO] ThirdParty:1030 - CMSIS Pack Vendor :STMicroelectronics X-CUBE-GNSS1 7.0.1
2025-06-30 15:48:49,623 [INFO] ThirdParty:1030 - CMSIS Pack Vendor :STMicroelectronics X-CUBE-TOUCHGFX 4.25.0
2025-06-30 15:48:49,623 [INFO] ThirdParty:1030 - CMSIS Pack Vendor :STMicroelectronics X-CUBE-AI 10.1.0
2025-06-30 15:48:49,623 [INFO] ThirdParty:1030 - CMSIS Pack Vendor :STMicroelectronics FP-SNS-STBOX1 2.0.0
2025-06-30 15:48:49,623 [INFO] ThirdParty:1030 - CMSIS Pack Vendor :STMicroelectronics X-CUBE-ALGOBUILD 1.3.0
2025-06-30 15:48:49,623 [INFO] ThirdParty:1030 - CMSIS Pack Vendor :STMicroelectronics X-CUBE-MEMS1 11.2.0
2025-06-30 15:48:49,624 [INFO] ThirdParty:1030 - CMSIS Pack Vendor :STMicroelectronics X-CUBE-AZRTOS-G0 1.1.0
2025-06-30 15:48:49,624 [INFO] ThirdParty:1030 - CMSIS Pack Vendor :STMicroelectronics X-CUBE-SAFEA1 1.2.2
2025-06-30 15:48:49,624 [INFO] ThirdParty:1030 - CMSIS Pack Vendor :STMicroelectronics X-CUBE-NFC4 3.0.0
2025-06-30 15:48:49,624 [INFO] ThirdParty:1030 - CMSIS Pack Vendor :STMicroelectronics X-CUBE-SUBG2 5.0.0
2025-06-30 15:48:49,624 [INFO] ThirdParty:1030 - CMSIS Pack Vendor :STMicroelectronics X-CUBE-AZRTOS-H7RS 1.1.0
2025-06-30 15:48:49,624 [INFO] ThirdParty:1030 - CMSIS Pack Vendor :STMicroelectronics STM32_WPAN 1.0.0
2025-06-30 15:48:49,624 [INFO] ThirdParty:1030 - CMSIS Pack Vendor :wolfSSL I-CUBE-wolfMQTT 1.18.0
2025-06-30 15:48:49,624 [INFO] ThirdParty:1030 - CMSIS Pack Vendor :EmbeddedOffice I-CUBE-FS-RTOS 1.0.1
2025-06-30 15:48:49,624 [INFO] ThirdParty:1030 - CMSIS Pack Vendor :STMicroelectronics lwIP 2.0.3
2025-06-30 15:48:49,624 [INFO] ThirdParty:1030 - CMSIS Pack Vendor :STMicroelectronics USB_HOST 1.0.0
2025-06-30 15:48:49,624 [INFO] ThirdParty:1030 - CMSIS Pack Vendor :STMicroelectronics X-CUBE-AZRTOS-G4 2.0.0
2025-06-30 15:48:49,624 [INFO] ThirdParty:1030 - CMSIS Pack Vendor :STMicroelectronics X-CUBE-WB05N 2.0.0
2025-06-30 15:48:49,624 [INFO] ThirdParty:1030 - CMSIS Pack Vendor :STMicroelectronics PDM2PCM 3.1.0
2025-06-30 15:48:49,624 [INFO] ThirdParty:1030 - CMSIS Pack Vendor :STMicroelectronics X-CUBE-NFC7 2.0.0
2025-06-30 15:48:49,624 [INFO] ThirdParty:1030 - CMSIS Pack Vendor :STMicroelectronics X-CUBE-TCPP 4.2.0
2025-06-30 15:48:49,624 [INFO] ThirdParty:1030 - CMSIS Pack Vendor :RealThread X-CUBE-RT-Thread_Nano 4.1.1
2025-06-30 15:48:49,624 [INFO] ThirdParty:1030 - CMSIS Pack Vendor :wolfSSL I-CUBE-wolfSSL 5.7.0
2025-06-30 15:48:49,624 [INFO] ThirdParty:1030 - CMSIS Pack Vendor :STMicroelectronics FP-SNS-MOTENVWB1 1.3.1
2025-06-30 15:48:49,624 [INFO] ThirdParty:1030 - CMSIS Pack Vendor :STMicroelectronics FP-ATR-SIGFOX1 3.2.0
2025-06-30 15:48:49,624 [INFO] ThirdParty:1030 - CMSIS Pack Vendor :quantropi X-CUBE-qispace-sdk-base 1.9.3
2025-06-30 15:48:49,624 [INFO] ThirdParty:1030 - CMSIS Pack Vendor :STMicroelectronics X-CUBE-ISPU 2.0.0
2025-06-30 15:48:49,624 [INFO] ThirdParty:1030 - CMSIS Pack Vendor :STMicroelectronics X-CUBE-EEPRMA1 5.1.0
2025-06-30 15:48:49,624 [INFO] ThirdParty:1030 - CMSIS Pack Vendor :STMicroelectronics MBEDTLS 2.16.2
2025-06-30 15:48:49,624 [INFO] ThirdParty:1030 - CMSIS Pack Vendor :STMicroelectronics X-CUBE-IPS 3.1.0
2025-06-30 15:48:49,624 [INFO] ThirdParty:1030 - CMSIS Pack Vendor :STMicroelectronics X-CUBE-ALS 1.0.2
2025-06-30 15:48:49,624 [INFO] ThirdParty:1030 - CMSIS Pack Vendor :STMicroelectronics X-CUBE-MEMS1 10.0.0
2025-06-30 15:48:49,624 [INFO] ThirdParty:1030 - CMSIS Pack Vendor :STMicroelectronics X-CUBE-FREERTOS 1.1.0
2025-06-30 15:48:49,624 [INFO] ThirdParty:1030 - CMSIS Pack Vendor :STMicroelectronics X-CUBE-TOUCHGFX 4.24.0
2025-06-30 15:48:49,624 [INFO] ThirdParty:1030 - CMSIS Pack Vendor :ITTIA_DB I-CUBE-ITTIADB 8.9.0
2025-06-30 15:48:49,624 [INFO] ThirdParty:1030 - CMSIS Pack Vendor :STMicroelectronics X-CUBE-TOUCHGFX 4.24.2
2025-06-30 15:48:49,624 [INFO] ThirdParty:1030 - CMSIS Pack Vendor :STMicroelectronics X-CUBE-TOUCHGFX 4.24.1
2025-06-30 15:48:49,624 [INFO] ThirdParty:1030 - CMSIS Pack Vendor :portGmbH I-Cube-SoM-uGOAL 1.1.0
2025-06-30 15:48:49,624 [INFO] ThirdParty:1030 - CMSIS Pack Vendor :STMicroelectronics X-CUBE-ALS 1.0.1
2025-06-30 15:48:49,624 [INFO] ThirdParty:1030 - CMSIS Pack Vendor :STMicroelectronics X-CUBE-ST67W61 1.0.0
2025-06-30 15:48:49,624 [INFO] ThirdParty:1030 - CMSIS Pack Vendor :STMicroelectronics ThreadX 1.0.0
2025-06-30 15:48:49,624 [INFO] ThirdParty:1030 - CMSIS Pack Vendor :SEGGER I-CUBE-embOS 1.3.1
2025-06-30 15:48:49,624 [INFO] ThirdParty:1030 - CMSIS Pack Vendor :STMicroelectronics X-CUBE-ALGOBUILD 1.4.0
2025-06-30 15:48:49,624 [INFO] ThirdParty:1030 - CMSIS Pack Vendor :STMicroelectronics X-CUBE-MEMS1 11.3.0
2025-06-30 15:48:49,624 [INFO] ThirdParty:1030 - CMSIS Pack Vendor :STMicroelectronics X-CUBE-AZRTOS-H7RS 1.0.0
2025-06-30 15:48:49,624 [INFO] ThirdParty:1030 - CMSIS Pack Vendor :STMicroelectronics FP-ATR-ASTRA1 2.0.0
2025-06-30 15:48:49,624 [INFO] ThirdParty:1030 - CMSIS Pack Vendor :STMicroelectronics X-CUBE-TOF1 3.4.2
2025-06-30 15:48:49,624 [INFO] ThirdParty:1030 - CMSIS Pack Vendor :STMicroelectronics X-CUBE-TOF1 3.4.3
2025-06-30 15:48:49,624 [INFO] ThirdParty:1030 - CMSIS Pack Vendor :STMicroelectronics X-CUBE-AI 9.1.0
2025-06-30 15:48:49,624 [INFO] ThirdParty:1030 - CMSIS Pack Vendor :STMicroelectronics X-CUBE-TOF1 3.4.1
2025-06-30 15:48:49,624 [INFO] ThirdParty:1030 - CMSIS Pack Vendor :STMicroelectronics X-CUBE-AZRTOS-H7 3.2.0
2025-06-30 15:48:49,624 [INFO] ThirdParty:1030 - CMSIS Pack Vendor :Infineon AIROC-Wi-Fi-Bluetooth-STM32 1.6.0
2025-06-30 15:48:49,624 [INFO] ThirdParty:1030 - CMSIS Pack Vendor :wolfSSL I-CUBE-wolfSSH 1.4.17
2025-06-30 15:48:49,624 [INFO] ThirdParty:841 - exiting critical section [change project]
2025-06-30 15:48:49,929 [INFO] PinOutPanel:1589 - setPackage(No Configuration,No Configuration)
2025-06-30 15:48:49,932 [INFO] PinOutPanel:1589 - setPackage(STM32F446RETx,LQFP64)
2025-06-30 15:48:50,520 [INFO] UtilMem:75 - Before build in PCC Used Memory: 951230464 Bytes (1073741824)
2025-06-30 15:48:51,571 [INFO] UtilMem:75 - After build in PCC Used Memory: 790217376 Bytes (1073741824)
2025-06-30 15:48:51,592 [INFO] IPUIPlugin:80 - create IPUIPlugin
2025-06-30 15:48:51,592 [INFO] IPUIPlugin:80 - create IPUIPlugin
2025-06-30 15:48:51,592 [INFO] IPUIPlugin:80 - create IPUIPlugin
2025-06-30 15:48:51,592 [INFO] IPUIPlugin:80 - create IPUIPlugin
2025-06-30 15:48:51,592 [INFO] IPUIPlugin:80 - create IPUIPlugin
2025-06-30 15:48:51,593 [INFO] IPUIPlugin:80 - create IPUIPlugin
2025-06-30 15:48:51,593 [INFO] IPUIPlugin:80 - create IPUIPlugin
2025-06-30 15:48:51,593 [INFO] IPUIPlugin:80 - create IPUIPlugin
2025-06-30 15:48:51,593 [INFO] IPUIPlugin:80 - create IPUIPlugin
2025-06-30 15:48:51,593 [INFO] IPUIPlugin:80 - create IPUIPlugin
2025-06-30 15:48:51,593 [INFO] IPUIPlugin:80 - create IPUIPlugin
2025-06-30 15:48:51,593 [INFO] IPUIPlugin:80 - create IPUIPlugin
2025-06-30 15:48:51,593 [INFO] IPUIPlugin:80 - create IPUIPlugin
2025-06-30 15:48:51,593 [INFO] IPUIPlugin:80 - create IPUIPlugin
2025-06-30 15:48:51,593 [INFO] IPUIPlugin:80 - create IPUIPlugin
2025-06-30 15:48:51,593 [INFO] IPUIPlugin:80 - create IPUIPlugin
2025-06-30 15:48:51,593 [INFO] IPUIPlugin:80 - create IPUIPlugin
2025-06-30 15:48:51,593 [INFO] IPUIPlugin:80 - create IPUIPlugin
2025-06-30 15:48:51,593 [INFO] IPUIPlugin:80 - create IPUIPlugin
2025-06-30 15:48:51,593 [INFO] IPUIPlugin:80 - create IPUIPlugin
2025-06-30 15:48:51,593 [INFO] IPUIPlugin:80 - create IPUIPlugin
2025-06-30 15:48:51,593 [INFO] IPUIPlugin:80 - create IPUIPlugin
2025-06-30 15:48:51,594 [INFO] IPUIPlugin:80 - create IPUIPlugin
2025-06-30 15:48:51,594 [INFO] IPUIPlugin:80 - create IPUIPlugin
2025-06-30 15:48:51,594 [INFO] IPUIPlugin:80 - create IPUIPlugin
2025-06-30 15:48:51,594 [INFO] IPUIPlugin:80 - create IPUIPlugin
2025-06-30 15:48:51,594 [INFO] IPUIPlugin:80 - create IPUIPlugin
2025-06-30 15:48:51,594 [INFO] IPUIPlugin:80 - create IPUIPlugin
2025-06-30 15:48:51,594 [INFO] IPUIPlugin:80 - create IPUIPlugin
2025-06-30 15:48:51,594 [INFO] IPUIPlugin:80 - create IPUIPlugin
2025-06-30 15:48:51,594 [INFO] IPUIPlugin:80 - create IPUIPlugin
2025-06-30 15:48:51,595 [INFO] IPUIPlugin:80 - create IPUIPlugin
2025-06-30 15:48:51,595 [INFO] IPUIPlugin:80 - create IPUIPlugin
2025-06-30 15:48:51,595 [INFO] IPUIPlugin:80 - create IPUIPlugin
2025-06-30 15:48:51,595 [INFO] IPUIPlugin:80 - create IPUIPlugin
2025-06-30 15:48:51,595 [INFO] IPUIPlugin:80 - create IPUIPlugin
2025-06-30 15:48:51,595 [INFO] IPUIPlugin:80 - create IPUIPlugin
2025-06-30 15:48:51,595 [INFO] IPUIPlugin:80 - create IPUIPlugin
2025-06-30 15:48:51,595 [INFO] IPUIPlugin:80 - create IPUIPlugin
2025-06-30 15:48:51,595 [INFO] IPUIPlugin:80 - create IPUIPlugin
2025-06-30 15:48:51,595 [INFO] IPUIPlugin:80 - create IPUIPlugin
2025-06-30 15:48:51,595 [INFO] IPUIPlugin:80 - create IPUIPlugin
2025-06-30 15:48:51,595 [INFO] IPUIPlugin:80 - create IPUIPlugin
2025-06-30 15:48:51,596 [INFO] IPUIPlugin:80 - create IPUIPlugin
2025-06-30 15:48:51,596 [INFO] IPUIPlugin:80 - create IPUIPlugin
2025-06-30 15:48:51,597 [INFO] IPUIPlugin:80 - create IPUIPlugin
2025-06-30 15:48:51,597 [INFO] IPUIPlugin:80 - create IPUIPlugin
2025-06-30 15:48:51,597 [INFO] IPUIPlugin:80 - create IPUIPlugin
2025-06-30 15:48:51,597 [INFO] IPUIPlugin:80 - create IPUIPlugin
2025-06-30 15:48:51,598 [INFO] IPUIPlugin:80 - create IPUIPlugin
2025-06-30 15:48:51,598 [INFO] IPUIPlugin:80 - create IPUIPlugin
2025-06-30 15:48:51,598 [INFO] IPUIPlugin:80 - create IPUIPlugin
2025-06-30 15:48:51,598 [INFO] IPUIPlugin:80 - create IPUIPlugin
2025-06-30 15:48:51,598 [INFO] IPUIPlugin:80 - create IPUIPlugin
2025-06-30 15:48:51,598 [INFO] IPUIPlugin:80 - create IPUIPlugin
2025-06-30 15:48:51,598 [INFO] IPUIPlugin:80 - create IPUIPlugin
2025-06-30 15:48:51,599 [INFO] IPUIPlugin:80 - create IPUIPlugin
2025-06-30 15:48:51,599 [INFO] IPUIPlugin:80 - create IPUIPlugin
2025-06-30 15:48:51,599 [INFO] IPUIPlugin:80 - create IPUIPlugin
2025-06-30 15:48:51,599 [INFO] IPUIPlugin:80 - create IPUIPlugin
2025-06-30 15:48:51,662 [INFO] ApiDbMcu:508 - Load IP Config File for PDM2PCM
2025-06-30 15:48:51,672 [INFO] Can:71 - Can Add PropertyChangeListener com.st.microxplorer.plugins.ip.can.Can@799dda62
2025-06-30 15:48:51,673 [WARN] IP:2250 - I2C_Coeff_DF not found: check if there is a RefParameter without a condition.
2025-06-30 15:48:51,673 [WARN] IP:2250 - Analog_Filter not found: check if there is a RefParameter without a condition.
2025-06-30 15:48:51,858 [INFO] CADModel:165 - CPN selected for project levelSTM32F446RET6
2025-06-30 15:48:51,858 [INFO] CADModel:114 - Register for checkConnection events
2025-06-30 15:48:51,896 [INFO] OpenFileManager:385 - Restore cursor
2025-06-30 15:48:52,072 [WARN] IP:2250 - I2C_Coeff_DF not found: check if there is a RefParameter without a condition.
2025-06-30 15:48:52,072 [WARN] IP:2250 - Analog_Filter not found: check if there is a RefParameter without a condition.
2025-06-30 15:48:52,073 [WARN] IP:2250 - I2C_Coeff_DF not found: check if there is a RefParameter without a condition.
2025-06-30 15:48:52,073 [WARN] IP:2250 - Analog_Filter not found: check if there is a RefParameter without a condition.
2025-06-30 15:48:53,252 [INFO] UtilMem:75 - End SaveConfig() Used Memory: 1001505480 Bytes (1073741824)
2025-06-30 15:48:53,333 [INFO] UtilMem:75 - End SaveConfig() Used Memory: 768908344 Bytes (1073741824)
2025-06-30 15:48:54,061 [INFO] BlockDiagram:2775 - set Specific Code input for plugin: CAN
2025-06-30 15:48:54,062 [INFO] BlockDiagram:2775 - set Specific Code input for plugin: SYS
2025-06-30 15:48:54,062 [INFO] BlockDiagram:2775 - set Specific Code input for plugin: RCC
2025-06-30 15:48:54,062 [INFO] BlockDiagram:2775 - set Specific Code input for plugin: I2C
2025-06-30 15:48:54,062 [INFO] BlockDiagram:2775 - set Specific Code input for plugin: NVIC
2025-06-30 15:48:54,062 [INFO] BlockDiagram:2775 - set Specific Code input for plugin: GPIO
2025-06-30 15:48:54,067 [INFO] CodeGenerator:882 - code generatio: config db path: C:\ST\STM32CubeIDE_1.15.0\STM32CubeIDE\plugins\com.st.stm32cube.common.mx_6.14.1.202504091515\\db\
2025-06-30 15:48:54,077 [WARN] IP:2250 - I2C_Coeff_DF not found: check if there is a RefParameter without a condition.
2025-06-30 15:48:54,078 [WARN] IP:2250 - Analog_Filter not found: check if there is a RefParameter without a condition.
2025-06-30 15:48:54,364 [INFO] CodeEngine:263 - oldGeneratedFile, C:\Work\CAN_PDM\FW\V1\Workspace\CAN_PDM\MXTmpFiles\license.tmp_save
2025-06-30 15:48:54,618 [INFO] CodeEngine:287 - Generated code: C:\Work\CAN_PDM\FW\V1\Workspace\CAN_PDM\MXTmpFiles\license.tmp
2025-06-30 15:48:54,696 [INFO] CodeEngine:263 - oldGeneratedFile, C:\Work\CAN_PDM\FW\V1\Workspace\CAN_PDM\Core\Src\gpio.c_save
2025-06-30 15:48:54,828 [INFO] CodeEngine:287 - Generated code: C:\Work\CAN_PDM\FW\V1\Workspace\CAN_PDM\Core\Src\gpio.c
2025-06-30 15:48:54,841 [INFO] CodeEngine:263 - oldGeneratedFile, C:\Work\CAN_PDM\FW\V1\Workspace\CAN_PDM\Core\Inc\gpio.h_save
2025-06-30 15:48:54,930 [INFO] CodeEngine:287 - Generated code: C:\Work\CAN_PDM\FW\V1\Workspace\CAN_PDM\Core\Inc\gpio.h
2025-06-30 15:48:55,084 [INFO] CodeEngine:263 - oldGeneratedFile, C:\Work\CAN_PDM\FW\V1\Workspace\CAN_PDM\Core\Src\can.c_save
2025-06-30 15:48:55,225 [INFO] CodeEngine:287 - Generated code: C:\Work\CAN_PDM\FW\V1\Workspace\CAN_PDM\Core\Src\can.c
2025-06-30 15:48:55,243 [INFO] CodeEngine:263 - oldGeneratedFile, C:\Work\CAN_PDM\FW\V1\Workspace\CAN_PDM\Core\Inc\can.h_save
2025-06-30 15:48:55,315 [INFO] CodeEngine:287 - Generated code: C:\Work\CAN_PDM\FW\V1\Workspace\CAN_PDM\Core\Inc\can.h
2025-06-30 15:48:55,347 [INFO] CodeEngine:263 - oldGeneratedFile, C:\Work\CAN_PDM\FW\V1\Workspace\CAN_PDM\Core\Src\i2c.c_save
2025-06-30 15:48:55,432 [INFO] CodeEngine:287 - Generated code: C:\Work\CAN_PDM\FW\V1\Workspace\CAN_PDM\Core\Src\i2c.c
2025-06-30 15:48:55,444 [INFO] CodeEngine:263 - oldGeneratedFile, C:\Work\CAN_PDM\FW\V1\Workspace\CAN_PDM\Core\Inc\i2c.h_save
2025-06-30 15:48:55,502 [INFO] CodeEngine:287 - Generated code: C:\Work\CAN_PDM\FW\V1\Workspace\CAN_PDM\Core\Inc\i2c.h
2025-06-30 15:48:55,535 [INFO] CodeEngine:263 - oldGeneratedFile, C:\Work\CAN_PDM\FW\V1\Workspace\CAN_PDM\Core\Src\stm32f4xx_it.c_save
2025-06-30 15:48:55,612 [INFO] CodeEngine:287 - Generated code: C:\Work\CAN_PDM\FW\V1\Workspace\CAN_PDM\Core\Src\stm32f4xx_it.c
2025-06-30 15:48:55,627 [INFO] CodeEngine:263 - oldGeneratedFile, C:\Work\CAN_PDM\FW\V1\Workspace\CAN_PDM\Core\Inc\stm32f4xx_it.h_save
2025-06-30 15:48:55,695 [INFO] CodeEngine:287 - Generated code: C:\Work\CAN_PDM\FW\V1\Workspace\CAN_PDM\Core\Inc\stm32f4xx_it.h
2025-06-30 15:48:55,729 [INFO] CodeEngine:263 - oldGeneratedFile, C:\Work\CAN_PDM\FW\V1\Workspace\CAN_PDM\Core\Src\stm32f4xx_hal_msp.c_save
2025-06-30 15:48:55,802 [INFO] CodeEngine:287 - Generated code: C:\Work\CAN_PDM\FW\V1\Workspace\CAN_PDM\Core\Src\stm32f4xx_hal_msp.c
2025-06-30 15:48:55,819 [INFO] CodeEngine:263 - oldGeneratedFile, C:\Work\CAN_PDM\FW\V1\Workspace\CAN_PDM\MXTmpFiles\system.tmp_save
2025-06-30 15:48:55,857 [INFO] CodeEngine:287 - Generated code: C:\Work\CAN_PDM\FW\V1\Workspace\CAN_PDM\MXTmpFiles\system.tmp
2025-06-30 15:48:55,879 [INFO] CodeEngine:319 - oldGeneratedFile, C:\Work\CAN_PDM\FW\V1\Workspace\CAN_PDM\Core\Inc\stm32f4xx_hal_conf.h_save
2025-06-30 15:48:55,939 [INFO] CodeEngine:343 - Generated code: C:\Work\CAN_PDM\FW\V1\Workspace\CAN_PDM\Core\Inc\stm32f4xx_hal_conf.h
2025-06-30 15:48:55,979 [WARN] IPConfigManager:3217 - Warning: the RefConfig PLL2P_FOR_MCO is not available in your config.xml file
2025-06-30 15:48:55,984 [INFO] ApiDbMcu:508 - Load IP Config File for CAN1
2025-06-30 15:48:55,989 [INFO] ApiDbMcu:508 - Load IP Config File for I2C1
2025-06-30 15:48:55,993 [INFO] ApiDbMcu:508 - Load IP Config File for RCC
2025-06-30 15:48:56,016 [INFO] CodeEngine:263 - oldGeneratedFile, C:\Work\CAN_PDM\FW\V1\Workspace\CAN_PDM\Core\Inc\main.h_save
2025-06-30 15:48:56,087 [INFO] CodeEngine:287 - Generated code: C:\Work\CAN_PDM\FW\V1\Workspace\CAN_PDM\Core\Inc\main.h
2025-06-30 15:48:56,107 [INFO] CodeEngine:263 - oldGeneratedFile, C:\Work\CAN_PDM\FW\V1\Workspace\CAN_PDM\Core\Src\main.c_save
2025-06-30 15:48:56,199 [INFO] CodeEngine:287 - Generated code: C:\Work\CAN_PDM\FW\V1\Workspace\CAN_PDM\Core\Src\main.c
2025-06-30 15:48:56,639 [INFO] ProjectBuilder:3324 - Time for Copy HAL[1] : 314mS.
2025-06-30 15:48:56,652 [INFO] ProjectBuilder:4912 - Project Generator version: 4.6.0.1-B1
2025-06-30 15:48:56,729 [INFO] ConfigFileManager:1590 - The Die is : DIE421
2025-06-30 15:48:56,742 [INFO] ApiDbMcu:508 - Load IP Config File for FATFS
2025-06-30 15:48:56,752 [INFO] ApiDbMcu:508 - Load IP Config File for FREERTOS
2025-06-30 15:48:56,758 [INFO] ApiDbMcu:508 - Load IP Config File for LIBJPEG
2025-06-30 15:48:56,768 [INFO] ApiDbMcu:508 - Load IP Config File for MBEDTLS
2025-06-30 15:48:56,779 [INFO] ApiDbMcu:508 - Load IP Config File for USB_DEVICE
2025-06-30 15:48:56,789 [INFO] ApiDbMcu:508 - Load IP Config File for USB_HOST
2025-06-30 15:48:57,280 [INFO] LogOutputStream:77 - [STDOUT_REDIRECT] 
2025-06-30 15:49:03,424 [INFO] ProjectBuilder:5191 - Time for Generating toolchain IDE Files: 6772mS.
2025-06-30 15:49:03,426 [INFO] ProjectBuilder:3181 - Time for Copy CMSIS : 2mS.
2025-06-30 15:49:03,429 [INFO] ProjectBuilder:3181 - Time for Copy CMSIS : 0mS.
2025-06-30 15:49:04,973 [INFO] McuFinderGlobals:76 - Set McuFinderConnectedMode to true
2025-06-30 15:49:05,170 [INFO] ApiDb:448 - Save user favorites file C:\Users\nicola.reat/.stm32cubeide/favorites.mcus.txt: 0 item(s)
2025-06-30 15:49:05,170 [INFO] ApiDb:452 - User favorites MCUs=[]
2025-06-30 15:49:05,476 [ERROR] LogOutputStream:75 - [STDERR_REDIRECT] Exception in thread "AWT-EventQueue-0" java.awt.IllegalComponentStateException: Native resources unavailable
2025-06-30 15:49:05,478 [ERROR] LogOutputStream:75 - [STDERR_REDIRECT] 	at java.desktop/sun.awt.windows.WWindowPeer.getScreenImOn(Native Method)
2025-06-30 15:49:05,479 [ERROR] LogOutputStream:75 - [STDERR_REDIRECT] 	at java.desktop/sun.awt.windows.WWindowPeer.updateGC(WWindowPeer.java:566)
2025-06-30 15:49:05,480 [ERROR] LogOutputStream:75 - [STDERR_REDIRECT] 	at java.desktop/java.awt.event.InvocationEvent.dispatch(InvocationEvent.java:318)
2025-06-30 15:49:05,481 [ERROR] LogOutputStream:75 - [STDERR_REDIRECT] 	at java.desktop/java.awt.EventQueue.dispatchEventImpl(EventQueue.java:773)
2025-06-30 15:49:05,481 [ERROR] LogOutputStream:75 - [STDERR_REDIRECT] 	at java.desktop/java.awt.EventQueue$4.run(EventQueue.java:720)
2025-06-30 15:49:05,482 [ERROR] LogOutputStream:75 - [STDERR_REDIRECT] 	at java.desktop/java.awt.EventQueue$4.run(EventQueue.java:714)
2025-06-30 15:49:05,482 [ERROR] LogOutputStream:75 - [STDERR_REDIRECT] 	at java.base/java.security.AccessController.doPrivileged(AccessController.java:400)
2025-06-30 15:49:05,483 [ERROR] LogOutputStream:75 - [STDERR_REDIRECT] 	at java.base/java.security.ProtectionDomain$JavaSecurityAccessImpl.doIntersectionPrivilege(ProtectionDomain.java:87)
2025-06-30 15:49:05,484 [ERROR] LogOutputStream:75 - [STDERR_REDIRECT] 	at java.base/java.security.ProtectionDomain$JavaSecurityAccessImpl.doIntersectionPrivilege(ProtectionDomain.java:98)
2025-06-30 15:49:05,485 [ERROR] LogOutputStream:75 - [STDERR_REDIRECT] 	at java.desktop/java.awt.EventQueue$5.run(EventQueue.java:747)
2025-06-30 15:49:05,486 [ERROR] LogOutputStream:75 - [STDERR_REDIRECT] 	at java.desktop/java.awt.EventQueue$5.run(EventQueue.java:745)
2025-06-30 15:49:05,486 [ERROR] LogOutputStream:75 - [STDERR_REDIRECT] 	at java.base/java.security.AccessController.doPrivileged(AccessController.java:400)
2025-06-30 15:49:05,487 [ERROR] LogOutputStream:75 - [STDERR_REDIRECT] 	at java.base/java.security.ProtectionDomain$JavaSecurityAccessImpl.doIntersectionPrivilege(ProtectionDomain.java:87)
2025-06-30 15:49:05,488 [ERROR] LogOutputStream:75 - [STDERR_REDIRECT] 	at java.desktop/java.awt.EventQueue.dispatchEvent(EventQueue.java:744)
2025-06-30 15:49:05,489 [ERROR] LogOutputStream:75 - [STDERR_REDIRECT] 	at java.desktop/java.awt.EventDispatchThread.pumpOneEventForFilters(EventDispatchThread.java:203)
2025-06-30 15:49:05,489 [ERROR] LogOutputStream:75 - [STDERR_REDIRECT] 	at java.desktop/java.awt.EventDispatchThread.pumpEventsForFilter(EventDispatchThread.java:124)
2025-06-30 15:49:05,490 [ERROR] LogOutputStream:75 - [STDERR_REDIRECT] 	at java.desktop/java.awt.EventDispatchThread.pumpEventsForHierarchy(EventDispatchThread.java:113)
2025-06-30 15:49:05,490 [ERROR] LogOutputStream:75 - [STDERR_REDIRECT] 	at java.desktop/java.awt.EventDispatchThread.pumpEvents(EventDispatchThread.java:109)
2025-06-30 15:49:05,491 [ERROR] LogOutputStream:75 - [STDERR_REDIRECT] 	at java.desktop/java.awt.EventDispatchThread.pumpEvents(EventDispatchThread.java:101)
2025-06-30 15:49:05,492 [ERROR] LogOutputStream:75 - [STDERR_REDIRECT] 	at java.desktop/java.awt.EventDispatchThread.run(EventDispatchThread.java:90)
2025-06-30 15:49:09,693 [INFO] CADModel:198 - CPN selected (Project mode): STM32F446RET6
2025-06-30 15:49:09,694 [INFO] CADModel:200 - Internet connection configuration mode: 1
2025-06-30 15:49:09,694 [INFO] CADModel:203 - rpn retrievedSTM32F446RE
2025-06-30 15:49:09,702 [INFO] WebAppUi:325 - Instantiating new browser for Project
2025-06-30 15:49:10,209 [INFO] WebAppUi:1224 - Register for checkConnection events
2025-06-30 15:49:10,209 [INFO] WebAppUi:1259 - Apply proxy settings
2025-06-30 15:49:10,209 [INFO] WebAppUi:1297 - Chromium requires no authentication
2025-06-30 15:49:10,209 [INFO] WebAppUi:1283 - Direct internet connection detected
2025-06-30 15:49:10,214 [INFO] WebAppUi:1155 - Web application path used C:\ST\STM32CubeIDE_1.15.0\STM32CubeIDE\plugins\com.st.stm32cube.common.mx_6.14.1.202504091515\db\plugins\mcufinder\reactClient\index.html
2025-06-30 15:49:10,233 [INFO] WebAppUi:927 - Path where api_config.json is located C:\Users\nicola.reat\.stmcufinder\plugins\mcufinder//mcu/api_config.json
2025-06-30 15:49:10,233 [INFO] WebAppUi:928 - Setting api config in window object
2025-06-30 15:49:10,318 [WARN] WebAppUi:965 - Cannot access cad_preferences.json
2025-06-30 15:49:10,318 [WARN] WebAppUi:968 - Fallback to default consent
2025-06-30 15:49:10,322 [INFO] WebAppUi:936 - Path where cad_preferences.json is located C:\Users\nicola.reat/.stm32cubeide/
2025-06-30 15:49:10,322 [INFO] WebAppUi:937 - Setting consent info in window object
2025-06-30 15:49:10,677 [INFO] WebAppUi:832 - Allow Downloads
2025-06-30 15:49:10,677 [INFO] WebAppUi:325 - Instantiating new browser for Finder
2025-06-30 15:49:10,888 [INFO] WebAppUi:1089 - Web application message: [UlApiManager component] Connecting to SSO
2025-06-30 15:49:10,985 [INFO] WebAppUi:1224 - Register for checkConnection events
2025-06-30 15:49:10,985 [INFO] WebAppUi:1259 - Apply proxy settings
2025-06-30 15:49:10,985 [INFO] WebAppUi:1297 - Chromium requires no authentication
2025-06-30 15:49:10,985 [INFO] WebAppUi:1283 - Direct internet connection detected
2025-06-30 15:49:10,989 [INFO] WebAppUi:1155 - Web application path used C:\ST\STM32CubeIDE_1.15.0\STM32CubeIDE\plugins\com.st.stm32cube.common.mx_6.14.1.202504091515\db\plugins\mcufinder\reactClient\index.html
2025-06-30 15:49:10,998 [INFO] WebAppUi:927 - Path where api_config.json is located C:\Users\nicola.reat\.stmcufinder\plugins\mcufinder//mcu/api_config.json
2025-06-30 15:49:10,998 [INFO] WebAppUi:928 - Setting api config in window object
2025-06-30 15:49:11,059 [INFO] WebAppUi:936 - Path where cad_preferences.json is located C:\Users\nicola.reat/.stm32cubeide/
2025-06-30 15:49:11,059 [INFO] WebAppUi:937 - Setting consent info in window object
2025-06-30 15:49:11,382 [INFO] WebAppUi:832 - Allow Downloads
2025-06-30 15:49:11,382 [INFO] WebAppUi:653 - RPN selected STM32F446RE
2025-06-30 15:49:11,382 [INFO] WebAppUi:654 - RefName selected STM32F446RETx
2025-06-30 15:49:11,382 [INFO] WebAppUi:655 - CPN selected STM32F446RET6
2025-06-30 15:49:11,384 [INFO] WebAppUi:818 - Which Bigleton in use 2 and which CPN is about STM32F446RET6
2025-06-30 15:49:11,385 [INFO] WebAppUi:692 - Have injected Javascript into web application
2025-06-30 15:49:11,385 [INFO] WebAppUiContainer:153 - Web application run mode: Project CPN: STM32F446RET6
2025-06-30 15:49:11,528 [INFO] WebAppUi:1089 - Web application message: [UlApiManager component] Connected to Ultra Librarian SSO
2025-06-30 15:49:11,533 [INFO] WebAppUi:1089 - Web application message: [UlApiManager component] Connected to Ultra Librarian API
2025-06-30 15:49:11,628 [INFO] WebAppUi:1089 - Web application message: [UlApiManager component] Connecting to SSO
2025-06-30 15:49:12,185 [INFO] WebAppUi:1089 - Web application message: [UlApiManager component] Connected to Ultra Librarian SSO
2025-06-30 15:49:12,185 [INFO] WebAppUi:1089 - Web application message: [UlApiManager component] Connected to Ultra Librarian API
2025-06-30 15:49:13,853 [INFO] WebAppUi:1089 - Web application message: CAD resources feature launch attempt
2025-06-30 15:49:14,155 [INFO] WebAppUi:927 - Path where api_config.json is located C:\Users\nicola.reat\.stmcufinder\plugins\mcufinder//mcu/api_config.json
2025-06-30 15:49:14,156 [INFO] WebAppUi:928 - Setting api config in window object
2025-06-30 15:49:14,263 [INFO] WebAppUi:936 - Path where cad_preferences.json is located C:\Users\nicola.reat/.stm32cubeide/
2025-06-30 15:49:14,264 [INFO] WebAppUi:937 - Setting consent info in window object
2025-06-30 15:49:18,321 [INFO] WebAppUi:1089 - Web application message: THREE.WebGLRenderer 101
2025-06-30 16:16:48,605 [ERROR] ConfigurationRetriever:142 - IOException on connection: Read timed out
2025-06-30 16:17:08,931 [WARN] IP:2250 - I2C_Coeff_DF not found: check if there is a RefParameter without a condition.
2025-06-30 16:17:08,931 [WARN] IP:2250 - Analog_Filter not found: check if there is a RefParameter without a condition.
2025-06-30 16:17:30,702 [INFO] NvicIntPanel:101 - NVIC parent = com.st.microxplorer.plugins.ip.nvic.MultiNvicIntPanel[,0,0,450x345,layout=javax.swing.BoxLayout,alignmentX=0.0,alignmentY=0.0,border=,flags=9,maximumSize=,minimumSize=,preferredSize=]
2025-06-30 16:17:31,161 [WARN] IP:2250 - I2C_Coeff_DF not found: check if there is a RefParameter without a condition.
2025-06-30 16:17:31,161 [WARN] IP:2250 - Analog_Filter not found: check if there is a RefParameter without a condition.
2025-06-30 16:17:34,354 [WARN] IP:2250 - I2C_Coeff_DF not found: check if there is a RefParameter without a condition.
2025-06-30 16:17:34,355 [WARN] IP:2250 - Analog_Filter not found: check if there is a RefParameter without a condition.
2025-06-30 16:17:34,355 [WARN] IP:2250 - I2C_Coeff_DF not found: check if there is a RefParameter without a condition.
2025-06-30 16:17:34,355 [WARN] IP:2250 - Analog_Filter not found: check if there is a RefParameter without a condition.
2025-06-30 16:17:34,423 [INFO] NvicIntPanel:101 - NVIC parent = com.st.microxplorer.plugins.ip.nvic.MultiNvicIntPanel[,0,0,0x0,invalid,layout=javax.swing.BoxLayout,alignmentX=0.0,alignmentY=0.0,border=,flags=9,maximumSize=,minimumSize=,preferredSize=]
2025-06-30 16:17:34,529 [WARN] IP:2250 - I2C_Coeff_DF not found: check if there is a RefParameter without a condition.
2025-06-30 16:17:34,529 [WARN] IP:2250 - Analog_Filter not found: check if there is a RefParameter without a condition.
2025-06-30 16:17:34,545 [WARN] IP:2250 - I2C_Coeff_DF not found: check if there is a RefParameter without a condition.
2025-06-30 16:17:34,545 [WARN] IP:2250 - Analog_Filter not found: check if there is a RefParameter without a condition.
2025-06-30 16:18:00,910 [WARN] IP:2250 - I2C_Coeff_DF not found: check if there is a RefParameter without a condition.
2025-06-30 16:18:00,910 [WARN] IP:2250 - Analog_Filter not found: check if there is a RefParameter without a condition.
2025-06-30 16:18:00,910 [WARN] IP:2250 - I2C_Coeff_DF not found: check if there is a RefParameter without a condition.
2025-06-30 16:18:00,910 [WARN] IP:2250 - Analog_Filter not found: check if there is a RefParameter without a condition.
2025-06-30 16:18:00,978 [INFO] NvicIntPanel:101 - NVIC parent = com.st.microxplorer.plugins.ip.nvic.MultiNvicIntPanel[,0,0,0x0,invalid,layout=javax.swing.BoxLayout,alignmentX=0.0,alignmentY=0.0,border=,flags=9,maximumSize=,minimumSize=,preferredSize=]
2025-06-30 16:18:01,077 [WARN] IP:2250 - I2C_Coeff_DF not found: check if there is a RefParameter without a condition.
2025-06-30 16:18:01,077 [WARN] IP:2250 - Analog_Filter not found: check if there is a RefParameter without a condition.
2025-06-30 16:18:01,091 [WARN] IP:2250 - I2C_Coeff_DF not found: check if there is a RefParameter without a condition.
2025-06-30 16:18:01,091 [WARN] IP:2250 - Analog_Filter not found: check if there is a RefParameter without a condition.
2025-06-30 16:18:02,932 [WARN] IP:2250 - I2C_Coeff_DF not found: check if there is a RefParameter without a condition.
2025-06-30 16:18:02,932 [WARN] IP:2250 - Analog_Filter not found: check if there is a RefParameter without a condition.
2025-06-30 16:18:02,941 [WARN] IP:2250 - I2C_Coeff_DF not found: check if there is a RefParameter without a condition.
2025-06-30 16:18:02,941 [WARN] IP:2250 - Analog_Filter not found: check if there is a RefParameter without a condition.
2025-06-30 16:18:02,948 [WARN] IP:2250 - I2C_Coeff_DF not found: check if there is a RefParameter without a condition.
2025-06-30 16:18:02,948 [WARN] IP:2250 - Analog_Filter not found: check if there is a RefParameter without a condition.
2025-06-30 16:18:03,758 [WARN] IP:2250 - I2C_Coeff_DF not found: check if there is a RefParameter without a condition.
2025-06-30 16:18:03,758 [WARN] IP:2250 - Analog_Filter not found: check if there is a RefParameter without a condition.
2025-06-30 16:18:03,764 [WARN] IP:2250 - I2C_Coeff_DF not found: check if there is a RefParameter without a condition.
2025-06-30 16:18:03,764 [WARN] IP:2250 - Analog_Filter not found: check if there is a RefParameter without a condition.
2025-06-30 16:18:03,770 [WARN] IP:2250 - I2C_Coeff_DF not found: check if there is a RefParameter without a condition.
2025-06-30 16:18:03,770 [WARN] IP:2250 - Analog_Filter not found: check if there is a RefParameter without a condition.
2025-06-30 16:20:52,635 [INFO] UtilMem:75 - End SaveConfig() Used Memory: 852938344 Bytes (1073741824)
2025-06-30 16:44:01,128 [INFO] UtilMem:75 - End SaveConfig() Used Memory: 813802504 Bytes (1073741824)
2025-06-30 16:44:01,449 [INFO] BlockDiagram:2775 - set Specific Code input for plugin: CAN
2025-06-30 16:44:01,449 [INFO] BlockDiagram:2775 - set Specific Code input for plugin: SYS
2025-06-30 16:44:01,450 [INFO] BlockDiagram:2775 - set Specific Code input for plugin: RCC
2025-06-30 16:44:01,450 [INFO] BlockDiagram:2775 - set Specific Code input for plugin: I2C
2025-06-30 16:44:01,450 [INFO] BlockDiagram:2775 - set Specific Code input for plugin: NVIC
2025-06-30 16:44:01,450 [INFO] BlockDiagram:2775 - set Specific Code input for plugin: GPIO
2025-06-30 16:44:01,454 [INFO] CodeGenerator:882 - code generatio: config db path: C:\ST\STM32CubeIDE_1.15.0\STM32CubeIDE\plugins\com.st.stm32cube.common.mx_6.14.1.202504091515\\db\
2025-06-30 16:44:01,458 [WARN] IP:2250 - I2C_Coeff_DF not found: check if there is a RefParameter without a condition.
2025-06-30 16:44:01,458 [WARN] IP:2250 - Analog_Filter not found: check if there is a RefParameter without a condition.
2025-06-30 16:44:01,565 [INFO] CodeEngine:263 - oldGeneratedFile, C:\Work\CAN_PDM\FW\V1\Workspace\CAN_PDM\MXTmpFiles\license.tmp_save
2025-06-30 16:44:01,722 [INFO] CodeEngine:287 - Generated code: C:\Work\CAN_PDM\FW\V1\Workspace\CAN_PDM\MXTmpFiles\license.tmp
2025-06-30 16:44:01,775 [INFO] CodeEngine:263 - oldGeneratedFile, C:\Work\CAN_PDM\FW\V1\Workspace\CAN_PDM\Core\Src\gpio.c_save
2025-06-30 16:44:01,876 [INFO] CodeEngine:287 - Generated code: C:\Work\CAN_PDM\FW\V1\Workspace\CAN_PDM\Core\Src\gpio.c
2025-06-30 16:44:01,897 [INFO] CodeEngine:263 - oldGeneratedFile, C:\Work\CAN_PDM\FW\V1\Workspace\CAN_PDM\Core\Inc\gpio.h_save
2025-06-30 16:44:01,970 [INFO] CodeEngine:287 - Generated code: C:\Work\CAN_PDM\FW\V1\Workspace\CAN_PDM\Core\Inc\gpio.h
2025-06-30 16:44:02,099 [INFO] CodeEngine:263 - oldGeneratedFile, C:\Work\CAN_PDM\FW\V1\Workspace\CAN_PDM\Core\Src\can.c_save
2025-06-30 16:44:02,227 [INFO] CodeEngine:287 - Generated code: C:\Work\CAN_PDM\FW\V1\Workspace\CAN_PDM\Core\Src\can.c
2025-06-30 16:44:02,249 [INFO] CodeEngine:263 - oldGeneratedFile, C:\Work\CAN_PDM\FW\V1\Workspace\CAN_PDM\Core\Inc\can.h_save
2025-06-30 16:44:02,324 [INFO] CodeEngine:287 - Generated code: C:\Work\CAN_PDM\FW\V1\Workspace\CAN_PDM\Core\Inc\can.h
2025-06-30 16:44:02,359 [INFO] CodeEngine:263 - oldGeneratedFile, C:\Work\CAN_PDM\FW\V1\Workspace\CAN_PDM\Core\Src\i2c.c_save
2025-06-30 16:44:02,467 [INFO] CodeEngine:287 - Generated code: C:\Work\CAN_PDM\FW\V1\Workspace\CAN_PDM\Core\Src\i2c.c
2025-06-30 16:44:02,485 [INFO] CodeEngine:263 - oldGeneratedFile, C:\Work\CAN_PDM\FW\V1\Workspace\CAN_PDM\Core\Inc\i2c.h_save
2025-06-30 16:44:02,552 [INFO] CodeEngine:287 - Generated code: C:\Work\CAN_PDM\FW\V1\Workspace\CAN_PDM\Core\Inc\i2c.h
2025-06-30 16:44:02,588 [INFO] CodeEngine:263 - oldGeneratedFile, C:\Work\CAN_PDM\FW\V1\Workspace\CAN_PDM\Core\Src\stm32f4xx_it.c_save
2025-06-30 16:44:02,728 [INFO] CodeEngine:287 - Generated code: C:\Work\CAN_PDM\FW\V1\Workspace\CAN_PDM\Core\Src\stm32f4xx_it.c
2025-06-30 16:44:02,748 [INFO] CodeEngine:263 - oldGeneratedFile, C:\Work\CAN_PDM\FW\V1\Workspace\CAN_PDM\Core\Inc\stm32f4xx_it.h_save
2025-06-30 16:44:02,809 [INFO] CodeEngine:287 - Generated code: C:\Work\CAN_PDM\FW\V1\Workspace\CAN_PDM\Core\Inc\stm32f4xx_it.h
2025-06-30 16:44:02,848 [INFO] CodeEngine:263 - oldGeneratedFile, C:\Work\CAN_PDM\FW\V1\Workspace\CAN_PDM\Core\Src\stm32f4xx_hal_msp.c_save
2025-06-30 16:44:02,918 [INFO] CodeEngine:287 - Generated code: C:\Work\CAN_PDM\FW\V1\Workspace\CAN_PDM\Core\Src\stm32f4xx_hal_msp.c
2025-06-30 16:44:02,934 [INFO] CodeEngine:263 - oldGeneratedFile, C:\Work\CAN_PDM\FW\V1\Workspace\CAN_PDM\MXTmpFiles\system.tmp_save
2025-06-30 16:44:02,981 [INFO] CodeEngine:287 - Generated code: C:\Work\CAN_PDM\FW\V1\Workspace\CAN_PDM\MXTmpFiles\system.tmp
2025-06-30 16:44:03,012 [INFO] CodeEngine:319 - oldGeneratedFile, C:\Work\CAN_PDM\FW\V1\Workspace\CAN_PDM\Core\Inc\stm32f4xx_hal_conf.h_save
2025-06-30 16:44:03,070 [INFO] CodeEngine:343 - Generated code: C:\Work\CAN_PDM\FW\V1\Workspace\CAN_PDM\Core\Inc\stm32f4xx_hal_conf.h
2025-06-30 16:44:03,106 [WARN] IPConfigManager:3217 - Warning: the RefConfig PLL2P_FOR_MCO is not available in your config.xml file
2025-06-30 16:44:03,143 [INFO] CodeEngine:263 - oldGeneratedFile, C:\Work\CAN_PDM\FW\V1\Workspace\CAN_PDM\Core\Inc\main.h_save
2025-06-30 16:44:03,239 [INFO] CodeEngine:287 - Generated code: C:\Work\CAN_PDM\FW\V1\Workspace\CAN_PDM\Core\Inc\main.h
2025-06-30 16:44:03,264 [INFO] CodeEngine:263 - oldGeneratedFile, C:\Work\CAN_PDM\FW\V1\Workspace\CAN_PDM\Core\Src\main.c_save
2025-06-30 16:44:03,397 [INFO] CodeEngine:287 - Generated code: C:\Work\CAN_PDM\FW\V1\Workspace\CAN_PDM\Core\Src\main.c
2025-06-30 16:44:04,528 [INFO] ProjectBuilder:3324 - Time for Copy HAL[1] : 1000mS.
2025-06-30 16:44:04,532 [INFO] ProjectBuilder:4912 - Project Generator version: 4.6.0.1-B1
2025-06-30 16:44:04,595 [INFO] ConfigFileManager:1590 - The Die is : DIE421
2025-06-30 16:44:05,580 [INFO] ProjectBuilder:5191 - Time for Generating toolchain IDE Files: 1048mS.
2025-06-30 16:44:05,583 [INFO] ProjectBuilder:3181 - Time for Copy CMSIS : 2mS.
2025-06-30 16:44:05,586 [INFO] ProjectBuilder:3181 - Time for Copy CMSIS : 0mS.
2025-06-30 17:07:01,277 [INFO] WebApp:403 - JxBrowser engine has been closed 
2025-06-30 17:07:01,279 [INFO] WebAppUi:493 - JxBrowser engine has been closed 
2025-06-30 17:07:01,280 [INFO] WebAppUi:530 - Close the Jxbrowser engine manually
2025-06-30 17:07:25,058 [ERROR] LogOutputStream:75 - [STDERR_REDIRECT] Exception in thread "AWT-EventQueue-0" org.eclipse.swt.SWTException: Device is disposed
2025-06-30 17:07:25,063 [ERROR] LogOutputStream:75 - [STDERR_REDIRECT] 	at org.eclipse.swt.SWT.error(SWT.java:4922)
2025-06-30 17:07:25,065 [ERROR] LogOutputStream:75 - [STDERR_REDIRECT] 	at org.eclipse.swt.SWT.error(SWT.java:4837)
2025-06-30 17:07:25,068 [ERROR] LogOutputStream:75 - [STDERR_REDIRECT] 	at org.eclipse.swt.SWT.error(SWT.java:4808)
2025-06-30 17:07:25,070 [ERROR] LogOutputStream:75 - [STDERR_REDIRECT] 	at org.eclipse.swt.widgets.Display.error(Display.java:1311)
2025-06-30 17:07:25,073 [ERROR] LogOutputStream:75 - [STDERR_REDIRECT] 	at org.eclipse.swt.widgets.Display.asyncExec(Display.java:786)
2025-06-30 17:07:25,077 [ERROR] LogOutputStream:75 - [STDERR_REDIRECT] 	at com.st.stm32cube.common.mx.oss.core.awtswtbridge.AwtEnvironment$2.run(AwtEnvironment.java:168)
2025-06-30 17:07:25,080 [ERROR] LogOutputStream:75 - [STDERR_REDIRECT] 	at java.desktop/java.awt.event.InvocationEvent.dispatch(InvocationEvent.java:318)
2025-06-30 17:07:25,083 [ERROR] LogOutputStream:75 - [STDERR_REDIRECT] 	at java.desktop/java.awt.EventQueue.dispatchEventImpl(EventQueue.java:773)
2025-06-30 17:07:25,088 [ERROR] LogOutputStream:75 - [STDERR_REDIRECT] 	at java.desktop/java.awt.EventQueue$4.run(EventQueue.java:720)
2025-06-30 17:07:25,091 [ERROR] LogOutputStream:75 - [STDERR_REDIRECT] 	at java.desktop/java.awt.EventQueue$4.run(EventQueue.java:714)
2025-06-30 17:07:25,094 [ERROR] LogOutputStream:75 - [STDERR_REDIRECT] 	at java.base/java.security.AccessController.doPrivileged(AccessController.java:400)
2025-06-30 17:07:25,099 [ERROR] LogOutputStream:75 - [STDERR_REDIRECT] 	at java.base/java.security.ProtectionDomain$JavaSecurityAccessImpl.doIntersectionPrivilege(ProtectionDomain.java:87)
2025-06-30 17:07:25,103 [ERROR] LogOutputStream:75 - [STDERR_REDIRECT] 	at java.desktop/java.awt.EventQueue.dispatchEvent(EventQueue.java:742)
2025-06-30 17:07:25,106 [ERROR] LogOutputStream:75 - [STDERR_REDIRECT] 	at java.desktop/java.awt.EventDispatchThread.pumpOneEventForFilters(EventDispatchThread.java:203)
2025-06-30 17:07:25,109 [ERROR] LogOutputStream:75 - [STDERR_REDIRECT] 	at java.desktop/java.awt.EventDispatchThread.pumpEventsForFilter(EventDispatchThread.java:124)
2025-06-30 17:07:25,111 [ERROR] LogOutputStream:75 - [STDERR_REDIRECT] 	at java.desktop/java.awt.EventDispatchThread.pumpEventsForHierarchy(EventDispatchThread.java:113)
2025-06-30 17:07:25,115 [ERROR] LogOutputStream:75 - [STDERR_REDIRECT] 	at java.desktop/java.awt.EventDispatchThread.pumpEvents(EventDispatchThread.java:109)
2025-06-30 17:07:25,119 [ERROR] LogOutputStream:75 - [STDERR_REDIRECT] 	at java.desktop/java.awt.EventDispatchThread.pumpEvents(EventDispatchThread.java:101)
2025-06-30 17:07:25,123 [ERROR] LogOutputStream:75 - [STDERR_REDIRECT] 	at java.desktop/java.awt.EventDispatchThread.run(EventDispatchThread.java:90)
2025-06-30 17:07:25,566 [ERROR] LogOutputStream:75 - [STDERR_REDIRECT] 
