2025-07-01 08:47:35,230 [INFO] Activator:176 - 


2025-07-01 08:47:35,262 [INFO] Activator:177 - !SESSION log4j initialized
2025-07-01 08:47:41,934 [INFO] LogOutputStream:77 - [STDOUT_REDIRECT] 
2025-07-01 08:47:45,016 [INFO] ApplicationProperties:184 - Using Application install path: C:\ST\STM32CubeIDE_1.15.0\STM32CubeIDE\plugins\com.st.stm32cube.common.mx_6.14.1.202504091515
2025-07-01 08:47:45,031 [INFO] DbMcusXml:78 - Set database path to: C:\ST\STM32CubeIDE_1.15.0\STM32CubeIDE\plugins\com.st.stm32cube.common.mx_6.14.1.202504091515\\db\/mcu/
2025-07-01 08:47:45,031 [INFO] ApiDb:274 - Set plugin database path to: C:\ST\STM32CubeIDE_1.15.0\STM32CubeIDE\plugins\com.st.stm32cube.common.mx_6.14.1.202504091515\\db\/plugins/boardmanager/
2025-07-01 08:47:45,032 [WARN] ApiDb:259 - Overriding images path with different value:  => C:\ST\STM32CubeIDE_1.15.0\STM32CubeIDE\plugins\com.st.stm32cube.common.mx_6.14.1.202504091515\\db\/plugins/mcufinder/images/
2025-07-01 08:47:45,042 [INFO] ApiDb:250 - Set database path to: C:\Users\nicola.reat\.stmcufinder\plugins\mcufinder//mcu/
2025-07-01 08:47:45,044 [INFO] DbMcusAds:125 - Set database path to: C:\Users\nicola.reat\.stmcufinder\plugins\mcufinder//mcu/
2025-07-01 08:47:45,048 [INFO] CrossReferenceDbSqlite:203 - Set database path to: C:\Users\nicola.reat\.stmcufinder\plugins\mcufinder//mcu/cs/
2025-07-01 08:47:45,136 [INFO] RulesReader:64 - Compatibility file has been processed (302 Rules)
2025-07-01 08:47:45,624 [INFO] DbMcusXml:78 - Set database path to: C:\ST\STM32CubeIDE_1.15.0\STM32CubeIDE\plugins\com.st.stm32cube.common.mx_6.14.1.202504091515\\db\/mcu/
2025-07-01 08:47:45,624 [INFO] ApiDb:274 - Set plugin database path to: C:\ST\STM32CubeIDE_1.15.0\STM32CubeIDE\plugins\com.st.stm32cube.common.mx_6.14.1.202504091515\\db\/plugins/boardmanager/
2025-07-01 08:47:45,624 [INFO] ApiDb:261 - Set plugin images path to: C:\ST\STM32CubeIDE_1.15.0\STM32CubeIDE\plugins\com.st.stm32cube.common.mx_6.14.1.202504091515\\db\/plugins/mcufinder/images/
2025-07-01 08:47:45,624 [WARN] DbFile:41 - Overriding database path with different value: C:\Users\nicola.reat\.stmcufinder\plugins\mcufinder/ => C:\Users\nicola.reat\.stmcufinder\plugins\mcufinder
2025-07-01 08:47:45,626 [INFO] ApiDb:250 - Set database path to: C:\Users\nicola.reat\.stmcufinder\plugins\mcufinder//mcu/
2025-07-01 08:47:45,626 [WARN] DbFile:41 - Overriding database path with different value: C:\Users\nicola.reat\.stmcufinder\plugins\mcufinder/ => C:\Users\nicola.reat\.stmcufinder\plugins\mcufinder
2025-07-01 08:47:45,626 [INFO] DbMcusAds:125 - Set database path to: C:\Users\nicola.reat\.stmcufinder\plugins\mcufinder//mcu/
2025-07-01 08:47:45,626 [WARN] DbFile:41 - Overriding database path with different value: C:\Users\nicola.reat\.stmcufinder\plugins\mcufinder/ => C:\Users\nicola.reat\.stmcufinder\plugins\mcufinder
2025-07-01 08:47:45,626 [WARN] DbFile:41 - Overriding database path with different value: C:\Users\nicola.reat\.stmcufinder\plugins\mcufinder/ => C:\Users\nicola.reat\.stmcufinder\plugins\mcufinder
2025-07-01 08:47:45,626 [INFO] CrossReferenceDbSqlite:203 - Set database path to: C:\Users\nicola.reat\.stmcufinder\plugins\mcufinder//mcu/cs/
2025-07-01 08:47:46,124 [INFO] MainPanel:272 - HeapMemory: 268435456
2025-07-01 08:47:46,249 [INFO] DbMcusXml:78 - Set database path to: C:\ST\STM32CubeIDE_1.15.0\STM32CubeIDE\plugins\com.st.stm32cube.common.mx_6.14.1.202504091515\\db\/mcu/
2025-07-01 08:47:46,249 [INFO] ApiDb:274 - Set plugin database path to: C:\ST\STM32CubeIDE_1.15.0\STM32CubeIDE\plugins\com.st.stm32cube.common.mx_6.14.1.202504091515\\db\/plugins/boardmanager/
2025-07-01 08:47:46,249 [INFO] ApiDb:261 - Set plugin images path to: C:\ST\STM32CubeIDE_1.15.0\STM32CubeIDE\plugins\com.st.stm32cube.common.mx_6.14.1.202504091515\\db\/plugins/mcufinder/images/
2025-07-01 08:47:46,250 [WARN] DbFile:41 - Overriding database path with different value: C:\Users\nicola.reat\.stmcufinder\plugins\mcufinder/ => C:\Users\nicola.reat\.stmcufinder\plugins\mcufinder
2025-07-01 08:47:46,250 [INFO] ApiDb:250 - Set database path to: C:\Users\nicola.reat\.stmcufinder\plugins\mcufinder//mcu/
2025-07-01 08:47:46,250 [WARN] DbFile:41 - Overriding database path with different value: C:\Users\nicola.reat\.stmcufinder\plugins\mcufinder/ => C:\Users\nicola.reat\.stmcufinder\plugins\mcufinder
2025-07-01 08:47:46,250 [INFO] DbMcusAds:125 - Set database path to: C:\Users\nicola.reat\.stmcufinder\plugins\mcufinder//mcu/
2025-07-01 08:47:46,250 [WARN] DbFile:41 - Overriding database path with different value: C:\Users\nicola.reat\.stmcufinder\plugins\mcufinder/ => C:\Users\nicola.reat\.stmcufinder\plugins\mcufinder
2025-07-01 08:47:46,250 [WARN] DbFile:41 - Overriding database path with different value: C:\Users\nicola.reat\.stmcufinder\plugins\mcufinder/ => C:\Users\nicola.reat\.stmcufinder\plugins\mcufinder
2025-07-01 08:47:46,250 [INFO] CrossReferenceDbSqlite:203 - Set database path to: C:\Users\nicola.reat\.stmcufinder\plugins\mcufinder//mcu/cs/
2025-07-01 08:47:46,332 [INFO] ApplicationProperties:184 - Using Application install path: C:\ST\STM32CubeIDE_1.15.0\STM32CubeIDE\plugins\com.st.stm32cube.common.mx_6.14.1.202504091515
2025-07-01 08:47:46,333 [INFO] PluginManage:196 - Search for loadable plugins [exclusion list=, ]
2025-07-01 08:47:46,335 [INFO] PluginManage:310 - Check plugin analytics
2025-07-01 08:47:46,517 [INFO] AnalyticsPlugin:253 - Accepted Software Licenses: STM32CubeMX.6.11.1,STM32CubeMX.6.14.1
2025-07-01 08:47:46,517 [INFO] AnalyticsPlugin:255 - Accepted CMSIS Pack Licenses: 
2025-07-01 08:47:46,518 [INFO] AnalyticsPlugin:257 - Accepted Firmware Licenses: FW.G0.1.6.0,FW.F4.1.28.0,FW.C0.1.1.0
2025-07-01 08:47:46,521 [INFO] PluginManage:359 - Loaded plugin analytics (category:tool,tabindex:-1)
2025-07-01 08:47:46,521 [INFO] PluginManage:310 - Check plugin cadmodel
2025-07-01 08:47:46,603 [INFO] CADModel:105 - Init CAD model plugin
2025-07-01 08:47:46,604 [INFO] PluginManage:359 - Loaded plugin cadmodel (category:power,tabindex:5)
2025-07-01 08:47:46,604 [INFO] PluginManage:310 - Check plugin clock
2025-07-01 08:47:46,682 [INFO] PluginManage:359 - Loaded plugin clock (category:base,tabindex:2)
2025-07-01 08:47:46,683 [INFO] PluginManage:310 - Check plugin ddr
2025-07-01 08:47:46,685 [INFO] PluginManage:359 - Loaded plugin ddr (category:tool,tabindex:6)
2025-07-01 08:47:46,685 [INFO] PluginManage:310 - Check plugin filemanager
2025-07-01 08:47:46,834 [INFO] PluginManage:359 - Loaded plugin filemanager (category:base,tabindex:10)
2025-07-01 08:47:46,834 [INFO] PluginManage:310 - Check plugin ipmanager
2025-07-01 08:47:46,906 [INFO] PluginManage:359 - Loaded plugin ipmanager (category:base,tabindex:5)
2025-07-01 08:47:46,906 [INFO] PluginManage:310 - Check plugin lpbam
2025-07-01 08:47:46,993 [INFO] PluginManage:359 - Loaded plugin lpbam (category:base,tabindex:0)
2025-07-01 08:47:46,993 [INFO] PluginManage:310 - Check plugin memorymap
2025-07-01 08:47:47,060 [INFO] PluginManage:359 - Loaded plugin memorymap (category:base,tabindex:4)
2025-07-01 08:47:47,060 [INFO] PluginManage:310 - Check plugin pinoutandconfiguration
2025-07-01 08:47:47,138 [INFO] PluginManage:359 - Loaded plugin pinoutandconfiguration (category:base,tabindex:1)
2025-07-01 08:47:47,138 [INFO] PluginManage:310 - Check plugin pinoutconfig
2025-07-01 08:47:47,317 [WARN] SupportedApi:132 - Cannot load RTOS API schema: s4s-elt-must-match.1: The content of 'definitions' must match (annotation?, (simpleType | complexType)?, (unique | key | keyref)*)). A problem was found starting at: attribute.
2025-07-01 08:47:47,402 [INFO] PluginManage:359 - Loaded plugin pinoutconfig (category:base,tabindex:0)
2025-07-01 08:47:47,402 [INFO] PluginManage:310 - Check plugin power
2025-07-01 08:47:47,480 [INFO] PluginManage:359 - Loaded plugin power (category:power,tabindex:4)
2025-07-01 08:47:47,480 [INFO] PluginManage:310 - Check plugin projectmanager
2025-07-01 08:47:47,492 [INFO] PluginManage:359 - Loaded plugin projectmanager (category:projectmanager,tabindex:4)
2025-07-01 08:47:47,492 [INFO] PluginManage:310 - Check plugin rif
2025-07-01 08:47:47,582 [INFO] PluginManage:359 - Loaded plugin rif (category:base,tabindex:3)
2025-07-01 08:47:47,583 [INFO] PluginManage:310 - Check plugin thirdparty
2025-07-01 08:47:48,007 [WARN] IntegrityCheckThread:84 - waiting for thirdparty lock release [integrity check]
2025-07-01 08:47:48,007 [INFO] PluginManage:359 - Loaded plugin thirdparty (category:base,tabindex:-1)
2025-07-01 08:47:48,007 [INFO] IntegrityCheckThread:86 - entering critical section [integrity check]
2025-07-01 08:47:48,007 [INFO] PluginManage:310 - Check plugin tools
2025-07-01 08:47:48,007 [INFO] ThirdPartyUpdaterWithRetryManager:70 - Updater plugin not ready yet. [1/15]
2025-07-01 08:47:48,021 [INFO] PluginManage:359 - Loaded plugin tools (category:base,tabindex:7)
2025-07-01 08:47:48,021 [INFO] PluginManage:310 - Check plugin tutovideos
2025-07-01 08:47:48,251 [INFO] PluginManage:359 - Loaded plugin tutovideos (category:base,tabindex:-1)
2025-07-01 08:47:48,251 [INFO] PluginManage:310 - Check plugin updater
2025-07-01 08:47:48,274 [INFO] PluginManage:359 - Loaded plugin updater (category:base,tabindex:12)
2025-07-01 08:47:48,274 [INFO] PluginManage:310 - Check plugin userauth
2025-07-01 08:47:48,278 [INFO] UserAuth:118 - Init User Auth plugin
2025-07-01 08:47:48,278 [INFO] PluginManage:359 - Loaded plugin userauth (category:base,tabindex:14)
2025-07-01 08:47:48,279 [INFO] PluginManage:283 - PluginManage : Loaded plugins [18]
2025-07-01 08:47:49,196 [INFO] PinOutPanel:1589 - setPackage(No Configuration,No Configuration)
2025-07-01 08:47:49,795 [INFO] CADModel:165 - CPN selected for project level
2025-07-01 08:47:49,795 [INFO] CADModel:114 - Register for checkConnection events
2025-07-01 08:47:49,829 [INFO] IPUIPlugin:80 - create IPUIPlugin
2025-07-01 08:47:49,829 [INFO] PluginManager:220 - loadIPPluginJar : add adc
2025-07-01 08:47:49,839 [INFO] IPUIPlugin:80 - create IPUIPlugin
2025-07-01 08:47:49,839 [INFO] PluginManager:220 - loadIPPluginJar : add aes
2025-07-01 08:47:49,853 [INFO] IPUIPlugin:80 - create IPUIPlugin
2025-07-01 08:47:49,853 [INFO] PluginManager:220 - loadIPPluginJar : add can
2025-07-01 08:47:49,861 [INFO] IPUIPlugin:80 - create IPUIPlugin
2025-07-01 08:47:49,861 [INFO] PluginManager:220 - loadIPPluginJar : add comp
2025-07-01 08:47:49,871 [INFO] IPUIPlugin:80 - create IPUIPlugin
2025-07-01 08:47:49,871 [INFO] PluginManager:220 - loadIPPluginJar : add cryp
2025-07-01 08:47:50,084 [INFO] IPUIPlugin:80 - create IPUIPlugin
2025-07-01 08:47:50,084 [INFO] PluginManager:220 - loadIPPluginJar : add ddr_ctrl_phy
2025-07-01 08:47:50,094 [INFO] IPUIPlugin:80 - create IPUIPlugin
2025-07-01 08:47:50,094 [INFO] PluginManager:220 - loadIPPluginJar : add dfsdm
2025-07-01 08:47:50,114 [INFO] IPUIPlugin:80 - create IPUIPlugin
2025-07-01 08:47:50,115 [INFO] PluginManager:220 - loadIPPluginJar : add dma
2025-07-01 08:47:50,127 [INFO] IPUIPlugin:80 - create IPUIPlugin
2025-07-01 08:47:50,127 [INFO] PluginManager:220 - loadIPPluginJar : add dma3
2025-07-01 08:47:50,138 [INFO] IPUIPlugin:80 - create IPUIPlugin
2025-07-01 08:47:50,138 [INFO] PluginManager:220 - loadIPPluginJar : add extmemmanager
2025-07-01 08:47:50,146 [INFO] IPUIPlugin:80 - create IPUIPlugin
2025-07-01 08:47:50,146 [INFO] PluginManager:220 - loadIPPluginJar : add fatfs
2025-07-01 08:47:50,158 [INFO] IPUIPlugin:80 - create IPUIPlugin
2025-07-01 08:47:50,159 [INFO] PluginManager:220 - loadIPPluginJar : add fmc
2025-07-01 08:47:50,244 [INFO] IPUIPlugin:80 - create IPUIPlugin
2025-07-01 08:47:50,245 [INFO] PluginManager:220 - loadIPPluginJar : add freertos
2025-07-01 08:47:50,253 [INFO] IPUIPlugin:80 - create IPUIPlugin
2025-07-01 08:47:50,253 [INFO] PluginManager:220 - loadIPPluginJar : add genericplugin
2025-07-01 08:47:50,269 [INFO] IPUIPlugin:80 - create IPUIPlugin
2025-07-01 08:47:50,269 [INFO] PluginManager:220 - loadIPPluginJar : add gfxmmu
2025-07-01 08:47:50,291 [INFO] IPUIPlugin:80 - create IPUIPlugin
2025-07-01 08:47:50,291 [INFO] PluginManager:220 - loadIPPluginJar : add gic
2025-07-01 08:47:50,338 [INFO] IPUIPlugin:80 - create IPUIPlugin
2025-07-01 08:47:50,338 [INFO] PluginManager:220 - loadIPPluginJar : add gpio
2025-07-01 08:47:50,354 [INFO] IPUIPlugin:80 - create IPUIPlugin
2025-07-01 08:47:50,354 [INFO] PluginManager:220 - loadIPPluginJar : add gtzc
2025-07-01 08:47:50,363 [INFO] IPUIPlugin:80 - create IPUIPlugin
2025-07-01 08:47:50,363 [INFO] PluginManager:220 - loadIPPluginJar : add hash
2025-07-01 08:47:50,375 [INFO] IPUIPlugin:80 - create IPUIPlugin
2025-07-01 08:47:50,375 [INFO] PluginManager:220 - loadIPPluginJar : add i2c
2025-07-01 08:47:50,387 [INFO] IPUIPlugin:80 - create IPUIPlugin
2025-07-01 08:47:50,387 [INFO] PluginManager:220 - loadIPPluginJar : add i2s
2025-07-01 08:47:50,400 [INFO] IPUIPlugin:80 - create IPUIPlugin
2025-07-01 08:47:50,400 [INFO] PluginManager:220 - loadIPPluginJar : add i3c
2025-07-01 08:47:50,415 [INFO] IPUIPlugin:80 - create IPUIPlugin
2025-07-01 08:47:50,416 [INFO] PluginManager:220 - loadIPPluginJar : add ipddr
2025-07-01 08:47:50,440 [INFO] IPUIPlugin:80 - create IPUIPlugin
2025-07-01 08:47:50,440 [INFO] PluginManager:220 - loadIPPluginJar : add linkedlist
2025-07-01 08:47:50,452 [INFO] IPUIPlugin:80 - create IPUIPlugin
2025-07-01 08:47:50,452 [INFO] PluginManager:220 - loadIPPluginJar : add lorawan
2025-07-01 08:47:50,462 [INFO] IPUIPlugin:80 - create IPUIPlugin
2025-07-01 08:47:50,462 [INFO] PluginManager:220 - loadIPPluginJar : add ltdc
2025-07-01 08:47:50,494 [INFO] IPUIPlugin:80 - create IPUIPlugin
2025-07-01 08:47:50,494 [INFO] PluginManager:220 - loadIPPluginJar : add mdma
2025-07-01 08:47:50,531 [INFO] IPUIPlugin:80 - create IPUIPlugin
2025-07-01 08:47:50,531 [INFO] PluginManager:220 - loadIPPluginJar : add nvic
2025-07-01 08:47:50,545 [INFO] IPUIPlugin:80 - create IPUIPlugin
2025-07-01 08:47:50,545 [INFO] PluginManager:220 - loadIPPluginJar : add opamp
2025-07-01 08:47:50,558 [INFO] IPUIPlugin:80 - create IPUIPlugin
2025-07-01 08:47:50,558 [INFO] PluginManager:220 - loadIPPluginJar : add openamp
2025-07-01 08:47:50,572 [INFO] IPUIPlugin:80 - create IPUIPlugin
2025-07-01 08:47:50,572 [INFO] PluginManager:220 - loadIPPluginJar : add pdm2pcm
2025-07-01 08:47:50,609 [INFO] IPUIPlugin:80 - create IPUIPlugin
2025-07-01 08:47:50,611 [INFO] PluginManager:220 - loadIPPluginJar : add plateformsettings
2025-07-01 08:47:50,619 [INFO] IPUIPlugin:80 - create IPUIPlugin
2025-07-01 08:47:50,619 [INFO] PluginManager:220 - loadIPPluginJar : add quadspi
2025-07-01 08:47:50,628 [INFO] IPUIPlugin:80 - create IPUIPlugin
2025-07-01 08:47:50,628 [INFO] PluginManager:220 - loadIPPluginJar : add radio
2025-07-01 08:47:50,690 [INFO] IPUIPlugin:80 - create IPUIPlugin
2025-07-01 08:47:50,690 [INFO] PluginManager:220 - loadIPPluginJar : add resmgrutility
2025-07-01 08:47:50,703 [INFO] IPUIPlugin:80 - create IPUIPlugin
2025-07-01 08:47:50,703 [INFO] PluginManager:220 - loadIPPluginJar : add sai
2025-07-01 08:47:50,714 [INFO] IPUIPlugin:80 - create IPUIPlugin
2025-07-01 08:47:50,714 [INFO] PluginManager:220 - loadIPPluginJar : add spi
2025-07-01 08:47:50,729 [INFO] IPUIPlugin:80 - create IPUIPlugin
2025-07-01 08:47:50,729 [INFO] PluginManager:220 - loadIPPluginJar : add stm32_wpan
2025-07-01 08:47:50,739 [INFO] IPUIPlugin:80 - create IPUIPlugin
2025-07-01 08:47:50,739 [INFO] PluginManager:220 - loadIPPluginJar : add tim
2025-07-01 08:47:50,752 [INFO] IPUIPlugin:80 - create IPUIPlugin
2025-07-01 08:47:50,752 [INFO] PluginManager:220 - loadIPPluginJar : add touchsensing
2025-07-01 08:47:50,762 [INFO] IPUIPlugin:80 - create IPUIPlugin
2025-07-01 08:47:50,762 [INFO] PluginManager:220 - loadIPPluginJar : add tracer_emb
2025-07-01 08:47:50,770 [INFO] IPUIPlugin:80 - create IPUIPlugin
2025-07-01 08:47:50,771 [INFO] PluginManager:220 - loadIPPluginJar : add ts
2025-07-01 08:47:50,779 [INFO] IPUIPlugin:80 - create IPUIPlugin
2025-07-01 08:47:50,779 [INFO] PluginManager:220 - loadIPPluginJar : add tsc
2025-07-01 08:47:50,789 [INFO] IPUIPlugin:80 - create IPUIPlugin
2025-07-01 08:47:50,789 [INFO] PluginManager:220 - loadIPPluginJar : add ucpd
2025-07-01 08:47:50,808 [INFO] IPUIPlugin:80 - create IPUIPlugin
2025-07-01 08:47:50,809 [INFO] PluginManager:220 - loadIPPluginJar : add usart
2025-07-01 08:47:50,822 [INFO] IPUIPlugin:80 - create IPUIPlugin
2025-07-01 08:47:50,823 [INFO] PluginManager:220 - loadIPPluginJar : add usbx
2025-07-01 08:47:51,009 [INFO] ThirdPartyUpdaterWithRetryManager:70 - Updater plugin not ready yet. [2/15]
2025-07-01 08:47:51,219 [FATAL] Updater:351 - Updater called before beeing initialized
2025-07-01 08:47:51,261 [INFO] RulesReader:64 - Compatibility file has been processed (302 Rules)
2025-07-01 08:47:51,278 [INFO] RulesReader:64 - Compatibility file has been processed (302 Rules)
2025-07-01 08:47:51,286 [INFO] CADModel:165 - CPN selected for project level
2025-07-01 08:47:51,286 [INFO] CADModel:114 - Register for checkConnection events
2025-07-01 08:47:51,286 [FATAL] Updater:351 - Updater called before beeing initialized
2025-07-01 08:47:51,287 [ERROR] CADModel:125 - Updater not yet initialized, retry later 
2025-07-01 08:47:51,454 [FATAL] Updater:351 - Updater called before beeing initialized
2025-07-01 08:47:51,456 [INFO] CADModel:165 - CPN selected for project level
2025-07-01 08:47:51,456 [INFO] CADModel:114 - Register for checkConnection events
2025-07-01 08:47:51,456 [FATAL] Updater:351 - Updater called before beeing initialized
2025-07-01 08:47:51,456 [ERROR] CADModel:125 - Updater not yet initialized, retry later 
2025-07-01 08:47:51,459 [FATAL] Updater:351 - Updater called before beeing initialized
2025-07-01 08:47:51,934 [FATAL] Updater:351 - Updater called before beeing initialized
2025-07-01 08:47:51,940 [INFO] DbMcusAds:53 - JSON generation date=Thu Jun 19 10:32:37 CEST 2025 (1750321957418)
2025-07-01 08:47:51,940 [FATAL] Updater:351 - Updater called before beeing initialized
2025-07-01 08:47:52,012 [WARN] DetailPanel:346 - Failed to get advertising image, set to default
2025-07-01 08:47:52,309 [FATAL] Updater:351 - Updater called before beeing initialized
2025-07-01 08:47:52,315 [FATAL] Updater:351 - Updater called before beeing initialized
2025-07-01 08:47:52,315 [FATAL] Updater:351 - Updater called before beeing initialized
2025-07-01 08:47:52,315 [WARN] DetailPanel:346 - Failed to get advertising image, set to default
2025-07-01 08:47:52,315 [FATAL] Updater:351 - Updater called before beeing initialized
2025-07-01 08:47:52,444 [ERROR] Updater:1198 - MainUpdater not yet initialized. External WinMGr cannot be set.
2025-07-01 08:47:52,449 [INFO] Updater:1134 - Updater Version found : 6.14.1
2025-07-01 08:47:52,470 [INFO] ApplicationProperties:184 - Using Application install path: C:\ST\STM32CubeIDE_1.15.0\STM32CubeIDE\plugins\com.st.stm32cube.common.mx_6.14.1.202504091515
2025-07-01 08:47:52,910 [INFO] MainUpdater:2872 - connection check result : 10
2025-07-01 08:47:52,911 [INFO] MainUpdater:289 - Updater Check For Update Now.
2025-07-01 08:47:52,911 [INFO] MicroXplorer:498 - Change Database Version : DB.6.0.141
2025-07-01 08:47:52,930 [INFO] McuFinderGlobals:63 - Set McuFinder mode to 2 (CubeIDE integrated)
2025-07-01 08:47:52,943 [INFO] UserAuth:484 - Internet connection configuration mode: 1
2025-07-01 08:47:53,010 [INFO] JxBrowserEngine:152 - Initiate JxBrowser Engine with user profile folder
2025-07-01 08:47:53,156 [INFO] CheckServerUpdateThread:120 - End of CheckServer Thread
2025-07-01 08:47:55,102 [INFO] WebApp:169 - Instantiating new browser for Auth
2025-07-01 08:47:55,394 [WARN] PackLoader:240 - Cannot read IP mode file for STMicroelectronics.FP-SNS-MOTENVWB1.1.4.0
2025-07-01 08:47:55,415 [WARN] PackLoader:240 - Cannot read IP mode file for STMicroelectronics.FP-ATR-ASTRA1.2.0.2
2025-07-01 08:47:55,425 [WARN] PackLoader:240 - Cannot read IP mode file for STMicroelectronics.FP-ATR-ASTRA1.2.0.1
2025-07-01 08:47:55,462 [WARN] PackLoader:240 - Cannot read IP mode file for STMicroelectronics.X-CUBE-SMBUS.2.1.0
2025-07-01 08:47:55,501 [WARN] PackLoader:240 - Cannot read IP mode file for STMicroelectronics.X-CUBE-WB05N.1.1.0
2025-07-01 08:47:55,515 [WARN] PackLoader:240 - Cannot read IP mode file for STMicroelectronics.X-CUBE-ST60.1.0.0
2025-07-01 08:47:55,526 [WARN] PackLoader:240 - Cannot read IP mode file for STMicroelectronics.X-CUBE-TOUCHGFX.4.23.2
2025-07-01 08:47:55,559 [WARN] PackLoader:240 - Cannot read IP mode file for STMicroelectronics.X-CUBE-AZRTOS-F7.1.1.0
2025-07-01 08:47:55,625 [WARN] PackLoader:240 - Cannot read IP mode file for STMicroelectronics.X-CUBE-MEMS1.11.0.0
2025-07-01 08:47:55,710 [WARN] PackLoader:240 - Cannot read IP mode file for STMicroelectronics.FP-SNS-FLIGHT1.5.0.2
2025-07-01 08:47:55,722 [WARN] PackLoader:240 - Cannot read IP mode file for STMicroelectronics.X-CUBE-DISPLAY.3.0.0
2025-07-01 08:47:55,734 [WARN] PackLoader:240 - Cannot read IP mode file for STMicroelectronics.X-CUBE-BLE1.7.0.0
2025-07-01 08:47:55,743 [WARN] PackLoader:240 - Cannot read IP mode file for STMicroelectronics.X-CUBE-NFC10.1.0.0
2025-07-01 08:47:55,755 [WARN] PackLoader:240 - Cannot read IP mode file for STMicroelectronics.X-CUBE-BLEMGR.4.0.0
2025-07-01 08:47:55,765 [WARN] PackLoader:240 - Cannot read IP mode file for emotas.I-CUBE-CANOPEN.1.3.0
2025-07-01 08:47:55,776 [WARN] PackLoader:240 - Cannot read IP mode file for STMicroelectronics.X-CUBE-BLEMGR.3.1.0
2025-07-01 08:47:55,786 [WARN] PackLoader:240 - Cannot read IP mode file for STMicroelectronics.X-CUBE-AI.10.0.0
2025-07-01 08:47:55,795 [WARN] PackLoader:240 - Cannot read IP mode file for STMicroelectronics.FP-SNS-SMARTAG2.1.2.0
2025-07-01 08:47:55,803 [WARN] PackLoader:240 - Cannot read IP mode file for STMicroelectronics.FP-SNS-FLIGHT1.5.1.0
2025-07-01 08:47:55,849 [WARN] PackLoader:240 - Cannot read IP mode file for STMicroelectronics.X-CUBE-MEMS1.11.1.0
2025-07-01 08:47:55,922 [INFO] LogOutputStream:77 - [STDOUT_REDIRECT] 1 : Invalid condition id : UX_CORESTACK_Condition cause : null
2025-07-01 08:47:55,924 [INFO] LogOutputStream:77 - [STDOUT_REDIRECT] 1 : Invalid condition id : UX_CORESTACK_Condition cause : null
2025-07-01 08:47:55,925 [INFO] LogOutputStream:77 - [STDOUT_REDIRECT] 1 : Invalid condition id : UX_CORESTACK_Condition cause : null
2025-07-01 08:47:55,927 [INFO] LogOutputStream:77 - [STDOUT_REDIRECT] 1 : Invalid condition id : UX_CORESTACK_Condition cause : null
2025-07-01 08:47:55,928 [INFO] LogOutputStream:77 - [STDOUT_REDIRECT] 1 : Invalid condition id : UX_CORESTACK_Condition cause : null
2025-07-01 08:47:55,929 [WARN] PackLoader:240 - Cannot read IP mode file for STMicroelectronics.X-CUBE-AZRTOS-WL.2.0.0
2025-07-01 08:47:55,941 [WARN] PackLoader:240 - Cannot read IP mode file for STMicroelectronics.FP-SNS-MOTENV1.5.0.0
2025-07-01 08:47:55,955 [WARN] PackLoader:240 - Cannot read IP mode file for wolfSSL.I-CUBE-wolfMQTT.1.19.0
2025-07-01 08:47:55,970 [WARN] PackLoader:240 - Cannot read IP mode file for WES.I-CUBE-Cesium.1.3.0
2025-07-01 08:47:55,979 [WARN] PackLoader:240 - Cannot read IP mode file for STMicroelectronics.X-CUBE-BLE2.3.3.0
2025-07-01 08:47:55,991 [WARN] PackLoader:240 - Cannot read IP mode file for STMicroelectronics.X-CUBE-NFC9.1.0.0
2025-07-01 08:47:56,000 [WARN] PackLoader:240 - Cannot read IP mode file for STMicroelectronics.X-CUBE-BLE1.7.1.0
2025-07-01 08:47:56,011 [WARN] PackLoader:240 - Cannot read IP mode file for STMicroelectronics.X-CUBE-TCPP.4.1.0
2025-07-01 08:47:56,019 [WARN] PackLoader:240 - Cannot read IP mode file for STMicroelectronics.X-CUBE-AI.10.1.0
2025-07-01 08:47:56,036 [WARN] PackLoader:240 - Cannot read IP mode file for STMicroelectronics.X-CUBE-ALGOBUILD.1.3.0
2025-07-01 08:47:56,090 [WARN] PackLoader:240 - Cannot read IP mode file for STMicroelectronics.X-CUBE-MEMS1.11.2.0
2025-07-01 08:47:56,155 [WARN] PackLoader:240 - Cannot read IP mode file for STMicroelectronics.X-CUBE-AZRTOS-G0.1.1.0
2025-07-01 08:47:56,166 [WARN] PackLoader:240 - Cannot read IP mode file for STMicroelectronics.X-CUBE-SAFEA1.1.2.2
2025-07-01 08:47:56,177 [WARN] PackLoader:240 - Cannot read IP mode file for STMicroelectronics.X-CUBE-NFC4.3.0.0
2025-07-01 08:47:56,186 [WARN] PackLoader:240 - Cannot read IP mode file for wolfSSL.I-CUBE-wolfMQTT.1.18.0
2025-07-01 08:47:56,199 [WARN] PackLoader:240 - Cannot read IP mode file for EmbeddedOffice.I-CUBE-FS-RTOS.1.0.1
2025-07-01 08:47:56,208 [WARN] PackLoader:240 - Cannot read IP mode file for STMicroelectronics.X-CUBE-WB05N.2.0.0
2025-07-01 08:47:56,217 [WARN] PackLoader:240 - Cannot read IP mode file for STMicroelectronics.X-CUBE-TCPP.4.2.0
2025-07-01 08:47:56,227 [WARN] PackLoader:240 - Cannot read IP mode file for RealThread.X-CUBE-RT-Thread_Nano.4.1.1
2025-07-01 08:47:56,238 [WARN] PackLoader:240 - Cannot read IP mode file for wolfSSL.I-CUBE-wolfSSL.5.7.0
2025-07-01 08:47:56,246 [WARN] PackLoader:240 - Cannot read IP mode file for STMicroelectronics.FP-ATR-SIGFOX1.3.2.0
2025-07-01 08:47:56,255 [WARN] ConditionMgr:438 - getConditionDescription Invalid condition id : Cortex-A Device cause : null
2025-07-01 08:47:56,279 [WARN] ConditionMgr:1044 - genDependencies : Invalid condition id : Cortex-A Device cause : null
2025-07-01 08:47:56,279 [WARN] ConditionMgr:1044 - genDependencies : Invalid condition id : Cortex-A Device cause : null
2025-07-01 08:47:56,279 [WARN] ConditionMgr:1044 - genDependencies : Invalid condition id : Cortex-A Device cause : null
2025-07-01 08:47:56,290 [WARN] PackLoader:240 - Cannot read IP mode file for STMicroelectronics.X-CUBE-EEPRMA1.5.1.0
2025-07-01 08:47:56,304 [WARN] PackLoader:240 - Cannot read IP mode file for ITTIA_DB.I-CUBE-ITTIADB.8.9.0
2025-07-01 08:47:56,319 [WARN] PackLoader:240 - Cannot read IP mode file for STMicroelectronics.X-CUBE-ST67W61.1.0.0
2025-07-01 08:47:56,349 [WARN] PackLoader:240 - Cannot read IP mode file for SEGGER.I-CUBE-embOS.1.3.1
2025-07-01 08:47:56,394 [WARN] PackLoader:240 - Cannot read IP mode file for STMicroelectronics.X-CUBE-ALGOBUILD.1.4.0
2025-07-01 08:47:56,438 [WARN] PackLoader:240 - Cannot read IP mode file for STMicroelectronics.X-CUBE-MEMS1.11.3.0
2025-07-01 08:47:56,538 [WARN] PackLoader:240 - Cannot read IP mode file for STMicroelectronics.X-CUBE-AI.9.1.0
2025-07-01 08:47:56,557 [WARN] PackLoader:240 - Cannot read IP mode file for STMicroelectronics.X-CUBE-PM33A1.1.0.0
2025-07-01 08:47:56,573 [WARN] PackLoader:240 - Cannot read IP mode file for STMicroelectronics.X-CUBE-GNSS1.6.0.0
2025-07-01 08:47:56,595 [WARN] PackLoader:240 - Cannot read IP mode file for STMicroelectronics.X-CUBE-AZRTOS-F4.1.1.0
2025-07-01 08:47:56,606 [WARN] PackLoader:240 - Cannot read IP mode file for Avnet-IotConnect.X-CUBE-IoTC-DA16k-PMOD.1.0.0
2025-07-01 08:47:56,616 [WARN] PackLoader:240 - Cannot read IP mode file for STMicroelectronics.X-CUBE-ISPU.2.1.0
2025-07-01 08:47:56,626 [WARN] PackLoader:240 - Cannot read IP mode file for STMicroelectronics.X-CUBE-FREERTOS.1.2.0
2025-07-01 08:47:56,648 [WARN] PackLoader:240 - Cannot read IP mode file for STMicroelectronics.X-CUBE-AZRTOS-L5.2.0.0
2025-07-01 08:47:56,660 [WARN] PackLoader:240 - Cannot read IP mode file for STMicroelectronics.X-CUBE-NFC6.3.1.0
2025-07-01 08:47:56,671 [WARN] PackLoader:240 - Cannot read IP mode file for STMicroelectronics.X-CUBE-DPower.1.2.0
2025-07-01 08:47:56,680 [WARN] PackLoader:240 - Cannot read IP mode file for STMicroelectronics.X-CUBE-AI.9.0.0
2025-07-01 08:47:56,688 [WARN] PackLoader:240 - Cannot read IP mode file for STMicroelectronics.X-CUBE-FREERTOS.1.3.1
2025-07-01 08:47:56,696 [WARN] PackLoader:240 - Cannot read IP mode file for STMicroelectronics.X-CUBE-FREERTOS.1.3.0
2025-07-01 08:47:56,705 [WARN] PackLoader:240 - Cannot read IP mode file for STMicroelectronics.X-CUBE-NFC7.1.0.1
2025-07-01 08:47:56,712 [WARN] PackLoader:240 - Cannot read IP mode file for wolfSSL.I-CUBE-wolfTPM.3.2.0
2025-07-01 08:47:56,722 [WARN] PackLoader:240 - Cannot read IP mode file for STMicroelectronics.FP-SNS-STAIOTCFT.1.0.0
2025-07-01 08:47:56,733 [WARN] PackLoader:240 - Cannot read IP mode file for STMicroelectronics.X-CUBE-DPower.1.3.0
2025-07-01 08:47:56,740 [WARN] PackLoader:240 - Cannot read IP mode file for STMicroelectronics.X-CUBE-AI.8.1.0
2025-07-01 08:47:56,759 [WARN] ConditionMgr:438 - getConditionDescription Invalid condition id : LAN8742 Phy interface Condition cause : null
2025-07-01 08:47:56,760 [WARN] PackLoader:240 - Cannot read IP mode file for STMicroelectronics.X-CUBE-AZRTOS-L4.2.0.0
2025-07-01 08:47:56,760 [WARN] ConditionMgr:1044 - genDependencies : Invalid condition id : LAN8742 Phy interface Condition cause : null
2025-07-01 08:47:56,760 [WARN] ConditionMgr:1044 - genDependencies : Invalid condition id : LAN8742 Phy interface Condition cause : null
2025-07-01 08:47:56,760 [WARN] ConditionMgr:1044 - genDependencies : Invalid condition id : LAN8742 Phy interface Condition cause : null
2025-07-01 08:47:56,769 [WARN] PackLoader:240 - Cannot read IP mode file for STMicroelectronics.X-CUBE-SFXS2LP1.4.0.0
2025-07-01 08:47:56,788 [WARN] PackLoader:240 - Cannot read IP mode file for STMicroelectronics.X-CUBE-AZRTOS-H7.3.3.0
2025-07-01 08:47:56,799 [WARN] PackLoader:240 - Cannot read IP mode file for STMicroelectronics.X-CUBE-IPS.3.0.0
2025-07-01 08:47:56,818 [WARN] ConditionMgr:438 - getConditionDescription Invalid condition id : UX DEVICE CLASS RTOS Condition cause : null
2025-07-01 08:47:56,818 [WARN] ConditionMgr:438 - getConditionDescription Invalid condition id : UX DEVICE CLASS RTOS Condition cause : null
2025-07-01 08:47:56,819 [WARN] PackLoader:240 - Cannot read IP mode file for STMicroelectronics.X-CUBE-AZRTOS-WB.2.0.0
2025-07-01 08:47:56,819 [WARN] ConditionMgr:1044 - genDependencies : Invalid condition id : UX DEVICE CLASS RTOS Condition cause : null
2025-07-01 08:47:56,819 [WARN] ConditionMgr:1044 - genDependencies : Invalid condition id : UX DEVICE CLASS RTOS Condition cause : null
2025-07-01 08:47:56,819 [WARN] ConditionMgr:1044 - genDependencies : Invalid condition id : UX DEVICE CLASS RTOS Condition cause : null
2025-07-01 08:47:56,819 [WARN] ConditionMgr:1044 - genDependencies : Invalid condition id : UX DEVICE CLASS RTOS Condition cause : null
2025-07-01 08:47:56,819 [WARN] ConditionMgr:1044 - genDependencies : Invalid condition id : UX DEVICE CLASS RTOS Condition cause : null
2025-07-01 08:47:56,828 [WARN] PackLoader:240 - Cannot read IP mode file for STMicroelectronics.X-CUBE-GNSS1.7.0.0
2025-07-01 08:47:56,836 [WARN] PackLoader:240 - Cannot read IP mode file for STMicroelectronics.X-CUBE-GNSS1.7.0.1
2025-07-01 08:47:56,844 [WARN] PackLoader:240 - Cannot read IP mode file for STMicroelectronics.X-CUBE-TOUCHGFX.4.25.0
2025-07-01 08:47:56,854 [WARN] PackLoader:240 - Cannot read IP mode file for STMicroelectronics.FP-SNS-STBOX1.2.0.0
2025-07-01 08:47:56,867 [WARN] PackLoader:240 - Cannot read IP mode file for STMicroelectronics.X-CUBE-SUBG2.5.0.0
2025-07-01 08:47:56,889 [WARN] PackLoader:240 - Cannot read IP mode file for STMicroelectronics.X-CUBE-AZRTOS-H7RS.1.1.0
2025-07-01 08:47:56,909 [WARN] PackLoader:240 - Cannot read IP mode file for STMicroelectronics.X-CUBE-AZRTOS-G4.2.0.0
2025-07-01 08:47:56,919 [WARN] PackLoader:240 - Cannot read IP mode file for STMicroelectronics.X-CUBE-NFC7.2.0.0
2025-07-01 08:47:56,926 [WARN] PackLoader:240 - Cannot read IP mode file for STMicroelectronics.FP-SNS-MOTENVWB1.1.3.1
2025-07-01 08:47:56,934 [WARN] PackLoader:240 - Cannot read IP mode file for STMicroelectronics.X-CUBE-ISPU.2.0.0
2025-07-01 08:47:56,945 [WARN] PackLoader:240 - Cannot read IP mode file for STMicroelectronics.X-CUBE-IPS.3.1.0
2025-07-01 08:47:56,957 [WARN] PackLoader:240 - Cannot read IP mode file for STMicroelectronics.X-CUBE-ALS.1.0.2
2025-07-01 08:47:56,992 [WARN] PackLoader:240 - Cannot read IP mode file for STMicroelectronics.X-CUBE-MEMS1.10.0.0
2025-07-01 08:47:57,032 [WARN] PackLoader:240 - Cannot read IP mode file for STMicroelectronics.X-CUBE-FREERTOS.1.1.0
2025-07-01 08:47:57,041 [WARN] PackLoader:240 - Cannot read IP mode file for STMicroelectronics.X-CUBE-TOUCHGFX.4.24.0
2025-07-01 08:47:57,047 [WARN] PackLoader:240 - Cannot read IP mode file for STMicroelectronics.X-CUBE-TOUCHGFX.4.24.2
2025-07-01 08:47:57,057 [WARN] PackLoader:240 - Cannot read IP mode file for STMicroelectronics.X-CUBE-TOUCHGFX.4.24.1
2025-07-01 08:47:57,066 [WARN] PackLoader:240 - Cannot read IP mode file for portGmbH.I-Cube-SoM-uGOAL.1.1.0
2025-07-01 08:47:57,074 [WARN] PackLoader:240 - Cannot read IP mode file for STMicroelectronics.X-CUBE-ALS.1.0.1
2025-07-01 08:47:57,099 [WARN] PackLoader:240 - Cannot read IP mode file for STMicroelectronics.X-CUBE-AZRTOS-H7RS.1.0.0
2025-07-01 08:47:57,109 [WARN] PackLoader:240 - Cannot read IP mode file for STMicroelectronics.FP-ATR-ASTRA1.2.0.0
2025-07-01 08:47:57,127 [WARN] PackLoader:240 - Cannot read IP mode file for STMicroelectronics.X-CUBE-TOF1.3.4.2
2025-07-01 08:47:57,153 [WARN] PackLoader:240 - Cannot read IP mode file for STMicroelectronics.X-CUBE-TOF1.3.4.3
2025-07-01 08:47:57,190 [WARN] PackLoader:240 - Cannot read IP mode file for STMicroelectronics.X-CUBE-TOF1.3.4.1
2025-07-01 08:47:57,223 [WARN] PackLoader:240 - Cannot read IP mode file for STMicroelectronics.X-CUBE-AZRTOS-H7.3.2.0
2025-07-01 08:47:57,251 [WARN] PackLoader:240 - Cannot read IP mode file for Infineon.AIROC-Wi-Fi-Bluetooth-STM32.1.6.0
2025-07-01 08:47:57,268 [WARN] PackLoader:240 - Cannot read IP mode file for wolfSSL.I-CUBE-wolfSSH.1.4.17
2025-07-01 08:47:57,269 [INFO] ThirdParty:978 - Integrity check success = true
2025-07-01 08:47:57,269 [INFO] IntegrityCheckThread:100 - exiting critical section [integrity check]
2025-07-01 08:47:57,269 [INFO] IntegrityCheckThread:103 - End integrity checks thread
2025-07-01 08:47:57,422 [INFO] WebApp:463 - Apply proxy settings
2025-07-01 08:47:57,422 [INFO] WebApp:548 - Chromium requires no authentication
2025-07-01 08:47:57,446 [INFO] WebApp:491 - Direct internet connection detected
2025-07-01 08:47:57,501 [INFO] WebApp:894 - Register for checkConnection events
2025-07-01 08:47:57,501 [INFO] WebApp:463 - Apply proxy settings
2025-07-01 08:47:57,501 [INFO] WebApp:548 - Chromium requires no authentication
2025-07-01 08:47:57,502 [INFO] WebApp:491 - Direct internet connection detected
2025-07-01 08:47:57,811 [INFO] WebApp:191 - Connection restablished
2025-07-01 08:47:57,835 [INFO] WebApp:225 - Starting web application
2025-07-01 08:47:57,835 [INFO] WebApp:593 - Web application path used C:\ST\STM32CubeIDE_1.15.0\STM32CubeIDE\plugins\com.st.stm32cube.common.mx_6.14.1.202504091515\db\plugins\mcufinder\reactClient1\index.html
2025-07-01 08:47:57,927 [INFO] UserAuth:484 - Internet connection configuration mode: 1
2025-07-01 11:16:20,921 [INFO] McuFinderGlobals:63 - Set McuFinder mode to 2 (CubeIDE integrated)
2025-07-01 11:16:20,936 [INFO] MainUpdater:2872 - connection check result : 10
2025-07-01 11:16:20,938 [INFO] MainUpdater:2872 - connection check result : 10
2025-07-01 11:16:21,187 [INFO] MicroXplorer:468 - Change Database Path : 
2025-07-01 11:16:21,188 [INFO] MicroXplorer:498 - Change Database Version : DB.6.0.141
2025-07-01 11:16:21,193 [WARN] ThirdParty:871 - waiting for thirdparty lock release [close project]
2025-07-01 11:16:21,193 [INFO] ThirdParty:873 - entering critical section [close project]
2025-07-01 11:16:21,435 [INFO] ThirdParty:883 - exiting critical section [close project]
2025-07-01 11:16:21,451 [INFO] PinOutPanel:1589 - setPackage(No Configuration,No Configuration)
2025-07-01 11:16:21,470 [INFO] UtilMem:75 - Begin LoadConfig() Used Memory: 433923384 Bytes (542113792)
2025-07-01 11:16:21,476 [INFO] MicroXplorer:468 - Change Database Path : 
2025-07-01 11:16:21,476 [INFO] MicroXplorer:498 - Change Database Version : DB.6.0.141
2025-07-01 11:16:21,476 [INFO] OpenFileManager:354 - Change cursor
2025-07-01 11:16:21,644 [INFO] Mcu:2011 - Initializing MCU STM32F446R(C-E)Tx STM32F446RETx STM32F446RET6
2025-07-01 11:16:24,276 [INFO] Context:756 - Trying to add GPIOservice into a context  which must be forbidden
2025-07-01 11:16:24,772 [INFO] ImportTextPane:218 - (OptionalMessage_ERROR) Pin11 (VP_RIF_VS_RIF1) cannot be retrieved for this MCU
2025-07-01 11:16:24,955 [INFO] RtosManager:558 - Registered RTOS mode: class=CMSIS, group=RTOS, mode=CMSIS_V1, owner=FREERTOS
2025-07-01 11:16:24,955 [INFO] RtosManager:558 - Registered RTOS mode: class=CMSIS, group=RTOS2, mode=CMSIS_V2, owner=FREERTOS
2025-07-01 11:16:24,955 [INFO] RtosManager:558 - Registered RTOS mode: class=RTOS, group=Core, mode=CMSIS_V1, owner=FREERTOS
2025-07-01 11:16:24,955 [INFO] RtosManager:558 - Registered RTOS mode: class=RTOS, group=Core, mode=CMSIS_V2, owner=FREERTOS
2025-07-01 11:16:24,955 [WARN] ModelIntegratedComponent:184 - Missing modes for component STMicroelectronics:FreeRTOS:0.0.1:STMicroelectronics:RTOS:FreeRTOS:Core:::10.2.0:
2025-07-01 11:16:24,963 [WARN] ModelIntegratedComponent:63 - No mode defined for component null
2025-07-01 11:16:24,964 [WARN] ModelIntegratedComponent:63 - No mode defined for component null
2025-07-01 11:16:24,964 [WARN] ModelIntegratedComponent:63 - No mode defined for component null
2025-07-01 11:16:24,964 [WARN] ModelIntegratedComponent:63 - No mode defined for component null
2025-07-01 11:16:24,964 [WARN] ModelIntegratedComponent:63 - No mode defined for component null
2025-07-01 11:16:24,964 [WARN] ModelIntegratedComponent:63 - No mode defined for component null
2025-07-01 11:16:24,964 [WARN] ModelIntegratedComponent:63 - No mode defined for component null
2025-07-01 11:16:24,964 [WARN] ModelIntegratedComponent:63 - No mode defined for component null
2025-07-01 11:16:24,964 [WARN] ModelIntegratedComponent:63 - No mode defined for component null
2025-07-01 11:16:24,964 [WARN] ModelIntegratedComponent:63 - No mode defined for component null
2025-07-01 11:16:24,964 [WARN] ModelIntegratedComponent:63 - No mode defined for component null
2025-07-01 11:16:24,964 [WARN] ModelIntegratedComponent:63 - No mode defined for component null
2025-07-01 11:16:24,964 [WARN] ModelIntegratedComponent:63 - No mode defined for component null
2025-07-01 11:16:24,964 [WARN] ModelIntegratedComponent:63 - No mode defined for component null
2025-07-01 11:16:24,964 [WARN] ModelIntegratedComponent:63 - No mode defined for component null
2025-07-01 11:16:24,964 [WARN] ModelIntegratedComponent:63 - No mode defined for component null
2025-07-01 11:16:24,964 [WARN] ModelIntegratedComponent:63 - No mode defined for component null
2025-07-01 11:16:24,964 [WARN] ModelIntegratedComponent:63 - No mode defined for component null
2025-07-01 11:16:24,964 [WARN] ModelIntegratedComponent:63 - No mode defined for component null
2025-07-01 11:16:24,964 [WARN] ModelIntegratedComponent:63 - No mode defined for component null
2025-07-01 11:16:24,964 [WARN] ModelIntegratedComponent:63 - No mode defined for component null
2025-07-01 11:16:24,964 [WARN] ModelIntegratedComponent:63 - No mode defined for component null
2025-07-01 11:16:24,965 [WARN] ModelIntegratedComponent:63 - No mode defined for component null
2025-07-01 11:16:24,965 [WARN] ModelIntegratedComponent:63 - No mode defined for component null
2025-07-01 11:16:24,965 [WARN] ModelIntegratedComponent:63 - No mode defined for component null
2025-07-01 11:16:24,965 [WARN] ModelIntegratedComponent:63 - No mode defined for component null
2025-07-01 11:16:24,965 [WARN] ModelIntegratedComponent:63 - No mode defined for component null
2025-07-01 11:16:24,965 [WARN] ModelIntegratedComponent:63 - No mode defined for component null
2025-07-01 11:16:24,965 [WARN] ModelIntegratedComponent:63 - No mode defined for component null
2025-07-01 11:16:24,965 [WARN] ModelIntegratedComponent:63 - No mode defined for component null
2025-07-01 11:16:24,965 [WARN] ModelIntegratedComponent:63 - No mode defined for component null
2025-07-01 11:16:24,965 [WARN] ModelIntegratedComponent:63 - No mode defined for component null
2025-07-01 11:16:24,965 [WARN] ModelIntegratedComponent:63 - No mode defined for component null
2025-07-01 11:16:24,965 [WARN] ModelIntegratedComponent:63 - No mode defined for component null
2025-07-01 11:16:24,965 [WARN] ModelIntegratedComponent:63 - No mode defined for component null
2025-07-01 11:16:24,965 [WARN] ModelPack:524 - Component already loaded: STMicroelectronics:HAL Drivers:0.0.0:STMicroelectronics:Device:STMicro_Driver:XSPI:HAL::0.0.1:HAL_XSPI
2025-07-01 11:16:25,153 [INFO] ThirdPartyModel:298 - Start build external matchings
2025-07-01 11:16:26,394 [INFO] ThirdPartyModel:316 - End build external matchings
2025-07-01 11:16:26,461 [WARN] IP:2250 - I2C_Coeff_DF not found: check if there is a RefParameter without a condition.
2025-07-01 11:16:26,462 [WARN] IP:2250 - Analog_Filter not found: check if there is a RefParameter without a condition.
2025-07-01 11:16:26,463 [INFO] ImportTextPane:218 - (OptionalMessage_ERROR) IP (RCC) : Invalid parameter (FamilyName)
2025-07-01 11:16:26,463 [INFO] ImportTextPane:218 - (OptionalMessage_ERROR) IP (RCC) : Parameter (MCO2PinFreq_Value) has invalid value (180000000)
2025-07-01 11:16:26,464 [INFO] ImportTextPane:218 - (OptionalMessage_ERROR) IP (RCC) : Parameter (SDIOFreq_Value) has invalid value (180000000)
2025-07-01 11:16:26,465 [INFO] ImportTextPane:218 - (OptionalMessage_ERROR) IP (RCC) : Parameter (USBFreq_Value) has invalid value (180000000)
2025-07-01 11:16:26,992 [INFO] ApiDb:581 - Connected to CubeFinder SQLite database (C:\Users\nicola.reat\.stmcufinder\plugins\mcufinder\mcu\cube-finder-db.db)
2025-07-01 11:16:27,161 [INFO] ApiDb:668 - CubeFinder database Data Model version=2.1
2025-07-01 11:16:27,161 [INFO] ApiDb:669 - CubeFinder database Configuration version=3.0.39
2025-07-01 11:16:27,161 [INFO] ApiDb:670 - CubeFinder database generation date=2025-03-24 (1742811287)
2025-07-01 11:16:27,161 [INFO] ApiDb:671 - CubeFinder database FW Pack versions=[FP-ATR-ASTRA1_V2.0.0, FP-SNS-FLIGHT1_V5.0.2, FP-SNS-MOTENV1_V5.0.0, FP-SNS-MOTENVWB1_V1.4.0, FP-SNS-SMARTAG2_V1.2.0, FP-SNS-STBOX1_V2.0.0, STM32Cube_FW_C0_V1.4.0, STM32Cube_FW_F4_V1.28.1, STM32Cube_FW_F7_V1.17.2, STM32Cube_FW_G0_V1.6.2, STM32Cube_FW_G4_V1.6.1, STM32Cube_FW_H5_V1.5.0, STM32Cube_FW_H7RS_V1.2.0, STM32Cube_FW_H7_V1.12.1, STM32Cube_FW_L0_V1.12.2, STM32Cube_FW_L4_V1.18.1, STM32Cube_FW_L5_V1.5.1, STM32Cube_FW_N6_V1.1.0, STM32Cube_FW_U0_V1.2.0, STM32Cube_FW_U3_V1.1.0, STM32Cube_FW_U5_V1.7.0, STM32Cube_FW_WB0_V1.2.0, STM32Cube_FW_WBA_V1.6.0, STM32Cube_FW_WB_V1.22.0, STM32Cube_FW_WL3_V1.1.0, STM32Cube_FW_WL_V1.3.1, X-CUBE-ALGOBUILD_V1.4.0, X-CUBE-ALS_V1.0.2, X-CUBE-AZRTOS-F4_V1.1.0, X-CUBE-AZRTOS-F7_V1.1.0, X-CUBE-AZRTOS-G0_V1.1.0, X-CUBE-AZRTOS-G4_V2.0.0, X-CUBE-AZRTOS-H7RS_V1.0.0, X-CUBE-AZRTOS-H7_V3.3.0, X-CUBE-AZRTOS-L4_V2.0.0, X-CUBE-AZRTOS-L5_V2.0.0, X-CUBE-AZRTOS-WB_V2.0.0, X-CUBE-AZRTOS-WL_V2.0.0, X-CUBE-BLE1_V7.1.0, X-CUBE-BLE2_V3.3.0, X-CUBE-BLEMGR_V4.0.0, X-CUBE-EEPRMA1_V5.1.0, X-CUBE-FREERTOS_V1.3.0, X-CUBE-GNSS1_V6.0.0, X-CUBE-MEMS1_V11.1.0, X-CUBE-NFC4_V3.0.0, X-CUBE-NFC7_V1.0.1, X-CUBE-SFXS2LP1_V4.0.0, X-CUBE-SUBG2_V5.0.0, X-CUBE-TOF1_V3.4.2]
2025-07-01 11:16:27,272 [INFO] DbBoardsSqlite:226 - include board P-NUCLEO-WB55-NUCLEO as a kit item of type 'Nucleo-64'
2025-07-01 11:16:27,272 [INFO] DbBoardsSqlite:226 - include board P-NUCLEO-WB55-USBDONGLE as a kit item of type 'Nucleo USB Dongle'
2025-07-01 11:16:27,273 [INFO] DbBoardsSqlite:226 - include board STEVAL-IDP005V1 as a kit item of type 'Evaluation Board'
2025-07-01 11:16:27,273 [INFO] DbBoardsSqlite:226 - include board STEVAL-IDP005V2 as a kit item of type 'Evaluation Board'
2025-07-01 11:16:27,901 [INFO] ApiDb:240 - Found 895 in-development CPN: [B-G473E-ZEST1S, B-WB1M-WPAN1, B-WBA5M-WPAN, B-WL5M-SUBG1, NUCLEO-C031C6, NUCLEO-C051C8, NUCLEO-C071RB, NUCLEO-C092RC, NUCLEO-H503RB, NUCLEO-H533RE, NUCLEO-H563ZI, NUCLEO-H7S3L8, NUCLEO-N657X0-Q, NUCLEO-U031R8, NUCLEO-U083RC, NUCLEO-U385RG-Q, NUCLEO-U545RE-Q, NUCLEO-U5A5ZJ-Q, NUCLEO-WB05KZ, NUCLEO-WB07CC, NUCLEO-WB09KE, NUCLEO-WBA52CG, NUCLEO-WBA55CG, NUCLEO-WBA65RI, NUCLEO-WL33CC1, NUCLEO-WL33CC2, STEVAL-PROTEUS1, STEVAL-SMARTAG2, STEVAL-STWINBX1, STM320518-EVAL, STM32C0116-DK, STM32C011D6Y3TR, STM32C011D6Y6TR, STM32C011F4P3, STM32C011F4P6, STM32C011F4U3, STM32C011F4U6TR, STM32C011F6P3, STM32C011F6P6, STM32C011F6U3, STM32C011F6U6TR, STM32C011J4M3, STM32C011J4M6, STM32C011J6M3, STM32C011J6M6, STM32C0316-DK, STM32C031C4T3, STM32C031C4T6, STM32C031C4U3, STM32C031C4U6, STM32C031C6T3, STM32C031C6T6, STM32C031C6U3, STM32C031C6U6, STM32C031F4P3, STM32C031F4P6, STM32C031F6P3, STM32C031F6P6, STM32C031G4U3, STM32C031G4U6, STM32C031G6U3, STM32C031G6U6, STM32C031K4T3, STM32C031K4T6, STM32C031K4U3, STM32C031K4U6, STM32C031K6T3, STM32C031K6T6, STM32C031K6U3, STM32C031K6U6, STM32C051C6T6, STM32C051C6U6, STM32C051C8T6, STM32C051C8U6, STM32C051D8Y6TR, STM32C051F6P6, STM32C051F8P6, STM32C051G6U6, STM32C051G8U6, STM32C051K6T6, STM32C051K6U6, STM32C051K8T6, STM32C071C8T6, STM32C071C8T6N, STM32C071C8U6, STM32C071C8U6N, STM32C071CBT6, STM32C071CBT6N, STM32C071CBU6, STM32C071CBU6N, STM32C071F8P6, STM32C071F8P6N, STM32C071FBP6, STM32C071FBP6N, STM32C071FBY6TR, STM32C071G8U6, STM32C071G8U6N, STM32C071GBU6, STM32C071GBU6N, STM32C071K8T6, STM32C071K8T6N, STM32C071K8U6, STM32C071K8U6N, STM32C071KBT6, STM32C071KBT6N, STM32C071KBU6, STM32C071KBU6N, STM32C071R8T6, STM32C071R8T6N, STM32C071RBI6N, STM32C071RBT6, STM32C071RBT6N, STM32C091CBT6, STM32C091CBU6, STM32C091CCT6, STM32C091CCU6, STM32C091ECY6TR, STM32C091FBP6, STM32C091FCP6, STM32C091GBU6, STM32C091GCU6, STM32C091KBT6, STM32C091KBU6, STM32C091KCT6, STM32C091KCU6, STM32C091RBT6, STM32C091RCI6, STM32C091RCT6, STM32C092CBT6, STM32C092CBU6, STM32C092CCT6, STM32C092CCU6, STM32C092ECY6TR, STM32C092FBP6, STM32C092FCP6, STM32C092GBU6, STM32C092GCU6, STM32C092KBT6, STM32C092KBU6, STM32C092KCT6, STM32C092KCU6, STM32C092RBT6, STM32C092RCI6, STM32C092RCT6, STM32G071K8TXN, STM32G071K8UXN, STM32G081GBU6N, STM32G081KBT6N, STM32G081KBUXN, STM32G0B1CCT6N, STM32G0B1KCT6, STM32G0B1NEY6TR, STM32G0B1RCT6N, STM32G0C1CCT6, STM32G0C1CCT6N, STM32G0C1CCU6N, STM32G0C1CET6N, STM32G0C1CEU6N, STM32G0C1KCT6, STM32G0C1NEY6TR, STM32G0C1RCI6N, STM32G0C1RCT6N, STM32G0C1REI6N, STM32G0C1RET6N, STM32G0C1VCI6, STM32G0C1VEI6, STM32G411C6T3, STM32G411C6T6, STM32G411C6U3, STM32G411C6U6, STM32G411C8T3, STM32G411C8T6, STM32G411C8U3, STM32G411C8U6, STM32G411CBT3, STM32G411CBT6, STM32G411CBU3, STM32G411CBU6, STM32G411CCT3, STM32G411CCT6, STM32G411CCU3, STM32G411CCU6, STM32G411K6T3, STM32G411K6T6, STM32G411K6U3, STM32G411K6U6, STM32G411K8T3, STM32G411K8T6, STM32G411K8U3, STM32G411K8U6, STM32G411KBT3, STM32G411KBT6, STM32G411KBU3, STM32G411KBU6, STM32G411M6T3, STM32G411M6T6, STM32G411M8T3, STM32G411M8T6, STM32G411MBT3, STM32G411MBT6, STM32G411MCT3, STM32G411MCT6, STM32G411R6T3, STM32G411R6T6, STM32G411R8T3, STM32G411R8T6, STM32G411RBT3, STM32G411RBT6, STM32G411RCT3, STM32G411RCT6, STM32G414CBT3, STM32G414CBT6, STM32G414CBU3, STM32G414CBU6, STM32G414CCT3, STM32G414CCT6, STM32G414CCU3, STM32G414CCU6, STM32G414MBT3, STM32G414MBT6, STM32G414MCT3, STM32G414MCT6, STM32G414RBT3, STM32G414RBT6, STM32G414RCT3, STM32G414RCT6, STM32G414VBT3, STM32G414VBT6, STM32G414VCT3, STM32G414VCT6, STM32G431CBT3Z, STM32G431RBT3Z, STM32G471CCT6, STM32G471CCU6, STM32G471CET3, STM32G471CET6, STM32G471CEU3, STM32G471CEU6, STM32G471MCT6, STM32G471MET3, STM32G471MET6, STM32G471MEY6TR, STM32G471QCT6, STM32G471QET3, STM32G471RCT6, STM32G471RET3, STM32G471RET6, STM32G471VCH6, STM32G471VCI6, STM32G471VCT6, STM32G471VEH3, STM32G471VEH6, STM32G471VEI3, STM32G471VEI6, STM32G471VET3, STM32G471VET6, STM32G473QET3Z, STM32G473RET3Z, STM32G474CCT6, STM32G491RET3Z, STM32H503CBT6, STM32H503CBU6, STM32H503EBY6TR, STM32H503KBU6, STM32H503RBT6, STM32H523CCT6, STM32H523CCU6, STM32H523CET6, STM32H523CEU6, STM32H523HEY6TR, STM32H523RCT6, STM32H523RET6, STM32H523VCI6, STM32H523VCT6, STM32H523VEI6, STM32H523VET6, STM32H523ZCJ6, STM32H523ZCT6, STM32H523ZEJ6, STM32H523ZET6, STM32H533CET6, STM32H533CEU6, STM32H533HEY6TR, STM32H533RET6, STM32H533VEI6, STM32H533VET6, STM32H533ZEJ6, STM32H533ZET6, STM32H562AGI6, STM32H562AII6, STM32H562IGK6, STM32H562IGT6, STM32H562IIK6, STM32H562IIT6, STM32H562RGT6, STM32H562RGV6, STM32H562RIT6, STM32H562RIV6, STM32H562VGT6, STM32H562VIT6, STM32H562ZGT6, STM32H562ZIT6, STM32H563AGI6, STM32H563AII3Q, STM32H563AII6, STM32H563IGK6, STM32H563IGT6, STM32H563IIK3Q, STM32H563IIK6, STM32H563IIT3Q, STM32H563IIT6, STM32H563MIY3QTR, STM32H563RGT6, STM32H563RGV6, STM32H563RIT6, STM32H563RIV6, STM32H563VGT6, STM32H563VIT3Q, STM32H563VIT6, STM32H563ZGT6, STM32H563ZIT3Q, STM32H563ZIT6, STM32H573AII3Q, STM32H573AII6, STM32H573I-DK, STM32H573IIK3Q, STM32H573IIK6, STM32H573IIT3Q, STM32H573IIT6, STM32H573MIY3QTR, STM32H573RIT6, STM32H573RIV6, STM32H573VIT3Q, STM32H573VIT6, STM32H573ZIT3Q, STM32H573ZIT6, STM32H7R3A8I6, STM32H7R3I8K6, STM32H7R3I8T6, STM32H7R3L8H6, STM32H7R3L8H6H, STM32H7R3R8V6, STM32H7R3V8H6, STM32H7R3V8T6, STM32H7R3V8Y6TR, STM32H7R3Z8J6, STM32H7R3Z8T6, STM32H7R7A8I6, STM32H7R7I8K6, STM32H7R7I8T6, STM32H7R7L8H6, STM32H7R7L8H6H, STM32H7R7Z8J6, STM32H7S3A8I6, STM32H7S3I8K6, STM32H7S3I8T6, STM32H7S3L8H6, STM32H7S3L8H6H, STM32H7S3R8V6, STM32H7S3V8H6, STM32H7S3V8T6, STM32H7S3V8Y6TR, STM32H7S3Z8J6, STM32H7S3Z8T6, STM32H7S78-DK, STM32H7S7A8I6, STM32H7S7I8K6, STM32H7S7I8T6, STM32H7S7L8H6, STM32H7S7L8H6H, STM32H7S7Z8J6, STM32L4R5QGI6STR, STM32MP131AAE3, STM32MP131AAF3, STM32MP131AAG3, STM32MP131CAE3, STM32MP131CAF3, STM32MP131CAG3, STM32MP131DAE7, STM32MP131DAF7, STM32MP131DAG7, STM32MP131FAE7, STM32MP131FAF7, STM32MP131FAG7, STM32MP133AAE3, STM32MP133AAF3, STM32MP133AAG3, STM32MP133CAE3, STM32MP133CAF3, STM32MP133CAG3, STM32MP133DAE7, STM32MP133DAF7, STM32MP133DAG7, STM32MP133FAE7, STM32MP133FAF7, STM32MP133FAG7, STM32MP135AAE3, STM32MP135AAF3, STM32MP135AAG3, STM32MP135CAE3, STM32MP135CAF3, STM32MP135CAG3, STM32MP135DAE7, STM32MP135DAF7, STM32MP135DAG7, STM32MP135F-DK, STM32MP135FAE7, STM32MP135FAF7, STM32MP135FAF7T, STM32MP135FAF7U, STM32MP135FAG7, STM32MP231AAJ3, STM32MP231AAK3, STM32MP231AAL3, STM32MP231CAJ3, STM32MP231CAK3, STM32MP231CAL3, STM32MP231DAJ3, STM32MP231DAK3, STM32MP231DAL3, STM32MP231FAJ3, STM32MP231FAK3, STM32MP231FAL3, STM32MP233AAJ3, STM32MP233AAK3, STM32MP233AAL3, STM32MP233CAJ3, STM32MP233CAK3, STM32MP233CAL3, STM32MP233DAJ3, STM32MP233DAK3, STM32MP233DAL3, STM32MP233FAJ3, STM32MP233FAK3, STM32MP233FAL3, STM32MP235AAJ3, STM32MP235AAK3, STM32MP235AAL3, STM32MP235CAJ3, STM32MP235CAK3, STM32MP235CAL3, STM32MP235DAJ3, STM32MP235DAK3, STM32MP235DAL3, STM32MP235FAJ3, STM32MP235FAK3, STM32MP235FAL3, STM32MP251AAI3, STM32MP251AAJ3, STM32MP251AAK3, STM32MP251AAL3, STM32MP251CAI3, STM32MP251CAJ3, STM32MP251CAK3, STM32MP251CAL3, STM32MP251DAI3, STM32MP251DAJ3, STM32MP251DAK3, STM32MP251DAL3, STM32MP251FAI3, STM32MP251FAJ3, STM32MP251FAK3, STM32MP251FAL3, STM32MP253AAI3, STM32MP253AAJ3, STM32MP253AAK3, STM32MP253AAL3, STM32MP253CAI3, STM32MP253CAJ3, STM32MP253CAK3, STM32MP253CAL3, STM32MP253DAI3, STM32MP253DAJ3, STM32MP253DAK3, STM32MP253DAL3, STM32MP253FAI3, STM32MP253FAJ3, STM32MP253FAK3, STM32MP253FAL3, STM32MP255AAI3, STM32MP255AAJ3, STM32MP255AAK3, STM32MP255AAL3, STM32MP255CAI3, STM32MP255CAJ3, STM32MP255CAK3, STM32MP255CAL3, STM32MP255DAI3, STM32MP255DAJ3, STM32MP255DAK3, STM32MP255DAL3, STM32MP255FAI3, STM32MP255FAJ3, STM32MP255FAK3, STM32MP255FAL3, STM32MP257AAI3, STM32MP257AAJ3, STM32MP257AAK3, STM32MP257AAL3, STM32MP257CAI3, STM32MP257CAJ3, STM32MP257CAK3, STM32MP257CAL3, STM32MP257DAI3, STM32MP257DAJ3, STM32MP257DAK3, STM32MP257DAL3, STM32MP257F-DK, STM32MP257F-EV1, STM32MP257FAI3, STM32MP257FAJ3, STM32MP257FAK3, STM32MP257FAL3, STM32N645A0H3Q, STM32N645B0H3Q, STM32N645I0H3Q, STM32N645L0H3Q, STM32N645X0H3Q, STM32N645Z0H3Q, STM32N647A0H3Q, STM32N647B0H3Q, STM32N647I0H3Q, STM32N647L0H3Q, STM32N647X0H3Q, STM32N647Z0H3Q, STM32N655A0H3Q, STM32N655B0H3Q, STM32N655I0H3Q, STM32N655L0H3Q, STM32N655X0H3Q, STM32N655Z0H3Q, STM32N6570-DK, STM32N657A0H3Q, STM32N657B0H3Q, STM32N657I0H3Q, STM32N657L0H3Q, STM32N657X0H3Q, STM32N657Z0H3Q, STM32U031C6T6, STM32U031C6U6, STM32U031C8T6, STM32U031C8U6, STM32U031F4P6, STM32U031F6P6, STM32U031F8P6, STM32U031G6Y6TR, STM32U031G8Y6TR, STM32U031K4U6, STM32U031K6U6, STM32U031K8U6, STM32U031R6I6, STM32U031R6T6, STM32U031R8I6, STM32U031R8T6, STM32U073C8T6, STM32U073C8U6, STM32U073CBT6, STM32U073CBU6, STM32U073CCT6, STM32U073CCU6, STM32U073H8Y6TR, STM32U073HBY6TR, STM32U073HCY6TR, STM32U073K8U6, STM32U073KBU6, STM32U073KCU6, STM32U073M8I6, STM32U073M8T6, STM32U073MBI6, STM32U073MBT6, STM32U073MCI6, STM32U073MCT6, STM32U073R8I6, STM32U073R8T6, STM32U073RBI6, STM32U073RBT6, STM32U073RCI6, STM32U073RCT6, STM32U083C-DK, STM32U083CCT6, STM32U083CCU6, STM32U083HCY6TR, STM32U083KCU6, STM32U083MCI6, STM32U083MCT6, STM32U083RCI6, STM32U083RCT6, STM32U375CET6, STM32U375CET6Q, STM32U375CEU6, STM32U375CEU6Q, STM32U375CEY6QTR, STM32U375CGT6, STM32U375CGT6Q, STM32U375CGU6, STM32U375CGU6Q, STM32U375CGY6QTR, STM32U375KEU6, STM32U375KGU6, STM32U375REI6, STM32U375REI6Q, STM32U375RET6, STM32U375RET6Q, STM32U375REY6GTR, STM32U375REY6QTR, STM32U375RGI6, STM32U375RGI6Q, STM32U375RGT6, STM32U375RGT6Q, STM32U375RGY6GTR, STM32U375RGY6QTR, STM32U375VEI6, STM32U375VEI6Q, STM32U375VET6, STM32U375VET6Q, STM32U375VGI6, STM32U375VGI6Q, STM32U375VGT6, STM32U375VGT6Q, STM32U385CGT6, STM32U385CGT6Q, STM32U385CGU6, STM32U385CGU6Q, STM32U385CGY6QTR, STM32U385KGU6, STM32U385RGI6, STM32U385RGI6Q, STM32U385RGT6, STM32U385RGT6Q, STM32U385RGY6GTR, STM32U385RGY6QTR, STM32U385VGI6, STM32U385VGI6Q, STM32U385VGT6, STM32U385VGT6Q, STM32U535CBT6, STM32U535CBT6Q, STM32U535CBU6, STM32U535CBU6Q, STM32U535CCT6, STM32U535CCT6Q, STM32U535CCU6, STM32U535CCU6Q, STM32U535CET6, STM32U535CET6Q, STM32U535CEU6, STM32U535CEU6Q, STM32U535JEY6QTR, STM32U535NCY6QTR, STM32U535NEY6QTR, STM32U535RBI6, STM32U535RBI6Q, STM32U535RBT6, STM32U535RBT6Q, STM32U535RCI6, STM32U535RCI6Q, STM32U535RCT6, STM32U535RCT6Q, STM32U535REI6, STM32U535REI6Q, STM32U535RET6, STM32U535RET6Q, STM32U535VCI6, STM32U535VCI6Q, STM32U535VCT6, STM32U535VCT6Q, STM32U535VEI6, STM32U535VEI6Q, STM32U535VET6, STM32U535VET6Q, STM32U545CET6, STM32U545CET6Q, STM32U545CEU6, STM32U545CEU6Q, STM32U545JEY6QTR, STM32U545NEY6QTR, STM32U545REI6, STM32U545REI6Q, STM32U545RET6, STM32U545RET6Q, STM32U545VEI6, STM32U545VEI6Q, STM32U545VET6, STM32U545VET6Q, STM32U595AIH6, STM32U595AIH6Q, STM32U595AJH6, STM32U595AJH6Q, STM32U595QII6, STM32U595QII6Q, STM32U595QJI6, STM32U595QJI6Q, STM32U595RIT6, STM32U595RIT6Q, STM32U595RJT6, STM32U595RJT6Q, STM32U595VIT6, STM32U595VIT6Q, STM32U595VJT6, STM32U595VJT6Q, STM32U595ZIT6, STM32U595ZIT6Q, STM32U595ZIY6QTR, STM32U595ZJT6, STM32U595ZJT6Q, STM32U595ZJY6QTR, STM32U599BJY6QTR, STM32U599NIH6Q, STM32U599NJH6Q, STM32U599VIT6Q, STM32U599VJT6, STM32U599VJT6Q, STM32U599ZIT6Q, STM32U599ZIY6QTR, STM32U599ZJT6Q, STM32U599ZJY6QTR, STM32U5A5AJH6, STM32U5A5AJH6Q, STM32U5A5QII3Q , STM32U5A5QJI6, STM32U5A5QJI6Q, STM32U5A5RJT6, STM32U5A5RJT6Q, STM32U5A5VJT6, STM32U5A5VJT6Q, STM32U5A5ZJT6, STM32U5A5ZJT6Q, STM32U5A5ZJY6QTR, STM32U5A9BJY6QTR, STM32U5A9J-DK, STM32U5A9NJH6Q, STM32U5A9VJT6Q, STM32U5A9ZJT6Q, STM32U5A9ZJY6QTR, STM32U5F7VIT6, STM32U5F7VIT6Q, STM32U5F7VJT6, STM32U5F7VJT6Q, STM32U5F9BJY6QTR, STM32U5F9NJH6Q, STM32U5F9VIT6Q, STM32U5F9VJT6Q, STM32U5F9ZIJ6QTR, STM32U5F9ZIT6Q, STM32U5F9ZJJ6QTR, STM32U5F9ZJT6Q, STM32U5G7VJT6, STM32U5G7VJT6Q, STM32U5G9BJY6QTR, STM32U5G9J-DK1, STM32U5G9J-DK2, STM32U5G9NJH6Q, STM32U5G9VJT6Q, STM32U5G9ZJJ6QTR, STM32U5G9ZJT6Q, STM32WB05KZV6TR, STM32WB05KZV7TR, STM32WB05TZF6TR, STM32WB05TZF7TR, STM32WB06CCF6TR, STM32WB06CCF7TR, STM32WB06CCV6TR, STM32WB06CCV7TR, STM32WB06KCV6TR, STM32WB06KCV7TR, STM32WB07CCF6TR, STM32WB07CCF7TR, STM32WB07CCV6TR, STM32WB07CCV7TR, STM32WB07KCV6TR, STM32WB07KCV7TR, STM32WB09KEV6TR, STM32WB09KEV7TR, STM32WB09TEF6TR, STM32WB09TEF7TR, STM32WB1MMCH6, STM32WBA50KGU6, STM32WBA50KGU6TR, STM32WBA52CEU6, STM32WBA52CEU6TR, STM32WBA52CEU7, STM32WBA52CEU7TR, STM32WBA52CGU6, STM32WBA52CGU6TR, STM32WBA52CGU6U, STM32WBA52CGU7, STM32WBA52CGU7TR, STM32WBA52KEU6, STM32WBA52KEU6TR, STM32WBA52KGU6, STM32WBA52KGU6TR, STM32WBA54CEU6, STM32WBA54CEU6TR, STM32WBA54CEU7, STM32WBA54CEU7TR, STM32WBA54CGU6, STM32WBA54CGU6TR, STM32WBA54CGU7, STM32WBA54CGU7TR, STM32WBA54KEU6, STM32WBA54KEU6TR, STM32WBA54KEU7, STM32WBA54KEU7TR, STM32WBA54KGU6, STM32WBA54KGU6TR, STM32WBA54KGU7, STM32WBA54KGU7TR, STM32WBA55CEU6, STM32WBA55CEU6TR, STM32WBA55CEU7, STM32WBA55CEU7TR, STM32WBA55CGU6, STM32WBA55CGU6TR, STM32WBA55CGU6U, STM32WBA55CGU7, STM32WBA55CGU7TR, STM32WBA55G-DK1, STM32WBA55HEF6, STM32WBA55HEF7, STM32WBA55HGF6, STM32WBA55HGF7, STM32WBA55UEI6, STM32WBA55UEI6TR, STM32WBA55UEI7, STM32WBA55UEI7TR, STM32WBA55UGI6, STM32WBA55UGI6TR, STM32WBA55UGI7, STM32WBA55UGI7TR, STM32WBA5MJGH6TR, STM32WBA62CGU6, STM32WBA62CIU6, STM32WBA62MGF6, STM32WBA62MIF6, STM32WBA62PGI6, STM32WBA62PII6, STM32WBA63CGU6, STM32WBA63CGU7, STM32WBA63CIU6, STM32WBA63CIU7, STM32WBA64CGU6, STM32WBA64CGU7, STM32WBA64CIU6, STM32WBA64CIU7, STM32WBA65CGU6, STM32WBA65CGU7, STM32WBA65CIU6, STM32WBA65CIU7, STM32WBA65I-DK1, STM32WBA65MGF6, STM32WBA65MGF7, STM32WBA65MIF6, STM32WBA65MIF7, STM32WBA65PGI6, STM32WBA65PGI7, STM32WBA65PII6, STM32WBA65PII7, STM32WBA65RGV6, STM32WBA65RGV7, STM32WBA65RIV6, STM32WBA65RIV7, STM32WL30K8V6, STM32WL30KBV6, STM32WL31C8V6, STM32WL31CBV6, STM32WL31K8V6, STM32WL31KBV6, STM32WL33C8V6, STM32WL33C8V6TR, STM32WL33C8V7, STM32WL33C8V7TR, STM32WL33CBV6, STM32WL33CBV6TR, STM32WL33CBV7, STM32WL33CBV7TR, STM32WL33CCV6, STM32WL33CCV6TR, STM32WL33CCV7, STM32WL33CCV7A, STM32WL33CCV7ATR, STM32WL33CCV7TR, STM32WL33K8V6, STM32WL33K8V6TR, STM32WL33K8V7, STM32WL33K8V7TR, STM32WL33KBV6, STM32WL33KBV6TR, STM32WL33KBV7, STM32WL33KBV7TR, STM32WL33KCV6, STM32WL33KCV6TR, STM32WL33KCV7, STM32WL33KCV7TR, STM32WL5MOCH6, STM32WL5MOCH6TR]
2025-07-01 11:16:28,054 [INFO] BoardInfo:889 - No configuration file found for board P-NUCLEO-WB55
2025-07-01 11:16:28,055 [INFO] DbBoards:161 - Kit is not supported: P-NUCLEO-WB55
2025-07-01 11:16:28,060 [INFO] BoardInfo:889 - No configuration file found for board STEVAL-BFA001V1B
2025-07-01 11:16:28,061 [INFO] DbBoards:161 - Kit is not supported: STEVAL-BFA001V1B
2025-07-01 11:16:28,062 [INFO] BoardInfo:889 - No configuration file found for board STEVAL-BFA001V2B
2025-07-01 11:16:28,063 [INFO] DbBoards:161 - Kit is not supported: STEVAL-BFA001V2B
2025-07-01 11:16:28,233 [INFO] DbBoards:168 - Found 211 boards, 208 are supported
2025-07-01 11:16:28,233 [INFO] DbBoards:169 - Found 211 boards, 43 of them is supported for  Bsp
2025-07-01 11:16:28,239 [INFO] ApiDb:668 - CubeFinder database Data Model version=2.1
2025-07-01 11:16:28,239 [INFO] ApiDb:669 - CubeFinder database Configuration version=3.0.39
2025-07-01 11:16:28,239 [INFO] ApiDb:670 - CubeFinder database generation date=2025-03-24 (1742811287)
2025-07-01 11:16:28,239 [INFO] ApiDb:671 - CubeFinder database FW Pack versions=[FP-ATR-ASTRA1_V2.0.0, FP-SNS-FLIGHT1_V5.0.2, FP-SNS-MOTENV1_V5.0.0, FP-SNS-MOTENVWB1_V1.4.0, FP-SNS-SMARTAG2_V1.2.0, FP-SNS-STBOX1_V2.0.0, STM32Cube_FW_C0_V1.4.0, STM32Cube_FW_F4_V1.28.1, STM32Cube_FW_F7_V1.17.2, STM32Cube_FW_G0_V1.6.2, STM32Cube_FW_G4_V1.6.1, STM32Cube_FW_H5_V1.5.0, STM32Cube_FW_H7RS_V1.2.0, STM32Cube_FW_H7_V1.12.1, STM32Cube_FW_L0_V1.12.2, STM32Cube_FW_L4_V1.18.1, STM32Cube_FW_L5_V1.5.1, STM32Cube_FW_N6_V1.1.0, STM32Cube_FW_U0_V1.2.0, STM32Cube_FW_U3_V1.1.0, STM32Cube_FW_U5_V1.7.0, STM32Cube_FW_WB0_V1.2.0, STM32Cube_FW_WBA_V1.6.0, STM32Cube_FW_WB_V1.22.0, STM32Cube_FW_WL3_V1.1.0, STM32Cube_FW_WL_V1.3.1, X-CUBE-ALGOBUILD_V1.4.0, X-CUBE-ALS_V1.0.2, X-CUBE-AZRTOS-F4_V1.1.0, X-CUBE-AZRTOS-F7_V1.1.0, X-CUBE-AZRTOS-G0_V1.1.0, X-CUBE-AZRTOS-G4_V2.0.0, X-CUBE-AZRTOS-H7RS_V1.0.0, X-CUBE-AZRTOS-H7_V3.3.0, X-CUBE-AZRTOS-L4_V2.0.0, X-CUBE-AZRTOS-L5_V2.0.0, X-CUBE-AZRTOS-WB_V2.0.0, X-CUBE-AZRTOS-WL_V2.0.0, X-CUBE-BLE1_V7.1.0, X-CUBE-BLE2_V3.3.0, X-CUBE-BLEMGR_V4.0.0, X-CUBE-EEPRMA1_V5.1.0, X-CUBE-FREERTOS_V1.3.0, X-CUBE-GNSS1_V6.0.0, X-CUBE-MEMS1_V11.1.0, X-CUBE-NFC4_V3.0.0, X-CUBE-NFC7_V1.0.1, X-CUBE-SFXS2LP1_V4.0.0, X-CUBE-SUBG2_V5.0.0, X-CUBE-TOF1_V3.4.2]
2025-07-01 11:16:29,659 [INFO] ApiDb:240 - Found 895 in-development CPN: [B-G473E-ZEST1S, B-WB1M-WPAN1, B-WBA5M-WPAN, B-WL5M-SUBG1, NUCLEO-C031C6, NUCLEO-C051C8, NUCLEO-C071RB, NUCLEO-C092RC, NUCLEO-H503RB, NUCLEO-H533RE, NUCLEO-H563ZI, NUCLEO-H7S3L8, NUCLEO-N657X0-Q, NUCLEO-U031R8, NUCLEO-U083RC, NUCLEO-U385RG-Q, NUCLEO-U545RE-Q, NUCLEO-U5A5ZJ-Q, NUCLEO-WB05KZ, NUCLEO-WB07CC, NUCLEO-WB09KE, NUCLEO-WBA52CG, NUCLEO-WBA55CG, NUCLEO-WBA65RI, NUCLEO-WL33CC1, NUCLEO-WL33CC2, STEVAL-PROTEUS1, STEVAL-SMARTAG2, STEVAL-STWINBX1, STM320518-EVAL, STM32C0116-DK, STM32C011D6Y3TR, STM32C011D6Y6TR, STM32C011F4P3, STM32C011F4P6, STM32C011F4U3, STM32C011F4U6TR, STM32C011F6P3, STM32C011F6P6, STM32C011F6U3, STM32C011F6U6TR, STM32C011J4M3, STM32C011J4M6, STM32C011J6M3, STM32C011J6M6, STM32C0316-DK, STM32C031C4T3, STM32C031C4T6, STM32C031C4U3, STM32C031C4U6, STM32C031C6T3, STM32C031C6T6, STM32C031C6U3, STM32C031C6U6, STM32C031F4P3, STM32C031F4P6, STM32C031F6P3, STM32C031F6P6, STM32C031G4U3, STM32C031G4U6, STM32C031G6U3, STM32C031G6U6, STM32C031K4T3, STM32C031K4T6, STM32C031K4U3, STM32C031K4U6, STM32C031K6T3, STM32C031K6T6, STM32C031K6U3, STM32C031K6U6, STM32C051C6T6, STM32C051C6U6, STM32C051C8T6, STM32C051C8U6, STM32C051D8Y6TR, STM32C051F6P6, STM32C051F8P6, STM32C051G6U6, STM32C051G8U6, STM32C051K6T6, STM32C051K6U6, STM32C051K8T6, STM32C071C8T6, STM32C071C8T6N, STM32C071C8U6, STM32C071C8U6N, STM32C071CBT6, STM32C071CBT6N, STM32C071CBU6, STM32C071CBU6N, STM32C071F8P6, STM32C071F8P6N, STM32C071FBP6, STM32C071FBP6N, STM32C071FBY6TR, STM32C071G8U6, STM32C071G8U6N, STM32C071GBU6, STM32C071GBU6N, STM32C071K8T6, STM32C071K8T6N, STM32C071K8U6, STM32C071K8U6N, STM32C071KBT6, STM32C071KBT6N, STM32C071KBU6, STM32C071KBU6N, STM32C071R8T6, STM32C071R8T6N, STM32C071RBI6N, STM32C071RBT6, STM32C071RBT6N, STM32C091CBT6, STM32C091CBU6, STM32C091CCT6, STM32C091CCU6, STM32C091ECY6TR, STM32C091FBP6, STM32C091FCP6, STM32C091GBU6, STM32C091GCU6, STM32C091KBT6, STM32C091KBU6, STM32C091KCT6, STM32C091KCU6, STM32C091RBT6, STM32C091RCI6, STM32C091RCT6, STM32C092CBT6, STM32C092CBU6, STM32C092CCT6, STM32C092CCU6, STM32C092ECY6TR, STM32C092FBP6, STM32C092FCP6, STM32C092GBU6, STM32C092GCU6, STM32C092KBT6, STM32C092KBU6, STM32C092KCT6, STM32C092KCU6, STM32C092RBT6, STM32C092RCI6, STM32C092RCT6, STM32G071K8TXN, STM32G071K8UXN, STM32G081GBU6N, STM32G081KBT6N, STM32G081KBUXN, STM32G0B1CCT6N, STM32G0B1KCT6, STM32G0B1NEY6TR, STM32G0B1RCT6N, STM32G0C1CCT6, STM32G0C1CCT6N, STM32G0C1CCU6N, STM32G0C1CET6N, STM32G0C1CEU6N, STM32G0C1KCT6, STM32G0C1NEY6TR, STM32G0C1RCI6N, STM32G0C1RCT6N, STM32G0C1REI6N, STM32G0C1RET6N, STM32G0C1VCI6, STM32G0C1VEI6, STM32G411C6T3, STM32G411C6T6, STM32G411C6U3, STM32G411C6U6, STM32G411C8T3, STM32G411C8T6, STM32G411C8U3, STM32G411C8U6, STM32G411CBT3, STM32G411CBT6, STM32G411CBU3, STM32G411CBU6, STM32G411CCT3, STM32G411CCT6, STM32G411CCU3, STM32G411CCU6, STM32G411K6T3, STM32G411K6T6, STM32G411K6U3, STM32G411K6U6, STM32G411K8T3, STM32G411K8T6, STM32G411K8U3, STM32G411K8U6, STM32G411KBT3, STM32G411KBT6, STM32G411KBU3, STM32G411KBU6, STM32G411M6T3, STM32G411M6T6, STM32G411M8T3, STM32G411M8T6, STM32G411MBT3, STM32G411MBT6, STM32G411MCT3, STM32G411MCT6, STM32G411R6T3, STM32G411R6T6, STM32G411R8T3, STM32G411R8T6, STM32G411RBT3, STM32G411RBT6, STM32G411RCT3, STM32G411RCT6, STM32G414CBT3, STM32G414CBT6, STM32G414CBU3, STM32G414CBU6, STM32G414CCT3, STM32G414CCT6, STM32G414CCU3, STM32G414CCU6, STM32G414MBT3, STM32G414MBT6, STM32G414MCT3, STM32G414MCT6, STM32G414RBT3, STM32G414RBT6, STM32G414RCT3, STM32G414RCT6, STM32G414VBT3, STM32G414VBT6, STM32G414VCT3, STM32G414VCT6, STM32G431CBT3Z, STM32G431RBT3Z, STM32G471CCT6, STM32G471CCU6, STM32G471CET3, STM32G471CET6, STM32G471CEU3, STM32G471CEU6, STM32G471MCT6, STM32G471MET3, STM32G471MET6, STM32G471MEY6TR, STM32G471QCT6, STM32G471QET3, STM32G471RCT6, STM32G471RET3, STM32G471RET6, STM32G471VCH6, STM32G471VCI6, STM32G471VCT6, STM32G471VEH3, STM32G471VEH6, STM32G471VEI3, STM32G471VEI6, STM32G471VET3, STM32G471VET6, STM32G473QET3Z, STM32G473RET3Z, STM32G474CCT6, STM32G491RET3Z, STM32H503CBT6, STM32H503CBU6, STM32H503EBY6TR, STM32H503KBU6, STM32H503RBT6, STM32H523CCT6, STM32H523CCU6, STM32H523CET6, STM32H523CEU6, STM32H523HEY6TR, STM32H523RCT6, STM32H523RET6, STM32H523VCI6, STM32H523VCT6, STM32H523VEI6, STM32H523VET6, STM32H523ZCJ6, STM32H523ZCT6, STM32H523ZEJ6, STM32H523ZET6, STM32H533CET6, STM32H533CEU6, STM32H533HEY6TR, STM32H533RET6, STM32H533VEI6, STM32H533VET6, STM32H533ZEJ6, STM32H533ZET6, STM32H562AGI6, STM32H562AII6, STM32H562IGK6, STM32H562IGT6, STM32H562IIK6, STM32H562IIT6, STM32H562RGT6, STM32H562RGV6, STM32H562RIT6, STM32H562RIV6, STM32H562VGT6, STM32H562VIT6, STM32H562ZGT6, STM32H562ZIT6, STM32H563AGI6, STM32H563AII3Q, STM32H563AII6, STM32H563IGK6, STM32H563IGT6, STM32H563IIK3Q, STM32H563IIK6, STM32H563IIT3Q, STM32H563IIT6, STM32H563MIY3QTR, STM32H563RGT6, STM32H563RGV6, STM32H563RIT6, STM32H563RIV6, STM32H563VGT6, STM32H563VIT3Q, STM32H563VIT6, STM32H563ZGT6, STM32H563ZIT3Q, STM32H563ZIT6, STM32H573AII3Q, STM32H573AII6, STM32H573I-DK, STM32H573IIK3Q, STM32H573IIK6, STM32H573IIT3Q, STM32H573IIT6, STM32H573MIY3QTR, STM32H573RIT6, STM32H573RIV6, STM32H573VIT3Q, STM32H573VIT6, STM32H573ZIT3Q, STM32H573ZIT6, STM32H7R3A8I6, STM32H7R3I8K6, STM32H7R3I8T6, STM32H7R3L8H6, STM32H7R3L8H6H, STM32H7R3R8V6, STM32H7R3V8H6, STM32H7R3V8T6, STM32H7R3V8Y6TR, STM32H7R3Z8J6, STM32H7R3Z8T6, STM32H7R7A8I6, STM32H7R7I8K6, STM32H7R7I8T6, STM32H7R7L8H6, STM32H7R7L8H6H, STM32H7R7Z8J6, STM32H7S3A8I6, STM32H7S3I8K6, STM32H7S3I8T6, STM32H7S3L8H6, STM32H7S3L8H6H, STM32H7S3R8V6, STM32H7S3V8H6, STM32H7S3V8T6, STM32H7S3V8Y6TR, STM32H7S3Z8J6, STM32H7S3Z8T6, STM32H7S78-DK, STM32H7S7A8I6, STM32H7S7I8K6, STM32H7S7I8T6, STM32H7S7L8H6, STM32H7S7L8H6H, STM32H7S7Z8J6, STM32L4R5QGI6STR, STM32MP131AAE3, STM32MP131AAF3, STM32MP131AAG3, STM32MP131CAE3, STM32MP131CAF3, STM32MP131CAG3, STM32MP131DAE7, STM32MP131DAF7, STM32MP131DAG7, STM32MP131FAE7, STM32MP131FAF7, STM32MP131FAG7, STM32MP133AAE3, STM32MP133AAF3, STM32MP133AAG3, STM32MP133CAE3, STM32MP133CAF3, STM32MP133CAG3, STM32MP133DAE7, STM32MP133DAF7, STM32MP133DAG7, STM32MP133FAE7, STM32MP133FAF7, STM32MP133FAG7, STM32MP135AAE3, STM32MP135AAF3, STM32MP135AAG3, STM32MP135CAE3, STM32MP135CAF3, STM32MP135CAG3, STM32MP135DAE7, STM32MP135DAF7, STM32MP135DAG7, STM32MP135F-DK, STM32MP135FAE7, STM32MP135FAF7, STM32MP135FAF7T, STM32MP135FAF7U, STM32MP135FAG7, STM32MP231AAJ3, STM32MP231AAK3, STM32MP231AAL3, STM32MP231CAJ3, STM32MP231CAK3, STM32MP231CAL3, STM32MP231DAJ3, STM32MP231DAK3, STM32MP231DAL3, STM32MP231FAJ3, STM32MP231FAK3, STM32MP231FAL3, STM32MP233AAJ3, STM32MP233AAK3, STM32MP233AAL3, STM32MP233CAJ3, STM32MP233CAK3, STM32MP233CAL3, STM32MP233DAJ3, STM32MP233DAK3, STM32MP233DAL3, STM32MP233FAJ3, STM32MP233FAK3, STM32MP233FAL3, STM32MP235AAJ3, STM32MP235AAK3, STM32MP235AAL3, STM32MP235CAJ3, STM32MP235CAK3, STM32MP235CAL3, STM32MP235DAJ3, STM32MP235DAK3, STM32MP235DAL3, STM32MP235FAJ3, STM32MP235FAK3, STM32MP235FAL3, STM32MP251AAI3, STM32MP251AAJ3, STM32MP251AAK3, STM32MP251AAL3, STM32MP251CAI3, STM32MP251CAJ3, STM32MP251CAK3, STM32MP251CAL3, STM32MP251DAI3, STM32MP251DAJ3, STM32MP251DAK3, STM32MP251DAL3, STM32MP251FAI3, STM32MP251FAJ3, STM32MP251FAK3, STM32MP251FAL3, STM32MP253AAI3, STM32MP253AAJ3, STM32MP253AAK3, STM32MP253AAL3, STM32MP253CAI3, STM32MP253CAJ3, STM32MP253CAK3, STM32MP253CAL3, STM32MP253DAI3, STM32MP253DAJ3, STM32MP253DAK3, STM32MP253DAL3, STM32MP253FAI3, STM32MP253FAJ3, STM32MP253FAK3, STM32MP253FAL3, STM32MP255AAI3, STM32MP255AAJ3, STM32MP255AAK3, STM32MP255AAL3, STM32MP255CAI3, STM32MP255CAJ3, STM32MP255CAK3, STM32MP255CAL3, STM32MP255DAI3, STM32MP255DAJ3, STM32MP255DAK3, STM32MP255DAL3, STM32MP255FAI3, STM32MP255FAJ3, STM32MP255FAK3, STM32MP255FAL3, STM32MP257AAI3, STM32MP257AAJ3, STM32MP257AAK3, STM32MP257AAL3, STM32MP257CAI3, STM32MP257CAJ3, STM32MP257CAK3, STM32MP257CAL3, STM32MP257DAI3, STM32MP257DAJ3, STM32MP257DAK3, STM32MP257DAL3, STM32MP257F-DK, STM32MP257F-EV1, STM32MP257FAI3, STM32MP257FAJ3, STM32MP257FAK3, STM32MP257FAL3, STM32N645A0H3Q, STM32N645B0H3Q, STM32N645I0H3Q, STM32N645L0H3Q, STM32N645X0H3Q, STM32N645Z0H3Q, STM32N647A0H3Q, STM32N647B0H3Q, STM32N647I0H3Q, STM32N647L0H3Q, STM32N647X0H3Q, STM32N647Z0H3Q, STM32N655A0H3Q, STM32N655B0H3Q, STM32N655I0H3Q, STM32N655L0H3Q, STM32N655X0H3Q, STM32N655Z0H3Q, STM32N6570-DK, STM32N657A0H3Q, STM32N657B0H3Q, STM32N657I0H3Q, STM32N657L0H3Q, STM32N657X0H3Q, STM32N657Z0H3Q, STM32U031C6T6, STM32U031C6U6, STM32U031C8T6, STM32U031C8U6, STM32U031F4P6, STM32U031F6P6, STM32U031F8P6, STM32U031G6Y6TR, STM32U031G8Y6TR, STM32U031K4U6, STM32U031K6U6, STM32U031K8U6, STM32U031R6I6, STM32U031R6T6, STM32U031R8I6, STM32U031R8T6, STM32U073C8T6, STM32U073C8U6, STM32U073CBT6, STM32U073CBU6, STM32U073CCT6, STM32U073CCU6, STM32U073H8Y6TR, STM32U073HBY6TR, STM32U073HCY6TR, STM32U073K8U6, STM32U073KBU6, STM32U073KCU6, STM32U073M8I6, STM32U073M8T6, STM32U073MBI6, STM32U073MBT6, STM32U073MCI6, STM32U073MCT6, STM32U073R8I6, STM32U073R8T6, STM32U073RBI6, STM32U073RBT6, STM32U073RCI6, STM32U073RCT6, STM32U083C-DK, STM32U083CCT6, STM32U083CCU6, STM32U083HCY6TR, STM32U083KCU6, STM32U083MCI6, STM32U083MCT6, STM32U083RCI6, STM32U083RCT6, STM32U375CET6, STM32U375CET6Q, STM32U375CEU6, STM32U375CEU6Q, STM32U375CEY6QTR, STM32U375CGT6, STM32U375CGT6Q, STM32U375CGU6, STM32U375CGU6Q, STM32U375CGY6QTR, STM32U375KEU6, STM32U375KGU6, STM32U375REI6, STM32U375REI6Q, STM32U375RET6, STM32U375RET6Q, STM32U375REY6GTR, STM32U375REY6QTR, STM32U375RGI6, STM32U375RGI6Q, STM32U375RGT6, STM32U375RGT6Q, STM32U375RGY6GTR, STM32U375RGY6QTR, STM32U375VEI6, STM32U375VEI6Q, STM32U375VET6, STM32U375VET6Q, STM32U375VGI6, STM32U375VGI6Q, STM32U375VGT6, STM32U375VGT6Q, STM32U385CGT6, STM32U385CGT6Q, STM32U385CGU6, STM32U385CGU6Q, STM32U385CGY6QTR, STM32U385KGU6, STM32U385RGI6, STM32U385RGI6Q, STM32U385RGT6, STM32U385RGT6Q, STM32U385RGY6GTR, STM32U385RGY6QTR, STM32U385VGI6, STM32U385VGI6Q, STM32U385VGT6, STM32U385VGT6Q, STM32U535CBT6, STM32U535CBT6Q, STM32U535CBU6, STM32U535CBU6Q, STM32U535CCT6, STM32U535CCT6Q, STM32U535CCU6, STM32U535CCU6Q, STM32U535CET6, STM32U535CET6Q, STM32U535CEU6, STM32U535CEU6Q, STM32U535JEY6QTR, STM32U535NCY6QTR, STM32U535NEY6QTR, STM32U535RBI6, STM32U535RBI6Q, STM32U535RBT6, STM32U535RBT6Q, STM32U535RCI6, STM32U535RCI6Q, STM32U535RCT6, STM32U535RCT6Q, STM32U535REI6, STM32U535REI6Q, STM32U535RET6, STM32U535RET6Q, STM32U535VCI6, STM32U535VCI6Q, STM32U535VCT6, STM32U535VCT6Q, STM32U535VEI6, STM32U535VEI6Q, STM32U535VET6, STM32U535VET6Q, STM32U545CET6, STM32U545CET6Q, STM32U545CEU6, STM32U545CEU6Q, STM32U545JEY6QTR, STM32U545NEY6QTR, STM32U545REI6, STM32U545REI6Q, STM32U545RET6, STM32U545RET6Q, STM32U545VEI6, STM32U545VEI6Q, STM32U545VET6, STM32U545VET6Q, STM32U595AIH6, STM32U595AIH6Q, STM32U595AJH6, STM32U595AJH6Q, STM32U595QII6, STM32U595QII6Q, STM32U595QJI6, STM32U595QJI6Q, STM32U595RIT6, STM32U595RIT6Q, STM32U595RJT6, STM32U595RJT6Q, STM32U595VIT6, STM32U595VIT6Q, STM32U595VJT6, STM32U595VJT6Q, STM32U595ZIT6, STM32U595ZIT6Q, STM32U595ZIY6QTR, STM32U595ZJT6, STM32U595ZJT6Q, STM32U595ZJY6QTR, STM32U599BJY6QTR, STM32U599NIH6Q, STM32U599NJH6Q, STM32U599VIT6Q, STM32U599VJT6, STM32U599VJT6Q, STM32U599ZIT6Q, STM32U599ZIY6QTR, STM32U599ZJT6Q, STM32U599ZJY6QTR, STM32U5A5AJH6, STM32U5A5AJH6Q, STM32U5A5QII3Q , STM32U5A5QJI6, STM32U5A5QJI6Q, STM32U5A5RJT6, STM32U5A5RJT6Q, STM32U5A5VJT6, STM32U5A5VJT6Q, STM32U5A5ZJT6, STM32U5A5ZJT6Q, STM32U5A5ZJY6QTR, STM32U5A9BJY6QTR, STM32U5A9J-DK, STM32U5A9NJH6Q, STM32U5A9VJT6Q, STM32U5A9ZJT6Q, STM32U5A9ZJY6QTR, STM32U5F7VIT6, STM32U5F7VIT6Q, STM32U5F7VJT6, STM32U5F7VJT6Q, STM32U5F9BJY6QTR, STM32U5F9NJH6Q, STM32U5F9VIT6Q, STM32U5F9VJT6Q, STM32U5F9ZIJ6QTR, STM32U5F9ZIT6Q, STM32U5F9ZJJ6QTR, STM32U5F9ZJT6Q, STM32U5G7VJT6, STM32U5G7VJT6Q, STM32U5G9BJY6QTR, STM32U5G9J-DK1, STM32U5G9J-DK2, STM32U5G9NJH6Q, STM32U5G9VJT6Q, STM32U5G9ZJJ6QTR, STM32U5G9ZJT6Q, STM32WB05KZV6TR, STM32WB05KZV7TR, STM32WB05TZF6TR, STM32WB05TZF7TR, STM32WB06CCF6TR, STM32WB06CCF7TR, STM32WB06CCV6TR, STM32WB06CCV7TR, STM32WB06KCV6TR, STM32WB06KCV7TR, STM32WB07CCF6TR, STM32WB07CCF7TR, STM32WB07CCV6TR, STM32WB07CCV7TR, STM32WB07KCV6TR, STM32WB07KCV7TR, STM32WB09KEV6TR, STM32WB09KEV7TR, STM32WB09TEF6TR, STM32WB09TEF7TR, STM32WB1MMCH6, STM32WBA50KGU6, STM32WBA50KGU6TR, STM32WBA52CEU6, STM32WBA52CEU6TR, STM32WBA52CEU7, STM32WBA52CEU7TR, STM32WBA52CGU6, STM32WBA52CGU6TR, STM32WBA52CGU6U, STM32WBA52CGU7, STM32WBA52CGU7TR, STM32WBA52KEU6, STM32WBA52KEU6TR, STM32WBA52KGU6, STM32WBA52KGU6TR, STM32WBA54CEU6, STM32WBA54CEU6TR, STM32WBA54CEU7, STM32WBA54CEU7TR, STM32WBA54CGU6, STM32WBA54CGU6TR, STM32WBA54CGU7, STM32WBA54CGU7TR, STM32WBA54KEU6, STM32WBA54KEU6TR, STM32WBA54KEU7, STM32WBA54KEU7TR, STM32WBA54KGU6, STM32WBA54KGU6TR, STM32WBA54KGU7, STM32WBA54KGU7TR, STM32WBA55CEU6, STM32WBA55CEU6TR, STM32WBA55CEU7, STM32WBA55CEU7TR, STM32WBA55CGU6, STM32WBA55CGU6TR, STM32WBA55CGU6U, STM32WBA55CGU7, STM32WBA55CGU7TR, STM32WBA55G-DK1, STM32WBA55HEF6, STM32WBA55HEF7, STM32WBA55HGF6, STM32WBA55HGF7, STM32WBA55UEI6, STM32WBA55UEI6TR, STM32WBA55UEI7, STM32WBA55UEI7TR, STM32WBA55UGI6, STM32WBA55UGI6TR, STM32WBA55UGI7, STM32WBA55UGI7TR, STM32WBA5MJGH6TR, STM32WBA62CGU6, STM32WBA62CIU6, STM32WBA62MGF6, STM32WBA62MIF6, STM32WBA62PGI6, STM32WBA62PII6, STM32WBA63CGU6, STM32WBA63CGU7, STM32WBA63CIU6, STM32WBA63CIU7, STM32WBA64CGU6, STM32WBA64CGU7, STM32WBA64CIU6, STM32WBA64CIU7, STM32WBA65CGU6, STM32WBA65CGU7, STM32WBA65CIU6, STM32WBA65CIU7, STM32WBA65I-DK1, STM32WBA65MGF6, STM32WBA65MGF7, STM32WBA65MIF6, STM32WBA65MIF7, STM32WBA65PGI6, STM32WBA65PGI7, STM32WBA65PII6, STM32WBA65PII7, STM32WBA65RGV6, STM32WBA65RGV7, STM32WBA65RIV6, STM32WBA65RIV7, STM32WL30K8V6, STM32WL30KBV6, STM32WL31C8V6, STM32WL31CBV6, STM32WL31K8V6, STM32WL31KBV6, STM32WL33C8V6, STM32WL33C8V6TR, STM32WL33C8V7, STM32WL33C8V7TR, STM32WL33CBV6, STM32WL33CBV6TR, STM32WL33CBV7, STM32WL33CBV7TR, STM32WL33CCV6, STM32WL33CCV6TR, STM32WL33CCV7, STM32WL33CCV7A, STM32WL33CCV7ATR, STM32WL33CCV7TR, STM32WL33K8V6, STM32WL33K8V6TR, STM32WL33K8V7, STM32WL33K8V7TR, STM32WL33KBV6, STM32WL33KBV6TR, STM32WL33KBV7, STM32WL33KBV7TR, STM32WL33KCV6, STM32WL33KCV6TR, STM32WL33KCV7, STM32WL33KCV7TR, STM32WL5MOCH6, STM32WL5MOCH6TR]
2025-07-01 11:16:29,664 [INFO] DbMcus:218 - Found 4686 MCUs, 4686 are supported
2025-07-01 11:16:29,666 [INFO] ApiDb:423 - Load user favorites file C:\Users\nicola.reat/.stm32cubeide/favorites.mcus.txt: 0 item(s)
2025-07-01 11:16:29,666 [INFO] ApiDb:427 - User favorites MCUs=[]
2025-07-01 11:16:29,667 [INFO] DbMcus:224 - Set 0 / 0 favorites MCUs
2025-07-01 11:16:29,933 [INFO] ApiDb:423 - Load user favorites file C:\Users\nicola.reat/.stm32cubeide/favorites.boards.txt: 0 item(s)
2025-07-01 11:16:29,933 [INFO] ApiDb:427 - User favorites Boards=[]
2025-07-01 11:16:29,933 [INFO] DbBoards:198 - Set 0 / 0 favorites Boards
2025-07-01 11:16:29,983 [INFO] UtilMem:75 - End LoadConfig() Used Memory: 410497536 Bytes (542113792)
2025-07-01 11:16:30,090 [WARN] ThirdParty:833 - waiting for thirdparty lock release [change project]
2025-07-01 11:16:30,090 [INFO] ThirdParty:835 - entering critical section [change project]
2025-07-01 11:16:30,090 [INFO] ThirdParty:1030 - CMSIS Pack Vendor :STMicroelectronics X-CUBE-PM33A1 1.0.0
2025-07-01 11:16:30,090 [INFO] ThirdParty:1030 - CMSIS Pack Vendor :STMicroelectronics USBPD 4.1
2025-07-01 11:16:30,090 [INFO] ThirdParty:1030 - CMSIS Pack Vendor :STMicroelectronics X-CUBE-GNSS1 6.0.0
2025-07-01 11:16:30,090 [INFO] ThirdParty:1030 - CMSIS Pack Vendor :STMicroelectronics USB_HOST 2.0.0
2025-07-01 11:16:30,090 [INFO] ThirdParty:1030 - CMSIS Pack Vendor :STMicroelectronics FP-SNS-MOTENVWB1 1.4.0
2025-07-01 11:16:30,090 [INFO] ThirdParty:1030 - CMSIS Pack Vendor :STMicroelectronics X-CUBE-AZRTOS-F4 1.1.0
2025-07-01 11:16:30,090 [INFO] ThirdParty:1030 - CMSIS Pack Vendor :STMicroelectronics LIBJPEG 8.0.0
2025-07-01 11:16:30,090 [INFO] ThirdParty:1030 - CMSIS Pack Vendor :STMicroelectronics FP-ATR-ASTRA1 2.0.2
2025-07-01 11:16:30,090 [INFO] ThirdParty:1030 - CMSIS Pack Vendor :STMicroelectronics FP-ATR-ASTRA1 2.0.1
2025-07-01 11:16:30,090 [INFO] ThirdParty:1030 - CMSIS Pack Vendor :Avnet-IotConnect X-CUBE-IoTC-DA16k-PMOD 1.0.0
2025-07-01 11:16:30,090 [INFO] ThirdParty:1030 - CMSIS Pack Vendor :STMicroelectronics X-CUBE-SMBUS 2.1.0
2025-07-01 11:16:30,091 [INFO] ThirdParty:1030 - CMSIS Pack Vendor :STMicroelectronics X-CUBE-WB05N 1.1.0
2025-07-01 11:16:30,091 [INFO] ThirdParty:1030 - CMSIS Pack Vendor :STMicroelectronics X-CUBE-ISPU 2.1.0
2025-07-01 11:16:30,091 [INFO] ThirdParty:1030 - CMSIS Pack Vendor :STMicroelectronics X-CUBE-FREERTOS 1.2.0
2025-07-01 11:16:30,091 [INFO] ThirdParty:1030 - CMSIS Pack Vendor :STMicroelectronics X-CUBE-ST60 1.0.0
2025-07-01 11:16:30,091 [INFO] ThirdParty:1030 - CMSIS Pack Vendor :STMicroelectronics X-CUBE-TOUCHGFX 4.23.2
2025-07-01 11:16:30,091 [INFO] ThirdParty:1030 - CMSIS Pack Vendor :STMicroelectronics X-CUBE-AZRTOS-F7 1.1.0
2025-07-01 11:16:30,091 [INFO] ThirdParty:1030 - CMSIS Pack Vendor :STMicroelectronics X-CUBE-AZRTOS-L5 2.0.0
2025-07-01 11:16:30,091 [INFO] ThirdParty:1030 - CMSIS Pack Vendor :STMicroelectronics USB_DEVICE 2.0.0
2025-07-01 11:16:30,091 [INFO] ThirdParty:1030 - CMSIS Pack Vendor :STMicroelectronics X-CUBE-NFC6 3.1.0
2025-07-01 11:16:30,091 [INFO] ThirdParty:1030 - CMSIS Pack Vendor :STMicroelectronics X-CUBE-MEMS1 11.0.0
2025-07-01 11:16:30,091 [INFO] ThirdParty:1030 - CMSIS Pack Vendor :STMicroelectronics FreeRTOS 0.0.1
2025-07-01 11:16:30,091 [INFO] ThirdParty:1030 - CMSIS Pack Vendor :STMicroelectronics X-CUBE-DPower 1.2.0
2025-07-01 11:16:30,091 [INFO] ThirdParty:1030 - CMSIS Pack Vendor :STMicroelectronics FP-SNS-FLIGHT1 5.0.2
2025-07-01 11:16:30,091 [INFO] ThirdParty:1030 - CMSIS Pack Vendor :STMicroelectronics X-CUBE-AI 9.0.0
2025-07-01 11:16:30,091 [INFO] ThirdParty:1030 - CMSIS Pack Vendor :STMicroelectronics PDM2PCM 3.3.0
2025-07-01 11:16:30,091 [INFO] ThirdParty:1030 - CMSIS Pack Vendor :STMicroelectronics X-CUBE-DISPLAY 3.0.0
2025-07-01 11:16:30,091 [INFO] ThirdParty:1030 - CMSIS Pack Vendor :STMicroelectronics X-CUBE-BLE1 7.0.0
2025-07-01 11:16:30,091 [INFO] ThirdParty:1030 - CMSIS Pack Vendor :STMicroelectronics X-CUBE-NFC10 1.0.0
2025-07-01 11:16:30,091 [INFO] ThirdParty:1030 - CMSIS Pack Vendor :STMicroelectronics X-CUBE-BLEMGR 4.0.0
2025-07-01 11:16:30,091 [INFO] ThirdParty:1030 - CMSIS Pack Vendor :STMicroelectronics X-CUBE-FREERTOS 1.3.1
2025-07-01 11:16:30,091 [INFO] ThirdParty:1030 - CMSIS Pack Vendor :STMicroelectronics HAL Drivers 0.0.0
2025-07-01 11:16:30,091 [INFO] ThirdParty:1030 - CMSIS Pack Vendor :emotas I-CUBE-CANOPEN 1.3.0
2025-07-01 11:16:30,091 [INFO] ThirdParty:1030 - CMSIS Pack Vendor :STMicroelectronics X-CUBE-FREERTOS 1.3.0
2025-07-01 11:16:30,091 [INFO] ThirdParty:1030 - CMSIS Pack Vendor :STMicroelectronics X-CUBE-NFC7 1.0.1
2025-07-01 11:16:30,091 [INFO] ThirdParty:1030 - CMSIS Pack Vendor :STMicroelectronics MBEDTLS 2.14.1
2025-07-01 11:16:30,091 [INFO] ThirdParty:1030 - CMSIS Pack Vendor :wolfSSL I-CUBE-wolfTPM 3.2.0
2025-07-01 11:16:30,091 [INFO] ThirdParty:1030 - CMSIS Pack Vendor :STMicroelectronics X-CUBE-BLEMGR 3.1.0
2025-07-01 11:16:30,091 [INFO] ThirdParty:1030 - CMSIS Pack Vendor :STMicroelectronics X-CUBE-AI 10.0.0
2025-07-01 11:16:30,091 [INFO] ThirdParty:1030 - CMSIS Pack Vendor :STMicroelectronics FP-SNS-STAIOTCFT 1.0.0
2025-07-01 11:16:30,091 [INFO] ThirdParty:1030 - CMSIS Pack Vendor :STMicroelectronics FP-SNS-SMARTAG2 1.2.0
2025-07-01 11:16:30,091 [INFO] ThirdParty:1030 - CMSIS Pack Vendor :STMicroelectronics FP-SNS-FLIGHT1 5.1.0
2025-07-01 11:16:30,091 [INFO] ThirdParty:1030 - CMSIS Pack Vendor :STMicroelectronics X-CUBE-MEMS1 11.1.0
2025-07-01 11:16:30,091 [INFO] ThirdParty:1030 - CMSIS Pack Vendor :STMicroelectronics X-CUBE-AZRTOS-WL 2.0.0
2025-07-01 11:16:30,091 [INFO] ThirdParty:1030 - CMSIS Pack Vendor :STMicroelectronics X-CUBE-DPower 1.3.0
2025-07-01 11:16:30,091 [INFO] ThirdParty:1030 - CMSIS Pack Vendor :STMicroelectronics FP-SNS-MOTENV1 5.0.0
2025-07-01 11:16:30,091 [INFO] ThirdParty:1030 - CMSIS Pack Vendor :STMicroelectronics USB_DEVICE 1.0.0
2025-07-01 11:16:30,091 [INFO] ThirdParty:1030 - CMSIS Pack Vendor :STMicroelectronics X-CUBE-AI 8.1.0
2025-07-01 11:16:30,091 [INFO] ThirdParty:1030 - CMSIS Pack Vendor :wolfSSL I-CUBE-wolfMQTT 1.19.0
2025-07-01 11:16:30,091 [INFO] ThirdParty:1030 - CMSIS Pack Vendor :STMicroelectronics X-CUBE-AZRTOS-L4 2.0.0
2025-07-01 11:16:30,091 [INFO] ThirdParty:1030 - CMSIS Pack Vendor :STMicroelectronics ThreadX 0.0.2
2025-07-01 11:16:30,091 [INFO] ThirdParty:1030 - CMSIS Pack Vendor :WES I-CUBE-Cesium 1.3.0
2025-07-01 11:16:30,091 [INFO] ThirdParty:1030 - CMSIS Pack Vendor :STMicroelectronics lwIP 2.1.2
2025-07-01 11:16:30,091 [INFO] ThirdParty:1030 - CMSIS Pack Vendor :STMicroelectronics X-CUBE-SFXS2LP1 4.0.0
2025-07-01 11:16:30,091 [INFO] ThirdParty:1030 - CMSIS Pack Vendor :STMicroelectronics X-CUBE-BLE2 3.3.0
2025-07-01 11:16:30,091 [INFO] ThirdParty:1030 - CMSIS Pack Vendor :STMicroelectronics PDM2PCM 3.2.0
2025-07-01 11:16:30,091 [INFO] ThirdParty:1030 - CMSIS Pack Vendor :STMicroelectronics X-CUBE-AZRTOS-H7 3.3.0
2025-07-01 11:16:30,091 [INFO] ThirdParty:1030 - CMSIS Pack Vendor :STMicroelectronics X-CUBE-NFC9 1.0.0
2025-07-01 11:16:30,091 [INFO] ThirdParty:1030 - CMSIS Pack Vendor :STMicroelectronics X-CUBE-BLE1 7.1.0
2025-07-01 11:16:30,091 [INFO] ThirdParty:1030 - CMSIS Pack Vendor :STMicroelectronics USB_DEVICE 3.0.0
2025-07-01 11:16:30,091 [INFO] ThirdParty:1030 - CMSIS Pack Vendor :STMicroelectronics X-CUBE-TCPP 4.1.0
2025-07-01 11:16:30,091 [INFO] ThirdParty:1030 - CMSIS Pack Vendor :STMicroelectronics X-CUBE-IPS 3.0.0
2025-07-01 11:16:30,091 [INFO] ThirdParty:1030 - CMSIS Pack Vendor :STMicroelectronics X-CUBE-AZRTOS-WB 2.0.0
2025-07-01 11:16:30,091 [INFO] ThirdParty:1030 - CMSIS Pack Vendor :STMicroelectronics X-CUBE-GNSS1 7.0.0
2025-07-01 11:16:30,091 [INFO] ThirdParty:1030 - CMSIS Pack Vendor :STMicroelectronics X-CUBE-GNSS1 7.0.1
2025-07-01 11:16:30,091 [INFO] ThirdParty:1030 - CMSIS Pack Vendor :STMicroelectronics X-CUBE-TOUCHGFX 4.25.0
2025-07-01 11:16:30,091 [INFO] ThirdParty:1030 - CMSIS Pack Vendor :STMicroelectronics X-CUBE-AI 10.1.0
2025-07-01 11:16:30,091 [INFO] ThirdParty:1030 - CMSIS Pack Vendor :STMicroelectronics FP-SNS-STBOX1 2.0.0
2025-07-01 11:16:30,091 [INFO] ThirdParty:1030 - CMSIS Pack Vendor :STMicroelectronics X-CUBE-ALGOBUILD 1.3.0
2025-07-01 11:16:30,091 [INFO] ThirdParty:1030 - CMSIS Pack Vendor :STMicroelectronics X-CUBE-MEMS1 11.2.0
2025-07-01 11:16:30,091 [INFO] ThirdParty:1030 - CMSIS Pack Vendor :STMicroelectronics X-CUBE-AZRTOS-G0 1.1.0
2025-07-01 11:16:30,091 [INFO] ThirdParty:1030 - CMSIS Pack Vendor :STMicroelectronics X-CUBE-SAFEA1 1.2.2
2025-07-01 11:16:30,091 [INFO] ThirdParty:1030 - CMSIS Pack Vendor :STMicroelectronics X-CUBE-NFC4 3.0.0
2025-07-01 11:16:30,091 [INFO] ThirdParty:1030 - CMSIS Pack Vendor :STMicroelectronics X-CUBE-SUBG2 5.0.0
2025-07-01 11:16:30,091 [INFO] ThirdParty:1030 - CMSIS Pack Vendor :STMicroelectronics X-CUBE-AZRTOS-H7RS 1.1.0
2025-07-01 11:16:30,091 [INFO] ThirdParty:1030 - CMSIS Pack Vendor :STMicroelectronics STM32_WPAN 1.0.0
2025-07-01 11:16:30,091 [INFO] ThirdParty:1030 - CMSIS Pack Vendor :wolfSSL I-CUBE-wolfMQTT 1.18.0
2025-07-01 11:16:30,091 [INFO] ThirdParty:1030 - CMSIS Pack Vendor :EmbeddedOffice I-CUBE-FS-RTOS 1.0.1
2025-07-01 11:16:30,091 [INFO] ThirdParty:1030 - CMSIS Pack Vendor :STMicroelectronics lwIP 2.0.3
2025-07-01 11:16:30,091 [INFO] ThirdParty:1030 - CMSIS Pack Vendor :STMicroelectronics USB_HOST 1.0.0
2025-07-01 11:16:30,093 [INFO] ThirdParty:1030 - CMSIS Pack Vendor :STMicroelectronics X-CUBE-AZRTOS-G4 2.0.0
2025-07-01 11:16:30,093 [INFO] ThirdParty:1030 - CMSIS Pack Vendor :STMicroelectronics X-CUBE-WB05N 2.0.0
2025-07-01 11:16:30,093 [INFO] ThirdParty:1030 - CMSIS Pack Vendor :STMicroelectronics PDM2PCM 3.1.0
2025-07-01 11:16:30,093 [INFO] ThirdParty:1030 - CMSIS Pack Vendor :STMicroelectronics X-CUBE-NFC7 2.0.0
2025-07-01 11:16:30,093 [INFO] ThirdParty:1030 - CMSIS Pack Vendor :STMicroelectronics X-CUBE-TCPP 4.2.0
2025-07-01 11:16:30,093 [INFO] ThirdParty:1030 - CMSIS Pack Vendor :RealThread X-CUBE-RT-Thread_Nano 4.1.1
2025-07-01 11:16:30,093 [INFO] ThirdParty:1030 - CMSIS Pack Vendor :wolfSSL I-CUBE-wolfSSL 5.7.0
2025-07-01 11:16:30,093 [INFO] ThirdParty:1030 - CMSIS Pack Vendor :STMicroelectronics FP-SNS-MOTENVWB1 1.3.1
2025-07-01 11:16:30,093 [INFO] ThirdParty:1030 - CMSIS Pack Vendor :STMicroelectronics FP-ATR-SIGFOX1 3.2.0
2025-07-01 11:16:30,093 [INFO] ThirdParty:1030 - CMSIS Pack Vendor :quantropi X-CUBE-qispace-sdk-base 1.9.3
2025-07-01 11:16:30,093 [INFO] ThirdParty:1030 - CMSIS Pack Vendor :STMicroelectronics X-CUBE-ISPU 2.0.0
2025-07-01 11:16:30,093 [INFO] ThirdParty:1030 - CMSIS Pack Vendor :STMicroelectronics X-CUBE-EEPRMA1 5.1.0
2025-07-01 11:16:30,093 [INFO] ThirdParty:1030 - CMSIS Pack Vendor :STMicroelectronics MBEDTLS 2.16.2
2025-07-01 11:16:30,093 [INFO] ThirdParty:1030 - CMSIS Pack Vendor :STMicroelectronics X-CUBE-IPS 3.1.0
2025-07-01 11:16:30,093 [INFO] ThirdParty:1030 - CMSIS Pack Vendor :STMicroelectronics X-CUBE-ALS 1.0.2
2025-07-01 11:16:30,093 [INFO] ThirdParty:1030 - CMSIS Pack Vendor :STMicroelectronics X-CUBE-MEMS1 10.0.0
2025-07-01 11:16:30,093 [INFO] ThirdParty:1030 - CMSIS Pack Vendor :STMicroelectronics X-CUBE-FREERTOS 1.1.0
2025-07-01 11:16:30,093 [INFO] ThirdParty:1030 - CMSIS Pack Vendor :STMicroelectronics X-CUBE-TOUCHGFX 4.24.0
2025-07-01 11:16:30,093 [INFO] ThirdParty:1030 - CMSIS Pack Vendor :ITTIA_DB I-CUBE-ITTIADB 8.9.0
2025-07-01 11:16:30,093 [INFO] ThirdParty:1030 - CMSIS Pack Vendor :STMicroelectronics X-CUBE-TOUCHGFX 4.24.2
2025-07-01 11:16:30,093 [INFO] ThirdParty:1030 - CMSIS Pack Vendor :STMicroelectronics X-CUBE-TOUCHGFX 4.24.1
2025-07-01 11:16:30,094 [INFO] ThirdParty:1030 - CMSIS Pack Vendor :portGmbH I-Cube-SoM-uGOAL 1.1.0
2025-07-01 11:16:30,094 [INFO] ThirdParty:1030 - CMSIS Pack Vendor :STMicroelectronics X-CUBE-ALS 1.0.1
2025-07-01 11:16:30,094 [INFO] ThirdParty:1030 - CMSIS Pack Vendor :STMicroelectronics X-CUBE-ST67W61 1.0.0
2025-07-01 11:16:30,094 [INFO] ThirdParty:1030 - CMSIS Pack Vendor :STMicroelectronics ThreadX 1.0.0
2025-07-01 11:16:30,094 [INFO] ThirdParty:1030 - CMSIS Pack Vendor :SEGGER I-CUBE-embOS 1.3.1
2025-07-01 11:16:30,094 [INFO] ThirdParty:1030 - CMSIS Pack Vendor :STMicroelectronics X-CUBE-ALGOBUILD 1.4.0
2025-07-01 11:16:30,094 [INFO] ThirdParty:1030 - CMSIS Pack Vendor :STMicroelectronics X-CUBE-MEMS1 11.3.0
2025-07-01 11:16:30,094 [INFO] ThirdParty:1030 - CMSIS Pack Vendor :STMicroelectronics X-CUBE-AZRTOS-H7RS 1.0.0
2025-07-01 11:16:30,094 [INFO] ThirdParty:1030 - CMSIS Pack Vendor :STMicroelectronics FP-ATR-ASTRA1 2.0.0
2025-07-01 11:16:30,094 [INFO] ThirdParty:1030 - CMSIS Pack Vendor :STMicroelectronics X-CUBE-TOF1 3.4.2
2025-07-01 11:16:30,094 [INFO] ThirdParty:1030 - CMSIS Pack Vendor :STMicroelectronics X-CUBE-TOF1 3.4.3
2025-07-01 11:16:30,094 [INFO] ThirdParty:1030 - CMSIS Pack Vendor :STMicroelectronics X-CUBE-AI 9.1.0
2025-07-01 11:16:30,094 [INFO] ThirdParty:1030 - CMSIS Pack Vendor :STMicroelectronics X-CUBE-TOF1 3.4.1
2025-07-01 11:16:30,094 [INFO] ThirdParty:1030 - CMSIS Pack Vendor :STMicroelectronics X-CUBE-AZRTOS-H7 3.2.0
2025-07-01 11:16:30,094 [INFO] ThirdParty:1030 - CMSIS Pack Vendor :Infineon AIROC-Wi-Fi-Bluetooth-STM32 1.6.0
2025-07-01 11:16:30,094 [INFO] ThirdParty:1030 - CMSIS Pack Vendor :wolfSSL I-CUBE-wolfSSH 1.4.17
2025-07-01 11:16:30,094 [INFO] ThirdParty:841 - exiting critical section [change project]
2025-07-01 11:16:30,559 [INFO] PinOutPanel:1589 - setPackage(No Configuration,No Configuration)
2025-07-01 11:16:30,562 [INFO] PinOutPanel:1589 - setPackage(STM32F446RETx,LQFP64)
2025-07-01 11:16:31,146 [INFO] UtilMem:75 - Before build in PCC Used Memory: 441405936 Bytes (542113792)
2025-07-01 11:16:32,473 [INFO] UtilMem:75 - After build in PCC Used Memory: 282748664 Bytes (542113792)
2025-07-01 11:16:32,501 [INFO] IPUIPlugin:80 - create IPUIPlugin
2025-07-01 11:16:32,501 [INFO] IPUIPlugin:80 - create IPUIPlugin
2025-07-01 11:16:32,501 [INFO] IPUIPlugin:80 - create IPUIPlugin
2025-07-01 11:16:32,501 [INFO] IPUIPlugin:80 - create IPUIPlugin
2025-07-01 11:16:32,501 [INFO] IPUIPlugin:80 - create IPUIPlugin
2025-07-01 11:16:32,501 [INFO] IPUIPlugin:80 - create IPUIPlugin
2025-07-01 11:16:32,502 [INFO] IPUIPlugin:80 - create IPUIPlugin
2025-07-01 11:16:32,502 [INFO] IPUIPlugin:80 - create IPUIPlugin
2025-07-01 11:16:32,502 [INFO] IPUIPlugin:80 - create IPUIPlugin
2025-07-01 11:16:32,502 [INFO] IPUIPlugin:80 - create IPUIPlugin
2025-07-01 11:16:32,502 [INFO] IPUIPlugin:80 - create IPUIPlugin
2025-07-01 11:16:32,502 [INFO] IPUIPlugin:80 - create IPUIPlugin
2025-07-01 11:16:32,502 [INFO] IPUIPlugin:80 - create IPUIPlugin
2025-07-01 11:16:32,502 [INFO] IPUIPlugin:80 - create IPUIPlugin
2025-07-01 11:16:32,502 [INFO] IPUIPlugin:80 - create IPUIPlugin
2025-07-01 11:16:32,502 [INFO] IPUIPlugin:80 - create IPUIPlugin
2025-07-01 11:16:32,502 [INFO] IPUIPlugin:80 - create IPUIPlugin
2025-07-01 11:16:32,502 [INFO] IPUIPlugin:80 - create IPUIPlugin
2025-07-01 11:16:32,502 [INFO] IPUIPlugin:80 - create IPUIPlugin
2025-07-01 11:16:32,502 [INFO] IPUIPlugin:80 - create IPUIPlugin
2025-07-01 11:16:32,502 [INFO] IPUIPlugin:80 - create IPUIPlugin
2025-07-01 11:16:32,502 [INFO] IPUIPlugin:80 - create IPUIPlugin
2025-07-01 11:16:32,502 [INFO] IPUIPlugin:80 - create IPUIPlugin
2025-07-01 11:16:32,502 [INFO] IPUIPlugin:80 - create IPUIPlugin
2025-07-01 11:16:32,502 [INFO] IPUIPlugin:80 - create IPUIPlugin
2025-07-01 11:16:32,503 [INFO] IPUIPlugin:80 - create IPUIPlugin
2025-07-01 11:16:32,503 [INFO] IPUIPlugin:80 - create IPUIPlugin
2025-07-01 11:16:32,503 [INFO] IPUIPlugin:80 - create IPUIPlugin
2025-07-01 11:16:32,503 [INFO] IPUIPlugin:80 - create IPUIPlugin
2025-07-01 11:16:32,503 [INFO] IPUIPlugin:80 - create IPUIPlugin
2025-07-01 11:16:32,503 [INFO] IPUIPlugin:80 - create IPUIPlugin
2025-07-01 11:16:32,503 [INFO] IPUIPlugin:80 - create IPUIPlugin
2025-07-01 11:16:32,503 [INFO] IPUIPlugin:80 - create IPUIPlugin
2025-07-01 11:16:32,503 [INFO] IPUIPlugin:80 - create IPUIPlugin
2025-07-01 11:16:32,503 [INFO] IPUIPlugin:80 - create IPUIPlugin
2025-07-01 11:16:32,503 [INFO] IPUIPlugin:80 - create IPUIPlugin
2025-07-01 11:16:32,503 [INFO] IPUIPlugin:80 - create IPUIPlugin
2025-07-01 11:16:32,505 [INFO] IPUIPlugin:80 - create IPUIPlugin
2025-07-01 11:16:32,505 [INFO] IPUIPlugin:80 - create IPUIPlugin
2025-07-01 11:16:32,505 [INFO] IPUIPlugin:80 - create IPUIPlugin
2025-07-01 11:16:32,505 [INFO] IPUIPlugin:80 - create IPUIPlugin
2025-07-01 11:16:32,505 [INFO] IPUIPlugin:80 - create IPUIPlugin
2025-07-01 11:16:32,505 [INFO] IPUIPlugin:80 - create IPUIPlugin
2025-07-01 11:16:32,505 [INFO] IPUIPlugin:80 - create IPUIPlugin
2025-07-01 11:16:32,505 [INFO] IPUIPlugin:80 - create IPUIPlugin
2025-07-01 11:16:32,505 [INFO] IPUIPlugin:80 - create IPUIPlugin
2025-07-01 11:16:32,505 [INFO] IPUIPlugin:80 - create IPUIPlugin
2025-07-01 11:16:32,506 [INFO] IPUIPlugin:80 - create IPUIPlugin
2025-07-01 11:16:32,506 [INFO] IPUIPlugin:80 - create IPUIPlugin
2025-07-01 11:16:32,506 [INFO] IPUIPlugin:80 - create IPUIPlugin
2025-07-01 11:16:32,506 [INFO] IPUIPlugin:80 - create IPUIPlugin
2025-07-01 11:16:32,506 [INFO] IPUIPlugin:80 - create IPUIPlugin
2025-07-01 11:16:32,506 [INFO] IPUIPlugin:80 - create IPUIPlugin
2025-07-01 11:16:32,506 [INFO] IPUIPlugin:80 - create IPUIPlugin
2025-07-01 11:16:32,507 [INFO] IPUIPlugin:80 - create IPUIPlugin
2025-07-01 11:16:32,507 [INFO] IPUIPlugin:80 - create IPUIPlugin
2025-07-01 11:16:32,507 [INFO] IPUIPlugin:80 - create IPUIPlugin
2025-07-01 11:16:32,507 [INFO] IPUIPlugin:80 - create IPUIPlugin
2025-07-01 11:16:32,507 [INFO] IPUIPlugin:80 - create IPUIPlugin
2025-07-01 11:16:32,507 [INFO] IPUIPlugin:80 - create IPUIPlugin
2025-07-01 11:16:32,610 [INFO] ApiDbMcu:508 - Load IP Config File for PDM2PCM
2025-07-01 11:16:32,621 [INFO] Can:71 - Can Add PropertyChangeListener com.st.microxplorer.plugins.ip.can.Can@363c8835
2025-07-01 11:16:32,623 [WARN] IP:2250 - I2C_Coeff_DF not found: check if there is a RefParameter without a condition.
2025-07-01 11:16:32,623 [WARN] IP:2250 - Analog_Filter not found: check if there is a RefParameter without a condition.
2025-07-01 11:16:32,852 [INFO] CADModel:165 - CPN selected for project levelSTM32F446RET6
2025-07-01 11:16:32,852 [INFO] CADModel:114 - Register for checkConnection events
2025-07-01 11:16:32,889 [INFO] OpenFileManager:385 - Restore cursor
2025-07-01 11:16:33,057 [WARN] IP:2250 - I2C_Coeff_DF not found: check if there is a RefParameter without a condition.
2025-07-01 11:16:33,057 [WARN] IP:2250 - Analog_Filter not found: check if there is a RefParameter without a condition.
2025-07-01 11:16:33,058 [WARN] IP:2250 - I2C_Coeff_DF not found: check if there is a RefParameter without a condition.
2025-07-01 11:16:33,058 [WARN] IP:2250 - Analog_Filter not found: check if there is a RefParameter without a condition.
2025-07-01 11:19:21,126 [INFO] ApiDbMcu:508 - Load IP Config File for USB_DEVICE
2025-07-01 11:19:21,244 [WARN] IP:2250 - DEVICE_SERIAL0_CDC_FS not found: check if there is a RefParameter without a condition.
2025-07-01 11:19:21,244 [WARN] IP:2250 - DEVICE_SERIAL1_CDC_FS not found: check if there is a RefParameter without a condition.
2025-07-01 11:19:21,244 [WARN] IP:2250 - DEVICE_SERIAL2_CDC_FS not found: check if there is a RefParameter without a condition.
2025-07-01 11:19:21,246 [WARN] IP:2250 - DEVICE_SERIAL0_CDC_FS not found: check if there is a RefParameter without a condition.
2025-07-01 11:19:21,246 [WARN] IP:2250 - DEVICE_SERIAL1_CDC_FS not found: check if there is a RefParameter without a condition.
2025-07-01 11:19:21,246 [WARN] IP:2250 - DEVICE_SERIAL2_CDC_FS not found: check if there is a RefParameter without a condition.
2025-07-01 11:19:21,296 [WARN] IP:2250 - DEVICE_SERIAL0_CDC_FS not found: check if there is a RefParameter without a condition.
2025-07-01 11:19:21,296 [WARN] IP:2250 - DEVICE_SERIAL1_CDC_FS not found: check if there is a RefParameter without a condition.
2025-07-01 11:19:21,296 [WARN] IP:2250 - DEVICE_SERIAL2_CDC_FS not found: check if there is a RefParameter without a condition.
2025-07-01 11:19:24,466 [WARN] IP:2250 - DEVICE_SERIAL0_CDC_FS not found: check if there is a RefParameter without a condition.
2025-07-01 11:19:24,466 [WARN] IP:2250 - DEVICE_SERIAL1_CDC_FS not found: check if there is a RefParameter without a condition.
2025-07-01 11:19:24,466 [WARN] IP:2250 - DEVICE_SERIAL2_CDC_FS not found: check if there is a RefParameter without a condition.
2025-07-01 11:19:27,296 [WARN] IP:2250 - DEVICE_SERIAL0_CDC_FS not found: check if there is a RefParameter without a condition.
2025-07-01 11:19:27,296 [WARN] IP:2250 - DEVICE_SERIAL1_CDC_FS not found: check if there is a RefParameter without a condition.
2025-07-01 11:19:27,297 [WARN] IP:2250 - DEVICE_SERIAL2_CDC_FS not found: check if there is a RefParameter without a condition.
2025-07-01 11:19:37,039 [WARN] IP:2250 - DEVICE_SERIAL0_CDC_FS not found: check if there is a RefParameter without a condition.
2025-07-01 11:19:37,039 [WARN] IP:2250 - DEVICE_SERIAL1_CDC_FS not found: check if there is a RefParameter without a condition.
2025-07-01 11:19:37,040 [WARN] IP:2250 - DEVICE_SERIAL2_CDC_FS not found: check if there is a RefParameter without a condition.
2025-07-01 11:19:46,425 [WARN] IP:2250 - DEVICE_SERIAL0_CDC_FS not found: check if there is a RefParameter without a condition.
2025-07-01 11:19:46,426 [WARN] IP:2250 - DEVICE_SERIAL1_CDC_FS not found: check if there is a RefParameter without a condition.
2025-07-01 11:19:46,426 [WARN] IP:2250 - DEVICE_SERIAL2_CDC_FS not found: check if there is a RefParameter without a condition.
2025-07-01 11:19:46,426 [WARN] IP:2250 - DEVICE_SERIAL0_CDC_FS not found: check if there is a RefParameter without a condition.
2025-07-01 11:19:46,426 [WARN] IP:2250 - DEVICE_SERIAL1_CDC_FS not found: check if there is a RefParameter without a condition.
2025-07-01 11:19:46,426 [WARN] IP:2250 - DEVICE_SERIAL2_CDC_FS not found: check if there is a RefParameter without a condition.
2025-07-01 11:19:46,470 [WARN] IP:2250 - DEVICE_SERIAL0_CDC_FS not found: check if there is a RefParameter without a condition.
2025-07-01 11:19:46,470 [WARN] IP:2250 - DEVICE_SERIAL1_CDC_FS not found: check if there is a RefParameter without a condition.
2025-07-01 11:19:46,470 [WARN] IP:2250 - DEVICE_SERIAL2_CDC_FS not found: check if there is a RefParameter without a condition.
2025-07-01 11:19:53,970 [WARN] IP:2250 - DEVICE_SERIAL0_CDC_FS not found: check if there is a RefParameter without a condition.
2025-07-01 11:19:53,970 [WARN] IP:2250 - DEVICE_SERIAL1_CDC_FS not found: check if there is a RefParameter without a condition.
2025-07-01 11:19:53,970 [WARN] IP:2250 - DEVICE_SERIAL2_CDC_FS not found: check if there is a RefParameter without a condition.
2025-07-01 11:19:53,970 [WARN] IP:2250 - DEVICE_SERIAL0_CDC_FS not found: check if there is a RefParameter without a condition.
2025-07-01 11:19:53,970 [WARN] IP:2250 - DEVICE_SERIAL1_CDC_FS not found: check if there is a RefParameter without a condition.
2025-07-01 11:19:53,970 [WARN] IP:2250 - DEVICE_SERIAL2_CDC_FS not found: check if there is a RefParameter without a condition.
2025-07-01 11:19:53,984 [WARN] IP:2250 - DEVICE_SERIAL0_CDC_FS not found: check if there is a RefParameter without a condition.
2025-07-01 11:19:53,984 [WARN] IP:2250 - DEVICE_SERIAL1_CDC_FS not found: check if there is a RefParameter without a condition.
2025-07-01 11:19:53,984 [WARN] IP:2250 - DEVICE_SERIAL2_CDC_FS not found: check if there is a RefParameter without a condition.
2025-07-01 11:19:56,370 [WARN] IP:2250 - DEVICE_SERIAL0_CDC_FS not found: check if there is a RefParameter without a condition.
2025-07-01 11:19:56,371 [WARN] IP:2250 - DEVICE_SERIAL1_CDC_FS not found: check if there is a RefParameter without a condition.
2025-07-01 11:19:56,371 [WARN] IP:2250 - DEVICE_SERIAL2_CDC_FS not found: check if there is a RefParameter without a condition.
2025-07-01 11:20:27,358 [INFO] NvicIntPanel:101 - NVIC parent = com.st.microxplorer.plugins.ip.nvic.MultiNvicIntPanel[,0,0,485x277,layout=javax.swing.BoxLayout,alignmentX=0.0,alignmentY=0.0,border=,flags=9,maximumSize=,minimumSize=,preferredSize=]
2025-07-01 11:20:32,264 [INFO] UtilMem:75 - End SaveConfig() Used Memory: 380934808 Bytes (714080256)
2025-07-01 11:21:10,253 [ERROR] LogOutputStream:75 - [STDERR_REDIRECT] Exception in thread "AWT-EventQueue-0" java.lang.ClassCastException: class sun.awt.windows.WEmbeddedFrame cannot be cast to class javax.swing.JFrame (sun.awt.windows.WEmbeddedFrame and javax.swing.JFrame are in module java.desktop of loader 'bootstrap')
2025-07-01 11:21:10,257 [ERROR] LogOutputStream:75 - [STDERR_REDIRECT] 	at com.st.microxplorer.plugins.clock.ClockConfigurationView.activatePlugin(ClockConfigurationView.java:425)
2025-07-01 11:21:10,260 [ERROR] LogOutputStream:75 - [STDERR_REDIRECT] 	at com.st.microxplorer.maingui.MainPanel$1.stateChanged(MainPanel.java:382)
2025-07-01 11:21:10,262 [ERROR] LogOutputStream:75 - [STDERR_REDIRECT] 	at java.desktop/javax.swing.JTabbedPane.fireStateChanged(JTabbedPane.java:446)
2025-07-01 11:21:10,263 [ERROR] LogOutputStream:75 - [STDERR_REDIRECT] 	at java.desktop/javax.swing.JTabbedPane$ModelListener.stateChanged(JTabbedPane.java:297)
2025-07-01 11:21:10,265 [ERROR] LogOutputStream:75 - [STDERR_REDIRECT] 	at java.desktop/javax.swing.DefaultSingleSelectionModel.fireStateChanged(DefaultSingleSelectionModel.java:148)
2025-07-01 11:21:10,267 [ERROR] LogOutputStream:75 - [STDERR_REDIRECT] 	at java.desktop/javax.swing.DefaultSingleSelectionModel.setSelectedIndex(DefaultSingleSelectionModel.java:79)
2025-07-01 11:21:10,268 [ERROR] LogOutputStream:75 - [STDERR_REDIRECT] 	at java.desktop/javax.swing.JTabbedPane.setSelectedIndexImpl(JTabbedPane.java:650)
2025-07-01 11:21:10,269 [ERROR] LogOutputStream:75 - [STDERR_REDIRECT] 	at java.desktop/javax.swing.JTabbedPane.setSelectedIndex(JTabbedPane.java:625)
2025-07-01 11:21:10,273 [ERROR] LogOutputStream:75 - [STDERR_REDIRECT] 	at java.desktop/javax.swing.plaf.basic.BasicTabbedPaneUI$Handler.mousePressed(BasicTabbedPaneUI.java:4140)
2025-07-01 11:21:10,275 [ERROR] LogOutputStream:75 - [STDERR_REDIRECT] 	at java.desktop/java.awt.Component.processMouseEvent(Component.java:6618)
2025-07-01 11:21:10,277 [ERROR] LogOutputStream:75 - [STDERR_REDIRECT] 	at java.desktop/javax.swing.JComponent.processMouseEvent(JComponent.java:3398)
2025-07-01 11:21:10,278 [ERROR] LogOutputStream:75 - [STDERR_REDIRECT] 	at java.desktop/java.awt.Component.processEvent(Component.java:6386)
2025-07-01 11:21:10,279 [ERROR] LogOutputStream:75 - [STDERR_REDIRECT] 	at java.desktop/java.awt.Container.processEvent(Container.java:2266)
2025-07-01 11:21:10,280 [ERROR] LogOutputStream:75 - [STDERR_REDIRECT] 	at java.desktop/java.awt.Component.dispatchEventImpl(Component.java:4996)
2025-07-01 11:21:10,281 [ERROR] LogOutputStream:75 - [STDERR_REDIRECT] 	at java.desktop/java.awt.Container.dispatchEventImpl(Container.java:2324)
2025-07-01 11:21:10,282 [ERROR] LogOutputStream:75 - [STDERR_REDIRECT] 	at java.desktop/java.awt.Component.dispatchEvent(Component.java:4828)
2025-07-01 11:21:10,284 [ERROR] LogOutputStream:75 - [STDERR_REDIRECT] 	at java.desktop/java.awt.LightweightDispatcher.retargetMouseEvent(Container.java:4948)
2025-07-01 11:21:10,285 [ERROR] LogOutputStream:75 - [STDERR_REDIRECT] 	at java.desktop/java.awt.LightweightDispatcher.processMouseEvent(Container.java:4572)
2025-07-01 11:21:10,286 [ERROR] LogOutputStream:75 - [STDERR_REDIRECT] 	at java.desktop/java.awt.LightweightDispatcher.dispatchEvent(Container.java:4516)
2025-07-01 11:21:10,288 [ERROR] LogOutputStream:75 - [STDERR_REDIRECT] 	at java.desktop/java.awt.Container.dispatchEventImpl(Container.java:2310)
2025-07-01 11:21:10,289 [ERROR] LogOutputStream:75 - [STDERR_REDIRECT] 	at java.desktop/java.awt.Component.dispatchEvent(Component.java:4828)
2025-07-01 11:21:10,292 [ERROR] LogOutputStream:75 - [STDERR_REDIRECT] 	at java.desktop/java.awt.EventQueue.dispatchEventImpl(EventQueue.java:775)
2025-07-01 11:21:10,293 [ERROR] LogOutputStream:75 - [STDERR_REDIRECT] 	at java.desktop/java.awt.EventQueue$4.run(EventQueue.java:720)
2025-07-01 11:21:10,294 [ERROR] LogOutputStream:75 - [STDERR_REDIRECT] 	at java.desktop/java.awt.EventQueue$4.run(EventQueue.java:714)
2025-07-01 11:21:10,296 [ERROR] LogOutputStream:75 - [STDERR_REDIRECT] 	at java.base/java.security.AccessController.doPrivileged(AccessController.java:400)
2025-07-01 11:21:10,297 [ERROR] LogOutputStream:75 - [STDERR_REDIRECT] 	at java.base/java.security.ProtectionDomain$JavaSecurityAccessImpl.doIntersectionPrivilege(ProtectionDomain.java:87)
2025-07-01 11:21:10,299 [ERROR] LogOutputStream:75 - [STDERR_REDIRECT] 	at java.base/java.security.ProtectionDomain$JavaSecurityAccessImpl.doIntersectionPrivilege(ProtectionDomain.java:98)
2025-07-01 11:21:10,300 [ERROR] LogOutputStream:75 - [STDERR_REDIRECT] 	at java.desktop/java.awt.EventQueue$5.run(EventQueue.java:747)
2025-07-01 11:21:10,301 [ERROR] LogOutputStream:75 - [STDERR_REDIRECT] 	at java.desktop/java.awt.EventQueue$5.run(EventQueue.java:745)
2025-07-01 11:21:10,303 [ERROR] LogOutputStream:75 - [STDERR_REDIRECT] 	at java.base/java.security.AccessController.doPrivileged(AccessController.java:400)
2025-07-01 11:21:10,304 [ERROR] LogOutputStream:75 - [STDERR_REDIRECT] 	at java.base/java.security.ProtectionDomain$JavaSecurityAccessImpl.doIntersectionPrivilege(ProtectionDomain.java:87)
2025-07-01 11:21:10,306 [ERROR] LogOutputStream:75 - [STDERR_REDIRECT] 	at java.desktop/java.awt.EventQueue.dispatchEvent(EventQueue.java:744)
2025-07-01 11:21:10,308 [ERROR] LogOutputStream:75 - [STDERR_REDIRECT] 	at java.desktop/java.awt.EventDispatchThread.pumpOneEventForFilters(EventDispatchThread.java:203)
2025-07-01 11:21:10,309 [ERROR] LogOutputStream:75 - [STDERR_REDIRECT] 	at java.desktop/java.awt.EventDispatchThread.pumpEventsForFilter(EventDispatchThread.java:124)
2025-07-01 11:21:10,311 [ERROR] LogOutputStream:75 - [STDERR_REDIRECT] 	at java.desktop/java.awt.EventDispatchThread.pumpEventsForHierarchy(EventDispatchThread.java:113)
2025-07-01 11:21:10,313 [ERROR] LogOutputStream:75 - [STDERR_REDIRECT] 	at java.desktop/java.awt.EventDispatchThread.pumpEvents(EventDispatchThread.java:109)
2025-07-01 11:21:10,314 [ERROR] LogOutputStream:75 - [STDERR_REDIRECT] 	at java.desktop/java.awt.EventDispatchThread.pumpEvents(EventDispatchThread.java:101)
2025-07-01 11:21:10,316 [ERROR] LogOutputStream:75 - [STDERR_REDIRECT] 	at java.desktop/java.awt.EventDispatchThread.run(EventDispatchThread.java:90)
2025-07-01 11:21:19,601 [WARN] IP:2250 - DEVICE_SERIAL0_CDC_FS not found: check if there is a RefParameter without a condition.
2025-07-01 11:21:19,601 [WARN] IP:2250 - DEVICE_SERIAL1_CDC_FS not found: check if there is a RefParameter without a condition.
2025-07-01 11:21:19,601 [WARN] IP:2250 - DEVICE_SERIAL2_CDC_FS not found: check if there is a RefParameter without a condition.
2025-07-01 11:21:19,602 [WARN] IP:2250 - DEVICE_SERIAL0_CDC_FS not found: check if there is a RefParameter without a condition.
2025-07-01 11:21:19,602 [WARN] IP:2250 - DEVICE_SERIAL1_CDC_FS not found: check if there is a RefParameter without a condition.
2025-07-01 11:21:19,602 [WARN] IP:2250 - DEVICE_SERIAL2_CDC_FS not found: check if there is a RefParameter without a condition.
2025-07-01 11:21:19,650 [WARN] IP:2250 - I2C_Coeff_DF not found: check if there is a RefParameter without a condition.
2025-07-01 11:21:19,651 [WARN] IP:2250 - Analog_Filter not found: check if there is a RefParameter without a condition.
2025-07-01 11:21:19,651 [WARN] IP:2250 - I2C_Coeff_DF not found: check if there is a RefParameter without a condition.
2025-07-01 11:21:19,651 [WARN] IP:2250 - Analog_Filter not found: check if there is a RefParameter without a condition.
2025-07-01 11:21:22,636 [WARN] IP:2250 - DEVICE_SERIAL0_CDC_FS not found: check if there is a RefParameter without a condition.
2025-07-01 11:21:22,637 [WARN] IP:2250 - DEVICE_SERIAL1_CDC_FS not found: check if there is a RefParameter without a condition.
2025-07-01 11:21:22,637 [WARN] IP:2250 - DEVICE_SERIAL2_CDC_FS not found: check if there is a RefParameter without a condition.
2025-07-01 11:21:22,638 [WARN] IP:2250 - DEVICE_SERIAL0_CDC_FS not found: check if there is a RefParameter without a condition.
2025-07-01 11:21:22,639 [WARN] IP:2250 - DEVICE_SERIAL1_CDC_FS not found: check if there is a RefParameter without a condition.
2025-07-01 11:21:22,639 [WARN] IP:2250 - DEVICE_SERIAL2_CDC_FS not found: check if there is a RefParameter without a condition.
2025-07-01 11:21:22,670 [WARN] IP:2250 - I2C_Coeff_DF not found: check if there is a RefParameter without a condition.
2025-07-01 11:21:22,670 [WARN] IP:2250 - Analog_Filter not found: check if there is a RefParameter without a condition.
2025-07-01 11:21:22,671 [WARN] IP:2250 - I2C_Coeff_DF not found: check if there is a RefParameter without a condition.
2025-07-01 11:21:22,671 [WARN] IP:2250 - Analog_Filter not found: check if there is a RefParameter without a condition.
2025-07-01 11:21:24,348 [WARN] IP:2250 - DEVICE_SERIAL0_CDC_FS not found: check if there is a RefParameter without a condition.
2025-07-01 11:21:24,348 [WARN] IP:2250 - DEVICE_SERIAL1_CDC_FS not found: check if there is a RefParameter without a condition.
2025-07-01 11:21:24,348 [WARN] IP:2250 - DEVICE_SERIAL2_CDC_FS not found: check if there is a RefParameter without a condition.
2025-07-01 11:21:24,351 [WARN] IP:2250 - DEVICE_SERIAL0_CDC_FS not found: check if there is a RefParameter without a condition.
2025-07-01 11:21:24,351 [WARN] IP:2250 - DEVICE_SERIAL1_CDC_FS not found: check if there is a RefParameter without a condition.
2025-07-01 11:21:24,352 [WARN] IP:2250 - DEVICE_SERIAL2_CDC_FS not found: check if there is a RefParameter without a condition.
2025-07-01 11:21:24,399 [WARN] IP:2250 - I2C_Coeff_DF not found: check if there is a RefParameter without a condition.
2025-07-01 11:21:24,399 [WARN] IP:2250 - Analog_Filter not found: check if there is a RefParameter without a condition.
2025-07-01 11:21:24,399 [WARN] IP:2250 - I2C_Coeff_DF not found: check if there is a RefParameter without a condition.
2025-07-01 11:21:24,399 [WARN] IP:2250 - Analog_Filter not found: check if there is a RefParameter without a condition.
2025-07-01 11:21:26,828 [WARN] IP:2250 - DEVICE_SERIAL0_CDC_FS not found: check if there is a RefParameter without a condition.
2025-07-01 11:21:26,828 [WARN] IP:2250 - DEVICE_SERIAL1_CDC_FS not found: check if there is a RefParameter without a condition.
2025-07-01 11:21:26,828 [WARN] IP:2250 - DEVICE_SERIAL2_CDC_FS not found: check if there is a RefParameter without a condition.
2025-07-01 11:21:26,828 [WARN] IP:2250 - DEVICE_SERIAL0_CDC_FS not found: check if there is a RefParameter without a condition.
2025-07-01 11:21:26,828 [WARN] IP:2250 - DEVICE_SERIAL1_CDC_FS not found: check if there is a RefParameter without a condition.
2025-07-01 11:21:26,829 [WARN] IP:2250 - DEVICE_SERIAL2_CDC_FS not found: check if there is a RefParameter without a condition.
2025-07-01 11:21:26,891 [WARN] IP:2250 - I2C_Coeff_DF not found: check if there is a RefParameter without a condition.
2025-07-01 11:21:26,892 [WARN] IP:2250 - Analog_Filter not found: check if there is a RefParameter without a condition.
2025-07-01 11:21:26,892 [WARN] IP:2250 - I2C_Coeff_DF not found: check if there is a RefParameter without a condition.
2025-07-01 11:21:26,892 [WARN] IP:2250 - Analog_Filter not found: check if there is a RefParameter without a condition.
2025-07-01 11:21:29,321 [WARN] IP:2250 - DEVICE_SERIAL0_CDC_FS not found: check if there is a RefParameter without a condition.
2025-07-01 11:21:29,321 [WARN] IP:2250 - DEVICE_SERIAL1_CDC_FS not found: check if there is a RefParameter without a condition.
2025-07-01 11:21:29,322 [WARN] IP:2250 - DEVICE_SERIAL2_CDC_FS not found: check if there is a RefParameter without a condition.
2025-07-01 11:21:29,322 [WARN] IP:2250 - DEVICE_SERIAL0_CDC_FS not found: check if there is a RefParameter without a condition.
2025-07-01 11:21:29,322 [WARN] IP:2250 - DEVICE_SERIAL1_CDC_FS not found: check if there is a RefParameter without a condition.
2025-07-01 11:21:29,322 [WARN] IP:2250 - DEVICE_SERIAL2_CDC_FS not found: check if there is a RefParameter without a condition.
2025-07-01 11:21:29,343 [WARN] IP:2250 - I2C_Coeff_DF not found: check if there is a RefParameter without a condition.
2025-07-01 11:21:29,343 [WARN] IP:2250 - Analog_Filter not found: check if there is a RefParameter without a condition.
2025-07-01 11:21:29,343 [WARN] IP:2250 - I2C_Coeff_DF not found: check if there is a RefParameter without a condition.
2025-07-01 11:21:29,343 [WARN] IP:2250 - Analog_Filter not found: check if there is a RefParameter without a condition.
2025-07-01 11:21:39,184 [WARN] IP:2250 - DEVICE_SERIAL0_CDC_FS not found: check if there is a RefParameter without a condition.
2025-07-01 11:21:39,184 [WARN] IP:2250 - DEVICE_SERIAL1_CDC_FS not found: check if there is a RefParameter without a condition.
2025-07-01 11:21:39,184 [WARN] IP:2250 - DEVICE_SERIAL2_CDC_FS not found: check if there is a RefParameter without a condition.
2025-07-01 11:21:39,184 [WARN] IP:2250 - DEVICE_SERIAL0_CDC_FS not found: check if there is a RefParameter without a condition.
2025-07-01 11:21:39,184 [WARN] IP:2250 - DEVICE_SERIAL1_CDC_FS not found: check if there is a RefParameter without a condition.
2025-07-01 11:21:39,184 [WARN] IP:2250 - DEVICE_SERIAL2_CDC_FS not found: check if there is a RefParameter without a condition.
2025-07-01 11:21:39,207 [WARN] IP:2250 - I2C_Coeff_DF not found: check if there is a RefParameter without a condition.
2025-07-01 11:21:39,207 [WARN] IP:2250 - Analog_Filter not found: check if there is a RefParameter without a condition.
2025-07-01 11:21:39,208 [WARN] IP:2250 - I2C_Coeff_DF not found: check if there is a RefParameter without a condition.
2025-07-01 11:21:39,208 [WARN] IP:2250 - Analog_Filter not found: check if there is a RefParameter without a condition.
2025-07-01 11:22:31,145 [WARN] IP:2250 - DEVICE_SERIAL0_CDC_FS not found: check if there is a RefParameter without a condition.
2025-07-01 11:22:31,145 [WARN] IP:2250 - DEVICE_SERIAL1_CDC_FS not found: check if there is a RefParameter without a condition.
2025-07-01 11:22:31,145 [WARN] IP:2250 - DEVICE_SERIAL2_CDC_FS not found: check if there is a RefParameter without a condition.
2025-07-01 11:22:31,146 [WARN] IP:2250 - DEVICE_SERIAL0_CDC_FS not found: check if there is a RefParameter without a condition.
2025-07-01 11:22:31,146 [WARN] IP:2250 - DEVICE_SERIAL1_CDC_FS not found: check if there is a RefParameter without a condition.
2025-07-01 11:22:31,146 [WARN] IP:2250 - DEVICE_SERIAL2_CDC_FS not found: check if there is a RefParameter without a condition.
2025-07-01 11:22:31,170 [WARN] IP:2250 - I2C_Coeff_DF not found: check if there is a RefParameter without a condition.
2025-07-01 11:22:31,170 [WARN] IP:2250 - Analog_Filter not found: check if there is a RefParameter without a condition.
2025-07-01 11:22:31,170 [WARN] IP:2250 - I2C_Coeff_DF not found: check if there is a RefParameter without a condition.
2025-07-01 11:22:31,170 [WARN] IP:2250 - Analog_Filter not found: check if there is a RefParameter without a condition.
2025-07-01 11:22:50,937 [WARN] IP:2250 - DEVICE_SERIAL0_CDC_FS not found: check if there is a RefParameter without a condition.
2025-07-01 11:22:50,937 [WARN] IP:2250 - DEVICE_SERIAL1_CDC_FS not found: check if there is a RefParameter without a condition.
2025-07-01 11:22:50,937 [WARN] IP:2250 - DEVICE_SERIAL2_CDC_FS not found: check if there is a RefParameter without a condition.
2025-07-01 11:22:50,938 [WARN] IP:2250 - DEVICE_SERIAL0_CDC_FS not found: check if there is a RefParameter without a condition.
2025-07-01 11:22:50,938 [WARN] IP:2250 - DEVICE_SERIAL1_CDC_FS not found: check if there is a RefParameter without a condition.
2025-07-01 11:22:50,938 [WARN] IP:2250 - DEVICE_SERIAL2_CDC_FS not found: check if there is a RefParameter without a condition.
2025-07-01 11:22:50,959 [WARN] IP:2250 - I2C_Coeff_DF not found: check if there is a RefParameter without a condition.
2025-07-01 11:22:50,959 [WARN] IP:2250 - Analog_Filter not found: check if there is a RefParameter without a condition.
2025-07-01 11:22:50,959 [WARN] IP:2250 - I2C_Coeff_DF not found: check if there is a RefParameter without a condition.
2025-07-01 11:22:50,959 [WARN] IP:2250 - Analog_Filter not found: check if there is a RefParameter without a condition.
2025-07-01 11:23:10,383 [WARN] IP:2250 - DEVICE_SERIAL0_CDC_FS not found: check if there is a RefParameter without a condition.
2025-07-01 11:23:10,383 [WARN] IP:2250 - DEVICE_SERIAL1_CDC_FS not found: check if there is a RefParameter without a condition.
2025-07-01 11:23:10,383 [WARN] IP:2250 - DEVICE_SERIAL2_CDC_FS not found: check if there is a RefParameter without a condition.
2025-07-01 11:23:10,384 [WARN] IP:2250 - DEVICE_SERIAL0_CDC_FS not found: check if there is a RefParameter without a condition.
2025-07-01 11:23:10,384 [WARN] IP:2250 - DEVICE_SERIAL1_CDC_FS not found: check if there is a RefParameter without a condition.
2025-07-01 11:23:10,384 [WARN] IP:2250 - DEVICE_SERIAL2_CDC_FS not found: check if there is a RefParameter without a condition.
2025-07-01 11:23:10,408 [WARN] IP:2250 - I2C_Coeff_DF not found: check if there is a RefParameter without a condition.
2025-07-01 11:23:10,408 [WARN] IP:2250 - Analog_Filter not found: check if there is a RefParameter without a condition.
2025-07-01 11:23:10,408 [WARN] IP:2250 - I2C_Coeff_DF not found: check if there is a RefParameter without a condition.
2025-07-01 11:23:10,408 [WARN] IP:2250 - Analog_Filter not found: check if there is a RefParameter without a condition.
2025-07-01 11:24:10,658 [WARN] IP:2250 - DEVICE_SERIAL0_CDC_FS not found: check if there is a RefParameter without a condition.
2025-07-01 11:24:10,658 [WARN] IP:2250 - DEVICE_SERIAL1_CDC_FS not found: check if there is a RefParameter without a condition.
2025-07-01 11:24:10,658 [WARN] IP:2250 - DEVICE_SERIAL2_CDC_FS not found: check if there is a RefParameter without a condition.
2025-07-01 11:24:10,658 [WARN] IP:2250 - DEVICE_SERIAL0_CDC_FS not found: check if there is a RefParameter without a condition.
2025-07-01 11:24:10,659 [WARN] IP:2250 - DEVICE_SERIAL1_CDC_FS not found: check if there is a RefParameter without a condition.
2025-07-01 11:24:10,659 [WARN] IP:2250 - DEVICE_SERIAL2_CDC_FS not found: check if there is a RefParameter without a condition.
2025-07-01 11:24:10,680 [WARN] IP:2250 - I2C_Coeff_DF not found: check if there is a RefParameter without a condition.
2025-07-01 11:24:10,680 [WARN] IP:2250 - Analog_Filter not found: check if there is a RefParameter without a condition.
2025-07-01 11:24:10,680 [WARN] IP:2250 - I2C_Coeff_DF not found: check if there is a RefParameter without a condition.
2025-07-01 11:24:10,680 [WARN] IP:2250 - Analog_Filter not found: check if there is a RefParameter without a condition.
2025-07-01 11:24:11,740 [WARN] IP:2250 - DEVICE_SERIAL0_CDC_FS not found: check if there is a RefParameter without a condition.
2025-07-01 11:24:11,741 [WARN] IP:2250 - DEVICE_SERIAL1_CDC_FS not found: check if there is a RefParameter without a condition.
2025-07-01 11:24:11,741 [WARN] IP:2250 - DEVICE_SERIAL2_CDC_FS not found: check if there is a RefParameter without a condition.
2025-07-01 11:24:11,741 [WARN] IP:2250 - DEVICE_SERIAL0_CDC_FS not found: check if there is a RefParameter without a condition.
2025-07-01 11:24:11,741 [WARN] IP:2250 - DEVICE_SERIAL1_CDC_FS not found: check if there is a RefParameter without a condition.
2025-07-01 11:24:11,741 [WARN] IP:2250 - DEVICE_SERIAL2_CDC_FS not found: check if there is a RefParameter without a condition.
2025-07-01 11:24:11,762 [WARN] IP:2250 - I2C_Coeff_DF not found: check if there is a RefParameter without a condition.
2025-07-01 11:24:11,762 [WARN] IP:2250 - Analog_Filter not found: check if there is a RefParameter without a condition.
2025-07-01 11:24:11,762 [WARN] IP:2250 - I2C_Coeff_DF not found: check if there is a RefParameter without a condition.
2025-07-01 11:24:11,762 [WARN] IP:2250 - Analog_Filter not found: check if there is a RefParameter without a condition.
2025-07-01 11:24:35,272 [WARN] IP:2250 - DEVICE_SERIAL0_CDC_FS not found: check if there is a RefParameter without a condition.
2025-07-01 11:24:35,273 [WARN] IP:2250 - DEVICE_SERIAL1_CDC_FS not found: check if there is a RefParameter without a condition.
2025-07-01 11:24:35,273 [WARN] IP:2250 - DEVICE_SERIAL2_CDC_FS not found: check if there is a RefParameter without a condition.
2025-07-01 11:24:35,273 [WARN] IP:2250 - DEVICE_SERIAL0_CDC_FS not found: check if there is a RefParameter without a condition.
2025-07-01 11:24:35,273 [WARN] IP:2250 - DEVICE_SERIAL1_CDC_FS not found: check if there is a RefParameter without a condition.
2025-07-01 11:24:35,273 [WARN] IP:2250 - DEVICE_SERIAL2_CDC_FS not found: check if there is a RefParameter without a condition.
2025-07-01 11:24:35,294 [WARN] IP:2250 - I2C_Coeff_DF not found: check if there is a RefParameter without a condition.
2025-07-01 11:24:35,294 [WARN] IP:2250 - Analog_Filter not found: check if there is a RefParameter without a condition.
2025-07-01 11:24:35,294 [WARN] IP:2250 - I2C_Coeff_DF not found: check if there is a RefParameter without a condition.
2025-07-01 11:24:35,295 [WARN] IP:2250 - Analog_Filter not found: check if there is a RefParameter without a condition.
2025-07-01 11:25:44,207 [INFO] UtilMem:75 - End SaveConfig() Used Memory: 1041700904 Bytes (1056964608)
2025-07-01 11:25:46,864 [INFO] UtilMem:75 - End SaveConfig() Used Memory: 904038176 Bytes (923795456)
2025-07-01 11:25:47,358 [INFO] BlockDiagram:2775 - set Specific Code input for plugin: CAN
2025-07-01 11:25:47,358 [INFO] BlockDiagram:2775 - set Specific Code input for plugin: USB_DEVICE
2025-07-01 11:25:47,358 [INFO] BlockDiagram:2775 - set Specific Code input for plugin: SYS
2025-07-01 11:25:47,358 [INFO] BlockDiagram:2775 - set Specific Code input for plugin: RCC
2025-07-01 11:25:47,358 [INFO] BlockDiagram:2775 - set Specific Code input for plugin: I2C
2025-07-01 11:25:47,358 [INFO] BlockDiagram:2775 - set Specific Code input for plugin: USB_OTG_FS
2025-07-01 11:25:47,358 [INFO] BlockDiagram:2775 - set Specific Code input for plugin: NVIC
2025-07-01 11:25:47,358 [INFO] BlockDiagram:2775 - set Specific Code input for plugin: GPIO
2025-07-01 11:25:47,364 [INFO] CodeGenerator:882 - code generatio: config db path: C:\ST\STM32CubeIDE_1.15.0\STM32CubeIDE\plugins\com.st.stm32cube.common.mx_6.14.1.202504091515\\db\
2025-07-01 11:25:47,370 [WARN] IP:2250 - I2C_Coeff_DF not found: check if there is a RefParameter without a condition.
2025-07-01 11:25:47,370 [WARN] IP:2250 - Analog_Filter not found: check if there is a RefParameter without a condition.
2025-07-01 11:25:47,386 [WARN] IP:2250 - DEVICE_SERIAL0_CDC_FS not found: check if there is a RefParameter without a condition.
2025-07-01 11:25:47,386 [WARN] IP:2250 - DEVICE_SERIAL1_CDC_FS not found: check if there is a RefParameter without a condition.
2025-07-01 11:25:47,386 [WARN] IP:2250 - DEVICE_SERIAL2_CDC_FS not found: check if there is a RefParameter without a condition.
2025-07-01 11:25:47,592 [INFO] CodeEngine:263 - oldGeneratedFile, C:\Work\CAN_PDM\FW\V1\Workspace\CAN_PDM\MXTmpFiles\license.tmp_save
2025-07-01 11:25:48,132 [INFO] CodeEngine:287 - Generated code: C:\Work\CAN_PDM\FW\V1\Workspace\CAN_PDM\MXTmpFiles\license.tmp
2025-07-01 11:25:48,289 [INFO] CodeEngine:263 - oldGeneratedFile, C:\Work\CAN_PDM\FW\V1\Workspace\CAN_PDM\Core\Src\gpio.c_save
2025-07-01 11:25:48,473 [INFO] CodeEngine:287 - Generated code: C:\Work\CAN_PDM\FW\V1\Workspace\CAN_PDM\Core\Src\gpio.c
2025-07-01 11:25:48,497 [INFO] CodeEngine:263 - oldGeneratedFile, C:\Work\CAN_PDM\FW\V1\Workspace\CAN_PDM\Core\Inc\gpio.h_save
2025-07-01 11:25:48,586 [INFO] CodeEngine:287 - Generated code: C:\Work\CAN_PDM\FW\V1\Workspace\CAN_PDM\Core\Inc\gpio.h
2025-07-01 11:25:48,665 [WARN] IPConfigManager:3217 - Warning: the RefConfig PWREx_EnableUSBVoltageDetector is not available in your config.xml file
2025-07-01 11:25:48,687 [INFO] CodeEngine:263 - oldGeneratedFile, C:\Work\CAN_PDM\FW\V1\Workspace\CAN_PDM\MXTmpFiles\usb_otg_fs_vars.tmp_save
2025-07-01 11:25:48,747 [INFO] CodeEngine:287 - Generated code: C:\Work\CAN_PDM\FW\V1\Workspace\CAN_PDM\MXTmpFiles\usb_otg_fs_vars.tmp
2025-07-01 11:25:48,759 [INFO] CodeEngine:263 - oldGeneratedFile, C:\Work\CAN_PDM\FW\V1\Workspace\CAN_PDM\MXTmpFiles\usb_otg_fs_inc.tmp_save
2025-07-01 11:25:48,808 [INFO] CodeEngine:287 - Generated code: C:\Work\CAN_PDM\FW\V1\Workspace\CAN_PDM\MXTmpFiles\usb_otg_fs_inc.tmp
2025-07-01 11:25:48,830 [INFO] CodeEngine:263 - oldGeneratedFile, C:\Work\CAN_PDM\FW\V1\Workspace\CAN_PDM\MXTmpFiles\usb_otg_fs_HalInit.tmp_save
2025-07-01 11:25:48,905 [INFO] CodeEngine:287 - Generated code: C:\Work\CAN_PDM\FW\V1\Workspace\CAN_PDM\MXTmpFiles\usb_otg_fs_HalInit.tmp
2025-07-01 11:25:48,926 [INFO] CodeEngine:263 - oldGeneratedFile, C:\Work\CAN_PDM\FW\V1\Workspace\CAN_PDM\MXTmpFiles\usb_otg_fs_Msp.tmp_save
2025-07-01 11:25:49,008 [INFO] CodeEngine:287 - Generated code: C:\Work\CAN_PDM\FW\V1\Workspace\CAN_PDM\MXTmpFiles\usb_otg_fs_Msp.tmp
2025-07-01 11:25:49,155 [INFO] Middleware:1452 - No code input for Bsp Dependency
2025-07-01 11:25:49,180 [INFO] CodeEngine:263 - oldGeneratedFile, C:\Work\CAN_PDM\FW\V1\Workspace\CAN_PDM\Core\Src\can.c_save
2025-07-01 11:25:49,286 [INFO] CodeEngine:287 - Generated code: C:\Work\CAN_PDM\FW\V1\Workspace\CAN_PDM\Core\Src\can.c
2025-07-01 11:25:49,308 [INFO] CodeEngine:263 - oldGeneratedFile, C:\Work\CAN_PDM\FW\V1\Workspace\CAN_PDM\Core\Inc\can.h_save
2025-07-01 11:25:49,405 [INFO] CodeEngine:287 - Generated code: C:\Work\CAN_PDM\FW\V1\Workspace\CAN_PDM\Core\Inc\can.h
2025-07-01 11:25:49,444 [INFO] CodeEngine:263 - oldGeneratedFile, C:\Work\CAN_PDM\FW\V1\Workspace\CAN_PDM\Core\Src\i2c.c_save
2025-07-01 11:25:49,549 [INFO] CodeEngine:287 - Generated code: C:\Work\CAN_PDM\FW\V1\Workspace\CAN_PDM\Core\Src\i2c.c
2025-07-01 11:25:49,569 [INFO] CodeEngine:263 - oldGeneratedFile, C:\Work\CAN_PDM\FW\V1\Workspace\CAN_PDM\Core\Inc\i2c.h_save
2025-07-01 11:25:49,631 [INFO] CodeEngine:287 - Generated code: C:\Work\CAN_PDM\FW\V1\Workspace\CAN_PDM\Core\Inc\i2c.h
2025-07-01 11:25:49,660 [INFO] Middleware:1452 - No code input for Bsp Dependency
2025-07-01 11:25:49,681 [INFO] CodeEngine:263 - oldGeneratedFile, C:\Work\CAN_PDM\FW\V1\Workspace\CAN_PDM\USB_DEVICE\App\usb_device.c_save
2025-07-01 11:25:49,749 [INFO] CodeEngine:287 - Generated code: C:\Work\CAN_PDM\FW\V1\Workspace\CAN_PDM\USB_DEVICE\App\usb_device.c
2025-07-01 11:25:49,764 [INFO] CodeEngine:263 - oldGeneratedFile, C:\Work\CAN_PDM\FW\V1\Workspace\CAN_PDM\USB_DEVICE\App\usb_device.h_save
2025-07-01 11:25:49,824 [INFO] CodeEngine:287 - Generated code: C:\Work\CAN_PDM\FW\V1\Workspace\CAN_PDM\USB_DEVICE\App\usb_device.h
2025-07-01 11:25:49,842 [INFO] CodeEngine:263 - oldGeneratedFile, C:\Work\CAN_PDM\FW\V1\Workspace\CAN_PDM\USB_DEVICE\Target\usbd_conf.h_save
2025-07-01 11:25:49,906 [INFO] CodeEngine:287 - Generated code: C:\Work\CAN_PDM\FW\V1\Workspace\CAN_PDM\USB_DEVICE\Target\usbd_conf.h
2025-07-01 11:25:49,925 [INFO] CodeEngine:263 - oldGeneratedFile, C:\Work\CAN_PDM\FW\V1\Workspace\CAN_PDM\USB_DEVICE\Target\usbd_conf.c_save
2025-07-01 11:25:50,000 [INFO] CodeEngine:287 - Generated code: C:\Work\CAN_PDM\FW\V1\Workspace\CAN_PDM\USB_DEVICE\Target\usbd_conf.c
2025-07-01 11:25:50,033 [INFO] CodeEngine:263 - oldGeneratedFile, C:\Work\CAN_PDM\FW\V1\Workspace\CAN_PDM\USB_DEVICE\App\usbd_desc.h_save
2025-07-01 11:25:50,105 [INFO] CodeEngine:287 - Generated code: C:\Work\CAN_PDM\FW\V1\Workspace\CAN_PDM\USB_DEVICE\App\usbd_desc.h
2025-07-01 11:25:50,121 [INFO] CodeEngine:263 - oldGeneratedFile, C:\Work\CAN_PDM\FW\V1\Workspace\CAN_PDM\USB_DEVICE\App\usbd_desc.c_save
2025-07-01 11:25:50,193 [INFO] CodeEngine:287 - Generated code: C:\Work\CAN_PDM\FW\V1\Workspace\CAN_PDM\USB_DEVICE\App\usbd_desc.c
2025-07-01 11:25:50,213 [INFO] CodeEngine:263 - oldGeneratedFile, C:\Work\CAN_PDM\FW\V1\Workspace\CAN_PDM\USB_DEVICE\App\usbd_cdc_if.h_save
2025-07-01 11:25:50,285 [INFO] CodeEngine:287 - Generated code: C:\Work\CAN_PDM\FW\V1\Workspace\CAN_PDM\USB_DEVICE\App\usbd_cdc_if.h
2025-07-01 11:25:50,304 [INFO] CodeEngine:263 - oldGeneratedFile, C:\Work\CAN_PDM\FW\V1\Workspace\CAN_PDM\USB_DEVICE\App\usbd_cdc_if.c_save
2025-07-01 11:25:50,363 [INFO] CodeEngine:287 - Generated code: C:\Work\CAN_PDM\FW\V1\Workspace\CAN_PDM\USB_DEVICE\App\usbd_cdc_if.c
2025-07-01 11:25:50,403 [INFO] CodeEngine:263 - oldGeneratedFile, C:\Work\CAN_PDM\FW\V1\Workspace\CAN_PDM\Core\Src\stm32f4xx_it.c_save
2025-07-01 11:25:50,510 [INFO] CodeEngine:287 - Generated code: C:\Work\CAN_PDM\FW\V1\Workspace\CAN_PDM\Core\Src\stm32f4xx_it.c
2025-07-01 11:25:50,537 [INFO] CodeEngine:263 - oldGeneratedFile, C:\Work\CAN_PDM\FW\V1\Workspace\CAN_PDM\Core\Inc\stm32f4xx_it.h_save
2025-07-01 11:25:50,601 [INFO] CodeEngine:287 - Generated code: C:\Work\CAN_PDM\FW\V1\Workspace\CAN_PDM\Core\Inc\stm32f4xx_it.h
2025-07-01 11:25:50,640 [INFO] CodeEngine:263 - oldGeneratedFile, C:\Work\CAN_PDM\FW\V1\Workspace\CAN_PDM\Core\Src\stm32f4xx_hal_msp.c_save
2025-07-01 11:25:50,708 [INFO] CodeEngine:287 - Generated code: C:\Work\CAN_PDM\FW\V1\Workspace\CAN_PDM\Core\Src\stm32f4xx_hal_msp.c
2025-07-01 11:25:50,727 [INFO] CodeEngine:263 - oldGeneratedFile, C:\Work\CAN_PDM\FW\V1\Workspace\CAN_PDM\MXTmpFiles\system.tmp_save
2025-07-01 11:25:50,772 [INFO] CodeEngine:287 - Generated code: C:\Work\CAN_PDM\FW\V1\Workspace\CAN_PDM\MXTmpFiles\system.tmp
2025-07-01 11:25:50,806 [INFO] CodeEngine:319 - oldGeneratedFile, C:\Work\CAN_PDM\FW\V1\Workspace\CAN_PDM\Core\Inc\stm32f4xx_hal_conf.h_save
2025-07-01 11:25:50,875 [INFO] CodeEngine:343 - Generated code: C:\Work\CAN_PDM\FW\V1\Workspace\CAN_PDM\Core\Inc\stm32f4xx_hal_conf.h
2025-07-01 11:25:50,921 [WARN] IPConfigManager:3217 - Warning: the RefConfig PLL2P_FOR_MCO is not available in your config.xml file
2025-07-01 11:25:50,927 [INFO] ApiDbMcu:508 - Load IP Config File for CAN1
2025-07-01 11:25:50,931 [INFO] ApiDbMcu:508 - Load IP Config File for I2C1
2025-07-01 11:25:50,934 [INFO] ApiDbMcu:508 - Load IP Config File for RCC
2025-07-01 11:25:50,961 [INFO] CodeEngine:263 - oldGeneratedFile, C:\Work\CAN_PDM\FW\V1\Workspace\CAN_PDM\Core\Inc\main.h_save
2025-07-01 11:25:51,037 [INFO] CodeEngine:287 - Generated code: C:\Work\CAN_PDM\FW\V1\Workspace\CAN_PDM\Core\Inc\main.h
2025-07-01 11:25:51,061 [INFO] CodeEngine:263 - oldGeneratedFile, C:\Work\CAN_PDM\FW\V1\Workspace\CAN_PDM\Core\Src\main.c_save
2025-07-01 11:25:51,173 [INFO] CodeEngine:287 - Generated code: C:\Work\CAN_PDM\FW\V1\Workspace\CAN_PDM\Core\Src\main.c
2025-07-01 11:25:52,318 [INFO] ProjectBuilder:3324 - Time for Copy HAL[1] : 1015mS.
2025-07-01 11:25:52,332 [INFO] ProjectBuilder:4912 - Project Generator version: 4.6.0.1-B1
2025-07-01 11:25:52,413 [INFO] ConfigFileManager:1590 - The Die is : DIE421
2025-07-01 11:25:52,424 [INFO] ApiDbMcu:508 - Load IP Config File for FATFS
2025-07-01 11:25:52,438 [INFO] ApiDbMcu:508 - Load IP Config File for FREERTOS
2025-07-01 11:25:52,445 [INFO] ApiDbMcu:508 - Load IP Config File for LIBJPEG
2025-07-01 11:25:52,462 [INFO] ApiDbMcu:508 - Load IP Config File for MBEDTLS
2025-07-01 11:25:52,473 [INFO] ApiDbMcu:508 - Load IP Config File for USB_HOST
2025-07-01 11:25:52,976 [INFO] LogOutputStream:77 - [STDOUT_REDIRECT] 
2025-07-01 11:25:55,324 [INFO] ProjectBuilder:5191 - Time for Generating toolchain IDE Files: 2991mS.
2025-07-01 11:25:55,327 [INFO] ProjectBuilder:3181 - Time for Copy CMSIS : 3mS.
2025-07-01 11:25:55,335 [INFO] ProjectBuilder:3181 - Time for Copy CMSIS : 0mS.
2025-07-01 11:39:11,315 [INFO] WebApp:194 - Connection lost
2025-07-01 11:40:23,382 [INFO] WebApp:191 - Connection restablished
2025-07-01 11:40:27,923 [INFO] WebApp:194 - Connection lost
2025-07-01 11:40:28,094 [INFO] WebApp:191 - Connection restablished
2025-07-01 12:27:33,800 [WARN] IP:2250 - DEVICE_SERIAL0_CDC_FS not found: check if there is a RefParameter without a condition.
2025-07-01 12:27:33,800 [WARN] IP:2250 - DEVICE_SERIAL1_CDC_FS not found: check if there is a RefParameter without a condition.
2025-07-01 12:27:33,801 [WARN] IP:2250 - DEVICE_SERIAL2_CDC_FS not found: check if there is a RefParameter without a condition.
2025-07-01 12:27:33,802 [WARN] IP:2250 - DEVICE_SERIAL0_CDC_FS not found: check if there is a RefParameter without a condition.
2025-07-01 12:27:33,802 [WARN] IP:2250 - DEVICE_SERIAL1_CDC_FS not found: check if there is a RefParameter without a condition.
2025-07-01 12:27:33,802 [WARN] IP:2250 - DEVICE_SERIAL2_CDC_FS not found: check if there is a RefParameter without a condition.
2025-07-01 12:27:33,845 [WARN] IP:2250 - I2C_Coeff_DF not found: check if there is a RefParameter without a condition.
2025-07-01 12:27:33,845 [WARN] IP:2250 - Analog_Filter not found: check if there is a RefParameter without a condition.
2025-07-01 12:27:33,847 [WARN] IP:2250 - I2C_Coeff_DF not found: check if there is a RefParameter without a condition.
2025-07-01 12:27:33,847 [WARN] IP:2250 - Analog_Filter not found: check if there is a RefParameter without a condition.
2025-07-01 12:27:33,870 [WARN] IP:2250 - DEVICE_SERIAL0_CDC_FS not found: check if there is a RefParameter without a condition.
2025-07-01 12:27:33,870 [WARN] IP:2250 - DEVICE_SERIAL1_CDC_FS not found: check if there is a RefParameter without a condition.
2025-07-01 12:27:33,870 [WARN] IP:2250 - DEVICE_SERIAL2_CDC_FS not found: check if there is a RefParameter without a condition.
2025-07-01 12:27:33,892 [WARN] IP:2250 - I2C_Coeff_DF not found: check if there is a RefParameter without a condition.
2025-07-01 12:27:33,892 [WARN] IP:2250 - Analog_Filter not found: check if there is a RefParameter without a condition.
2025-07-01 12:27:33,911 [WARN] IP:2250 - DEVICE_SERIAL0_CDC_FS not found: check if there is a RefParameter without a condition.
2025-07-01 12:27:33,912 [WARN] IP:2250 - DEVICE_SERIAL1_CDC_FS not found: check if there is a RefParameter without a condition.
2025-07-01 12:27:33,912 [WARN] IP:2250 - DEVICE_SERIAL2_CDC_FS not found: check if there is a RefParameter without a condition.
2025-07-01 12:27:33,927 [WARN] IP:2250 - I2C_Coeff_DF not found: check if there is a RefParameter without a condition.
2025-07-01 12:27:33,927 [WARN] IP:2250 - Analog_Filter not found: check if there is a RefParameter without a condition.
2025-07-01 12:27:36,200 [WARN] IP:2250 - DEVICE_SERIAL0_CDC_FS not found: check if there is a RefParameter without a condition.
2025-07-01 12:27:36,201 [WARN] IP:2250 - DEVICE_SERIAL1_CDC_FS not found: check if there is a RefParameter without a condition.
2025-07-01 12:27:36,201 [WARN] IP:2250 - DEVICE_SERIAL2_CDC_FS not found: check if there is a RefParameter without a condition.
2025-07-01 12:27:36,202 [WARN] IP:2250 - DEVICE_SERIAL0_CDC_FS not found: check if there is a RefParameter without a condition.
2025-07-01 12:27:36,202 [WARN] IP:2250 - DEVICE_SERIAL1_CDC_FS not found: check if there is a RefParameter without a condition.
2025-07-01 12:27:36,202 [WARN] IP:2250 - DEVICE_SERIAL2_CDC_FS not found: check if there is a RefParameter without a condition.
2025-07-01 12:27:36,229 [WARN] IP:2250 - I2C_Coeff_DF not found: check if there is a RefParameter without a condition.
2025-07-01 12:27:36,229 [WARN] IP:2250 - Analog_Filter not found: check if there is a RefParameter without a condition.
2025-07-01 12:27:36,230 [WARN] IP:2250 - I2C_Coeff_DF not found: check if there is a RefParameter without a condition.
2025-07-01 12:27:36,230 [WARN] IP:2250 - Analog_Filter not found: check if there is a RefParameter without a condition.
2025-07-01 12:27:36,240 [WARN] IP:2250 - DEVICE_SERIAL0_CDC_FS not found: check if there is a RefParameter without a condition.
2025-07-01 12:27:36,240 [WARN] IP:2250 - DEVICE_SERIAL1_CDC_FS not found: check if there is a RefParameter without a condition.
2025-07-01 12:27:36,240 [WARN] IP:2250 - DEVICE_SERIAL2_CDC_FS not found: check if there is a RefParameter without a condition.
2025-07-01 12:27:36,252 [WARN] IP:2250 - I2C_Coeff_DF not found: check if there is a RefParameter without a condition.
2025-07-01 12:27:36,252 [WARN] IP:2250 - Analog_Filter not found: check if there is a RefParameter without a condition.
2025-07-01 12:27:36,261 [WARN] IP:2250 - DEVICE_SERIAL0_CDC_FS not found: check if there is a RefParameter without a condition.
2025-07-01 12:27:36,261 [WARN] IP:2250 - DEVICE_SERIAL1_CDC_FS not found: check if there is a RefParameter without a condition.
2025-07-01 12:27:36,261 [WARN] IP:2250 - DEVICE_SERIAL2_CDC_FS not found: check if there is a RefParameter without a condition.
2025-07-01 12:27:36,276 [WARN] IP:2250 - I2C_Coeff_DF not found: check if there is a RefParameter without a condition.
2025-07-01 12:27:36,277 [WARN] IP:2250 - Analog_Filter not found: check if there is a RefParameter without a condition.
2025-07-01 12:31:38,249 [INFO] UtilMem:75 - End SaveConfig() Used Memory: 356562200 Bytes (972029952)
2025-07-01 12:31:39,457 [INFO] UtilMem:75 - End SaveConfig() Used Memory: 386984232 Bytes (972029952)
2025-07-01 12:31:42,333 [INFO] UtilMem:75 - End SaveConfig() Used Memory: 574630672 Bytes (972029952)
2025-07-01 12:31:42,759 [INFO] BlockDiagram:2775 - set Specific Code input for plugin: CAN
2025-07-01 12:31:42,760 [INFO] BlockDiagram:2775 - set Specific Code input for plugin: USB_DEVICE
2025-07-01 12:31:42,760 [INFO] BlockDiagram:2775 - set Specific Code input for plugin: SYS
2025-07-01 12:31:42,760 [INFO] BlockDiagram:2775 - set Specific Code input for plugin: RCC
2025-07-01 12:31:42,760 [INFO] BlockDiagram:2775 - set Specific Code input for plugin: I2C
2025-07-01 12:31:42,760 [INFO] BlockDiagram:2775 - set Specific Code input for plugin: USB_OTG_FS
2025-07-01 12:31:42,760 [INFO] BlockDiagram:2775 - set Specific Code input for plugin: NVIC
2025-07-01 12:31:42,760 [INFO] BlockDiagram:2775 - set Specific Code input for plugin: GPIO
2025-07-01 12:31:42,764 [INFO] CodeGenerator:882 - code generatio: config db path: C:\ST\STM32CubeIDE_1.15.0\STM32CubeIDE\plugins\com.st.stm32cube.common.mx_6.14.1.202504091515\\db\
2025-07-01 12:31:42,766 [WARN] IP:2250 - I2C_Coeff_DF not found: check if there is a RefParameter without a condition.
2025-07-01 12:31:42,767 [WARN] IP:2250 - Analog_Filter not found: check if there is a RefParameter without a condition.
2025-07-01 12:31:42,783 [WARN] IP:2250 - DEVICE_SERIAL0_CDC_FS not found: check if there is a RefParameter without a condition.
2025-07-01 12:31:42,783 [WARN] IP:2250 - DEVICE_SERIAL1_CDC_FS not found: check if there is a RefParameter without a condition.
2025-07-01 12:31:42,783 [WARN] IP:2250 - DEVICE_SERIAL2_CDC_FS not found: check if there is a RefParameter without a condition.
2025-07-01 12:31:42,849 [INFO] CodeEngine:263 - oldGeneratedFile, C:\Work\CAN_PDM\FW\V1\Workspace\CAN_PDM\MXTmpFiles\license.tmp_save
2025-07-01 12:31:43,016 [INFO] CodeEngine:287 - Generated code: C:\Work\CAN_PDM\FW\V1\Workspace\CAN_PDM\MXTmpFiles\license.tmp
2025-07-01 12:31:43,069 [INFO] CodeEngine:263 - oldGeneratedFile, C:\Work\CAN_PDM\FW\V1\Workspace\CAN_PDM\Core\Src\gpio.c_save
2025-07-01 12:31:43,181 [INFO] CodeEngine:287 - Generated code: C:\Work\CAN_PDM\FW\V1\Workspace\CAN_PDM\Core\Src\gpio.c
2025-07-01 12:31:43,207 [INFO] CodeEngine:263 - oldGeneratedFile, C:\Work\CAN_PDM\FW\V1\Workspace\CAN_PDM\Core\Inc\gpio.h_save
2025-07-01 12:31:43,278 [INFO] CodeEngine:287 - Generated code: C:\Work\CAN_PDM\FW\V1\Workspace\CAN_PDM\Core\Inc\gpio.h
2025-07-01 12:31:43,332 [WARN] IPConfigManager:3217 - Warning: the RefConfig PWREx_EnableUSBVoltageDetector is not available in your config.xml file
2025-07-01 12:31:43,347 [INFO] CodeEngine:263 - oldGeneratedFile, C:\Work\CAN_PDM\FW\V1\Workspace\CAN_PDM\MXTmpFiles\usb_otg_fs_vars.tmp_save
2025-07-01 12:31:43,414 [INFO] CodeEngine:287 - Generated code: C:\Work\CAN_PDM\FW\V1\Workspace\CAN_PDM\MXTmpFiles\usb_otg_fs_vars.tmp
2025-07-01 12:31:43,427 [INFO] CodeEngine:263 - oldGeneratedFile, C:\Work\CAN_PDM\FW\V1\Workspace\CAN_PDM\MXTmpFiles\usb_otg_fs_inc.tmp_save
2025-07-01 12:31:43,481 [INFO] CodeEngine:287 - Generated code: C:\Work\CAN_PDM\FW\V1\Workspace\CAN_PDM\MXTmpFiles\usb_otg_fs_inc.tmp
2025-07-01 12:31:43,499 [INFO] CodeEngine:263 - oldGeneratedFile, C:\Work\CAN_PDM\FW\V1\Workspace\CAN_PDM\MXTmpFiles\usb_otg_fs_HalInit.tmp_save
2025-07-01 12:31:43,563 [INFO] CodeEngine:287 - Generated code: C:\Work\CAN_PDM\FW\V1\Workspace\CAN_PDM\MXTmpFiles\usb_otg_fs_HalInit.tmp
2025-07-01 12:31:43,580 [INFO] CodeEngine:263 - oldGeneratedFile, C:\Work\CAN_PDM\FW\V1\Workspace\CAN_PDM\MXTmpFiles\usb_otg_fs_Msp.tmp_save
2025-07-01 12:31:43,651 [INFO] CodeEngine:287 - Generated code: C:\Work\CAN_PDM\FW\V1\Workspace\CAN_PDM\MXTmpFiles\usb_otg_fs_Msp.tmp
2025-07-01 12:31:43,769 [INFO] Middleware:1452 - No code input for Bsp Dependency
2025-07-01 12:31:43,791 [INFO] CodeEngine:263 - oldGeneratedFile, C:\Work\CAN_PDM\FW\V1\Workspace\CAN_PDM\Core\Src\can.c_save
2025-07-01 12:31:43,868 [INFO] CodeEngine:287 - Generated code: C:\Work\CAN_PDM\FW\V1\Workspace\CAN_PDM\Core\Src\can.c
2025-07-01 12:31:43,889 [INFO] CodeEngine:263 - oldGeneratedFile, C:\Work\CAN_PDM\FW\V1\Workspace\CAN_PDM\Core\Inc\can.h_save
2025-07-01 12:31:43,943 [INFO] CodeEngine:287 - Generated code: C:\Work\CAN_PDM\FW\V1\Workspace\CAN_PDM\Core\Inc\can.h
2025-07-01 12:31:43,973 [INFO] CodeEngine:263 - oldGeneratedFile, C:\Work\CAN_PDM\FW\V1\Workspace\CAN_PDM\Core\Src\i2c.c_save
2025-07-01 12:31:44,065 [INFO] CodeEngine:287 - Generated code: C:\Work\CAN_PDM\FW\V1\Workspace\CAN_PDM\Core\Src\i2c.c
2025-07-01 12:31:44,086 [INFO] CodeEngine:263 - oldGeneratedFile, C:\Work\CAN_PDM\FW\V1\Workspace\CAN_PDM\Core\Inc\i2c.h_save
2025-07-01 12:31:44,144 [INFO] CodeEngine:287 - Generated code: C:\Work\CAN_PDM\FW\V1\Workspace\CAN_PDM\Core\Inc\i2c.h
2025-07-01 12:31:44,170 [INFO] Middleware:1452 - No code input for Bsp Dependency
2025-07-01 12:31:44,190 [INFO] CodeEngine:263 - oldGeneratedFile, C:\Work\CAN_PDM\FW\V1\Workspace\CAN_PDM\USB_DEVICE\App\usb_device.c_save
2025-07-01 12:31:44,248 [INFO] CodeEngine:287 - Generated code: C:\Work\CAN_PDM\FW\V1\Workspace\CAN_PDM\USB_DEVICE\App\usb_device.c
2025-07-01 12:31:44,264 [INFO] CodeEngine:263 - oldGeneratedFile, C:\Work\CAN_PDM\FW\V1\Workspace\CAN_PDM\USB_DEVICE\App\usb_device.h_save
2025-07-01 12:31:44,322 [INFO] CodeEngine:287 - Generated code: C:\Work\CAN_PDM\FW\V1\Workspace\CAN_PDM\USB_DEVICE\App\usb_device.h
2025-07-01 12:31:44,340 [INFO] CodeEngine:263 - oldGeneratedFile, C:\Work\CAN_PDM\FW\V1\Workspace\CAN_PDM\USB_DEVICE\Target\usbd_conf.h_save
2025-07-01 12:31:44,400 [INFO] CodeEngine:287 - Generated code: C:\Work\CAN_PDM\FW\V1\Workspace\CAN_PDM\USB_DEVICE\Target\usbd_conf.h
2025-07-01 12:31:44,420 [INFO] CodeEngine:263 - oldGeneratedFile, C:\Work\CAN_PDM\FW\V1\Workspace\CAN_PDM\USB_DEVICE\Target\usbd_conf.c_save
2025-07-01 12:31:44,482 [INFO] CodeEngine:287 - Generated code: C:\Work\CAN_PDM\FW\V1\Workspace\CAN_PDM\USB_DEVICE\Target\usbd_conf.c
2025-07-01 12:31:44,501 [INFO] CodeEngine:263 - oldGeneratedFile, C:\Work\CAN_PDM\FW\V1\Workspace\CAN_PDM\USB_DEVICE\App\usbd_desc.h_save
2025-07-01 12:31:44,559 [INFO] CodeEngine:287 - Generated code: C:\Work\CAN_PDM\FW\V1\Workspace\CAN_PDM\USB_DEVICE\App\usbd_desc.h
2025-07-01 12:31:44,579 [INFO] CodeEngine:263 - oldGeneratedFile, C:\Work\CAN_PDM\FW\V1\Workspace\CAN_PDM\USB_DEVICE\App\usbd_desc.c_save
2025-07-01 12:31:44,640 [INFO] CodeEngine:287 - Generated code: C:\Work\CAN_PDM\FW\V1\Workspace\CAN_PDM\USB_DEVICE\App\usbd_desc.c
2025-07-01 12:31:44,662 [INFO] CodeEngine:263 - oldGeneratedFile, C:\Work\CAN_PDM\FW\V1\Workspace\CAN_PDM\USB_DEVICE\App\usbd_cdc_if.h_save
2025-07-01 12:31:44,720 [INFO] CodeEngine:287 - Generated code: C:\Work\CAN_PDM\FW\V1\Workspace\CAN_PDM\USB_DEVICE\App\usbd_cdc_if.h
2025-07-01 12:31:44,743 [INFO] CodeEngine:263 - oldGeneratedFile, C:\Work\CAN_PDM\FW\V1\Workspace\CAN_PDM\USB_DEVICE\App\usbd_cdc_if.c_save
2025-07-01 12:31:44,802 [INFO] CodeEngine:287 - Generated code: C:\Work\CAN_PDM\FW\V1\Workspace\CAN_PDM\USB_DEVICE\App\usbd_cdc_if.c
2025-07-01 12:31:44,841 [INFO] CodeEngine:263 - oldGeneratedFile, C:\Work\CAN_PDM\FW\V1\Workspace\CAN_PDM\Core\Src\stm32f4xx_it.c_save
2025-07-01 12:31:44,957 [INFO] CodeEngine:287 - Generated code: C:\Work\CAN_PDM\FW\V1\Workspace\CAN_PDM\Core\Src\stm32f4xx_it.c
2025-07-01 12:31:44,978 [INFO] CodeEngine:263 - oldGeneratedFile, C:\Work\CAN_PDM\FW\V1\Workspace\CAN_PDM\Core\Inc\stm32f4xx_it.h_save
2025-07-01 12:31:45,035 [INFO] CodeEngine:287 - Generated code: C:\Work\CAN_PDM\FW\V1\Workspace\CAN_PDM\Core\Inc\stm32f4xx_it.h
2025-07-01 12:31:45,076 [INFO] CodeEngine:263 - oldGeneratedFile, C:\Work\CAN_PDM\FW\V1\Workspace\CAN_PDM\Core\Src\stm32f4xx_hal_msp.c_save
2025-07-01 12:31:45,144 [INFO] CodeEngine:287 - Generated code: C:\Work\CAN_PDM\FW\V1\Workspace\CAN_PDM\Core\Src\stm32f4xx_hal_msp.c
2025-07-01 12:31:45,161 [INFO] CodeEngine:263 - oldGeneratedFile, C:\Work\CAN_PDM\FW\V1\Workspace\CAN_PDM\MXTmpFiles\system.tmp_save
2025-07-01 12:31:45,207 [INFO] CodeEngine:287 - Generated code: C:\Work\CAN_PDM\FW\V1\Workspace\CAN_PDM\MXTmpFiles\system.tmp
2025-07-01 12:31:45,243 [INFO] CodeEngine:319 - oldGeneratedFile, C:\Work\CAN_PDM\FW\V1\Workspace\CAN_PDM\Core\Inc\stm32f4xx_hal_conf.h_save
2025-07-01 12:31:45,308 [INFO] CodeEngine:343 - Generated code: C:\Work\CAN_PDM\FW\V1\Workspace\CAN_PDM\Core\Inc\stm32f4xx_hal_conf.h
2025-07-01 12:31:45,354 [WARN] IPConfigManager:3217 - Warning: the RefConfig PLL2P_FOR_MCO is not available in your config.xml file
2025-07-01 12:31:45,378 [INFO] CodeEngine:263 - oldGeneratedFile, C:\Work\CAN_PDM\FW\V1\Workspace\CAN_PDM\Core\Inc\main.h_save
2025-07-01 12:31:45,463 [INFO] CodeEngine:287 - Generated code: C:\Work\CAN_PDM\FW\V1\Workspace\CAN_PDM\Core\Inc\main.h
2025-07-01 12:31:45,491 [INFO] CodeEngine:263 - oldGeneratedFile, C:\Work\CAN_PDM\FW\V1\Workspace\CAN_PDM\Core\Src\main.c_save
2025-07-01 12:31:45,586 [INFO] CodeEngine:287 - Generated code: C:\Work\CAN_PDM\FW\V1\Workspace\CAN_PDM\Core\Src\main.c
2025-07-01 12:31:46,813 [INFO] ProjectBuilder:3324 - Time for Copy HAL[1] : 1108mS.
2025-07-01 12:31:46,820 [INFO] ProjectBuilder:4912 - Project Generator version: 4.6.0.1-B1
2025-07-01 12:31:46,889 [INFO] ConfigFileManager:1590 - The Die is : DIE421
2025-07-01 12:31:48,149 [INFO] ProjectBuilder:5191 - Time for Generating toolchain IDE Files: 1329mS.
2025-07-01 12:31:48,153 [INFO] ProjectBuilder:3181 - Time for Copy CMSIS : 3mS.
2025-07-01 12:31:48,163 [INFO] ProjectBuilder:3181 - Time for Copy CMSIS : 0mS.
2025-07-01 12:53:14,607 [INFO] NvicIntPanel:101 - NVIC parent = com.st.microxplorer.plugins.ip.nvic.MultiNvicIntPanel[,0,0,0x0,invalid,layout=javax.swing.BoxLayout,alignmentX=0.0,alignmentY=0.0,border=,flags=9,maximumSize=,minimumSize=,preferredSize=]
2025-07-01 12:53:14,785 [INFO] NvicIntPanel:101 - NVIC parent = com.st.microxplorer.plugins.ip.nvic.MultiNvicIntPanel[,0,0,0x0,invalid,layout=javax.swing.BoxLayout,alignmentX=0.0,alignmentY=0.0,border=,flags=9,maximumSize=,minimumSize=,preferredSize=]
2025-07-01 12:53:14,964 [INFO] NvicIntPanel:101 - NVIC parent = com.st.microxplorer.plugins.ip.nvic.MultiNvicIntPanel[,0,0,0x0,invalid,layout=javax.swing.BoxLayout,alignmentX=0.0,alignmentY=0.0,border=,flags=9,maximumSize=,minimumSize=,preferredSize=]
2025-07-01 12:54:26,919 [WARN] IP:2250 - DEVICE_SERIAL0_CDC_FS not found: check if there is a RefParameter without a condition.
2025-07-01 12:54:26,919 [WARN] IP:2250 - DEVICE_SERIAL1_CDC_FS not found: check if there is a RefParameter without a condition.
2025-07-01 12:54:26,919 [WARN] IP:2250 - DEVICE_SERIAL2_CDC_FS not found: check if there is a RefParameter without a condition.
2025-07-01 12:54:26,920 [WARN] IP:2250 - DEVICE_SERIAL0_CDC_FS not found: check if there is a RefParameter without a condition.
2025-07-01 12:54:26,920 [WARN] IP:2250 - DEVICE_SERIAL1_CDC_FS not found: check if there is a RefParameter without a condition.
2025-07-01 12:54:26,920 [WARN] IP:2250 - DEVICE_SERIAL2_CDC_FS not found: check if there is a RefParameter without a condition.
2025-07-01 12:54:26,981 [WARN] IP:2250 - I2C_Coeff_DF not found: check if there is a RefParameter without a condition.
2025-07-01 12:54:26,981 [WARN] IP:2250 - Analog_Filter not found: check if there is a RefParameter without a condition.
2025-07-01 12:54:26,981 [WARN] IP:2250 - I2C_Coeff_DF not found: check if there is a RefParameter without a condition.
2025-07-01 12:54:26,981 [WARN] IP:2250 - Analog_Filter not found: check if there is a RefParameter without a condition.
2025-07-01 12:54:26,995 [WARN] IP:2250 - DEVICE_SERIAL0_CDC_FS not found: check if there is a RefParameter without a condition.
2025-07-01 12:54:26,995 [WARN] IP:2250 - DEVICE_SERIAL1_CDC_FS not found: check if there is a RefParameter without a condition.
2025-07-01 12:54:26,995 [WARN] IP:2250 - DEVICE_SERIAL2_CDC_FS not found: check if there is a RefParameter without a condition.
2025-07-01 12:54:27,033 [WARN] IP:2250 - I2C_Coeff_DF not found: check if there is a RefParameter without a condition.
2025-07-01 12:54:27,033 [WARN] IP:2250 - Analog_Filter not found: check if there is a RefParameter without a condition.
2025-07-01 12:54:27,043 [WARN] IP:2250 - DEVICE_SERIAL0_CDC_FS not found: check if there is a RefParameter without a condition.
2025-07-01 12:54:27,043 [WARN] IP:2250 - DEVICE_SERIAL1_CDC_FS not found: check if there is a RefParameter without a condition.
2025-07-01 12:54:27,043 [WARN] IP:2250 - DEVICE_SERIAL2_CDC_FS not found: check if there is a RefParameter without a condition.
2025-07-01 12:54:27,083 [WARN] IP:2250 - I2C_Coeff_DF not found: check if there is a RefParameter without a condition.
2025-07-01 12:54:27,083 [WARN] IP:2250 - Analog_Filter not found: check if there is a RefParameter without a condition.
2025-07-01 12:57:56,516 [WARN] IP:2250 - DEVICE_SERIAL0_CDC_FS not found: check if there is a RefParameter without a condition.
2025-07-01 12:57:56,516 [WARN] IP:2250 - DEVICE_SERIAL1_CDC_FS not found: check if there is a RefParameter without a condition.
2025-07-01 12:57:56,516 [WARN] IP:2250 - DEVICE_SERIAL2_CDC_FS not found: check if there is a RefParameter without a condition.
2025-07-01 12:57:56,518 [WARN] IP:2250 - DEVICE_SERIAL0_CDC_FS not found: check if there is a RefParameter without a condition.
2025-07-01 12:57:56,518 [WARN] IP:2250 - DEVICE_SERIAL1_CDC_FS not found: check if there is a RefParameter without a condition.
2025-07-01 12:57:56,518 [WARN] IP:2250 - DEVICE_SERIAL2_CDC_FS not found: check if there is a RefParameter without a condition.
2025-07-01 12:57:56,651 [WARN] IP:2250 - I2C_Coeff_DF not found: check if there is a RefParameter without a condition.
2025-07-01 12:57:56,651 [WARN] IP:2250 - Analog_Filter not found: check if there is a RefParameter without a condition.
2025-07-01 12:57:56,651 [WARN] IP:2250 - I2C_Coeff_DF not found: check if there is a RefParameter without a condition.
2025-07-01 12:57:56,652 [WARN] IP:2250 - Analog_Filter not found: check if there is a RefParameter without a condition.
2025-07-01 12:57:56,676 [WARN] IP:2250 - DEVICE_SERIAL0_CDC_FS not found: check if there is a RefParameter without a condition.
2025-07-01 12:57:56,677 [WARN] IP:2250 - DEVICE_SERIAL1_CDC_FS not found: check if there is a RefParameter without a condition.
2025-07-01 12:57:56,677 [WARN] IP:2250 - DEVICE_SERIAL2_CDC_FS not found: check if there is a RefParameter without a condition.
2025-07-01 12:57:56,781 [WARN] IP:2250 - I2C_Coeff_DF not found: check if there is a RefParameter without a condition.
2025-07-01 12:57:56,782 [WARN] IP:2250 - Analog_Filter not found: check if there is a RefParameter without a condition.
2025-07-01 12:57:56,803 [WARN] IP:2250 - DEVICE_SERIAL0_CDC_FS not found: check if there is a RefParameter without a condition.
2025-07-01 12:57:56,804 [WARN] IP:2250 - DEVICE_SERIAL1_CDC_FS not found: check if there is a RefParameter without a condition.
2025-07-01 12:57:56,804 [WARN] IP:2250 - DEVICE_SERIAL2_CDC_FS not found: check if there is a RefParameter without a condition.
2025-07-01 12:57:56,911 [WARN] IP:2250 - I2C_Coeff_DF not found: check if there is a RefParameter without a condition.
2025-07-01 12:57:56,911 [WARN] IP:2250 - Analog_Filter not found: check if there is a RefParameter without a condition.
2025-07-01 12:58:00,068 [WARN] IP:2250 - DEVICE_SERIAL0_CDC_FS not found: check if there is a RefParameter without a condition.
2025-07-01 12:58:00,069 [WARN] IP:2250 - DEVICE_SERIAL1_CDC_FS not found: check if there is a RefParameter without a condition.
2025-07-01 12:58:00,069 [WARN] IP:2250 - DEVICE_SERIAL2_CDC_FS not found: check if there is a RefParameter without a condition.
2025-07-01 12:58:00,069 [WARN] IP:2250 - DEVICE_SERIAL0_CDC_FS not found: check if there is a RefParameter without a condition.
2025-07-01 12:58:00,069 [WARN] IP:2250 - DEVICE_SERIAL1_CDC_FS not found: check if there is a RefParameter without a condition.
2025-07-01 12:58:00,069 [WARN] IP:2250 - DEVICE_SERIAL2_CDC_FS not found: check if there is a RefParameter without a condition.
2025-07-01 12:58:00,123 [WARN] IP:2250 - I2C_Coeff_DF not found: check if there is a RefParameter without a condition.
2025-07-01 12:58:00,123 [WARN] IP:2250 - Analog_Filter not found: check if there is a RefParameter without a condition.
2025-07-01 12:58:00,124 [WARN] IP:2250 - I2C_Coeff_DF not found: check if there is a RefParameter without a condition.
2025-07-01 12:58:00,124 [WARN] IP:2250 - Analog_Filter not found: check if there is a RefParameter without a condition.
2025-07-01 12:58:00,133 [WARN] IP:2250 - DEVICE_SERIAL0_CDC_FS not found: check if there is a RefParameter without a condition.
2025-07-01 12:58:00,134 [WARN] IP:2250 - DEVICE_SERIAL1_CDC_FS not found: check if there is a RefParameter without a condition.
2025-07-01 12:58:00,134 [WARN] IP:2250 - DEVICE_SERIAL2_CDC_FS not found: check if there is a RefParameter without a condition.
2025-07-01 12:58:00,171 [WARN] IP:2250 - I2C_Coeff_DF not found: check if there is a RefParameter without a condition.
2025-07-01 12:58:00,171 [WARN] IP:2250 - Analog_Filter not found: check if there is a RefParameter without a condition.
2025-07-01 12:58:00,183 [WARN] IP:2250 - DEVICE_SERIAL0_CDC_FS not found: check if there is a RefParameter without a condition.
2025-07-01 12:58:00,183 [WARN] IP:2250 - DEVICE_SERIAL1_CDC_FS not found: check if there is a RefParameter without a condition.
2025-07-01 12:58:00,183 [WARN] IP:2250 - DEVICE_SERIAL2_CDC_FS not found: check if there is a RefParameter without a condition.
2025-07-01 12:58:00,239 [WARN] IP:2250 - I2C_Coeff_DF not found: check if there is a RefParameter without a condition.
2025-07-01 12:58:00,239 [WARN] IP:2250 - Analog_Filter not found: check if there is a RefParameter without a condition.
2025-07-01 12:58:33,775 [WARN] IP:2250 - DEVICE_SERIAL0_CDC_FS not found: check if there is a RefParameter without a condition.
2025-07-01 12:58:33,775 [WARN] IP:2250 - DEVICE_SERIAL1_CDC_FS not found: check if there is a RefParameter without a condition.
2025-07-01 12:58:33,775 [WARN] IP:2250 - DEVICE_SERIAL2_CDC_FS not found: check if there is a RefParameter without a condition.
2025-07-01 12:58:33,776 [WARN] IP:2250 - DEVICE_SERIAL0_CDC_FS not found: check if there is a RefParameter without a condition.
2025-07-01 12:58:33,776 [WARN] IP:2250 - DEVICE_SERIAL1_CDC_FS not found: check if there is a RefParameter without a condition.
2025-07-01 12:58:33,776 [WARN] IP:2250 - DEVICE_SERIAL2_CDC_FS not found: check if there is a RefParameter without a condition.
2025-07-01 12:58:33,825 [WARN] IP:2250 - I2C_Coeff_DF not found: check if there is a RefParameter without a condition.
2025-07-01 12:58:33,825 [WARN] IP:2250 - Analog_Filter not found: check if there is a RefParameter without a condition.
2025-07-01 12:58:33,826 [WARN] IP:2250 - I2C_Coeff_DF not found: check if there is a RefParameter without a condition.
2025-07-01 12:58:33,826 [WARN] IP:2250 - Analog_Filter not found: check if there is a RefParameter without a condition.
2025-07-01 12:58:33,834 [WARN] IP:2250 - DEVICE_SERIAL0_CDC_FS not found: check if there is a RefParameter without a condition.
2025-07-01 12:58:33,835 [WARN] IP:2250 - DEVICE_SERIAL1_CDC_FS not found: check if there is a RefParameter without a condition.
2025-07-01 12:58:33,835 [WARN] IP:2250 - DEVICE_SERIAL2_CDC_FS not found: check if there is a RefParameter without a condition.
2025-07-01 12:58:33,872 [WARN] IP:2250 - I2C_Coeff_DF not found: check if there is a RefParameter without a condition.
2025-07-01 12:58:33,872 [WARN] IP:2250 - Analog_Filter not found: check if there is a RefParameter without a condition.
2025-07-01 12:58:33,880 [WARN] IP:2250 - DEVICE_SERIAL0_CDC_FS not found: check if there is a RefParameter without a condition.
2025-07-01 12:58:33,880 [WARN] IP:2250 - DEVICE_SERIAL1_CDC_FS not found: check if there is a RefParameter without a condition.
2025-07-01 12:58:33,880 [WARN] IP:2250 - DEVICE_SERIAL2_CDC_FS not found: check if there is a RefParameter without a condition.
2025-07-01 12:58:33,920 [WARN] IP:2250 - I2C_Coeff_DF not found: check if there is a RefParameter without a condition.
2025-07-01 12:58:33,921 [WARN] IP:2250 - Analog_Filter not found: check if there is a RefParameter without a condition.
2025-07-01 12:59:12,339 [WARN] IP:2250 - DEVICE_SERIAL0_CDC_FS not found: check if there is a RefParameter without a condition.
2025-07-01 12:59:12,340 [WARN] IP:2250 - DEVICE_SERIAL1_CDC_FS not found: check if there is a RefParameter without a condition.
2025-07-01 12:59:12,340 [WARN] IP:2250 - DEVICE_SERIAL2_CDC_FS not found: check if there is a RefParameter without a condition.
2025-07-01 12:59:12,340 [WARN] IP:2250 - DEVICE_SERIAL0_CDC_FS not found: check if there is a RefParameter without a condition.
2025-07-01 12:59:12,340 [WARN] IP:2250 - DEVICE_SERIAL1_CDC_FS not found: check if there is a RefParameter without a condition.
2025-07-01 12:59:12,340 [WARN] IP:2250 - DEVICE_SERIAL2_CDC_FS not found: check if there is a RefParameter without a condition.
2025-07-01 12:59:12,391 [WARN] IP:2250 - I2C_Coeff_DF not found: check if there is a RefParameter without a condition.
2025-07-01 12:59:12,391 [WARN] IP:2250 - Analog_Filter not found: check if there is a RefParameter without a condition.
2025-07-01 12:59:12,391 [WARN] IP:2250 - I2C_Coeff_DF not found: check if there is a RefParameter without a condition.
2025-07-01 12:59:12,392 [WARN] IP:2250 - Analog_Filter not found: check if there is a RefParameter without a condition.
2025-07-01 12:59:12,402 [WARN] IP:2250 - DEVICE_SERIAL0_CDC_FS not found: check if there is a RefParameter without a condition.
2025-07-01 12:59:12,402 [WARN] IP:2250 - DEVICE_SERIAL1_CDC_FS not found: check if there is a RefParameter without a condition.
2025-07-01 12:59:12,402 [WARN] IP:2250 - DEVICE_SERIAL2_CDC_FS not found: check if there is a RefParameter without a condition.
2025-07-01 12:59:12,460 [WARN] IP:2250 - I2C_Coeff_DF not found: check if there is a RefParameter without a condition.
2025-07-01 12:59:12,460 [WARN] IP:2250 - Analog_Filter not found: check if there is a RefParameter without a condition.
2025-07-01 12:59:12,469 [WARN] IP:2250 - DEVICE_SERIAL0_CDC_FS not found: check if there is a RefParameter without a condition.
2025-07-01 12:59:12,469 [WARN] IP:2250 - DEVICE_SERIAL1_CDC_FS not found: check if there is a RefParameter without a condition.
2025-07-01 12:59:12,469 [WARN] IP:2250 - DEVICE_SERIAL2_CDC_FS not found: check if there is a RefParameter without a condition.
2025-07-01 12:59:12,511 [WARN] IP:2250 - I2C_Coeff_DF not found: check if there is a RefParameter without a condition.
2025-07-01 12:59:12,511 [WARN] IP:2250 - Analog_Filter not found: check if there is a RefParameter without a condition.
2025-07-01 12:59:37,067 [WARN] IP:2250 - DEVICE_SERIAL0_CDC_FS not found: check if there is a RefParameter without a condition.
2025-07-01 12:59:37,067 [WARN] IP:2250 - DEVICE_SERIAL1_CDC_FS not found: check if there is a RefParameter without a condition.
2025-07-01 12:59:37,067 [WARN] IP:2250 - DEVICE_SERIAL2_CDC_FS not found: check if there is a RefParameter without a condition.
2025-07-01 12:59:37,067 [WARN] IP:2250 - DEVICE_SERIAL0_CDC_FS not found: check if there is a RefParameter without a condition.
2025-07-01 12:59:37,067 [WARN] IP:2250 - DEVICE_SERIAL1_CDC_FS not found: check if there is a RefParameter without a condition.
2025-07-01 12:59:37,067 [WARN] IP:2250 - DEVICE_SERIAL2_CDC_FS not found: check if there is a RefParameter without a condition.
2025-07-01 12:59:37,111 [WARN] IP:2250 - I2C_Coeff_DF not found: check if there is a RefParameter without a condition.
2025-07-01 12:59:37,111 [WARN] IP:2250 - Analog_Filter not found: check if there is a RefParameter without a condition.
2025-07-01 12:59:37,111 [WARN] IP:2250 - I2C_Coeff_DF not found: check if there is a RefParameter without a condition.
2025-07-01 12:59:37,111 [WARN] IP:2250 - Analog_Filter not found: check if there is a RefParameter without a condition.
2025-07-01 12:59:37,119 [WARN] IP:2250 - DEVICE_SERIAL0_CDC_FS not found: check if there is a RefParameter without a condition.
2025-07-01 12:59:37,120 [WARN] IP:2250 - DEVICE_SERIAL1_CDC_FS not found: check if there is a RefParameter without a condition.
2025-07-01 12:59:37,120 [WARN] IP:2250 - DEVICE_SERIAL2_CDC_FS not found: check if there is a RefParameter without a condition.
2025-07-01 12:59:37,152 [WARN] IP:2250 - I2C_Coeff_DF not found: check if there is a RefParameter without a condition.
2025-07-01 12:59:37,152 [WARN] IP:2250 - Analog_Filter not found: check if there is a RefParameter without a condition.
2025-07-01 12:59:37,161 [WARN] IP:2250 - DEVICE_SERIAL0_CDC_FS not found: check if there is a RefParameter without a condition.
2025-07-01 12:59:37,161 [WARN] IP:2250 - DEVICE_SERIAL1_CDC_FS not found: check if there is a RefParameter without a condition.
2025-07-01 12:59:37,161 [WARN] IP:2250 - DEVICE_SERIAL2_CDC_FS not found: check if there is a RefParameter without a condition.
2025-07-01 12:59:37,197 [WARN] IP:2250 - I2C_Coeff_DF not found: check if there is a RefParameter without a condition.
2025-07-01 12:59:37,197 [WARN] IP:2250 - Analog_Filter not found: check if there is a RefParameter without a condition.
2025-07-01 13:00:00,118 [WARN] IP:2250 - DEVICE_SERIAL0_CDC_FS not found: check if there is a RefParameter without a condition.
2025-07-01 13:00:00,119 [WARN] IP:2250 - DEVICE_SERIAL1_CDC_FS not found: check if there is a RefParameter without a condition.
2025-07-01 13:00:00,119 [WARN] IP:2250 - DEVICE_SERIAL2_CDC_FS not found: check if there is a RefParameter without a condition.
2025-07-01 13:00:00,119 [WARN] IP:2250 - DEVICE_SERIAL0_CDC_FS not found: check if there is a RefParameter without a condition.
2025-07-01 13:00:00,119 [WARN] IP:2250 - DEVICE_SERIAL1_CDC_FS not found: check if there is a RefParameter without a condition.
2025-07-01 13:00:00,119 [WARN] IP:2250 - DEVICE_SERIAL2_CDC_FS not found: check if there is a RefParameter without a condition.
2025-07-01 13:00:00,160 [WARN] IP:2250 - I2C_Coeff_DF not found: check if there is a RefParameter without a condition.
2025-07-01 13:00:00,160 [WARN] IP:2250 - Analog_Filter not found: check if there is a RefParameter without a condition.
2025-07-01 13:00:00,160 [WARN] IP:2250 - I2C_Coeff_DF not found: check if there is a RefParameter without a condition.
2025-07-01 13:00:00,160 [WARN] IP:2250 - Analog_Filter not found: check if there is a RefParameter without a condition.
2025-07-01 13:00:00,167 [WARN] IP:2250 - DEVICE_SERIAL0_CDC_FS not found: check if there is a RefParameter without a condition.
2025-07-01 13:00:00,167 [WARN] IP:2250 - DEVICE_SERIAL1_CDC_FS not found: check if there is a RefParameter without a condition.
2025-07-01 13:00:00,167 [WARN] IP:2250 - DEVICE_SERIAL2_CDC_FS not found: check if there is a RefParameter without a condition.
2025-07-01 13:00:00,196 [WARN] IP:2250 - I2C_Coeff_DF not found: check if there is a RefParameter without a condition.
2025-07-01 13:00:00,196 [WARN] IP:2250 - Analog_Filter not found: check if there is a RefParameter without a condition.
2025-07-01 13:00:00,202 [WARN] IP:2250 - DEVICE_SERIAL0_CDC_FS not found: check if there is a RefParameter without a condition.
2025-07-01 13:00:00,202 [WARN] IP:2250 - DEVICE_SERIAL1_CDC_FS not found: check if there is a RefParameter without a condition.
2025-07-01 13:00:00,202 [WARN] IP:2250 - DEVICE_SERIAL2_CDC_FS not found: check if there is a RefParameter without a condition.
2025-07-01 13:00:00,232 [WARN] IP:2250 - I2C_Coeff_DF not found: check if there is a RefParameter without a condition.
2025-07-01 13:00:00,232 [WARN] IP:2250 - Analog_Filter not found: check if there is a RefParameter without a condition.
2025-07-01 13:00:10,769 [WARN] IP:2250 - DEVICE_SERIAL0_CDC_FS not found: check if there is a RefParameter without a condition.
2025-07-01 13:00:10,769 [WARN] IP:2250 - DEVICE_SERIAL1_CDC_FS not found: check if there is a RefParameter without a condition.
2025-07-01 13:00:10,769 [WARN] IP:2250 - DEVICE_SERIAL2_CDC_FS not found: check if there is a RefParameter without a condition.
2025-07-01 13:00:10,770 [WARN] IP:2250 - DEVICE_SERIAL0_CDC_FS not found: check if there is a RefParameter without a condition.
2025-07-01 13:00:10,770 [WARN] IP:2250 - DEVICE_SERIAL1_CDC_FS not found: check if there is a RefParameter without a condition.
2025-07-01 13:00:10,770 [WARN] IP:2250 - DEVICE_SERIAL2_CDC_FS not found: check if there is a RefParameter without a condition.
2025-07-01 13:00:10,861 [WARN] IP:2250 - I2C_Coeff_DF not found: check if there is a RefParameter without a condition.
2025-07-01 13:00:10,861 [WARN] IP:2250 - Analog_Filter not found: check if there is a RefParameter without a condition.
2025-07-01 13:00:10,862 [WARN] IP:2250 - I2C_Coeff_DF not found: check if there is a RefParameter without a condition.
2025-07-01 13:00:10,862 [WARN] IP:2250 - Analog_Filter not found: check if there is a RefParameter without a condition.
2025-07-01 13:00:10,880 [WARN] IP:2250 - DEVICE_SERIAL0_CDC_FS not found: check if there is a RefParameter without a condition.
2025-07-01 13:00:10,881 [WARN] IP:2250 - DEVICE_SERIAL1_CDC_FS not found: check if there is a RefParameter without a condition.
2025-07-01 13:00:10,881 [WARN] IP:2250 - DEVICE_SERIAL2_CDC_FS not found: check if there is a RefParameter without a condition.
2025-07-01 13:00:10,922 [WARN] IP:2250 - I2C_Coeff_DF not found: check if there is a RefParameter without a condition.
2025-07-01 13:00:10,922 [WARN] IP:2250 - Analog_Filter not found: check if there is a RefParameter without a condition.
2025-07-01 13:00:10,938 [WARN] IP:2250 - DEVICE_SERIAL0_CDC_FS not found: check if there is a RefParameter without a condition.
2025-07-01 13:00:10,938 [WARN] IP:2250 - DEVICE_SERIAL1_CDC_FS not found: check if there is a RefParameter without a condition.
2025-07-01 13:00:10,938 [WARN] IP:2250 - DEVICE_SERIAL2_CDC_FS not found: check if there is a RefParameter without a condition.
2025-07-01 13:00:10,981 [WARN] IP:2250 - I2C_Coeff_DF not found: check if there is a RefParameter without a condition.
2025-07-01 13:00:10,982 [WARN] IP:2250 - Analog_Filter not found: check if there is a RefParameter without a condition.
2025-07-01 13:00:33,182 [WARN] IP:2250 - DEVICE_SERIAL0_CDC_FS not found: check if there is a RefParameter without a condition.
2025-07-01 13:00:33,182 [WARN] IP:2250 - DEVICE_SERIAL1_CDC_FS not found: check if there is a RefParameter without a condition.
2025-07-01 13:00:33,182 [WARN] IP:2250 - DEVICE_SERIAL2_CDC_FS not found: check if there is a RefParameter without a condition.
2025-07-01 13:00:33,183 [WARN] IP:2250 - DEVICE_SERIAL0_CDC_FS not found: check if there is a RefParameter without a condition.
2025-07-01 13:00:33,183 [WARN] IP:2250 - DEVICE_SERIAL1_CDC_FS not found: check if there is a RefParameter without a condition.
2025-07-01 13:00:33,183 [WARN] IP:2250 - DEVICE_SERIAL2_CDC_FS not found: check if there is a RefParameter without a condition.
2025-07-01 13:00:33,237 [WARN] IP:2250 - I2C_Coeff_DF not found: check if there is a RefParameter without a condition.
2025-07-01 13:00:33,237 [WARN] IP:2250 - Analog_Filter not found: check if there is a RefParameter without a condition.
2025-07-01 13:00:33,237 [WARN] IP:2250 - I2C_Coeff_DF not found: check if there is a RefParameter without a condition.
2025-07-01 13:00:33,237 [WARN] IP:2250 - Analog_Filter not found: check if there is a RefParameter without a condition.
2025-07-01 13:00:33,246 [WARN] IP:2250 - DEVICE_SERIAL0_CDC_FS not found: check if there is a RefParameter without a condition.
2025-07-01 13:00:33,246 [WARN] IP:2250 - DEVICE_SERIAL1_CDC_FS not found: check if there is a RefParameter without a condition.
2025-07-01 13:00:33,246 [WARN] IP:2250 - DEVICE_SERIAL2_CDC_FS not found: check if there is a RefParameter without a condition.
2025-07-01 13:00:33,286 [WARN] IP:2250 - I2C_Coeff_DF not found: check if there is a RefParameter without a condition.
2025-07-01 13:00:33,286 [WARN] IP:2250 - Analog_Filter not found: check if there is a RefParameter without a condition.
2025-07-01 13:00:33,297 [WARN] IP:2250 - DEVICE_SERIAL0_CDC_FS not found: check if there is a RefParameter without a condition.
2025-07-01 13:00:33,297 [WARN] IP:2250 - DEVICE_SERIAL1_CDC_FS not found: check if there is a RefParameter without a condition.
2025-07-01 13:00:33,298 [WARN] IP:2250 - DEVICE_SERIAL2_CDC_FS not found: check if there is a RefParameter without a condition.
2025-07-01 13:00:33,343 [WARN] IP:2250 - I2C_Coeff_DF not found: check if there is a RefParameter without a condition.
2025-07-01 13:00:33,343 [WARN] IP:2250 - Analog_Filter not found: check if there is a RefParameter without a condition.
2025-07-01 13:00:51,507 [WARN] IP:2250 - DEVICE_SERIAL0_CDC_FS not found: check if there is a RefParameter without a condition.
2025-07-01 13:00:51,507 [WARN] IP:2250 - DEVICE_SERIAL1_CDC_FS not found: check if there is a RefParameter without a condition.
2025-07-01 13:00:51,507 [WARN] IP:2250 - DEVICE_SERIAL2_CDC_FS not found: check if there is a RefParameter without a condition.
2025-07-01 13:00:51,508 [WARN] IP:2250 - DEVICE_SERIAL0_CDC_FS not found: check if there is a RefParameter without a condition.
2025-07-01 13:00:51,508 [WARN] IP:2250 - DEVICE_SERIAL1_CDC_FS not found: check if there is a RefParameter without a condition.
2025-07-01 13:00:51,508 [WARN] IP:2250 - DEVICE_SERIAL2_CDC_FS not found: check if there is a RefParameter without a condition.
2025-07-01 13:00:51,552 [WARN] IP:2250 - I2C_Coeff_DF not found: check if there is a RefParameter without a condition.
2025-07-01 13:00:51,552 [WARN] IP:2250 - Analog_Filter not found: check if there is a RefParameter without a condition.
2025-07-01 13:00:51,552 [WARN] IP:2250 - I2C_Coeff_DF not found: check if there is a RefParameter without a condition.
2025-07-01 13:00:51,552 [WARN] IP:2250 - Analog_Filter not found: check if there is a RefParameter without a condition.
2025-07-01 13:00:51,561 [WARN] IP:2250 - DEVICE_SERIAL0_CDC_FS not found: check if there is a RefParameter without a condition.
2025-07-01 13:00:51,562 [WARN] IP:2250 - DEVICE_SERIAL1_CDC_FS not found: check if there is a RefParameter without a condition.
2025-07-01 13:00:51,562 [WARN] IP:2250 - DEVICE_SERIAL2_CDC_FS not found: check if there is a RefParameter without a condition.
2025-07-01 13:00:51,597 [WARN] IP:2250 - I2C_Coeff_DF not found: check if there is a RefParameter without a condition.
2025-07-01 13:00:51,597 [WARN] IP:2250 - Analog_Filter not found: check if there is a RefParameter without a condition.
2025-07-01 13:00:51,606 [WARN] IP:2250 - DEVICE_SERIAL0_CDC_FS not found: check if there is a RefParameter without a condition.
2025-07-01 13:00:51,606 [WARN] IP:2250 - DEVICE_SERIAL1_CDC_FS not found: check if there is a RefParameter without a condition.
2025-07-01 13:00:51,606 [WARN] IP:2250 - DEVICE_SERIAL2_CDC_FS not found: check if there is a RefParameter without a condition.
2025-07-01 13:00:51,639 [WARN] IP:2250 - I2C_Coeff_DF not found: check if there is a RefParameter without a condition.
2025-07-01 13:00:51,639 [WARN] IP:2250 - Analog_Filter not found: check if there is a RefParameter without a condition.
2025-07-01 13:01:09,072 [WARN] IP:2250 - DEVICE_SERIAL0_CDC_FS not found: check if there is a RefParameter without a condition.
2025-07-01 13:01:09,072 [WARN] IP:2250 - DEVICE_SERIAL1_CDC_FS not found: check if there is a RefParameter without a condition.
2025-07-01 13:01:09,072 [WARN] IP:2250 - DEVICE_SERIAL2_CDC_FS not found: check if there is a RefParameter without a condition.
2025-07-01 13:01:09,072 [WARN] IP:2250 - DEVICE_SERIAL0_CDC_FS not found: check if there is a RefParameter without a condition.
2025-07-01 13:01:09,072 [WARN] IP:2250 - DEVICE_SERIAL1_CDC_FS not found: check if there is a RefParameter without a condition.
2025-07-01 13:01:09,072 [WARN] IP:2250 - DEVICE_SERIAL2_CDC_FS not found: check if there is a RefParameter without a condition.
2025-07-01 13:01:09,113 [WARN] IP:2250 - I2C_Coeff_DF not found: check if there is a RefParameter without a condition.
2025-07-01 13:01:09,113 [WARN] IP:2250 - Analog_Filter not found: check if there is a RefParameter without a condition.
2025-07-01 13:01:09,113 [WARN] IP:2250 - I2C_Coeff_DF not found: check if there is a RefParameter without a condition.
2025-07-01 13:01:09,113 [WARN] IP:2250 - Analog_Filter not found: check if there is a RefParameter without a condition.
2025-07-01 13:01:09,120 [WARN] IP:2250 - DEVICE_SERIAL0_CDC_FS not found: check if there is a RefParameter without a condition.
2025-07-01 13:01:09,120 [WARN] IP:2250 - DEVICE_SERIAL1_CDC_FS not found: check if there is a RefParameter without a condition.
2025-07-01 13:01:09,120 [WARN] IP:2250 - DEVICE_SERIAL2_CDC_FS not found: check if there is a RefParameter without a condition.
2025-07-01 13:01:09,151 [WARN] IP:2250 - I2C_Coeff_DF not found: check if there is a RefParameter without a condition.
2025-07-01 13:01:09,152 [WARN] IP:2250 - Analog_Filter not found: check if there is a RefParameter without a condition.
2025-07-01 13:01:09,159 [WARN] IP:2250 - DEVICE_SERIAL0_CDC_FS not found: check if there is a RefParameter without a condition.
2025-07-01 13:01:09,159 [WARN] IP:2250 - DEVICE_SERIAL1_CDC_FS not found: check if there is a RefParameter without a condition.
2025-07-01 13:01:09,159 [WARN] IP:2250 - DEVICE_SERIAL2_CDC_FS not found: check if there is a RefParameter without a condition.
2025-07-01 13:01:09,188 [WARN] IP:2250 - I2C_Coeff_DF not found: check if there is a RefParameter without a condition.
2025-07-01 13:01:09,188 [WARN] IP:2250 - Analog_Filter not found: check if there is a RefParameter without a condition.
2025-07-01 13:01:24,337 [WARN] IP:2250 - DEVICE_SERIAL0_CDC_FS not found: check if there is a RefParameter without a condition.
2025-07-01 13:01:24,337 [WARN] IP:2250 - DEVICE_SERIAL1_CDC_FS not found: check if there is a RefParameter without a condition.
2025-07-01 13:01:24,337 [WARN] IP:2250 - DEVICE_SERIAL2_CDC_FS not found: check if there is a RefParameter without a condition.
2025-07-01 13:01:24,338 [WARN] IP:2250 - DEVICE_SERIAL0_CDC_FS not found: check if there is a RefParameter without a condition.
2025-07-01 13:01:24,338 [WARN] IP:2250 - DEVICE_SERIAL1_CDC_FS not found: check if there is a RefParameter without a condition.
2025-07-01 13:01:24,338 [WARN] IP:2250 - DEVICE_SERIAL2_CDC_FS not found: check if there is a RefParameter without a condition.
2025-07-01 13:01:24,387 [WARN] IP:2250 - I2C_Coeff_DF not found: check if there is a RefParameter without a condition.
2025-07-01 13:01:24,388 [WARN] IP:2250 - Analog_Filter not found: check if there is a RefParameter without a condition.
2025-07-01 13:01:24,388 [WARN] IP:2250 - I2C_Coeff_DF not found: check if there is a RefParameter without a condition.
2025-07-01 13:01:24,388 [WARN] IP:2250 - Analog_Filter not found: check if there is a RefParameter without a condition.
2025-07-01 13:01:24,399 [WARN] IP:2250 - DEVICE_SERIAL0_CDC_FS not found: check if there is a RefParameter without a condition.
2025-07-01 13:01:24,399 [WARN] IP:2250 - DEVICE_SERIAL1_CDC_FS not found: check if there is a RefParameter without a condition.
2025-07-01 13:01:24,399 [WARN] IP:2250 - DEVICE_SERIAL2_CDC_FS not found: check if there is a RefParameter without a condition.
2025-07-01 13:01:24,432 [WARN] IP:2250 - I2C_Coeff_DF not found: check if there is a RefParameter without a condition.
2025-07-01 13:01:24,432 [WARN] IP:2250 - Analog_Filter not found: check if there is a RefParameter without a condition.
2025-07-01 13:01:24,442 [WARN] IP:2250 - DEVICE_SERIAL0_CDC_FS not found: check if there is a RefParameter without a condition.
2025-07-01 13:01:24,442 [WARN] IP:2250 - DEVICE_SERIAL1_CDC_FS not found: check if there is a RefParameter without a condition.
2025-07-01 13:01:24,442 [WARN] IP:2250 - DEVICE_SERIAL2_CDC_FS not found: check if there is a RefParameter without a condition.
2025-07-01 13:01:24,489 [WARN] IP:2250 - I2C_Coeff_DF not found: check if there is a RefParameter without a condition.
2025-07-01 13:01:24,489 [WARN] IP:2250 - Analog_Filter not found: check if there is a RefParameter without a condition.
2025-07-01 13:01:42,076 [WARN] IP:2250 - DEVICE_SERIAL0_CDC_FS not found: check if there is a RefParameter without a condition.
2025-07-01 13:01:42,076 [WARN] IP:2250 - DEVICE_SERIAL1_CDC_FS not found: check if there is a RefParameter without a condition.
2025-07-01 13:01:42,076 [WARN] IP:2250 - DEVICE_SERIAL2_CDC_FS not found: check if there is a RefParameter without a condition.
2025-07-01 13:01:42,077 [WARN] IP:2250 - DEVICE_SERIAL0_CDC_FS not found: check if there is a RefParameter without a condition.
2025-07-01 13:01:42,077 [WARN] IP:2250 - DEVICE_SERIAL1_CDC_FS not found: check if there is a RefParameter without a condition.
2025-07-01 13:01:42,077 [WARN] IP:2250 - DEVICE_SERIAL2_CDC_FS not found: check if there is a RefParameter without a condition.
2025-07-01 13:01:42,126 [WARN] IP:2250 - I2C_Coeff_DF not found: check if there is a RefParameter without a condition.
2025-07-01 13:01:42,126 [WARN] IP:2250 - Analog_Filter not found: check if there is a RefParameter without a condition.
2025-07-01 13:01:42,126 [WARN] IP:2250 - I2C_Coeff_DF not found: check if there is a RefParameter without a condition.
2025-07-01 13:01:42,126 [WARN] IP:2250 - Analog_Filter not found: check if there is a RefParameter without a condition.
2025-07-01 13:01:42,138 [WARN] IP:2250 - DEVICE_SERIAL0_CDC_FS not found: check if there is a RefParameter without a condition.
2025-07-01 13:01:42,138 [WARN] IP:2250 - DEVICE_SERIAL1_CDC_FS not found: check if there is a RefParameter without a condition.
2025-07-01 13:01:42,139 [WARN] IP:2250 - DEVICE_SERIAL2_CDC_FS not found: check if there is a RefParameter without a condition.
2025-07-01 13:01:42,175 [WARN] IP:2250 - I2C_Coeff_DF not found: check if there is a RefParameter without a condition.
2025-07-01 13:01:42,175 [WARN] IP:2250 - Analog_Filter not found: check if there is a RefParameter without a condition.
2025-07-01 13:01:42,183 [WARN] IP:2250 - DEVICE_SERIAL0_CDC_FS not found: check if there is a RefParameter without a condition.
2025-07-01 13:01:42,184 [WARN] IP:2250 - DEVICE_SERIAL1_CDC_FS not found: check if there is a RefParameter without a condition.
2025-07-01 13:01:42,184 [WARN] IP:2250 - DEVICE_SERIAL2_CDC_FS not found: check if there is a RefParameter without a condition.
2025-07-01 13:01:42,216 [WARN] IP:2250 - I2C_Coeff_DF not found: check if there is a RefParameter without a condition.
2025-07-01 13:01:42,216 [WARN] IP:2250 - Analog_Filter not found: check if there is a RefParameter without a condition.
2025-07-01 13:01:43,899 [WARN] IP:2250 - DEVICE_SERIAL0_CDC_FS not found: check if there is a RefParameter without a condition.
2025-07-01 13:01:43,899 [WARN] IP:2250 - DEVICE_SERIAL1_CDC_FS not found: check if there is a RefParameter without a condition.
2025-07-01 13:01:43,900 [WARN] IP:2250 - DEVICE_SERIAL2_CDC_FS not found: check if there is a RefParameter without a condition.
2025-07-01 13:01:43,900 [WARN] IP:2250 - DEVICE_SERIAL0_CDC_FS not found: check if there is a RefParameter without a condition.
2025-07-01 13:01:43,901 [WARN] IP:2250 - DEVICE_SERIAL1_CDC_FS not found: check if there is a RefParameter without a condition.
2025-07-01 13:01:43,901 [WARN] IP:2250 - DEVICE_SERIAL2_CDC_FS not found: check if there is a RefParameter without a condition.
2025-07-01 13:01:43,946 [WARN] IP:2250 - I2C_Coeff_DF not found: check if there is a RefParameter without a condition.
2025-07-01 13:01:43,946 [WARN] IP:2250 - Analog_Filter not found: check if there is a RefParameter without a condition.
2025-07-01 13:01:43,947 [WARN] IP:2250 - I2C_Coeff_DF not found: check if there is a RefParameter without a condition.
2025-07-01 13:01:43,947 [WARN] IP:2250 - Analog_Filter not found: check if there is a RefParameter without a condition.
2025-07-01 13:01:43,955 [WARN] IP:2250 - DEVICE_SERIAL0_CDC_FS not found: check if there is a RefParameter without a condition.
2025-07-01 13:01:43,955 [WARN] IP:2250 - DEVICE_SERIAL1_CDC_FS not found: check if there is a RefParameter without a condition.
2025-07-01 13:01:43,955 [WARN] IP:2250 - DEVICE_SERIAL2_CDC_FS not found: check if there is a RefParameter without a condition.
2025-07-01 13:01:43,985 [WARN] IP:2250 - I2C_Coeff_DF not found: check if there is a RefParameter without a condition.
2025-07-01 13:01:43,985 [WARN] IP:2250 - Analog_Filter not found: check if there is a RefParameter without a condition.
2025-07-01 13:01:43,992 [WARN] IP:2250 - DEVICE_SERIAL0_CDC_FS not found: check if there is a RefParameter without a condition.
2025-07-01 13:01:43,992 [WARN] IP:2250 - DEVICE_SERIAL1_CDC_FS not found: check if there is a RefParameter without a condition.
2025-07-01 13:01:43,992 [WARN] IP:2250 - DEVICE_SERIAL2_CDC_FS not found: check if there is a RefParameter without a condition.
2025-07-01 13:01:44,022 [WARN] IP:2250 - I2C_Coeff_DF not found: check if there is a RefParameter without a condition.
2025-07-01 13:01:44,022 [WARN] IP:2250 - Analog_Filter not found: check if there is a RefParameter without a condition.
2025-07-01 13:02:10,525 [WARN] IP:2250 - DEVICE_SERIAL0_CDC_FS not found: check if there is a RefParameter without a condition.
2025-07-01 13:02:10,525 [WARN] IP:2250 - DEVICE_SERIAL1_CDC_FS not found: check if there is a RefParameter without a condition.
2025-07-01 13:02:10,525 [WARN] IP:2250 - DEVICE_SERIAL2_CDC_FS not found: check if there is a RefParameter without a condition.
2025-07-01 13:02:10,525 [WARN] IP:2250 - DEVICE_SERIAL0_CDC_FS not found: check if there is a RefParameter without a condition.
2025-07-01 13:02:10,525 [WARN] IP:2250 - DEVICE_SERIAL1_CDC_FS not found: check if there is a RefParameter without a condition.
2025-07-01 13:02:10,525 [WARN] IP:2250 - DEVICE_SERIAL2_CDC_FS not found: check if there is a RefParameter without a condition.
2025-07-01 13:02:10,564 [WARN] IP:2250 - I2C_Coeff_DF not found: check if there is a RefParameter without a condition.
2025-07-01 13:02:10,564 [WARN] IP:2250 - Analog_Filter not found: check if there is a RefParameter without a condition.
2025-07-01 13:02:10,564 [WARN] IP:2250 - I2C_Coeff_DF not found: check if there is a RefParameter without a condition.
2025-07-01 13:02:10,564 [WARN] IP:2250 - Analog_Filter not found: check if there is a RefParameter without a condition.
2025-07-01 13:02:10,571 [WARN] IP:2250 - DEVICE_SERIAL0_CDC_FS not found: check if there is a RefParameter without a condition.
2025-07-01 13:02:10,571 [WARN] IP:2250 - DEVICE_SERIAL1_CDC_FS not found: check if there is a RefParameter without a condition.
2025-07-01 13:02:10,571 [WARN] IP:2250 - DEVICE_SERIAL2_CDC_FS not found: check if there is a RefParameter without a condition.
2025-07-01 13:02:10,600 [WARN] IP:2250 - I2C_Coeff_DF not found: check if there is a RefParameter without a condition.
2025-07-01 13:02:10,600 [WARN] IP:2250 - Analog_Filter not found: check if there is a RefParameter without a condition.
2025-07-01 13:02:10,606 [WARN] IP:2250 - DEVICE_SERIAL0_CDC_FS not found: check if there is a RefParameter without a condition.
2025-07-01 13:02:10,607 [WARN] IP:2250 - DEVICE_SERIAL1_CDC_FS not found: check if there is a RefParameter without a condition.
2025-07-01 13:02:10,607 [WARN] IP:2250 - DEVICE_SERIAL2_CDC_FS not found: check if there is a RefParameter without a condition.
2025-07-01 13:02:10,635 [WARN] IP:2250 - I2C_Coeff_DF not found: check if there is a RefParameter without a condition.
2025-07-01 13:02:10,635 [WARN] IP:2250 - Analog_Filter not found: check if there is a RefParameter without a condition.
2025-07-01 13:02:23,574 [WARN] IP:2250 - DEVICE_SERIAL0_CDC_FS not found: check if there is a RefParameter without a condition.
2025-07-01 13:02:23,575 [WARN] IP:2250 - DEVICE_SERIAL1_CDC_FS not found: check if there is a RefParameter without a condition.
2025-07-01 13:02:23,575 [WARN] IP:2250 - DEVICE_SERIAL2_CDC_FS not found: check if there is a RefParameter without a condition.
2025-07-01 13:02:23,575 [WARN] IP:2250 - DEVICE_SERIAL0_CDC_FS not found: check if there is a RefParameter without a condition.
2025-07-01 13:02:23,575 [WARN] IP:2250 - DEVICE_SERIAL1_CDC_FS not found: check if there is a RefParameter without a condition.
2025-07-01 13:02:23,575 [WARN] IP:2250 - DEVICE_SERIAL2_CDC_FS not found: check if there is a RefParameter without a condition.
2025-07-01 13:02:23,625 [WARN] IP:2250 - I2C_Coeff_DF not found: check if there is a RefParameter without a condition.
2025-07-01 13:02:23,625 [WARN] IP:2250 - Analog_Filter not found: check if there is a RefParameter without a condition.
2025-07-01 13:02:23,626 [WARN] IP:2250 - I2C_Coeff_DF not found: check if there is a RefParameter without a condition.
2025-07-01 13:02:23,626 [WARN] IP:2250 - Analog_Filter not found: check if there is a RefParameter without a condition.
2025-07-01 13:02:23,638 [WARN] IP:2250 - DEVICE_SERIAL0_CDC_FS not found: check if there is a RefParameter without a condition.
2025-07-01 13:02:23,638 [WARN] IP:2250 - DEVICE_SERIAL1_CDC_FS not found: check if there is a RefParameter without a condition.
2025-07-01 13:02:23,638 [WARN] IP:2250 - DEVICE_SERIAL2_CDC_FS not found: check if there is a RefParameter without a condition.
2025-07-01 13:02:23,693 [WARN] IP:2250 - I2C_Coeff_DF not found: check if there is a RefParameter without a condition.
2025-07-01 13:02:23,693 [WARN] IP:2250 - Analog_Filter not found: check if there is a RefParameter without a condition.
2025-07-01 13:02:23,707 [WARN] IP:2250 - DEVICE_SERIAL0_CDC_FS not found: check if there is a RefParameter without a condition.
2025-07-01 13:02:23,707 [WARN] IP:2250 - DEVICE_SERIAL1_CDC_FS not found: check if there is a RefParameter without a condition.
2025-07-01 13:02:23,707 [WARN] IP:2250 - DEVICE_SERIAL2_CDC_FS not found: check if there is a RefParameter without a condition.
2025-07-01 13:02:23,741 [WARN] IP:2250 - I2C_Coeff_DF not found: check if there is a RefParameter without a condition.
2025-07-01 13:02:23,741 [WARN] IP:2250 - Analog_Filter not found: check if there is a RefParameter without a condition.
2025-07-01 13:02:52,595 [WARN] IP:2250 - DEVICE_SERIAL0_CDC_FS not found: check if there is a RefParameter without a condition.
2025-07-01 13:02:52,595 [WARN] IP:2250 - DEVICE_SERIAL1_CDC_FS not found: check if there is a RefParameter without a condition.
2025-07-01 13:02:52,595 [WARN] IP:2250 - DEVICE_SERIAL2_CDC_FS not found: check if there is a RefParameter without a condition.
2025-07-01 13:02:52,595 [WARN] IP:2250 - DEVICE_SERIAL0_CDC_FS not found: check if there is a RefParameter without a condition.
2025-07-01 13:02:52,595 [WARN] IP:2250 - DEVICE_SERIAL1_CDC_FS not found: check if there is a RefParameter without a condition.
2025-07-01 13:02:52,595 [WARN] IP:2250 - DEVICE_SERIAL2_CDC_FS not found: check if there is a RefParameter without a condition.
2025-07-01 13:02:52,635 [WARN] IP:2250 - I2C_Coeff_DF not found: check if there is a RefParameter without a condition.
2025-07-01 13:02:52,635 [WARN] IP:2250 - Analog_Filter not found: check if there is a RefParameter without a condition.
2025-07-01 13:02:52,635 [WARN] IP:2250 - I2C_Coeff_DF not found: check if there is a RefParameter without a condition.
2025-07-01 13:02:52,635 [WARN] IP:2250 - Analog_Filter not found: check if there is a RefParameter without a condition.
2025-07-01 13:02:52,641 [WARN] IP:2250 - DEVICE_SERIAL0_CDC_FS not found: check if there is a RefParameter without a condition.
2025-07-01 13:02:52,641 [WARN] IP:2250 - DEVICE_SERIAL1_CDC_FS not found: check if there is a RefParameter without a condition.
2025-07-01 13:02:52,641 [WARN] IP:2250 - DEVICE_SERIAL2_CDC_FS not found: check if there is a RefParameter without a condition.
2025-07-01 13:02:52,670 [WARN] IP:2250 - I2C_Coeff_DF not found: check if there is a RefParameter without a condition.
2025-07-01 13:02:52,670 [WARN] IP:2250 - Analog_Filter not found: check if there is a RefParameter without a condition.
2025-07-01 13:02:52,677 [WARN] IP:2250 - DEVICE_SERIAL0_CDC_FS not found: check if there is a RefParameter without a condition.
2025-07-01 13:02:52,677 [WARN] IP:2250 - DEVICE_SERIAL1_CDC_FS not found: check if there is a RefParameter without a condition.
2025-07-01 13:02:52,677 [WARN] IP:2250 - DEVICE_SERIAL2_CDC_FS not found: check if there is a RefParameter without a condition.
2025-07-01 13:02:52,709 [WARN] IP:2250 - I2C_Coeff_DF not found: check if there is a RefParameter without a condition.
2025-07-01 13:02:52,710 [WARN] IP:2250 - Analog_Filter not found: check if there is a RefParameter without a condition.
2025-07-01 13:04:10,321 [WARN] IP:2250 - DEVICE_SERIAL0_CDC_FS not found: check if there is a RefParameter without a condition.
2025-07-01 13:04:10,321 [WARN] IP:2250 - DEVICE_SERIAL1_CDC_FS not found: check if there is a RefParameter without a condition.
2025-07-01 13:04:10,321 [WARN] IP:2250 - DEVICE_SERIAL2_CDC_FS not found: check if there is a RefParameter without a condition.
2025-07-01 13:04:10,321 [WARN] IP:2250 - DEVICE_SERIAL0_CDC_FS not found: check if there is a RefParameter without a condition.
2025-07-01 13:04:10,321 [WARN] IP:2250 - DEVICE_SERIAL1_CDC_FS not found: check if there is a RefParameter without a condition.
2025-07-01 13:04:10,321 [WARN] IP:2250 - DEVICE_SERIAL2_CDC_FS not found: check if there is a RefParameter without a condition.
2025-07-01 13:04:10,360 [WARN] IP:2250 - I2C_Coeff_DF not found: check if there is a RefParameter without a condition.
2025-07-01 13:04:10,360 [WARN] IP:2250 - Analog_Filter not found: check if there is a RefParameter without a condition.
2025-07-01 13:04:10,360 [WARN] IP:2250 - I2C_Coeff_DF not found: check if there is a RefParameter without a condition.
2025-07-01 13:04:10,360 [WARN] IP:2250 - Analog_Filter not found: check if there is a RefParameter without a condition.
2025-07-01 13:04:10,368 [WARN] IP:2250 - DEVICE_SERIAL0_CDC_FS not found: check if there is a RefParameter without a condition.
2025-07-01 13:04:10,369 [WARN] IP:2250 - DEVICE_SERIAL1_CDC_FS not found: check if there is a RefParameter without a condition.
2025-07-01 13:04:10,369 [WARN] IP:2250 - DEVICE_SERIAL2_CDC_FS not found: check if there is a RefParameter without a condition.
2025-07-01 13:04:10,408 [WARN] IP:2250 - I2C_Coeff_DF not found: check if there is a RefParameter without a condition.
2025-07-01 13:04:10,408 [WARN] IP:2250 - Analog_Filter not found: check if there is a RefParameter without a condition.
2025-07-01 13:04:10,415 [WARN] IP:2250 - DEVICE_SERIAL0_CDC_FS not found: check if there is a RefParameter without a condition.
2025-07-01 13:04:10,416 [WARN] IP:2250 - DEVICE_SERIAL1_CDC_FS not found: check if there is a RefParameter without a condition.
2025-07-01 13:04:10,416 [WARN] IP:2250 - DEVICE_SERIAL2_CDC_FS not found: check if there is a RefParameter without a condition.
2025-07-01 13:04:10,444 [WARN] IP:2250 - I2C_Coeff_DF not found: check if there is a RefParameter without a condition.
2025-07-01 13:04:10,444 [WARN] IP:2250 - Analog_Filter not found: check if there is a RefParameter without a condition.
2025-07-01 13:04:17,063 [WARN] IP:2250 - DEVICE_SERIAL0_CDC_FS not found: check if there is a RefParameter without a condition.
2025-07-01 13:04:17,063 [WARN] IP:2250 - DEVICE_SERIAL1_CDC_FS not found: check if there is a RefParameter without a condition.
2025-07-01 13:04:17,063 [WARN] IP:2250 - DEVICE_SERIAL2_CDC_FS not found: check if there is a RefParameter without a condition.
2025-07-01 13:04:17,064 [WARN] IP:2250 - DEVICE_SERIAL0_CDC_FS not found: check if there is a RefParameter without a condition.
2025-07-01 13:04:17,064 [WARN] IP:2250 - DEVICE_SERIAL1_CDC_FS not found: check if there is a RefParameter without a condition.
2025-07-01 13:04:17,064 [WARN] IP:2250 - DEVICE_SERIAL2_CDC_FS not found: check if there is a RefParameter without a condition.
2025-07-01 13:04:17,104 [WARN] IP:2250 - I2C_Coeff_DF not found: check if there is a RefParameter without a condition.
2025-07-01 13:04:17,104 [WARN] IP:2250 - Analog_Filter not found: check if there is a RefParameter without a condition.
2025-07-01 13:04:17,104 [WARN] IP:2250 - I2C_Coeff_DF not found: check if there is a RefParameter without a condition.
2025-07-01 13:04:17,104 [WARN] IP:2250 - Analog_Filter not found: check if there is a RefParameter without a condition.
2025-07-01 13:04:17,111 [WARN] IP:2250 - DEVICE_SERIAL0_CDC_FS not found: check if there is a RefParameter without a condition.
2025-07-01 13:04:17,111 [WARN] IP:2250 - DEVICE_SERIAL1_CDC_FS not found: check if there is a RefParameter without a condition.
2025-07-01 13:04:17,111 [WARN] IP:2250 - DEVICE_SERIAL2_CDC_FS not found: check if there is a RefParameter without a condition.
2025-07-01 13:04:17,140 [WARN] IP:2250 - I2C_Coeff_DF not found: check if there is a RefParameter without a condition.
2025-07-01 13:04:17,141 [WARN] IP:2250 - Analog_Filter not found: check if there is a RefParameter without a condition.
2025-07-01 13:04:17,147 [WARN] IP:2250 - DEVICE_SERIAL0_CDC_FS not found: check if there is a RefParameter without a condition.
2025-07-01 13:04:17,147 [WARN] IP:2250 - DEVICE_SERIAL1_CDC_FS not found: check if there is a RefParameter without a condition.
2025-07-01 13:04:17,147 [WARN] IP:2250 - DEVICE_SERIAL2_CDC_FS not found: check if there is a RefParameter without a condition.
2025-07-01 13:04:17,176 [WARN] IP:2250 - I2C_Coeff_DF not found: check if there is a RefParameter without a condition.
2025-07-01 13:04:17,176 [WARN] IP:2250 - Analog_Filter not found: check if there is a RefParameter without a condition.
2025-07-01 13:05:22,378 [INFO] WebApp:194 - Connection lost
2025-07-01 13:05:22,721 [INFO] WebApp:191 - Connection restablished
2025-07-01 13:06:17,281 [INFO] WebApp:194 - Connection lost
2025-07-01 13:06:17,436 [INFO] WebApp:191 - Connection restablished
2025-07-01 13:06:23,517 [INFO] WebApp:194 - Connection lost
2025-07-01 13:06:23,633 [INFO] WebApp:191 - Connection restablished
2025-07-01 13:06:32,850 [INFO] WebApp:194 - Connection lost
2025-07-01 13:06:32,983 [INFO] WebApp:191 - Connection restablished
2025-07-01 13:09:18,187 [INFO] WebApp:194 - Connection lost
2025-07-01 13:09:18,388 [INFO] WebApp:191 - Connection restablished
2025-07-01 13:09:24,508 [INFO] WebApp:194 - Connection lost
2025-07-01 13:09:24,717 [INFO] WebApp:191 - Connection restablished
2025-07-01 13:09:40,984 [INFO] WebApp:194 - Connection lost
2025-07-01 13:09:41,103 [INFO] WebApp:191 - Connection restablished
2025-07-01 13:14:30,830 [INFO] WebApp:194 - Connection lost
2025-07-01 13:14:31,112 [INFO] WebApp:191 - Connection restablished
2025-07-01 13:14:31,713 [INFO] Gpio:277 - dependency for GPIO [ADC1, CAN1, I2C1, RCC, SYS, USB_OTG_FS]
2025-07-01 13:14:36,996 [INFO] WebApp:194 - Connection lost
2025-07-01 13:14:37,180 [INFO] WebApp:191 - Connection restablished
2025-07-01 13:18:16,950 [INFO] UtilMem:75 - End SaveConfig() Used Memory: 468473080 Bytes (912261120)
2025-07-01 13:18:20,424 [INFO] UtilMem:75 - End SaveConfig() Used Memory: 1020040984 Bytes (1065353216)
2025-07-01 13:18:20,941 [INFO] BlockDiagram:2775 - set Specific Code input for plugin: CAN
2025-07-01 13:18:20,942 [INFO] BlockDiagram:2775 - set Specific Code input for plugin: USB_DEVICE
2025-07-01 13:18:20,942 [INFO] BlockDiagram:2775 - set Specific Code input for plugin: SYS
2025-07-01 13:18:20,942 [INFO] BlockDiagram:2775 - set Specific Code input for plugin: ADC
2025-07-01 13:18:20,942 [INFO] BlockDiagram:2775 - set Specific Code input for plugin: RCC
2025-07-01 13:18:20,942 [INFO] BlockDiagram:2775 - set Specific Code input for plugin: I2C
2025-07-01 13:18:20,942 [INFO] BlockDiagram:2775 - set Specific Code input for plugin: USB_OTG_FS
2025-07-01 13:18:20,942 [INFO] BlockDiagram:2775 - set Specific Code input for plugin: NVIC
2025-07-01 13:18:20,942 [INFO] BlockDiagram:2775 - set Specific Code input for plugin: GPIO
2025-07-01 13:18:20,946 [INFO] CodeGenerator:882 - code generatio: config db path: C:\ST\STM32CubeIDE_1.15.0\STM32CubeIDE\plugins\com.st.stm32cube.common.mx_6.14.1.202504091515\\db\
2025-07-01 13:18:20,967 [WARN] IP:2250 - I2C_Coeff_DF not found: check if there is a RefParameter without a condition.
2025-07-01 13:18:20,967 [WARN] IP:2250 - Analog_Filter not found: check if there is a RefParameter without a condition.
2025-07-01 13:18:20,989 [WARN] IP:2250 - DEVICE_SERIAL0_CDC_FS not found: check if there is a RefParameter without a condition.
2025-07-01 13:18:20,989 [WARN] IP:2250 - DEVICE_SERIAL1_CDC_FS not found: check if there is a RefParameter without a condition.
2025-07-01 13:18:20,989 [WARN] IP:2250 - DEVICE_SERIAL2_CDC_FS not found: check if there is a RefParameter without a condition.
2025-07-01 13:18:21,311 [INFO] CodeEngine:263 - oldGeneratedFile, C:\Work\CAN_PDM\FW\V1\Workspace\CAN_PDM\MXTmpFiles\license.tmp_save
2025-07-01 13:18:21,464 [INFO] CodeEngine:287 - Generated code: C:\Work\CAN_PDM\FW\V1\Workspace\CAN_PDM\MXTmpFiles\license.tmp
2025-07-01 13:18:21,542 [INFO] CodeEngine:263 - oldGeneratedFile, C:\Work\CAN_PDM\FW\V1\Workspace\CAN_PDM\Core\Src\gpio.c_save
2025-07-01 13:18:21,658 [INFO] CodeEngine:287 - Generated code: C:\Work\CAN_PDM\FW\V1\Workspace\CAN_PDM\Core\Src\gpio.c
2025-07-01 13:18:21,680 [INFO] CodeEngine:263 - oldGeneratedFile, C:\Work\CAN_PDM\FW\V1\Workspace\CAN_PDM\Core\Inc\gpio.h_save
2025-07-01 13:18:21,766 [INFO] CodeEngine:287 - Generated code: C:\Work\CAN_PDM\FW\V1\Workspace\CAN_PDM\Core\Inc\gpio.h
2025-07-01 13:18:21,856 [WARN] IPConfigManager:3217 - Warning: the RefConfig PWREx_EnableUSBVoltageDetector is not available in your config.xml file
2025-07-01 13:18:21,872 [INFO] CodeEngine:263 - oldGeneratedFile, C:\Work\CAN_PDM\FW\V1\Workspace\CAN_PDM\MXTmpFiles\usb_otg_fs_vars.tmp_save
2025-07-01 13:18:21,949 [INFO] CodeEngine:287 - Generated code: C:\Work\CAN_PDM\FW\V1\Workspace\CAN_PDM\MXTmpFiles\usb_otg_fs_vars.tmp
2025-07-01 13:18:21,962 [INFO] CodeEngine:263 - oldGeneratedFile, C:\Work\CAN_PDM\FW\V1\Workspace\CAN_PDM\MXTmpFiles\usb_otg_fs_inc.tmp_save
2025-07-01 13:18:22,028 [INFO] CodeEngine:287 - Generated code: C:\Work\CAN_PDM\FW\V1\Workspace\CAN_PDM\MXTmpFiles\usb_otg_fs_inc.tmp
2025-07-01 13:18:22,043 [INFO] CodeEngine:263 - oldGeneratedFile, C:\Work\CAN_PDM\FW\V1\Workspace\CAN_PDM\MXTmpFiles\usb_otg_fs_HalInit.tmp_save
2025-07-01 13:18:22,123 [INFO] CodeEngine:287 - Generated code: C:\Work\CAN_PDM\FW\V1\Workspace\CAN_PDM\MXTmpFiles\usb_otg_fs_HalInit.tmp
2025-07-01 13:18:22,139 [INFO] CodeEngine:263 - oldGeneratedFile, C:\Work\CAN_PDM\FW\V1\Workspace\CAN_PDM\MXTmpFiles\usb_otg_fs_Msp.tmp_save
2025-07-01 13:18:22,232 [INFO] CodeEngine:287 - Generated code: C:\Work\CAN_PDM\FW\V1\Workspace\CAN_PDM\MXTmpFiles\usb_otg_fs_Msp.tmp
2025-07-01 13:18:22,466 [INFO] Middleware:1452 - No code input for Bsp Dependency
2025-07-01 13:18:22,487 [INFO] CodeEngine:263 - oldGeneratedFile, C:\Work\CAN_PDM\FW\V1\Workspace\CAN_PDM\Core\Src\adc.c_save
2025-07-01 13:18:22,605 [INFO] CodeEngine:287 - Generated code: C:\Work\CAN_PDM\FW\V1\Workspace\CAN_PDM\Core\Src\adc.c
2025-07-01 13:18:22,622 [INFO] CodeEngine:263 - oldGeneratedFile, C:\Work\CAN_PDM\FW\V1\Workspace\CAN_PDM\Core\Inc\adc.h_save
2025-07-01 13:18:22,695 [INFO] CodeEngine:287 - Generated code: C:\Work\CAN_PDM\FW\V1\Workspace\CAN_PDM\Core\Inc\adc.h
2025-07-01 13:18:22,723 [INFO] CodeEngine:263 - oldGeneratedFile, C:\Work\CAN_PDM\FW\V1\Workspace\CAN_PDM\Core\Src\can.c_save
2025-07-01 13:18:22,809 [INFO] CodeEngine:287 - Generated code: C:\Work\CAN_PDM\FW\V1\Workspace\CAN_PDM\Core\Src\can.c
2025-07-01 13:18:22,829 [INFO] CodeEngine:263 - oldGeneratedFile, C:\Work\CAN_PDM\FW\V1\Workspace\CAN_PDM\Core\Inc\can.h_save
2025-07-01 13:18:22,893 [INFO] CodeEngine:287 - Generated code: C:\Work\CAN_PDM\FW\V1\Workspace\CAN_PDM\Core\Inc\can.h
2025-07-01 13:18:22,928 [INFO] CodeEngine:263 - oldGeneratedFile, C:\Work\CAN_PDM\FW\V1\Workspace\CAN_PDM\Core\Src\i2c.c_save
2025-07-01 13:18:23,025 [INFO] CodeEngine:287 - Generated code: C:\Work\CAN_PDM\FW\V1\Workspace\CAN_PDM\Core\Src\i2c.c
2025-07-01 13:18:23,042 [INFO] CodeEngine:263 - oldGeneratedFile, C:\Work\CAN_PDM\FW\V1\Workspace\CAN_PDM\Core\Inc\i2c.h_save
2025-07-01 13:18:23,103 [INFO] CodeEngine:287 - Generated code: C:\Work\CAN_PDM\FW\V1\Workspace\CAN_PDM\Core\Inc\i2c.h
2025-07-01 13:18:23,129 [INFO] Middleware:1452 - No code input for Bsp Dependency
2025-07-01 13:18:23,148 [INFO] CodeEngine:263 - oldGeneratedFile, C:\Work\CAN_PDM\FW\V1\Workspace\CAN_PDM\USB_DEVICE\App\usb_device.c_save
2025-07-01 13:18:23,209 [INFO] CodeEngine:287 - Generated code: C:\Work\CAN_PDM\FW\V1\Workspace\CAN_PDM\USB_DEVICE\App\usb_device.c
2025-07-01 13:18:23,228 [INFO] CodeEngine:263 - oldGeneratedFile, C:\Work\CAN_PDM\FW\V1\Workspace\CAN_PDM\USB_DEVICE\App\usb_device.h_save
2025-07-01 13:18:23,289 [INFO] CodeEngine:287 - Generated code: C:\Work\CAN_PDM\FW\V1\Workspace\CAN_PDM\USB_DEVICE\App\usb_device.h
2025-07-01 13:18:23,309 [INFO] CodeEngine:263 - oldGeneratedFile, C:\Work\CAN_PDM\FW\V1\Workspace\CAN_PDM\USB_DEVICE\Target\usbd_conf.h_save
2025-07-01 13:18:23,369 [INFO] CodeEngine:287 - Generated code: C:\Work\CAN_PDM\FW\V1\Workspace\CAN_PDM\USB_DEVICE\Target\usbd_conf.h
2025-07-01 13:18:23,390 [INFO] CodeEngine:263 - oldGeneratedFile, C:\Work\CAN_PDM\FW\V1\Workspace\CAN_PDM\USB_DEVICE\Target\usbd_conf.c_save
2025-07-01 13:18:23,456 [INFO] CodeEngine:287 - Generated code: C:\Work\CAN_PDM\FW\V1\Workspace\CAN_PDM\USB_DEVICE\Target\usbd_conf.c
2025-07-01 13:18:23,475 [INFO] CodeEngine:263 - oldGeneratedFile, C:\Work\CAN_PDM\FW\V1\Workspace\CAN_PDM\USB_DEVICE\App\usbd_desc.h_save
2025-07-01 13:18:23,527 [INFO] CodeEngine:287 - Generated code: C:\Work\CAN_PDM\FW\V1\Workspace\CAN_PDM\USB_DEVICE\App\usbd_desc.h
2025-07-01 13:18:23,546 [INFO] CodeEngine:263 - oldGeneratedFile, C:\Work\CAN_PDM\FW\V1\Workspace\CAN_PDM\USB_DEVICE\App\usbd_desc.c_save
2025-07-01 13:18:23,606 [INFO] CodeEngine:287 - Generated code: C:\Work\CAN_PDM\FW\V1\Workspace\CAN_PDM\USB_DEVICE\App\usbd_desc.c
2025-07-01 13:18:23,627 [INFO] CodeEngine:263 - oldGeneratedFile, C:\Work\CAN_PDM\FW\V1\Workspace\CAN_PDM\USB_DEVICE\App\usbd_cdc_if.h_save
2025-07-01 13:18:23,683 [INFO] CodeEngine:287 - Generated code: C:\Work\CAN_PDM\FW\V1\Workspace\CAN_PDM\USB_DEVICE\App\usbd_cdc_if.h
2025-07-01 13:18:23,703 [INFO] CodeEngine:263 - oldGeneratedFile, C:\Work\CAN_PDM\FW\V1\Workspace\CAN_PDM\USB_DEVICE\App\usbd_cdc_if.c_save
2025-07-01 13:18:23,758 [INFO] CodeEngine:287 - Generated code: C:\Work\CAN_PDM\FW\V1\Workspace\CAN_PDM\USB_DEVICE\App\usbd_cdc_if.c
2025-07-01 13:18:23,790 [INFO] CodeEngine:263 - oldGeneratedFile, C:\Work\CAN_PDM\FW\V1\Workspace\CAN_PDM\Core\Src\stm32f4xx_it.c_save
2025-07-01 13:18:23,900 [INFO] CodeEngine:287 - Generated code: C:\Work\CAN_PDM\FW\V1\Workspace\CAN_PDM\Core\Src\stm32f4xx_it.c
2025-07-01 13:18:23,919 [INFO] CodeEngine:263 - oldGeneratedFile, C:\Work\CAN_PDM\FW\V1\Workspace\CAN_PDM\Core\Inc\stm32f4xx_it.h_save
2025-07-01 13:18:23,973 [INFO] CodeEngine:287 - Generated code: C:\Work\CAN_PDM\FW\V1\Workspace\CAN_PDM\Core\Inc\stm32f4xx_it.h
2025-07-01 13:18:24,012 [INFO] CodeEngine:263 - oldGeneratedFile, C:\Work\CAN_PDM\FW\V1\Workspace\CAN_PDM\Core\Src\stm32f4xx_hal_msp.c_save
2025-07-01 13:18:24,078 [INFO] CodeEngine:287 - Generated code: C:\Work\CAN_PDM\FW\V1\Workspace\CAN_PDM\Core\Src\stm32f4xx_hal_msp.c
2025-07-01 13:18:24,094 [INFO] CodeEngine:263 - oldGeneratedFile, C:\Work\CAN_PDM\FW\V1\Workspace\CAN_PDM\MXTmpFiles\system.tmp_save
2025-07-01 13:18:24,140 [INFO] CodeEngine:287 - Generated code: C:\Work\CAN_PDM\FW\V1\Workspace\CAN_PDM\MXTmpFiles\system.tmp
2025-07-01 13:18:24,171 [INFO] CodeEngine:319 - oldGeneratedFile, C:\Work\CAN_PDM\FW\V1\Workspace\CAN_PDM\Core\Inc\stm32f4xx_hal_conf.h_save
2025-07-01 13:18:24,236 [INFO] CodeEngine:343 - Generated code: C:\Work\CAN_PDM\FW\V1\Workspace\CAN_PDM\Core\Inc\stm32f4xx_hal_conf.h
2025-07-01 13:18:24,274 [WARN] IPConfigManager:3217 - Warning: the RefConfig PLL2P_FOR_MCO is not available in your config.xml file
2025-07-01 13:18:24,278 [INFO] ApiDbMcu:508 - Load IP Config File for ADC1
2025-07-01 13:18:24,299 [INFO] CodeEngine:263 - oldGeneratedFile, C:\Work\CAN_PDM\FW\V1\Workspace\CAN_PDM\Core\Inc\main.h_save
2025-07-01 13:18:24,378 [INFO] CodeEngine:287 - Generated code: C:\Work\CAN_PDM\FW\V1\Workspace\CAN_PDM\Core\Inc\main.h
2025-07-01 13:18:24,404 [INFO] CodeEngine:263 - oldGeneratedFile, C:\Work\CAN_PDM\FW\V1\Workspace\CAN_PDM\Core\Src\main.c_save
2025-07-01 13:18:24,497 [INFO] CodeEngine:287 - Generated code: C:\Work\CAN_PDM\FW\V1\Workspace\CAN_PDM\Core\Src\main.c
2025-07-01 13:18:25,756 [INFO] ProjectBuilder:3324 - Time for Copy HAL[1] : 1136mS.
2025-07-01 13:18:25,764 [INFO] ProjectBuilder:4912 - Project Generator version: 4.6.0.1-B1
2025-07-01 13:18:25,819 [INFO] ConfigFileManager:1590 - The Die is : DIE421
2025-07-01 13:18:26,937 [INFO] ProjectBuilder:5191 - Time for Generating toolchain IDE Files: 1172mS.
2025-07-01 13:18:26,939 [INFO] ProjectBuilder:3181 - Time for Copy CMSIS : 2mS.
2025-07-01 13:18:26,948 [INFO] ProjectBuilder:3181 - Time for Copy CMSIS : 0mS.
2025-07-01 13:34:30,662 [INFO] Gpio:277 - dependency for GPIO [ADC1, CAN1, I2C1, RCC, SYS, USB_OTG_FS]
2025-07-01 13:34:49,155 [INFO] UtilMem:75 - End SaveConfig() Used Memory: 476093064 Bytes (1016070144)
2025-07-01 13:34:50,197 [INFO] UtilMem:75 - End SaveConfig() Used Memory: 507607856 Bytes (1016070144)
2025-07-01 13:34:51,094 [INFO] UtilMem:75 - End SaveConfig() Used Memory: 552639112 Bytes (1016070144)
2025-07-01 13:34:51,464 [INFO] BlockDiagram:2775 - set Specific Code input for plugin: CAN
2025-07-01 13:34:51,464 [INFO] BlockDiagram:2775 - set Specific Code input for plugin: USB_DEVICE
2025-07-01 13:34:51,464 [INFO] BlockDiagram:2775 - set Specific Code input for plugin: SYS
2025-07-01 13:34:51,464 [INFO] BlockDiagram:2775 - set Specific Code input for plugin: ADC
2025-07-01 13:34:51,464 [INFO] BlockDiagram:2775 - set Specific Code input for plugin: RCC
2025-07-01 13:34:51,464 [INFO] BlockDiagram:2775 - set Specific Code input for plugin: I2C
2025-07-01 13:34:51,464 [INFO] BlockDiagram:2775 - set Specific Code input for plugin: USB_OTG_FS
2025-07-01 13:34:51,464 [INFO] BlockDiagram:2775 - set Specific Code input for plugin: NVIC
2025-07-01 13:34:51,464 [INFO] BlockDiagram:2775 - set Specific Code input for plugin: GPIO
2025-07-01 13:34:51,471 [INFO] CodeGenerator:882 - code generatio: config db path: C:\ST\STM32CubeIDE_1.15.0\STM32CubeIDE\plugins\com.st.stm32cube.common.mx_6.14.1.202504091515\\db\
2025-07-01 13:34:51,480 [WARN] IP:2250 - I2C_Coeff_DF not found: check if there is a RefParameter without a condition.
2025-07-01 13:34:51,480 [WARN] IP:2250 - Analog_Filter not found: check if there is a RefParameter without a condition.
2025-07-01 13:34:51,496 [WARN] IP:2250 - DEVICE_SERIAL0_CDC_FS not found: check if there is a RefParameter without a condition.
2025-07-01 13:34:51,496 [WARN] IP:2250 - DEVICE_SERIAL1_CDC_FS not found: check if there is a RefParameter without a condition.
2025-07-01 13:34:51,496 [WARN] IP:2250 - DEVICE_SERIAL2_CDC_FS not found: check if there is a RefParameter without a condition.
2025-07-01 13:34:51,545 [INFO] CodeEngine:263 - oldGeneratedFile, C:\Work\CAN_PDM\FW\V1\Workspace\CAN_PDM\MXTmpFiles\license.tmp_save
2025-07-01 13:34:51,712 [INFO] CodeEngine:287 - Generated code: C:\Work\CAN_PDM\FW\V1\Workspace\CAN_PDM\MXTmpFiles\license.tmp
2025-07-01 13:34:51,776 [INFO] CodeEngine:263 - oldGeneratedFile, C:\Work\CAN_PDM\FW\V1\Workspace\CAN_PDM\Core\Src\gpio.c_save
2025-07-01 13:34:51,904 [INFO] CodeEngine:287 - Generated code: C:\Work\CAN_PDM\FW\V1\Workspace\CAN_PDM\Core\Src\gpio.c
2025-07-01 13:34:51,923 [INFO] CodeEngine:263 - oldGeneratedFile, C:\Work\CAN_PDM\FW\V1\Workspace\CAN_PDM\Core\Inc\gpio.h_save
2025-07-01 13:34:52,012 [INFO] CodeEngine:287 - Generated code: C:\Work\CAN_PDM\FW\V1\Workspace\CAN_PDM\Core\Inc\gpio.h
2025-07-01 13:34:52,084 [WARN] IPConfigManager:3217 - Warning: the RefConfig PWREx_EnableUSBVoltageDetector is not available in your config.xml file
2025-07-01 13:34:52,099 [INFO] CodeEngine:263 - oldGeneratedFile, C:\Work\CAN_PDM\FW\V1\Workspace\CAN_PDM\MXTmpFiles\usb_otg_fs_vars.tmp_save
2025-07-01 13:34:52,178 [INFO] CodeEngine:287 - Generated code: C:\Work\CAN_PDM\FW\V1\Workspace\CAN_PDM\MXTmpFiles\usb_otg_fs_vars.tmp
2025-07-01 13:34:52,189 [INFO] CodeEngine:263 - oldGeneratedFile, C:\Work\CAN_PDM\FW\V1\Workspace\CAN_PDM\MXTmpFiles\usb_otg_fs_inc.tmp_save
2025-07-01 13:34:52,256 [INFO] CodeEngine:287 - Generated code: C:\Work\CAN_PDM\FW\V1\Workspace\CAN_PDM\MXTmpFiles\usb_otg_fs_inc.tmp
2025-07-01 13:34:52,268 [INFO] CodeEngine:263 - oldGeneratedFile, C:\Work\CAN_PDM\FW\V1\Workspace\CAN_PDM\MXTmpFiles\usb_otg_fs_HalInit.tmp_save
2025-07-01 13:34:52,350 [INFO] CodeEngine:287 - Generated code: C:\Work\CAN_PDM\FW\V1\Workspace\CAN_PDM\MXTmpFiles\usb_otg_fs_HalInit.tmp
2025-07-01 13:34:52,361 [INFO] CodeEngine:263 - oldGeneratedFile, C:\Work\CAN_PDM\FW\V1\Workspace\CAN_PDM\MXTmpFiles\usb_otg_fs_Msp.tmp_save
2025-07-01 13:34:52,448 [INFO] CodeEngine:287 - Generated code: C:\Work\CAN_PDM\FW\V1\Workspace\CAN_PDM\MXTmpFiles\usb_otg_fs_Msp.tmp
2025-07-01 13:34:52,651 [INFO] Middleware:1452 - No code input for Bsp Dependency
2025-07-01 13:34:52,672 [INFO] CodeEngine:263 - oldGeneratedFile, C:\Work\CAN_PDM\FW\V1\Workspace\CAN_PDM\Core\Src\adc.c_save
2025-07-01 13:34:52,803 [INFO] CodeEngine:287 - Generated code: C:\Work\CAN_PDM\FW\V1\Workspace\CAN_PDM\Core\Src\adc.c
2025-07-01 13:34:52,836 [INFO] CodeEngine:263 - oldGeneratedFile, C:\Work\CAN_PDM\FW\V1\Workspace\CAN_PDM\Core\Inc\adc.h_save
2025-07-01 13:34:52,934 [INFO] CodeEngine:287 - Generated code: C:\Work\CAN_PDM\FW\V1\Workspace\CAN_PDM\Core\Inc\adc.h
2025-07-01 13:34:52,970 [INFO] CodeEngine:263 - oldGeneratedFile, C:\Work\CAN_PDM\FW\V1\Workspace\CAN_PDM\Core\Src\can.c_save
2025-07-01 13:34:53,049 [INFO] CodeEngine:287 - Generated code: C:\Work\CAN_PDM\FW\V1\Workspace\CAN_PDM\Core\Src\can.c
2025-07-01 13:34:53,075 [INFO] CodeEngine:263 - oldGeneratedFile, C:\Work\CAN_PDM\FW\V1\Workspace\CAN_PDM\Core\Inc\can.h_save
2025-07-01 13:34:53,142 [INFO] CodeEngine:287 - Generated code: C:\Work\CAN_PDM\FW\V1\Workspace\CAN_PDM\Core\Inc\can.h
2025-07-01 13:34:53,176 [INFO] CodeEngine:263 - oldGeneratedFile, C:\Work\CAN_PDM\FW\V1\Workspace\CAN_PDM\Core\Src\i2c.c_save
2025-07-01 13:34:53,264 [INFO] CodeEngine:287 - Generated code: C:\Work\CAN_PDM\FW\V1\Workspace\CAN_PDM\Core\Src\i2c.c
2025-07-01 13:34:53,283 [INFO] CodeEngine:263 - oldGeneratedFile, C:\Work\CAN_PDM\FW\V1\Workspace\CAN_PDM\Core\Inc\i2c.h_save
2025-07-01 13:34:53,342 [INFO] CodeEngine:287 - Generated code: C:\Work\CAN_PDM\FW\V1\Workspace\CAN_PDM\Core\Inc\i2c.h
2025-07-01 13:34:53,365 [INFO] Middleware:1452 - No code input for Bsp Dependency
2025-07-01 13:34:53,380 [INFO] CodeEngine:263 - oldGeneratedFile, C:\Work\CAN_PDM\FW\V1\Workspace\CAN_PDM\USB_DEVICE\App\usb_device.c_save
2025-07-01 13:34:53,439 [INFO] CodeEngine:287 - Generated code: C:\Work\CAN_PDM\FW\V1\Workspace\CAN_PDM\USB_DEVICE\App\usb_device.c
2025-07-01 13:34:53,454 [INFO] CodeEngine:263 - oldGeneratedFile, C:\Work\CAN_PDM\FW\V1\Workspace\CAN_PDM\USB_DEVICE\App\usb_device.h_save
2025-07-01 13:34:53,511 [INFO] CodeEngine:287 - Generated code: C:\Work\CAN_PDM\FW\V1\Workspace\CAN_PDM\USB_DEVICE\App\usb_device.h
2025-07-01 13:34:53,527 [INFO] CodeEngine:263 - oldGeneratedFile, C:\Work\CAN_PDM\FW\V1\Workspace\CAN_PDM\USB_DEVICE\Target\usbd_conf.h_save
2025-07-01 13:34:53,583 [INFO] CodeEngine:287 - Generated code: C:\Work\CAN_PDM\FW\V1\Workspace\CAN_PDM\USB_DEVICE\Target\usbd_conf.h
2025-07-01 13:34:53,599 [INFO] CodeEngine:263 - oldGeneratedFile, C:\Work\CAN_PDM\FW\V1\Workspace\CAN_PDM\USB_DEVICE\Target\usbd_conf.c_save
2025-07-01 13:34:53,662 [INFO] CodeEngine:287 - Generated code: C:\Work\CAN_PDM\FW\V1\Workspace\CAN_PDM\USB_DEVICE\Target\usbd_conf.c
2025-07-01 13:34:53,680 [INFO] CodeEngine:263 - oldGeneratedFile, C:\Work\CAN_PDM\FW\V1\Workspace\CAN_PDM\USB_DEVICE\App\usbd_desc.h_save
2025-07-01 13:34:53,736 [INFO] CodeEngine:287 - Generated code: C:\Work\CAN_PDM\FW\V1\Workspace\CAN_PDM\USB_DEVICE\App\usbd_desc.h
2025-07-01 13:34:53,753 [INFO] CodeEngine:263 - oldGeneratedFile, C:\Work\CAN_PDM\FW\V1\Workspace\CAN_PDM\USB_DEVICE\App\usbd_desc.c_save
2025-07-01 13:34:53,814 [INFO] CodeEngine:287 - Generated code: C:\Work\CAN_PDM\FW\V1\Workspace\CAN_PDM\USB_DEVICE\App\usbd_desc.c
2025-07-01 13:34:53,829 [INFO] CodeEngine:263 - oldGeneratedFile, C:\Work\CAN_PDM\FW\V1\Workspace\CAN_PDM\USB_DEVICE\App\usbd_cdc_if.h_save
2025-07-01 13:34:53,882 [INFO] CodeEngine:287 - Generated code: C:\Work\CAN_PDM\FW\V1\Workspace\CAN_PDM\USB_DEVICE\App\usbd_cdc_if.h
2025-07-01 13:34:53,899 [INFO] CodeEngine:263 - oldGeneratedFile, C:\Work\CAN_PDM\FW\V1\Workspace\CAN_PDM\USB_DEVICE\App\usbd_cdc_if.c_save
2025-07-01 13:34:53,959 [INFO] CodeEngine:287 - Generated code: C:\Work\CAN_PDM\FW\V1\Workspace\CAN_PDM\USB_DEVICE\App\usbd_cdc_if.c
2025-07-01 13:34:53,991 [INFO] CodeEngine:263 - oldGeneratedFile, C:\Work\CAN_PDM\FW\V1\Workspace\CAN_PDM\Core\Src\stm32f4xx_it.c_save
2025-07-01 13:34:54,090 [INFO] CodeEngine:287 - Generated code: C:\Work\CAN_PDM\FW\V1\Workspace\CAN_PDM\Core\Src\stm32f4xx_it.c
2025-07-01 13:34:54,103 [INFO] CodeEngine:263 - oldGeneratedFile, C:\Work\CAN_PDM\FW\V1\Workspace\CAN_PDM\Core\Inc\stm32f4xx_it.h_save
2025-07-01 13:34:54,164 [INFO] CodeEngine:287 - Generated code: C:\Work\CAN_PDM\FW\V1\Workspace\CAN_PDM\Core\Inc\stm32f4xx_it.h
2025-07-01 13:34:54,212 [INFO] CodeEngine:263 - oldGeneratedFile, C:\Work\CAN_PDM\FW\V1\Workspace\CAN_PDM\Core\Src\stm32f4xx_hal_msp.c_save
2025-07-01 13:34:54,280 [INFO] CodeEngine:287 - Generated code: C:\Work\CAN_PDM\FW\V1\Workspace\CAN_PDM\Core\Src\stm32f4xx_hal_msp.c
2025-07-01 13:34:54,293 [INFO] CodeEngine:263 - oldGeneratedFile, C:\Work\CAN_PDM\FW\V1\Workspace\CAN_PDM\MXTmpFiles\system.tmp_save
2025-07-01 13:34:54,355 [INFO] CodeEngine:287 - Generated code: C:\Work\CAN_PDM\FW\V1\Workspace\CAN_PDM\MXTmpFiles\system.tmp
2025-07-01 13:34:54,405 [INFO] CodeEngine:319 - oldGeneratedFile, C:\Work\CAN_PDM\FW\V1\Workspace\CAN_PDM\Core\Inc\stm32f4xx_hal_conf.h_save
2025-07-01 13:34:54,478 [INFO] CodeEngine:343 - Generated code: C:\Work\CAN_PDM\FW\V1\Workspace\CAN_PDM\Core\Inc\stm32f4xx_hal_conf.h
2025-07-01 13:34:54,516 [WARN] IPConfigManager:3217 - Warning: the RefConfig PLL2P_FOR_MCO is not available in your config.xml file
2025-07-01 13:34:54,533 [INFO] CodeEngine:263 - oldGeneratedFile, C:\Work\CAN_PDM\FW\V1\Workspace\CAN_PDM\Core\Inc\main.h_save
2025-07-01 13:34:54,605 [INFO] CodeEngine:287 - Generated code: C:\Work\CAN_PDM\FW\V1\Workspace\CAN_PDM\Core\Inc\main.h
2025-07-01 13:34:54,630 [INFO] CodeEngine:263 - oldGeneratedFile, C:\Work\CAN_PDM\FW\V1\Workspace\CAN_PDM\Core\Src\main.c_save
2025-07-01 13:34:54,749 [INFO] CodeEngine:287 - Generated code: C:\Work\CAN_PDM\FW\V1\Workspace\CAN_PDM\Core\Src\main.c
2025-07-01 13:34:55,995 [INFO] ProjectBuilder:3324 - Time for Copy HAL[1] : 1023mS.
2025-07-01 13:34:56,005 [INFO] ProjectBuilder:4912 - Project Generator version: 4.6.0.1-B1
2025-07-01 13:34:56,091 [INFO] ConfigFileManager:1590 - The Die is : DIE421
2025-07-01 13:34:58,127 [INFO] ProjectBuilder:5191 - Time for Generating toolchain IDE Files: 2120mS.
2025-07-01 13:34:58,132 [INFO] ProjectBuilder:3181 - Time for Copy CMSIS : 4mS.
2025-07-01 13:34:58,215 [INFO] ProjectBuilder:3181 - Time for Copy CMSIS : 1mS.
2025-07-01 14:19:33,528 [INFO] MainUpdater:2872 - connection check result : 10
2025-07-01 14:19:33,529 [INFO] MainUpdater:2872 - connection check result : 10
2025-07-01 14:19:33,613 [INFO] MicroXplorer:468 - Change Database Path : 
2025-07-01 14:19:33,613 [INFO] MicroXplorer:498 - Change Database Version : DB.6.0.141
2025-07-01 14:19:33,660 [ERROR] ProjectManagerView:395 - 
java.lang.NullPointerException: Cannot invoke "javax.swing.JTextField.getText()" because the return value of "java.util.List.get(int)" is null
	at com.st.microxplorer.plugins.projectmanager.gui.ProjectChoiceTab$9.caretUpdate(ProjectChoiceTab.java:2678) ~[filemanager.jar:?]
	at javax.swing.text.JTextComponent.fireCaretUpdate(JTextComponent.java:408) ~[?:?]
	at javax.swing.text.JTextComponent$MutableCaretEvent.fire(JTextComponent.java:4484) ~[?:?]
	at javax.swing.text.JTextComponent$MutableCaretEvent.stateChanged(JTextComponent.java:4506) ~[?:?]
	at javax.swing.text.DefaultCaret.fireStateChanged(DefaultCaret.java:857) ~[?:?]
	at javax.swing.text.DefaultCaret.changeCaretPosition(DefaultCaret.java:1343) ~[?:?]
	at javax.swing.text.DefaultCaret.handleSetDot(DefaultCaret.java:1242) ~[?:?]
	at javax.swing.text.DefaultCaret.setDot(DefaultCaret.java:1223) ~[?:?]
	at javax.swing.text.DefaultCaret$Handler.insertUpdate(DefaultCaret.java:1819) ~[?:?]
	at javax.swing.text.AbstractDocument.fireInsertUpdate(AbstractDocument.java:227) ~[?:?]
	at javax.swing.text.AbstractDocument.handleInsertString(AbstractDocument.java:781) ~[?:?]
	at javax.swing.text.AbstractDocument.insertString(AbstractDocument.java:740) ~[?:?]
	at javax.swing.text.PlainDocument.insertString(PlainDocument.java:131) ~[?:?]
	at javax.swing.text.AbstractDocument.replace(AbstractDocument.java:699) ~[?:?]
	at javax.swing.text.JTextComponent.setText(JTextComponent.java:1725) ~[?:?]
	at com.st.microxplorer.plugins.projectmanager.gui.ProjectChoiceTab.createHeapStackFields(ProjectChoiceTab.java:979) ~[filemanager.jar:?]
	at com.st.microxplorer.plugins.projectmanager.gui.ProjectChoiceTab.buildLinkSettingsPanel(ProjectChoiceTab.java:3766) ~[filemanager.jar:?]
	at com.st.microxplorer.plugins.projectmanager.gui.ProjectChoiceTab.defineWindowsFields(ProjectChoiceTab.java:1962) ~[filemanager.jar:?]
	at com.st.microxplorer.plugins.projectmanager.gui.ProjectChoiceTab.updateSettings(ProjectChoiceTab.java:555) ~[filemanager.jar:?]
	at com.st.microxplorer.plugins.projectmanager.gui.ProjectSettingsPanel.UpdateDialog(ProjectSettingsPanel.java:245) ~[filemanager.jar:?]
	at com.st.microxplorer.plugins.projectmanager.ProjectManagerView.propertyChange(ProjectManagerView.java:392) ~[filemanager.jar:?]
	at java.beans.PropertyChangeSupport.fire(PropertyChangeSupport.java:343) ~[?:?]
	at java.beans.PropertyChangeSupport.firePropertyChange(PropertyChangeSupport.java:335) ~[?:?]
	at java.beans.PropertyChangeSupport.firePropertyChange(PropertyChangeSupport.java:268) ~[?:?]
	at com.st.microxplorer.util.MXPropertyChangeSupport.firePropertyChange(MXPropertyChangeSupport.java:54) ~[STM32CubeMX.jar:?]
	at com.st.microxplorer.mxsystem.MxSystem.closeConfig(MxSystem.java:899) ~[STM32CubeMX.jar:?]
	at com.st.microxplorer.maingui.MainPanel.closeConfig(MainPanel.java:789) ~[STM32CubeMX.jar:?]
	at com.st.microxplorer.plugins.filemanager.engine.OpenFileManager.loadConfigurationFile(OpenFileManager.java:287) ~[filemanager.jar:?]
	at com.st.microxplorer.plugins.filemanager.engine.MainFileManager.userLoadConfig(MainFileManager.java:341) ~[filemanager.jar:?]
	at com.st.microxplorer.plugins.filemanager.engine.MainFileManager.userLoadConfig(MainFileManager.java:319) ~[filemanager.jar:?]
	at com.st.microxplorer.plugins.filemanager.FileManagerView.getSpecificTask(FileManagerView.java:246) ~[filemanager.jar:?]
	at com.st.stm32cube.common.mx.editor.CubeMxEditor.getMxTabbedPaneInstance(CubeMxEditor.java:1198) ~[com.st.stm32cube.common.mx_6.14.1.202504091515/:?]
	at com.st.stm32cube.common.mx.editor.CubeMxEditor$12$1.createSwingComponent(CubeMxEditor.java:1068) ~[com.st.stm32cube.common.mx_6.14.1.202504091515/:?]
	at com.st.stm32cube.common.mx.oss.core.awtswtbridge.EmbeddedSwingComposite.doComponentCreation(EmbeddedSwingComposite.java:492) ~[com.st.stm32cube.common.mx.oss_6.14.1.202504091515/:?]
	at com.st.stm32cube.common.mx.oss.core.awtswtbridge.EmbeddedSwingComposite$4.run(EmbeddedSwingComposite.java:291) ~[com.st.stm32cube.common.mx.oss_6.14.1.202504091515/:?]
	at com.st.stm32cube.common.mx.oss.core.awtswtbridge.AwtEnvironment$2.run(AwtEnvironment.java:166) ~[com.st.stm32cube.common.mx.oss_6.14.1.202504091515/:?]
	at java.awt.event.InvocationEvent.dispatch(InvocationEvent.java:318) ~[?:?]
	at java.awt.EventQueue.dispatchEventImpl(EventQueue.java:773) ~[?:?]
	at java.awt.EventQueue$4.run(EventQueue.java:720) ~[?:?]
	at java.awt.EventQueue$4.run(EventQueue.java:714) ~[?:?]
	at java.security.AccessController.doPrivileged(AccessController.java:400) ~[?:?]
	at java.security.ProtectionDomain$JavaSecurityAccessImpl.doIntersectionPrivilege(ProtectionDomain.java:87) ~[?:?]
	at java.awt.EventQueue.dispatchEvent(EventQueue.java:742) ~[?:?]
	at java.awt.EventDispatchThread.pumpOneEventForFilters(EventDispatchThread.java:203) ~[?:?]
	at java.awt.EventDispatchThread.pumpEventsForFilter(EventDispatchThread.java:124) ~[?:?]
	at java.awt.EventDispatchThread.pumpEventsForHierarchy(EventDispatchThread.java:113) ~[?:?]
	at java.awt.EventDispatchThread.pumpEvents(EventDispatchThread.java:109) ~[?:?]
	at java.awt.EventDispatchThread.pumpEvents(EventDispatchThread.java:101) ~[?:?]
	at java.awt.EventDispatchThread.run(EventDispatchThread.java:90) ~[?:?]
2025-07-01 14:19:33,685 [WARN] ThirdParty:871 - waiting for thirdparty lock release [close project]
2025-07-01 14:19:33,686 [INFO] ThirdParty:873 - entering critical section [close project]
2025-07-01 14:19:33,686 [INFO] ThirdParty:883 - exiting critical section [close project]
2025-07-01 14:19:33,688 [INFO] PinOutPanel:1589 - setPackage(No Configuration,No Configuration)
2025-07-01 14:19:33,700 [WARN] IpParametersView:155 - Warning: This peripheral hasn't parameters
2025-07-01 14:19:33,704 [WARN] MainPanel:289 - <html><b><center>Warning: This peripheral has no parameters to be configured<br></b></html>
2025-07-01 14:19:33,709 [INFO] UtilMem:75 - Begin LoadConfig() Used Memory: 592451760 Bytes (1016070144)
2025-07-01 14:19:33,711 [INFO] MicroXplorer:468 - Change Database Path : 
2025-07-01 14:19:33,711 [INFO] MicroXplorer:498 - Change Database Version : DB.6.0.141
2025-07-01 14:19:33,711 [INFO] OpenFileManager:354 - Change cursor
2025-07-01 14:19:33,740 [INFO] RulesReader:64 - Compatibility file has been processed (302 Rules)
2025-07-01 14:19:33,750 [INFO] Mcu:2011 - Initializing MCU STM32F446R(C-E)Tx STM32F446RETx STM32F446RET6
2025-07-01 14:19:34,721 [INFO] Context:756 - Trying to add GPIOservice into a context  which must be forbidden
2025-07-01 14:19:35,110 [INFO] ImportTextPane:218 - (OptionalMessage_ERROR) Pin44 (VP_RIF_VS_RIF1) cannot be retrieved for this MCU
2025-07-01 14:19:35,231 [INFO] RtosManager:558 - Registered RTOS mode: class=CMSIS, group=RTOS, mode=CMSIS_V1, owner=FREERTOS
2025-07-01 14:19:35,232 [INFO] RtosManager:558 - Registered RTOS mode: class=CMSIS, group=RTOS2, mode=CMSIS_V2, owner=FREERTOS
2025-07-01 14:19:35,232 [INFO] RtosManager:558 - Registered RTOS mode: class=RTOS, group=Core, mode=CMSIS_V1, owner=FREERTOS
2025-07-01 14:19:35,232 [INFO] RtosManager:558 - Registered RTOS mode: class=RTOS, group=Core, mode=CMSIS_V2, owner=FREERTOS
2025-07-01 14:19:35,232 [WARN] ModelIntegratedComponent:184 - Missing modes for component STMicroelectronics:FreeRTOS:0.0.1:STMicroelectronics:RTOS:FreeRTOS:Core:::10.2.0:
2025-07-01 14:19:35,234 [WARN] ModelIntegratedComponent:63 - No mode defined for component null
2025-07-01 14:19:35,234 [WARN] ModelIntegratedComponent:63 - No mode defined for component null
2025-07-01 14:19:35,234 [WARN] ModelIntegratedComponent:63 - No mode defined for component null
2025-07-01 14:19:35,234 [WARN] ModelIntegratedComponent:63 - No mode defined for component null
2025-07-01 14:19:35,234 [WARN] ModelIntegratedComponent:63 - No mode defined for component null
2025-07-01 14:19:35,234 [WARN] ModelIntegratedComponent:63 - No mode defined for component null
2025-07-01 14:19:35,234 [WARN] ModelIntegratedComponent:63 - No mode defined for component null
2025-07-01 14:19:35,234 [WARN] ModelIntegratedComponent:63 - No mode defined for component null
2025-07-01 14:19:35,234 [WARN] ModelIntegratedComponent:63 - No mode defined for component null
2025-07-01 14:19:35,234 [WARN] ModelIntegratedComponent:63 - No mode defined for component null
2025-07-01 14:19:35,234 [WARN] ModelIntegratedComponent:63 - No mode defined for component null
2025-07-01 14:19:35,234 [WARN] ModelIntegratedComponent:63 - No mode defined for component null
2025-07-01 14:19:35,234 [WARN] ModelIntegratedComponent:63 - No mode defined for component null
2025-07-01 14:19:35,234 [WARN] ModelIntegratedComponent:63 - No mode defined for component null
2025-07-01 14:19:35,234 [WARN] ModelIntegratedComponent:63 - No mode defined for component null
2025-07-01 14:19:35,234 [WARN] ModelIntegratedComponent:63 - No mode defined for component null
2025-07-01 14:19:35,234 [WARN] ModelIntegratedComponent:63 - No mode defined for component null
2025-07-01 14:19:35,234 [WARN] ModelIntegratedComponent:63 - No mode defined for component null
2025-07-01 14:19:35,234 [WARN] ModelIntegratedComponent:63 - No mode defined for component null
2025-07-01 14:19:35,235 [WARN] ModelIntegratedComponent:63 - No mode defined for component null
2025-07-01 14:19:35,235 [WARN] ModelIntegratedComponent:63 - No mode defined for component null
2025-07-01 14:19:35,235 [WARN] ModelIntegratedComponent:63 - No mode defined for component null
2025-07-01 14:19:35,235 [WARN] ModelIntegratedComponent:63 - No mode defined for component null
2025-07-01 14:19:35,235 [WARN] ModelIntegratedComponent:63 - No mode defined for component null
2025-07-01 14:19:35,235 [WARN] ModelIntegratedComponent:63 - No mode defined for component null
2025-07-01 14:19:35,235 [WARN] ModelIntegratedComponent:63 - No mode defined for component null
2025-07-01 14:19:35,235 [WARN] ModelIntegratedComponent:63 - No mode defined for component null
2025-07-01 14:19:35,235 [WARN] ModelIntegratedComponent:63 - No mode defined for component null
2025-07-01 14:19:35,235 [WARN] ModelIntegratedComponent:63 - No mode defined for component null
2025-07-01 14:19:35,235 [WARN] ModelIntegratedComponent:63 - No mode defined for component null
2025-07-01 14:19:35,235 [WARN] ModelIntegratedComponent:63 - No mode defined for component null
2025-07-01 14:19:35,235 [WARN] ModelIntegratedComponent:63 - No mode defined for component null
2025-07-01 14:19:35,235 [WARN] ModelIntegratedComponent:63 - No mode defined for component null
2025-07-01 14:19:35,235 [WARN] ModelIntegratedComponent:63 - No mode defined for component null
2025-07-01 14:19:35,235 [WARN] ModelIntegratedComponent:63 - No mode defined for component null
2025-07-01 14:19:35,235 [WARN] ModelPack:524 - Component already loaded: STMicroelectronics:HAL Drivers:0.0.0:STMicroelectronics:Device:STMicro_Driver:XSPI:HAL::0.0.1:HAL_XSPI
2025-07-01 14:19:35,397 [INFO] ThirdPartyModel:298 - Start build external matchings
2025-07-01 14:19:36,223 [INFO] ThirdPartyModel:316 - End build external matchings
2025-07-01 14:19:36,263 [WARN] IP:2250 - I2C_Coeff_DF not found: check if there is a RefParameter without a condition.
2025-07-01 14:19:36,264 [WARN] IP:2250 - Analog_Filter not found: check if there is a RefParameter without a condition.
2025-07-01 14:19:36,264 [INFO] ImportTextPane:218 - (OptionalMessage_ERROR) IP (RCC) : Invalid parameter (FamilyName)
2025-07-01 14:19:36,265 [WARN] IP:2250 - DEVICE_SERIAL0_CDC_FS not found: check if there is a RefParameter without a condition.
2025-07-01 14:19:36,265 [WARN] IP:2250 - DEVICE_SERIAL1_CDC_FS not found: check if there is a RefParameter without a condition.
2025-07-01 14:19:36,265 [WARN] IP:2250 - DEVICE_SERIAL2_CDC_FS not found: check if there is a RefParameter without a condition.
2025-07-01 14:19:36,479 [INFO] UtilMem:75 - End LoadConfig() Used Memory: 664117312 Bytes (1016070144)
2025-07-01 14:19:36,514 [WARN] ThirdParty:833 - waiting for thirdparty lock release [change project]
2025-07-01 14:19:36,514 [INFO] ThirdParty:835 - entering critical section [change project]
2025-07-01 14:19:36,514 [INFO] ThirdParty:1030 - CMSIS Pack Vendor :STMicroelectronics X-CUBE-PM33A1 1.0.0
2025-07-01 14:19:36,514 [INFO] ThirdParty:1030 - CMSIS Pack Vendor :STMicroelectronics USBPD 4.1
2025-07-01 14:19:36,514 [INFO] ThirdParty:1030 - CMSIS Pack Vendor :STMicroelectronics X-CUBE-GNSS1 6.0.0
2025-07-01 14:19:36,514 [INFO] ThirdParty:1030 - CMSIS Pack Vendor :STMicroelectronics USB_HOST 2.0.0
2025-07-01 14:19:36,514 [INFO] ThirdParty:1030 - CMSIS Pack Vendor :STMicroelectronics FP-SNS-MOTENVWB1 1.4.0
2025-07-01 14:19:36,514 [INFO] ThirdParty:1030 - CMSIS Pack Vendor :STMicroelectronics X-CUBE-AZRTOS-F4 1.1.0
2025-07-01 14:19:36,514 [INFO] ThirdParty:1030 - CMSIS Pack Vendor :STMicroelectronics LIBJPEG 8.0.0
2025-07-01 14:19:36,514 [INFO] ThirdParty:1030 - CMSIS Pack Vendor :STMicroelectronics FP-ATR-ASTRA1 2.0.2
2025-07-01 14:19:36,514 [INFO] ThirdParty:1030 - CMSIS Pack Vendor :STMicroelectronics FP-ATR-ASTRA1 2.0.1
2025-07-01 14:19:36,515 [INFO] ThirdParty:1030 - CMSIS Pack Vendor :Avnet-IotConnect X-CUBE-IoTC-DA16k-PMOD 1.0.0
2025-07-01 14:19:36,515 [INFO] ThirdParty:1030 - CMSIS Pack Vendor :STMicroelectronics X-CUBE-SMBUS 2.1.0
2025-07-01 14:19:36,515 [INFO] ThirdParty:1030 - CMSIS Pack Vendor :STMicroelectronics X-CUBE-WB05N 1.1.0
2025-07-01 14:19:36,515 [INFO] ThirdParty:1030 - CMSIS Pack Vendor :STMicroelectronics X-CUBE-ISPU 2.1.0
2025-07-01 14:19:36,515 [INFO] ThirdParty:1030 - CMSIS Pack Vendor :STMicroelectronics X-CUBE-FREERTOS 1.2.0
2025-07-01 14:19:36,515 [INFO] ThirdParty:1030 - CMSIS Pack Vendor :STMicroelectronics X-CUBE-ST60 1.0.0
2025-07-01 14:19:36,515 [INFO] ThirdParty:1030 - CMSIS Pack Vendor :STMicroelectronics X-CUBE-TOUCHGFX 4.23.2
2025-07-01 14:19:36,515 [INFO] ThirdParty:1030 - CMSIS Pack Vendor :STMicroelectronics X-CUBE-AZRTOS-F7 1.1.0
2025-07-01 14:19:36,515 [INFO] ThirdParty:1030 - CMSIS Pack Vendor :STMicroelectronics X-CUBE-AZRTOS-L5 2.0.0
2025-07-01 14:19:36,515 [INFO] ThirdParty:1030 - CMSIS Pack Vendor :STMicroelectronics USB_DEVICE 2.0.0
2025-07-01 14:19:36,515 [INFO] ThirdParty:1030 - CMSIS Pack Vendor :STMicroelectronics X-CUBE-NFC6 3.1.0
2025-07-01 14:19:36,515 [INFO] ThirdParty:1030 - CMSIS Pack Vendor :STMicroelectronics X-CUBE-MEMS1 11.0.0
2025-07-01 14:19:36,515 [INFO] ThirdParty:1030 - CMSIS Pack Vendor :STMicroelectronics FreeRTOS 0.0.1
2025-07-01 14:19:36,515 [INFO] ThirdParty:1030 - CMSIS Pack Vendor :STMicroelectronics X-CUBE-DPower 1.2.0
2025-07-01 14:19:36,515 [INFO] ThirdParty:1030 - CMSIS Pack Vendor :STMicroelectronics FP-SNS-FLIGHT1 5.0.2
2025-07-01 14:19:36,515 [INFO] ThirdParty:1030 - CMSIS Pack Vendor :STMicroelectronics X-CUBE-AI 9.0.0
2025-07-01 14:19:36,515 [INFO] ThirdParty:1030 - CMSIS Pack Vendor :STMicroelectronics PDM2PCM 3.3.0
2025-07-01 14:19:36,515 [INFO] ThirdParty:1030 - CMSIS Pack Vendor :STMicroelectronics X-CUBE-DISPLAY 3.0.0
2025-07-01 14:19:36,515 [INFO] ThirdParty:1030 - CMSIS Pack Vendor :STMicroelectronics X-CUBE-BLE1 7.0.0
2025-07-01 14:19:36,515 [INFO] ThirdParty:1030 - CMSIS Pack Vendor :STMicroelectronics X-CUBE-NFC10 1.0.0
2025-07-01 14:19:36,515 [INFO] ThirdParty:1030 - CMSIS Pack Vendor :STMicroelectronics X-CUBE-BLEMGR 4.0.0
2025-07-01 14:19:36,515 [INFO] ThirdParty:1030 - CMSIS Pack Vendor :STMicroelectronics X-CUBE-FREERTOS 1.3.1
2025-07-01 14:19:36,515 [INFO] ThirdParty:1030 - CMSIS Pack Vendor :STMicroelectronics HAL Drivers 0.0.0
2025-07-01 14:19:36,515 [INFO] ThirdParty:1030 - CMSIS Pack Vendor :emotas I-CUBE-CANOPEN 1.3.0
2025-07-01 14:19:36,515 [INFO] ThirdParty:1030 - CMSIS Pack Vendor :STMicroelectronics X-CUBE-FREERTOS 1.3.0
2025-07-01 14:19:36,515 [INFO] ThirdParty:1030 - CMSIS Pack Vendor :STMicroelectronics X-CUBE-NFC7 1.0.1
2025-07-01 14:19:36,515 [INFO] ThirdParty:1030 - CMSIS Pack Vendor :STMicroelectronics MBEDTLS 2.14.1
2025-07-01 14:19:36,515 [INFO] ThirdParty:1030 - CMSIS Pack Vendor :wolfSSL I-CUBE-wolfTPM 3.2.0
2025-07-01 14:19:36,515 [INFO] ThirdParty:1030 - CMSIS Pack Vendor :STMicroelectronics X-CUBE-BLEMGR 3.1.0
2025-07-01 14:19:36,515 [INFO] ThirdParty:1030 - CMSIS Pack Vendor :STMicroelectronics X-CUBE-AI 10.0.0
2025-07-01 14:19:36,515 [INFO] ThirdParty:1030 - CMSIS Pack Vendor :STMicroelectronics FP-SNS-STAIOTCFT 1.0.0
2025-07-01 14:19:36,515 [INFO] ThirdParty:1030 - CMSIS Pack Vendor :STMicroelectronics FP-SNS-SMARTAG2 1.2.0
2025-07-01 14:19:36,515 [INFO] ThirdParty:1030 - CMSIS Pack Vendor :STMicroelectronics FP-SNS-FLIGHT1 5.1.0
2025-07-01 14:19:36,515 [INFO] ThirdParty:1030 - CMSIS Pack Vendor :STMicroelectronics X-CUBE-MEMS1 11.1.0
2025-07-01 14:19:36,515 [INFO] ThirdParty:1030 - CMSIS Pack Vendor :STMicroelectronics X-CUBE-AZRTOS-WL 2.0.0
2025-07-01 14:19:36,515 [INFO] ThirdParty:1030 - CMSIS Pack Vendor :STMicroelectronics X-CUBE-DPower 1.3.0
2025-07-01 14:19:36,515 [INFO] ThirdParty:1030 - CMSIS Pack Vendor :STMicroelectronics FP-SNS-MOTENV1 5.0.0
2025-07-01 14:19:36,515 [INFO] ThirdParty:1030 - CMSIS Pack Vendor :STMicroelectronics USB_DEVICE 1.0.0
2025-07-01 14:19:36,515 [INFO] ThirdParty:1030 - CMSIS Pack Vendor :STMicroelectronics X-CUBE-AI 8.1.0
2025-07-01 14:19:36,515 [INFO] ThirdParty:1030 - CMSIS Pack Vendor :wolfSSL I-CUBE-wolfMQTT 1.19.0
2025-07-01 14:19:36,515 [INFO] ThirdParty:1030 - CMSIS Pack Vendor :STMicroelectronics X-CUBE-AZRTOS-L4 2.0.0
2025-07-01 14:19:36,515 [INFO] ThirdParty:1030 - CMSIS Pack Vendor :STMicroelectronics ThreadX 0.0.2
2025-07-01 14:19:36,515 [INFO] ThirdParty:1030 - CMSIS Pack Vendor :WES I-CUBE-Cesium 1.3.0
2025-07-01 14:19:36,515 [INFO] ThirdParty:1030 - CMSIS Pack Vendor :STMicroelectronics lwIP 2.1.2
2025-07-01 14:19:36,515 [INFO] ThirdParty:1030 - CMSIS Pack Vendor :STMicroelectronics X-CUBE-SFXS2LP1 4.0.0
2025-07-01 14:19:36,515 [INFO] ThirdParty:1030 - CMSIS Pack Vendor :STMicroelectronics X-CUBE-BLE2 3.3.0
2025-07-01 14:19:36,515 [INFO] ThirdParty:1030 - CMSIS Pack Vendor :STMicroelectronics PDM2PCM 3.2.0
2025-07-01 14:19:36,515 [INFO] ThirdParty:1030 - CMSIS Pack Vendor :STMicroelectronics X-CUBE-AZRTOS-H7 3.3.0
2025-07-01 14:19:36,515 [INFO] ThirdParty:1030 - CMSIS Pack Vendor :STMicroelectronics X-CUBE-NFC9 1.0.0
2025-07-01 14:19:36,515 [INFO] ThirdParty:1030 - CMSIS Pack Vendor :STMicroelectronics X-CUBE-BLE1 7.1.0
2025-07-01 14:19:36,515 [INFO] ThirdParty:1030 - CMSIS Pack Vendor :STMicroelectronics USB_DEVICE 3.0.0
2025-07-01 14:19:36,515 [INFO] ThirdParty:1030 - CMSIS Pack Vendor :STMicroelectronics X-CUBE-TCPP 4.1.0
2025-07-01 14:19:36,515 [INFO] ThirdParty:1030 - CMSIS Pack Vendor :STMicroelectronics X-CUBE-IPS 3.0.0
2025-07-01 14:19:36,515 [INFO] ThirdParty:1030 - CMSIS Pack Vendor :STMicroelectronics X-CUBE-AZRTOS-WB 2.0.0
2025-07-01 14:19:36,515 [INFO] ThirdParty:1030 - CMSIS Pack Vendor :STMicroelectronics X-CUBE-GNSS1 7.0.0
2025-07-01 14:19:36,515 [INFO] ThirdParty:1030 - CMSIS Pack Vendor :STMicroelectronics X-CUBE-GNSS1 7.0.1
2025-07-01 14:19:36,515 [INFO] ThirdParty:1030 - CMSIS Pack Vendor :STMicroelectronics X-CUBE-TOUCHGFX 4.25.0
2025-07-01 14:19:36,515 [INFO] ThirdParty:1030 - CMSIS Pack Vendor :STMicroelectronics X-CUBE-AI 10.1.0
2025-07-01 14:19:36,515 [INFO] ThirdParty:1030 - CMSIS Pack Vendor :STMicroelectronics FP-SNS-STBOX1 2.0.0
2025-07-01 14:19:36,515 [INFO] ThirdParty:1030 - CMSIS Pack Vendor :STMicroelectronics X-CUBE-ALGOBUILD 1.3.0
2025-07-01 14:19:36,515 [INFO] ThirdParty:1030 - CMSIS Pack Vendor :STMicroelectronics X-CUBE-MEMS1 11.2.0
2025-07-01 14:19:36,515 [INFO] ThirdParty:1030 - CMSIS Pack Vendor :STMicroelectronics X-CUBE-AZRTOS-G0 1.1.0
2025-07-01 14:19:36,515 [INFO] ThirdParty:1030 - CMSIS Pack Vendor :STMicroelectronics X-CUBE-SAFEA1 1.2.2
2025-07-01 14:19:36,515 [INFO] ThirdParty:1030 - CMSIS Pack Vendor :STMicroelectronics X-CUBE-NFC4 3.0.0
2025-07-01 14:19:36,515 [INFO] ThirdParty:1030 - CMSIS Pack Vendor :STMicroelectronics X-CUBE-SUBG2 5.0.0
2025-07-01 14:19:36,515 [INFO] ThirdParty:1030 - CMSIS Pack Vendor :STMicroelectronics X-CUBE-AZRTOS-H7RS 1.1.0
2025-07-01 14:19:36,515 [INFO] ThirdParty:1030 - CMSIS Pack Vendor :STMicroelectronics STM32_WPAN 1.0.0
2025-07-01 14:19:36,515 [INFO] ThirdParty:1030 - CMSIS Pack Vendor :wolfSSL I-CUBE-wolfMQTT 1.18.0
2025-07-01 14:19:36,515 [INFO] ThirdParty:1030 - CMSIS Pack Vendor :EmbeddedOffice I-CUBE-FS-RTOS 1.0.1
2025-07-01 14:19:36,515 [INFO] ThirdParty:1030 - CMSIS Pack Vendor :STMicroelectronics lwIP 2.0.3
2025-07-01 14:19:36,515 [INFO] ThirdParty:1030 - CMSIS Pack Vendor :STMicroelectronics USB_HOST 1.0.0
2025-07-01 14:19:36,516 [INFO] ThirdParty:1030 - CMSIS Pack Vendor :STMicroelectronics X-CUBE-AZRTOS-G4 2.0.0
2025-07-01 14:19:36,516 [INFO] ThirdParty:1030 - CMSIS Pack Vendor :STMicroelectronics X-CUBE-WB05N 2.0.0
2025-07-01 14:19:36,516 [INFO] ThirdParty:1030 - CMSIS Pack Vendor :STMicroelectronics PDM2PCM 3.1.0
2025-07-01 14:19:36,516 [INFO] ThirdParty:1030 - CMSIS Pack Vendor :STMicroelectronics X-CUBE-NFC7 2.0.0
2025-07-01 14:19:36,516 [INFO] ThirdParty:1030 - CMSIS Pack Vendor :STMicroelectronics X-CUBE-TCPP 4.2.0
2025-07-01 14:19:36,516 [INFO] ThirdParty:1030 - CMSIS Pack Vendor :RealThread X-CUBE-RT-Thread_Nano 4.1.1
2025-07-01 14:19:36,516 [INFO] ThirdParty:1030 - CMSIS Pack Vendor :wolfSSL I-CUBE-wolfSSL 5.7.0
2025-07-01 14:19:36,516 [INFO] ThirdParty:1030 - CMSIS Pack Vendor :STMicroelectronics FP-SNS-MOTENVWB1 1.3.1
2025-07-01 14:19:36,516 [INFO] ThirdParty:1030 - CMSIS Pack Vendor :STMicroelectronics FP-ATR-SIGFOX1 3.2.0
2025-07-01 14:19:36,516 [INFO] ThirdParty:1030 - CMSIS Pack Vendor :quantropi X-CUBE-qispace-sdk-base 1.9.3
2025-07-01 14:19:36,516 [INFO] ThirdParty:1030 - CMSIS Pack Vendor :STMicroelectronics X-CUBE-ISPU 2.0.0
2025-07-01 14:19:36,516 [INFO] ThirdParty:1030 - CMSIS Pack Vendor :STMicroelectronics X-CUBE-EEPRMA1 5.1.0
2025-07-01 14:19:36,516 [INFO] ThirdParty:1030 - CMSIS Pack Vendor :STMicroelectronics MBEDTLS 2.16.2
2025-07-01 14:19:36,516 [INFO] ThirdParty:1030 - CMSIS Pack Vendor :STMicroelectronics X-CUBE-IPS 3.1.0
2025-07-01 14:19:36,516 [INFO] ThirdParty:1030 - CMSIS Pack Vendor :STMicroelectronics X-CUBE-ALS 1.0.2
2025-07-01 14:19:36,516 [INFO] ThirdParty:1030 - CMSIS Pack Vendor :STMicroelectronics X-CUBE-MEMS1 10.0.0
2025-07-01 14:19:36,516 [INFO] ThirdParty:1030 - CMSIS Pack Vendor :STMicroelectronics X-CUBE-FREERTOS 1.1.0
2025-07-01 14:19:36,516 [INFO] ThirdParty:1030 - CMSIS Pack Vendor :STMicroelectronics X-CUBE-TOUCHGFX 4.24.0
2025-07-01 14:19:36,516 [INFO] ThirdParty:1030 - CMSIS Pack Vendor :ITTIA_DB I-CUBE-ITTIADB 8.9.0
2025-07-01 14:19:36,516 [INFO] ThirdParty:1030 - CMSIS Pack Vendor :STMicroelectronics X-CUBE-TOUCHGFX 4.24.2
2025-07-01 14:19:36,516 [INFO] ThirdParty:1030 - CMSIS Pack Vendor :STMicroelectronics X-CUBE-TOUCHGFX 4.24.1
2025-07-01 14:19:36,516 [INFO] ThirdParty:1030 - CMSIS Pack Vendor :portGmbH I-Cube-SoM-uGOAL 1.1.0
2025-07-01 14:19:36,516 [INFO] ThirdParty:1030 - CMSIS Pack Vendor :STMicroelectronics X-CUBE-ALS 1.0.1
2025-07-01 14:19:36,516 [INFO] ThirdParty:1030 - CMSIS Pack Vendor :STMicroelectronics X-CUBE-ST67W61 1.0.0
2025-07-01 14:19:36,516 [INFO] ThirdParty:1030 - CMSIS Pack Vendor :STMicroelectronics ThreadX 1.0.0
2025-07-01 14:19:36,516 [INFO] ThirdParty:1030 - CMSIS Pack Vendor :SEGGER I-CUBE-embOS 1.3.1
2025-07-01 14:19:36,516 [INFO] ThirdParty:1030 - CMSIS Pack Vendor :STMicroelectronics X-CUBE-ALGOBUILD 1.4.0
2025-07-01 14:19:36,516 [INFO] ThirdParty:1030 - CMSIS Pack Vendor :STMicroelectronics X-CUBE-MEMS1 11.3.0
2025-07-01 14:19:36,516 [INFO] ThirdParty:1030 - CMSIS Pack Vendor :STMicroelectronics X-CUBE-AZRTOS-H7RS 1.0.0
2025-07-01 14:19:36,517 [INFO] ThirdParty:1030 - CMSIS Pack Vendor :STMicroelectronics FP-ATR-ASTRA1 2.0.0
2025-07-01 14:19:36,517 [INFO] ThirdParty:1030 - CMSIS Pack Vendor :STMicroelectronics X-CUBE-TOF1 3.4.2
2025-07-01 14:19:36,517 [INFO] ThirdParty:1030 - CMSIS Pack Vendor :STMicroelectronics X-CUBE-TOF1 3.4.3
2025-07-01 14:19:36,517 [INFO] ThirdParty:1030 - CMSIS Pack Vendor :STMicroelectronics X-CUBE-AI 9.1.0
2025-07-01 14:19:36,517 [INFO] ThirdParty:1030 - CMSIS Pack Vendor :STMicroelectronics X-CUBE-TOF1 3.4.1
2025-07-01 14:19:36,517 [INFO] ThirdParty:1030 - CMSIS Pack Vendor :STMicroelectronics X-CUBE-AZRTOS-H7 3.2.0
2025-07-01 14:19:36,517 [INFO] ThirdParty:1030 - CMSIS Pack Vendor :Infineon AIROC-Wi-Fi-Bluetooth-STM32 1.6.0
2025-07-01 14:19:36,517 [INFO] ThirdParty:1030 - CMSIS Pack Vendor :wolfSSL I-CUBE-wolfSSH 1.4.17
2025-07-01 14:19:36,517 [INFO] ThirdParty:841 - exiting critical section [change project]
2025-07-01 14:19:36,666 [INFO] PinOutPanel:1589 - setPackage(No Configuration,No Configuration)
2025-07-01 14:19:36,667 [INFO] PinOutPanel:1589 - setPackage(STM32F446RETx,LQFP64)
2025-07-01 14:19:36,991 [INFO] UtilMem:75 - Before build in PCC Used Memory: 889527960 Bytes (1016070144)
2025-07-01 14:19:37,443 [INFO] UtilMem:75 - After build in PCC Used Memory: 400984912 Bytes (1016070144)
2025-07-01 14:19:37,458 [INFO] ApiDbMcu:508 - Load IP Config File for USB_DEVICE
2025-07-01 14:19:37,477 [INFO] IPUIPlugin:80 - create IPUIPlugin
2025-07-01 14:19:37,477 [INFO] IPUIPlugin:80 - create IPUIPlugin
2025-07-01 14:19:37,477 [INFO] IPUIPlugin:80 - create IPUIPlugin
2025-07-01 14:19:37,477 [INFO] IPUIPlugin:80 - create IPUIPlugin
2025-07-01 14:19:37,477 [INFO] IPUIPlugin:80 - create IPUIPlugin
2025-07-01 14:19:37,478 [INFO] IPUIPlugin:80 - create IPUIPlugin
2025-07-01 14:19:37,478 [INFO] IPUIPlugin:80 - create IPUIPlugin
2025-07-01 14:19:37,478 [INFO] IPUIPlugin:80 - create IPUIPlugin
2025-07-01 14:19:37,478 [INFO] IPUIPlugin:80 - create IPUIPlugin
2025-07-01 14:19:37,478 [INFO] IPUIPlugin:80 - create IPUIPlugin
2025-07-01 14:19:37,478 [INFO] IPUIPlugin:80 - create IPUIPlugin
2025-07-01 14:19:37,478 [INFO] IPUIPlugin:80 - create IPUIPlugin
2025-07-01 14:19:37,478 [INFO] IPUIPlugin:80 - create IPUIPlugin
2025-07-01 14:19:37,478 [INFO] IPUIPlugin:80 - create IPUIPlugin
2025-07-01 14:19:37,478 [INFO] IPUIPlugin:80 - create IPUIPlugin
2025-07-01 14:19:37,478 [INFO] IPUIPlugin:80 - create IPUIPlugin
2025-07-01 14:19:37,478 [INFO] IPUIPlugin:80 - create IPUIPlugin
2025-07-01 14:19:37,478 [INFO] IPUIPlugin:80 - create IPUIPlugin
2025-07-01 14:19:37,478 [INFO] IPUIPlugin:80 - create IPUIPlugin
2025-07-01 14:19:37,478 [INFO] IPUIPlugin:80 - create IPUIPlugin
2025-07-01 14:19:37,478 [INFO] IPUIPlugin:80 - create IPUIPlugin
2025-07-01 14:19:37,478 [INFO] IPUIPlugin:80 - create IPUIPlugin
2025-07-01 14:19:37,478 [INFO] IPUIPlugin:80 - create IPUIPlugin
2025-07-01 14:19:37,479 [INFO] IPUIPlugin:80 - create IPUIPlugin
2025-07-01 14:19:37,479 [INFO] IPUIPlugin:80 - create IPUIPlugin
2025-07-01 14:19:37,479 [INFO] IPUIPlugin:80 - create IPUIPlugin
2025-07-01 14:19:37,479 [INFO] IPUIPlugin:80 - create IPUIPlugin
2025-07-01 14:19:37,479 [INFO] IPUIPlugin:80 - create IPUIPlugin
2025-07-01 14:19:37,479 [INFO] IPUIPlugin:80 - create IPUIPlugin
2025-07-01 14:19:37,479 [INFO] IPUIPlugin:80 - create IPUIPlugin
2025-07-01 14:19:37,479 [INFO] IPUIPlugin:80 - create IPUIPlugin
2025-07-01 14:19:37,479 [INFO] IPUIPlugin:80 - create IPUIPlugin
2025-07-01 14:19:37,479 [INFO] IPUIPlugin:80 - create IPUIPlugin
2025-07-01 14:19:37,479 [INFO] IPUIPlugin:80 - create IPUIPlugin
2025-07-01 14:19:37,479 [INFO] IPUIPlugin:80 - create IPUIPlugin
2025-07-01 14:19:37,480 [INFO] IPUIPlugin:80 - create IPUIPlugin
2025-07-01 14:19:37,480 [INFO] IPUIPlugin:80 - create IPUIPlugin
2025-07-01 14:19:37,480 [INFO] IPUIPlugin:80 - create IPUIPlugin
2025-07-01 14:19:37,480 [INFO] IPUIPlugin:80 - create IPUIPlugin
2025-07-01 14:19:37,480 [INFO] IPUIPlugin:80 - create IPUIPlugin
2025-07-01 14:19:37,480 [INFO] IPUIPlugin:80 - create IPUIPlugin
2025-07-01 14:19:37,480 [INFO] IPUIPlugin:80 - create IPUIPlugin
2025-07-01 14:19:37,480 [INFO] IPUIPlugin:80 - create IPUIPlugin
2025-07-01 14:19:37,480 [INFO] IPUIPlugin:80 - create IPUIPlugin
2025-07-01 14:19:37,480 [INFO] IPUIPlugin:80 - create IPUIPlugin
2025-07-01 14:19:37,480 [INFO] IPUIPlugin:80 - create IPUIPlugin
2025-07-01 14:19:37,481 [INFO] IPUIPlugin:80 - create IPUIPlugin
2025-07-01 14:19:37,481 [INFO] IPUIPlugin:80 - create IPUIPlugin
2025-07-01 14:19:37,481 [INFO] IPUIPlugin:80 - create IPUIPlugin
2025-07-01 14:19:37,481 [INFO] IPUIPlugin:80 - create IPUIPlugin
2025-07-01 14:19:37,481 [INFO] IPUIPlugin:80 - create IPUIPlugin
2025-07-01 14:19:37,481 [INFO] IPUIPlugin:80 - create IPUIPlugin
2025-07-01 14:19:37,481 [INFO] IPUIPlugin:80 - create IPUIPlugin
2025-07-01 14:19:37,481 [INFO] IPUIPlugin:80 - create IPUIPlugin
2025-07-01 14:19:37,481 [INFO] IPUIPlugin:80 - create IPUIPlugin
2025-07-01 14:19:37,482 [INFO] IPUIPlugin:80 - create IPUIPlugin
2025-07-01 14:19:37,482 [INFO] IPUIPlugin:80 - create IPUIPlugin
2025-07-01 14:19:37,482 [INFO] IPUIPlugin:80 - create IPUIPlugin
2025-07-01 14:19:37,482 [INFO] IPUIPlugin:80 - create IPUIPlugin
2025-07-01 14:19:37,482 [INFO] IPUIPlugin:80 - create IPUIPlugin
2025-07-01 14:19:37,494 [INFO] ApiDbMcu:508 - Load IP Config File for PDM2PCM
2025-07-01 14:19:37,496 [INFO] Can:71 - Can Add PropertyChangeListener com.st.microxplorer.plugins.ip.can.Can@2445ed90
2025-07-01 14:19:37,497 [WARN] IP:2250 - I2C_Coeff_DF not found: check if there is a RefParameter without a condition.
2025-07-01 14:19:37,497 [WARN] IP:2250 - Analog_Filter not found: check if there is a RefParameter without a condition.
2025-07-01 14:19:37,567 [INFO] CADModel:165 - CPN selected for project levelSTM32F446RET6
2025-07-01 14:19:37,567 [INFO] CADModel:114 - Register for checkConnection events
2025-07-01 14:19:37,624 [INFO] OpenFileManager:385 - Restore cursor
2025-07-01 14:19:37,732 [WARN] IP:2250 - DEVICE_SERIAL0_CDC_FS not found: check if there is a RefParameter without a condition.
2025-07-01 14:19:37,733 [WARN] IP:2250 - DEVICE_SERIAL1_CDC_FS not found: check if there is a RefParameter without a condition.
2025-07-01 14:19:37,733 [WARN] IP:2250 - DEVICE_SERIAL2_CDC_FS not found: check if there is a RefParameter without a condition.
2025-07-01 14:19:37,733 [WARN] IP:2250 - DEVICE_SERIAL0_CDC_FS not found: check if there is a RefParameter without a condition.
2025-07-01 14:19:37,733 [WARN] IP:2250 - DEVICE_SERIAL1_CDC_FS not found: check if there is a RefParameter without a condition.
2025-07-01 14:19:37,733 [WARN] IP:2250 - DEVICE_SERIAL2_CDC_FS not found: check if there is a RefParameter without a condition.
2025-07-01 14:19:37,788 [WARN] IP:2250 - I2C_Coeff_DF not found: check if there is a RefParameter without a condition.
2025-07-01 14:19:37,788 [WARN] IP:2250 - Analog_Filter not found: check if there is a RefParameter without a condition.
2025-07-01 14:19:37,788 [WARN] IP:2250 - I2C_Coeff_DF not found: check if there is a RefParameter without a condition.
2025-07-01 14:19:37,788 [WARN] IP:2250 - Analog_Filter not found: check if there is a RefParameter without a condition.
2025-07-01 14:19:41,145 [INFO] ADCParametersView:116 -                Rank 1 : false
2025-07-01 14:19:41,203 [INFO] ADCParametersView:116 -                Rank 1 : false
2025-07-01 14:19:41,203 [INFO] ADCParametersView:116 -                Rank 1 : false
2025-07-01 14:19:41,203 [INFO] ADCParametersView:116 -                Rank 1 : false
2025-07-01 14:19:41,203 [INFO] ADCParametersView:116 -                Rank 1 : false
2025-07-01 14:19:41,203 [INFO] ADCParametersView:116 -                Rank 1 : false
2025-07-01 14:19:41,204 [INFO] ADCParametersView:116 -                Rank 1 : false
2025-07-01 14:19:41,204 [INFO] ADCParametersView:116 -                Rank 1 : false
2025-07-01 14:19:41,204 [INFO] ADCParametersView:116 -                Rank 1 : false
2025-07-01 14:19:41,204 [INFO] ADCParametersView:116 -                Rank 1 : false
2025-07-01 14:19:41,204 [INFO] ADCParametersView:116 -                Rank 1 : false
2025-07-01 14:19:41,204 [INFO] ADCParametersView:116 -                Rank 1 : false
2025-07-01 14:19:41,204 [INFO] ADCParametersView:116 -                Rank 1 : false
2025-07-01 14:19:41,204 [INFO] ADCParametersView:116 -                Rank 1 : false
2025-07-01 14:19:41,204 [INFO] ADCParametersView:116 -                Rank 1 : false
2025-07-01 14:19:41,227 [INFO] ADCParametersView:116 -                Rank 1 : false
2025-07-01 14:19:47,096 [INFO] NvicIntPanel:101 - NVIC parent = com.st.microxplorer.plugins.ip.nvic.MultiNvicIntPanel[,0,0,450x161,layout=javax.swing.BoxLayout,alignmentX=0.0,alignmentY=0.0,border=,flags=9,maximumSize=,minimumSize=,preferredSize=]
2025-07-01 14:19:47,620 [INFO] ADCParametersView:116 -                Rank 1 : false
2025-07-01 14:19:47,621 [INFO] ADCParametersView:116 -                Rank 1 : false
2025-07-01 14:19:47,621 [INFO] ADCParametersView:116 -                Rank 1 : false
2025-07-01 14:19:47,621 [INFO] ADCParametersView:116 -                Rank 1 : false
2025-07-01 14:19:47,621 [INFO] ADCParametersView:116 -                Rank 1 : false
2025-07-01 14:19:47,621 [INFO] ADCParametersView:116 -                Rank 1 : false
2025-07-01 14:19:47,621 [INFO] ADCParametersView:116 -                Rank 1 : false
2025-07-01 14:19:47,621 [INFO] ADCParametersView:116 -                Rank 1 : false
2025-07-01 14:19:47,621 [INFO] ADCParametersView:116 -                Rank 1 : false
2025-07-01 14:19:47,621 [INFO] ADCParametersView:116 -                Rank 1 : false
2025-07-01 14:19:47,621 [INFO] ADCParametersView:116 -                Rank 1 : false
2025-07-01 14:19:47,621 [INFO] ADCParametersView:116 -                Rank 1 : false
2025-07-01 14:19:47,621 [INFO] ADCParametersView:116 -                Rank 1 : false
2025-07-01 14:19:47,621 [INFO] ADCParametersView:116 -                Rank 1 : false
2025-07-01 14:19:47,652 [INFO] ADCParametersView:116 -                Rank 1 : false
2025-07-01 14:25:47,182 [INFO] SpinnerEditorADC:65 - is string kkkk
2025-07-01 14:25:49,807 [INFO] NvicIntPanel:101 - NVIC parent = com.st.microxplorer.plugins.ip.nvic.MultiNvicIntPanel[,0,0,0x0,invalid,layout=javax.swing.BoxLayout,alignmentX=0.0,alignmentY=0.0,border=,flags=9,maximumSize=,minimumSize=,preferredSize=]
2025-07-01 14:25:49,946 [INFO] NvicIntPanel:101 - NVIC parent = com.st.microxplorer.plugins.ip.nvic.MultiNvicIntPanel[,0,0,0x0,invalid,layout=javax.swing.BoxLayout,alignmentX=0.0,alignmentY=0.0,border=,flags=9,maximumSize=,minimumSize=,preferredSize=]
2025-07-01 14:25:50,039 [INFO] NvicIntPanel:101 - NVIC parent = com.st.microxplorer.plugins.ip.nvic.MultiNvicIntPanel[,0,0,0x0,invalid,layout=javax.swing.BoxLayout,alignmentX=0.0,alignmentY=0.0,border=,flags=9,maximumSize=,minimumSize=,preferredSize=]
2025-07-01 14:25:50,111 [INFO] NvicIntPanel:101 - NVIC parent = com.st.microxplorer.plugins.ip.nvic.MultiNvicIntPanel[,0,0,0x0,invalid,layout=javax.swing.BoxLayout,alignmentX=0.0,alignmentY=0.0,border=,flags=9,maximumSize=,minimumSize=,preferredSize=]
2025-07-01 14:25:50,142 [INFO] ADCParametersView:116 -                Rank 1 : false
2025-07-01 14:25:50,143 [INFO] ADCParametersView:116 -                Rank 1 : false
2025-07-01 14:25:50,143 [INFO] ADCParametersView:116 -                Rank 1 : false
2025-07-01 14:25:50,143 [INFO] ADCParametersView:116 -                Rank 1 : false
2025-07-01 14:25:50,143 [INFO] ADCParametersView:116 -                Rank 1 : false
2025-07-01 14:25:50,143 [INFO] ADCParametersView:116 -                Rank 1 : false
2025-07-01 14:25:50,143 [INFO] ADCParametersView:116 -                Rank 1 : false
2025-07-01 14:25:50,143 [INFO] ADCParametersView:116 -                Rank 1 : false
2025-07-01 14:25:50,144 [INFO] ADCParametersView:116 -                Rank 1 : false
2025-07-01 14:25:50,144 [INFO] ADCParametersView:116 -                Rank 1 : false
2025-07-01 14:25:50,144 [INFO] ADCParametersView:116 -                Rank 1 : false
2025-07-01 14:25:50,144 [INFO] ADCParametersView:116 -                Rank 1 : false
2025-07-01 14:25:50,144 [INFO] ADCParametersView:116 -                Rank 1 : false
2025-07-01 14:25:50,144 [INFO] ADCParametersView:116 -                Rank 1 : false
2025-07-01 14:25:50,167 [INFO] ADCParametersView:116 -                Rank 1 : false
2025-07-01 14:25:50,168 [INFO] ADCParametersView:116 -                Rank 1 : false
2025-07-01 14:25:50,168 [INFO] ADCParametersView:116 -        *      Rank 2 : false
2025-07-01 14:25:50,188 [INFO] ADCParametersView:116 -                Rank 1 : true
2025-07-01 14:25:50,188 [INFO] ADCParametersView:116 -        *      Rank 2 : false
2025-07-01 14:25:50,393 [INFO] ADCParametersView:116 -                Rank 1 : false
2025-07-01 14:25:50,393 [INFO] ADCParametersView:116 -        *      Rank 2 : false
2025-07-01 14:25:50,819 [INFO] ADCParametersView:116 -                Rank 1 : true
2025-07-01 14:25:50,819 [INFO] ADCParametersView:116 -        *      Rank 2 : false
2025-07-01 14:25:53,185 [INFO] ADCParametersView:116 -                Rank 1 : true
2025-07-01 14:25:53,186 [INFO] ADCParametersView:116 -        *      Rank 2 : true
2025-07-01 14:26:07,112 [INFO] SpinnerEditorADC:65 - is string kkkk
2025-07-01 14:26:09,470 [INFO] NvicIntPanel:101 - NVIC parent = com.st.microxplorer.plugins.ip.nvic.MultiNvicIntPanel[,0,0,0x0,invalid,layout=javax.swing.BoxLayout,alignmentX=0.0,alignmentY=0.0,border=,flags=9,maximumSize=,minimumSize=,preferredSize=]
2025-07-01 14:26:09,501 [INFO] ADCParametersView:116 -                Rank 1 : true
2025-07-01 14:26:09,501 [INFO] ADCParametersView:116 -        *      Rank 2 : true
2025-07-01 14:26:09,502 [INFO] ADCParametersView:116 -                Rank 1 : true
2025-07-01 14:26:09,502 [INFO] ADCParametersView:116 -        *      Rank 2 : true
2025-07-01 14:26:09,502 [INFO] ADCParametersView:116 -                Rank 1 : true
2025-07-01 14:26:09,502 [INFO] ADCParametersView:116 -        *      Rank 2 : true
2025-07-01 14:26:09,502 [INFO] ADCParametersView:116 -                Rank 1 : true
2025-07-01 14:26:09,502 [INFO] ADCParametersView:116 -        *      Rank 2 : true
2025-07-01 14:26:09,502 [INFO] ADCParametersView:116 -                Rank 1 : true
2025-07-01 14:26:09,502 [INFO] ADCParametersView:116 -        *      Rank 2 : true
2025-07-01 14:26:09,503 [INFO] ADCParametersView:116 -                Rank 1 : true
2025-07-01 14:26:09,503 [INFO] ADCParametersView:116 -        *      Rank 2 : true
2025-07-01 14:26:09,503 [INFO] ADCParametersView:116 -                Rank 1 : true
2025-07-01 14:26:09,503 [INFO] ADCParametersView:116 -        *      Rank 2 : true
2025-07-01 14:26:09,503 [INFO] ADCParametersView:116 -                Rank 1 : true
2025-07-01 14:26:09,503 [INFO] ADCParametersView:116 -        *      Rank 2 : true
2025-07-01 14:26:09,503 [INFO] ADCParametersView:116 -                Rank 1 : true
2025-07-01 14:26:09,503 [INFO] ADCParametersView:116 -        *      Rank 2 : true
2025-07-01 14:26:09,503 [INFO] ADCParametersView:116 -                Rank 1 : true
2025-07-01 14:26:09,503 [INFO] ADCParametersView:116 -        *      Rank 2 : true
2025-07-01 14:26:09,503 [INFO] ADCParametersView:116 -                Rank 1 : true
2025-07-01 14:26:09,503 [INFO] ADCParametersView:116 -        *      Rank 2 : true
2025-07-01 14:26:09,503 [INFO] ADCParametersView:116 -                Rank 1 : true
2025-07-01 14:26:09,503 [INFO] ADCParametersView:116 -        *      Rank 2 : true
2025-07-01 14:26:09,503 [INFO] ADCParametersView:116 -                Rank 1 : true
2025-07-01 14:26:09,503 [INFO] ADCParametersView:116 -        *      Rank 2 : true
2025-07-01 14:26:09,503 [INFO] ADCParametersView:116 -                Rank 1 : true
2025-07-01 14:26:09,503 [INFO] ADCParametersView:116 -        *      Rank 2 : true
2025-07-01 14:26:09,503 [INFO] ADCParametersView:116 -        *      Rank 2 : true
2025-07-01 14:26:09,519 [INFO] ADCParametersView:116 -                Rank 1 : true
2025-07-01 14:26:10,832 [INFO] ADCParametersView:116 -                Rank 1 : false
2025-07-01 14:26:11,782 [INFO] ADCParametersView:116 -                Rank 1 : true
2025-07-01 14:26:28,927 [INFO] NvicIntPanel:101 - NVIC parent = com.st.microxplorer.plugins.ip.nvic.MultiNvicIntPanel[,0,0,0x0,invalid,layout=javax.swing.BoxLayout,alignmentX=0.0,alignmentY=0.0,border=,flags=9,maximumSize=,minimumSize=,preferredSize=]
2025-07-01 14:26:28,955 [INFO] ADCParametersView:116 -                Rank 1 : true
2025-07-01 14:26:28,957 [INFO] ADCParametersView:116 -                Rank 1 : true
2025-07-01 14:26:28,957 [INFO] ADCParametersView:116 -                Rank 1 : true
2025-07-01 14:26:28,957 [INFO] ADCParametersView:116 -                Rank 1 : true
2025-07-01 14:26:28,957 [INFO] ADCParametersView:116 -                Rank 1 : true
2025-07-01 14:26:28,957 [INFO] ADCParametersView:116 -                Rank 1 : true
2025-07-01 14:26:28,957 [INFO] ADCParametersView:116 -                Rank 1 : true
2025-07-01 14:26:28,957 [INFO] ADCParametersView:116 -                Rank 1 : true
2025-07-01 14:26:28,957 [INFO] ADCParametersView:116 -                Rank 1 : true
2025-07-01 14:26:28,957 [INFO] ADCParametersView:116 -                Rank 1 : true
2025-07-01 14:26:28,957 [INFO] ADCParametersView:116 -                Rank 1 : true
2025-07-01 14:26:28,957 [INFO] ADCParametersView:116 -                Rank 1 : true
2025-07-01 14:26:28,957 [INFO] ADCParametersView:116 -                Rank 1 : true
2025-07-01 14:26:28,957 [INFO] ADCParametersView:116 -                Rank 1 : true
2025-07-01 14:26:28,972 [INFO] ADCParametersView:116 -                Rank 1 : true
2025-07-01 14:26:31,679 [INFO] UtilMem:75 - End SaveConfig() Used Memory: 810018768 Bytes (1016070144)
2025-07-01 14:26:32,998 [INFO] UtilMem:75 - End SaveConfig() Used Memory: 834506264 Bytes (1016070144)
2025-07-01 14:26:35,379 [INFO] UtilMem:75 - End SaveConfig() Used Memory: 373356056 Bytes (1016070144)
2025-07-01 14:26:35,793 [INFO] BlockDiagram:2775 - set Specific Code input for plugin: CAN
2025-07-01 14:26:35,793 [INFO] BlockDiagram:2775 - set Specific Code input for plugin: USB_DEVICE
2025-07-01 14:26:35,793 [INFO] BlockDiagram:2775 - set Specific Code input for plugin: SYS
2025-07-01 14:26:35,793 [INFO] BlockDiagram:2775 - set Specific Code input for plugin: ADC
2025-07-01 14:26:35,793 [INFO] BlockDiagram:2775 - set Specific Code input for plugin: RCC
2025-07-01 14:26:35,793 [INFO] BlockDiagram:2775 - set Specific Code input for plugin: I2C
2025-07-01 14:26:35,793 [INFO] BlockDiagram:2775 - set Specific Code input for plugin: USB_OTG_FS
2025-07-01 14:26:35,793 [INFO] BlockDiagram:2775 - set Specific Code input for plugin: NVIC
2025-07-01 14:26:35,793 [INFO] BlockDiagram:2775 - set Specific Code input for plugin: GPIO
2025-07-01 14:26:35,796 [INFO] CodeGenerator:882 - code generatio: config db path: C:\ST\STM32CubeIDE_1.15.0\STM32CubeIDE\plugins\com.st.stm32cube.common.mx_6.14.1.202504091515\\db\
2025-07-01 14:26:35,802 [WARN] IP:2250 - I2C_Coeff_DF not found: check if there is a RefParameter without a condition.
2025-07-01 14:26:35,802 [WARN] IP:2250 - Analog_Filter not found: check if there is a RefParameter without a condition.
2025-07-01 14:26:35,813 [WARN] IP:2250 - DEVICE_SERIAL0_CDC_FS not found: check if there is a RefParameter without a condition.
2025-07-01 14:26:35,813 [WARN] IP:2250 - DEVICE_SERIAL1_CDC_FS not found: check if there is a RefParameter without a condition.
2025-07-01 14:26:35,813 [WARN] IP:2250 - DEVICE_SERIAL2_CDC_FS not found: check if there is a RefParameter without a condition.
2025-07-01 14:26:35,897 [INFO] CodeEngine:263 - oldGeneratedFile, C:\Work\CAN_PDM\FW\V1\Workspace\CAN_PDM\MXTmpFiles\license.tmp_save
2025-07-01 14:26:36,071 [INFO] CodeEngine:287 - Generated code: C:\Work\CAN_PDM\FW\V1\Workspace\CAN_PDM\MXTmpFiles\license.tmp
2025-07-01 14:26:36,148 [INFO] CodeEngine:263 - oldGeneratedFile, C:\Work\CAN_PDM\FW\V1\Workspace\CAN_PDM\Core\Src\gpio.c_save
2025-07-01 14:26:36,263 [INFO] CodeEngine:287 - Generated code: C:\Work\CAN_PDM\FW\V1\Workspace\CAN_PDM\Core\Src\gpio.c
2025-07-01 14:26:36,285 [INFO] CodeEngine:263 - oldGeneratedFile, C:\Work\CAN_PDM\FW\V1\Workspace\CAN_PDM\Core\Inc\gpio.h_save
2025-07-01 14:26:36,368 [INFO] CodeEngine:287 - Generated code: C:\Work\CAN_PDM\FW\V1\Workspace\CAN_PDM\Core\Inc\gpio.h
2025-07-01 14:26:36,446 [WARN] IPConfigManager:3217 - Warning: the RefConfig PWREx_EnableUSBVoltageDetector is not available in your config.xml file
2025-07-01 14:26:36,465 [INFO] CodeEngine:263 - oldGeneratedFile, C:\Work\CAN_PDM\FW\V1\Workspace\CAN_PDM\MXTmpFiles\usb_otg_fs_vars.tmp_save
2025-07-01 14:26:36,546 [INFO] CodeEngine:287 - Generated code: C:\Work\CAN_PDM\FW\V1\Workspace\CAN_PDM\MXTmpFiles\usb_otg_fs_vars.tmp
2025-07-01 14:26:36,559 [INFO] CodeEngine:263 - oldGeneratedFile, C:\Work\CAN_PDM\FW\V1\Workspace\CAN_PDM\MXTmpFiles\usb_otg_fs_inc.tmp_save
2025-07-01 14:26:36,620 [INFO] CodeEngine:287 - Generated code: C:\Work\CAN_PDM\FW\V1\Workspace\CAN_PDM\MXTmpFiles\usb_otg_fs_inc.tmp
2025-07-01 14:26:36,638 [INFO] CodeEngine:263 - oldGeneratedFile, C:\Work\CAN_PDM\FW\V1\Workspace\CAN_PDM\MXTmpFiles\usb_otg_fs_HalInit.tmp_save
2025-07-01 14:26:36,728 [INFO] CodeEngine:287 - Generated code: C:\Work\CAN_PDM\FW\V1\Workspace\CAN_PDM\MXTmpFiles\usb_otg_fs_HalInit.tmp
2025-07-01 14:26:36,750 [INFO] CodeEngine:263 - oldGeneratedFile, C:\Work\CAN_PDM\FW\V1\Workspace\CAN_PDM\MXTmpFiles\usb_otg_fs_Msp.tmp_save
2025-07-01 14:26:36,839 [INFO] CodeEngine:287 - Generated code: C:\Work\CAN_PDM\FW\V1\Workspace\CAN_PDM\MXTmpFiles\usb_otg_fs_Msp.tmp
2025-07-01 14:26:37,059 [INFO] Middleware:1452 - No code input for Bsp Dependency
2025-07-01 14:26:37,087 [INFO] CodeEngine:263 - oldGeneratedFile, C:\Work\CAN_PDM\FW\V1\Workspace\CAN_PDM\Core\Src\adc.c_save
2025-07-01 14:26:37,191 [INFO] CodeEngine:287 - Generated code: C:\Work\CAN_PDM\FW\V1\Workspace\CAN_PDM\Core\Src\adc.c
2025-07-01 14:26:37,219 [INFO] CodeEngine:263 - oldGeneratedFile, C:\Work\CAN_PDM\FW\V1\Workspace\CAN_PDM\Core\Inc\adc.h_save
2025-07-01 14:26:37,283 [INFO] CodeEngine:287 - Generated code: C:\Work\CAN_PDM\FW\V1\Workspace\CAN_PDM\Core\Inc\adc.h
2025-07-01 14:26:37,317 [INFO] CodeEngine:263 - oldGeneratedFile, C:\Work\CAN_PDM\FW\V1\Workspace\CAN_PDM\Core\Src\can.c_save
2025-07-01 14:26:37,396 [INFO] CodeEngine:287 - Generated code: C:\Work\CAN_PDM\FW\V1\Workspace\CAN_PDM\Core\Src\can.c
2025-07-01 14:26:37,415 [INFO] CodeEngine:263 - oldGeneratedFile, C:\Work\CAN_PDM\FW\V1\Workspace\CAN_PDM\Core\Inc\can.h_save
2025-07-01 14:26:37,471 [INFO] CodeEngine:287 - Generated code: C:\Work\CAN_PDM\FW\V1\Workspace\CAN_PDM\Core\Inc\can.h
2025-07-01 14:26:37,502 [INFO] CodeEngine:263 - oldGeneratedFile, C:\Work\CAN_PDM\FW\V1\Workspace\CAN_PDM\Core\Src\i2c.c_save
2025-07-01 14:26:37,584 [INFO] CodeEngine:287 - Generated code: C:\Work\CAN_PDM\FW\V1\Workspace\CAN_PDM\Core\Src\i2c.c
2025-07-01 14:26:37,601 [INFO] CodeEngine:263 - oldGeneratedFile, C:\Work\CAN_PDM\FW\V1\Workspace\CAN_PDM\Core\Inc\i2c.h_save
2025-07-01 14:26:37,656 [INFO] CodeEngine:287 - Generated code: C:\Work\CAN_PDM\FW\V1\Workspace\CAN_PDM\Core\Inc\i2c.h
2025-07-01 14:26:37,680 [INFO] Middleware:1452 - No code input for Bsp Dependency
2025-07-01 14:26:37,699 [INFO] CodeEngine:263 - oldGeneratedFile, C:\Work\CAN_PDM\FW\V1\Workspace\CAN_PDM\USB_DEVICE\App\usb_device.c_save
2025-07-01 14:26:37,756 [INFO] CodeEngine:287 - Generated code: C:\Work\CAN_PDM\FW\V1\Workspace\CAN_PDM\USB_DEVICE\App\usb_device.c
2025-07-01 14:26:37,775 [INFO] CodeEngine:263 - oldGeneratedFile, C:\Work\CAN_PDM\FW\V1\Workspace\CAN_PDM\USB_DEVICE\App\usb_device.h_save
2025-07-01 14:26:37,833 [INFO] CodeEngine:287 - Generated code: C:\Work\CAN_PDM\FW\V1\Workspace\CAN_PDM\USB_DEVICE\App\usb_device.h
2025-07-01 14:26:37,851 [INFO] CodeEngine:263 - oldGeneratedFile, C:\Work\CAN_PDM\FW\V1\Workspace\CAN_PDM\USB_DEVICE\Target\usbd_conf.h_save
2025-07-01 14:26:37,908 [INFO] CodeEngine:287 - Generated code: C:\Work\CAN_PDM\FW\V1\Workspace\CAN_PDM\USB_DEVICE\Target\usbd_conf.h
2025-07-01 14:26:37,928 [INFO] CodeEngine:263 - oldGeneratedFile, C:\Work\CAN_PDM\FW\V1\Workspace\CAN_PDM\USB_DEVICE\Target\usbd_conf.c_save
2025-07-01 14:26:37,994 [INFO] CodeEngine:287 - Generated code: C:\Work\CAN_PDM\FW\V1\Workspace\CAN_PDM\USB_DEVICE\Target\usbd_conf.c
2025-07-01 14:26:38,014 [INFO] CodeEngine:263 - oldGeneratedFile, C:\Work\CAN_PDM\FW\V1\Workspace\CAN_PDM\USB_DEVICE\App\usbd_desc.h_save
2025-07-01 14:26:38,067 [INFO] CodeEngine:287 - Generated code: C:\Work\CAN_PDM\FW\V1\Workspace\CAN_PDM\USB_DEVICE\App\usbd_desc.h
2025-07-01 14:26:38,086 [INFO] CodeEngine:263 - oldGeneratedFile, C:\Work\CAN_PDM\FW\V1\Workspace\CAN_PDM\USB_DEVICE\App\usbd_desc.c_save
2025-07-01 14:26:38,145 [INFO] CodeEngine:287 - Generated code: C:\Work\CAN_PDM\FW\V1\Workspace\CAN_PDM\USB_DEVICE\App\usbd_desc.c
2025-07-01 14:26:38,162 [INFO] CodeEngine:263 - oldGeneratedFile, C:\Work\CAN_PDM\FW\V1\Workspace\CAN_PDM\USB_DEVICE\App\usbd_cdc_if.h_save
2025-07-01 14:26:38,217 [INFO] CodeEngine:287 - Generated code: C:\Work\CAN_PDM\FW\V1\Workspace\CAN_PDM\USB_DEVICE\App\usbd_cdc_if.h
2025-07-01 14:26:38,239 [INFO] CodeEngine:263 - oldGeneratedFile, C:\Work\CAN_PDM\FW\V1\Workspace\CAN_PDM\USB_DEVICE\App\usbd_cdc_if.c_save
2025-07-01 14:26:38,305 [INFO] CodeEngine:287 - Generated code: C:\Work\CAN_PDM\FW\V1\Workspace\CAN_PDM\USB_DEVICE\App\usbd_cdc_if.c
2025-07-01 14:26:38,341 [INFO] CodeEngine:263 - oldGeneratedFile, C:\Work\CAN_PDM\FW\V1\Workspace\CAN_PDM\Core\Src\stm32f4xx_it.c_save
2025-07-01 14:26:38,445 [INFO] CodeEngine:287 - Generated code: C:\Work\CAN_PDM\FW\V1\Workspace\CAN_PDM\Core\Src\stm32f4xx_it.c
2025-07-01 14:26:38,464 [INFO] CodeEngine:263 - oldGeneratedFile, C:\Work\CAN_PDM\FW\V1\Workspace\CAN_PDM\Core\Inc\stm32f4xx_it.h_save
2025-07-01 14:26:38,519 [INFO] CodeEngine:287 - Generated code: C:\Work\CAN_PDM\FW\V1\Workspace\CAN_PDM\Core\Inc\stm32f4xx_it.h
2025-07-01 14:26:38,556 [INFO] CodeEngine:263 - oldGeneratedFile, C:\Work\CAN_PDM\FW\V1\Workspace\CAN_PDM\Core\Src\stm32f4xx_hal_msp.c_save
2025-07-01 14:26:38,624 [INFO] CodeEngine:287 - Generated code: C:\Work\CAN_PDM\FW\V1\Workspace\CAN_PDM\Core\Src\stm32f4xx_hal_msp.c
2025-07-01 14:26:38,641 [INFO] CodeEngine:263 - oldGeneratedFile, C:\Work\CAN_PDM\FW\V1\Workspace\CAN_PDM\MXTmpFiles\system.tmp_save
2025-07-01 14:26:38,680 [INFO] CodeEngine:287 - Generated code: C:\Work\CAN_PDM\FW\V1\Workspace\CAN_PDM\MXTmpFiles\system.tmp
2025-07-01 14:26:38,705 [INFO] CodeEngine:319 - oldGeneratedFile, C:\Work\CAN_PDM\FW\V1\Workspace\CAN_PDM\Core\Inc\stm32f4xx_hal_conf.h_save
2025-07-01 14:26:38,755 [INFO] CodeEngine:343 - Generated code: C:\Work\CAN_PDM\FW\V1\Workspace\CAN_PDM\Core\Inc\stm32f4xx_hal_conf.h
2025-07-01 14:26:38,783 [WARN] IPConfigManager:3217 - Warning: the RefConfig PLL2P_FOR_MCO is not available in your config.xml file
2025-07-01 14:26:38,788 [INFO] ApiDbMcu:508 - Load IP Config File for ADC1
2025-07-01 14:26:38,793 [INFO] ApiDbMcu:508 - Load IP Config File for CAN1
2025-07-01 14:26:38,796 [INFO] ApiDbMcu:508 - Load IP Config File for I2C1
2025-07-01 14:26:38,799 [INFO] ApiDbMcu:508 - Load IP Config File for RCC
2025-07-01 14:26:38,821 [INFO] CodeEngine:263 - oldGeneratedFile, C:\Work\CAN_PDM\FW\V1\Workspace\CAN_PDM\Core\Inc\main.h_save
2025-07-01 14:26:38,898 [INFO] CodeEngine:287 - Generated code: C:\Work\CAN_PDM\FW\V1\Workspace\CAN_PDM\Core\Inc\main.h
2025-07-01 14:26:38,924 [INFO] CodeEngine:263 - oldGeneratedFile, C:\Work\CAN_PDM\FW\V1\Workspace\CAN_PDM\Core\Src\main.c_save
2025-07-01 14:26:39,022 [INFO] CodeEngine:287 - Generated code: C:\Work\CAN_PDM\FW\V1\Workspace\CAN_PDM\Core\Src\main.c
2025-07-01 14:26:40,542 [INFO] ProjectBuilder:3324 - Time for Copy HAL[1] : 1394mS.
2025-07-01 14:26:40,557 [INFO] ProjectBuilder:4912 - Project Generator version: 4.6.0.1-B1
2025-07-01 14:26:40,626 [INFO] ConfigFileManager:1590 - The Die is : DIE421
2025-07-01 14:26:40,634 [INFO] ApiDbMcu:508 - Load IP Config File for FATFS
2025-07-01 14:26:40,645 [INFO] ApiDbMcu:508 - Load IP Config File for FREERTOS
2025-07-01 14:26:40,650 [INFO] ApiDbMcu:508 - Load IP Config File for LIBJPEG
2025-07-01 14:26:40,657 [INFO] ApiDbMcu:508 - Load IP Config File for MBEDTLS
2025-07-01 14:26:40,664 [INFO] ApiDbMcu:508 - Load IP Config File for USB_HOST
2025-07-01 14:26:41,805 [INFO] ProjectBuilder:5191 - Time for Generating toolchain IDE Files: 1248mS.
2025-07-01 14:26:41,808 [INFO] ProjectBuilder:3181 - Time for Copy CMSIS : 3mS.
2025-07-01 14:26:41,816 [INFO] ProjectBuilder:3181 - Time for Copy CMSIS : 0mS.
2025-07-01 15:39:27,922 [WARN] IP:2250 - DEVICE_SERIAL0_CDC_FS not found: check if there is a RefParameter without a condition.
2025-07-01 15:39:27,922 [WARN] IP:2250 - DEVICE_SERIAL1_CDC_FS not found: check if there is a RefParameter without a condition.
2025-07-01 15:39:27,922 [WARN] IP:2250 - DEVICE_SERIAL2_CDC_FS not found: check if there is a RefParameter without a condition.
2025-07-01 15:39:37,317 [WARN] IP:2250 - DEVICE_SERIAL0_CDC_FS not found: check if there is a RefParameter without a condition.
2025-07-01 15:39:37,317 [WARN] IP:2250 - DEVICE_SERIAL1_CDC_FS not found: check if there is a RefParameter without a condition.
2025-07-01 15:39:37,318 [WARN] IP:2250 - DEVICE_SERIAL2_CDC_FS not found: check if there is a RefParameter without a condition.
2025-07-01 15:39:46,267 [WARN] IP:2250 - DEVICE_SERIAL0_CDC_FS not found: check if there is a RefParameter without a condition.
2025-07-01 15:39:46,267 [WARN] IP:2250 - DEVICE_SERIAL1_CDC_FS not found: check if there is a RefParameter without a condition.
2025-07-01 15:39:46,267 [WARN] IP:2250 - DEVICE_SERIAL2_CDC_FS not found: check if there is a RefParameter without a condition.
2025-07-01 15:39:46,268 [WARN] IP:2250 - DEVICE_SERIAL0_CDC_FS not found: check if there is a RefParameter without a condition.
2025-07-01 15:39:46,268 [WARN] IP:2250 - DEVICE_SERIAL1_CDC_FS not found: check if there is a RefParameter without a condition.
2025-07-01 15:39:46,268 [WARN] IP:2250 - DEVICE_SERIAL2_CDC_FS not found: check if there is a RefParameter without a condition.
2025-07-01 15:39:46,295 [WARN] IP:2250 - DEVICE_SERIAL0_CDC_FS not found: check if there is a RefParameter without a condition.
2025-07-01 15:39:46,295 [WARN] IP:2250 - DEVICE_SERIAL1_CDC_FS not found: check if there is a RefParameter without a condition.
2025-07-01 15:39:46,295 [WARN] IP:2250 - DEVICE_SERIAL2_CDC_FS not found: check if there is a RefParameter without a condition.
2025-07-01 15:39:47,443 [INFO] UtilMem:75 - End SaveConfig() Used Memory: 1060267272 Bytes (1073741824)
2025-07-01 15:39:48,698 [INFO] UtilMem:75 - End SaveConfig() Used Memory: 989571056 Bytes (1073741824)
2025-07-01 15:39:49,854 [INFO] UtilMem:75 - End SaveConfig() Used Memory: 494001416 Bytes (1073741824)
2025-07-01 15:39:50,253 [INFO] BlockDiagram:2775 - set Specific Code input for plugin: CAN
2025-07-01 15:39:50,253 [INFO] BlockDiagram:2775 - set Specific Code input for plugin: USB_DEVICE
2025-07-01 15:39:50,253 [INFO] BlockDiagram:2775 - set Specific Code input for plugin: SYS
2025-07-01 15:39:50,253 [INFO] BlockDiagram:2775 - set Specific Code input for plugin: ADC
2025-07-01 15:39:50,253 [INFO] BlockDiagram:2775 - set Specific Code input for plugin: RCC
2025-07-01 15:39:50,253 [INFO] BlockDiagram:2775 - set Specific Code input for plugin: I2C
2025-07-01 15:39:50,253 [INFO] BlockDiagram:2775 - set Specific Code input for plugin: USB_OTG_FS
2025-07-01 15:39:50,253 [INFO] BlockDiagram:2775 - set Specific Code input for plugin: NVIC
2025-07-01 15:39:50,254 [INFO] BlockDiagram:2775 - set Specific Code input for plugin: GPIO
2025-07-01 15:39:50,259 [INFO] CodeGenerator:882 - code generatio: config db path: C:\ST\STM32CubeIDE_1.15.0\STM32CubeIDE\plugins\com.st.stm32cube.common.mx_6.14.1.202504091515\\db\
2025-07-01 15:39:50,267 [WARN] IP:2250 - I2C_Coeff_DF not found: check if there is a RefParameter without a condition.
2025-07-01 15:39:50,268 [WARN] IP:2250 - Analog_Filter not found: check if there is a RefParameter without a condition.
2025-07-01 15:39:50,282 [WARN] IP:2250 - DEVICE_SERIAL0_CDC_FS not found: check if there is a RefParameter without a condition.
2025-07-01 15:39:50,282 [WARN] IP:2250 - DEVICE_SERIAL1_CDC_FS not found: check if there is a RefParameter without a condition.
2025-07-01 15:39:50,282 [WARN] IP:2250 - DEVICE_SERIAL2_CDC_FS not found: check if there is a RefParameter without a condition.
2025-07-01 15:39:50,340 [INFO] CodeEngine:263 - oldGeneratedFile, C:\Work\CAN_PDM\FW\V1\Workspace\CAN_PDM\MXTmpFiles\license.tmp_save
2025-07-01 15:39:50,500 [INFO] CodeEngine:287 - Generated code: C:\Work\CAN_PDM\FW\V1\Workspace\CAN_PDM\MXTmpFiles\license.tmp
2025-07-01 15:39:50,568 [INFO] CodeEngine:263 - oldGeneratedFile, C:\Work\CAN_PDM\FW\V1\Workspace\CAN_PDM\Core\Src\gpio.c_save
2025-07-01 15:39:50,678 [INFO] CodeEngine:287 - Generated code: C:\Work\CAN_PDM\FW\V1\Workspace\CAN_PDM\Core\Src\gpio.c
2025-07-01 15:39:50,698 [INFO] CodeEngine:263 - oldGeneratedFile, C:\Work\CAN_PDM\FW\V1\Workspace\CAN_PDM\Core\Inc\gpio.h_save
2025-07-01 15:39:50,786 [INFO] CodeEngine:287 - Generated code: C:\Work\CAN_PDM\FW\V1\Workspace\CAN_PDM\Core\Inc\gpio.h
2025-07-01 15:39:50,875 [WARN] IPConfigManager:3217 - Warning: the RefConfig PWREx_EnableUSBVoltageDetector is not available in your config.xml file
2025-07-01 15:39:50,894 [INFO] CodeEngine:263 - oldGeneratedFile, C:\Work\CAN_PDM\FW\V1\Workspace\CAN_PDM\MXTmpFiles\usb_otg_fs_vars.tmp_save
2025-07-01 15:39:50,978 [INFO] CodeEngine:287 - Generated code: C:\Work\CAN_PDM\FW\V1\Workspace\CAN_PDM\MXTmpFiles\usb_otg_fs_vars.tmp
2025-07-01 15:39:50,989 [INFO] CodeEngine:263 - oldGeneratedFile, C:\Work\CAN_PDM\FW\V1\Workspace\CAN_PDM\MXTmpFiles\usb_otg_fs_inc.tmp_save
2025-07-01 15:39:51,056 [INFO] CodeEngine:287 - Generated code: C:\Work\CAN_PDM\FW\V1\Workspace\CAN_PDM\MXTmpFiles\usb_otg_fs_inc.tmp
2025-07-01 15:39:51,073 [INFO] CodeEngine:263 - oldGeneratedFile, C:\Work\CAN_PDM\FW\V1\Workspace\CAN_PDM\MXTmpFiles\usb_otg_fs_HalInit.tmp_save
2025-07-01 15:39:51,157 [INFO] CodeEngine:287 - Generated code: C:\Work\CAN_PDM\FW\V1\Workspace\CAN_PDM\MXTmpFiles\usb_otg_fs_HalInit.tmp
2025-07-01 15:39:51,175 [INFO] CodeEngine:263 - oldGeneratedFile, C:\Work\CAN_PDM\FW\V1\Workspace\CAN_PDM\MXTmpFiles\usb_otg_fs_Msp.tmp_save
2025-07-01 15:39:51,260 [INFO] CodeEngine:287 - Generated code: C:\Work\CAN_PDM\FW\V1\Workspace\CAN_PDM\MXTmpFiles\usb_otg_fs_Msp.tmp
2025-07-01 15:39:51,488 [INFO] Middleware:1452 - No code input for Bsp Dependency
2025-07-01 15:39:51,510 [INFO] CodeEngine:263 - oldGeneratedFile, C:\Work\CAN_PDM\FW\V1\Workspace\CAN_PDM\Core\Src\adc.c_save
2025-07-01 15:39:51,612 [INFO] CodeEngine:287 - Generated code: C:\Work\CAN_PDM\FW\V1\Workspace\CAN_PDM\Core\Src\adc.c
2025-07-01 15:39:51,643 [INFO] CodeEngine:263 - oldGeneratedFile, C:\Work\CAN_PDM\FW\V1\Workspace\CAN_PDM\Core\Inc\adc.h_save
2025-07-01 15:39:51,749 [INFO] CodeEngine:287 - Generated code: C:\Work\CAN_PDM\FW\V1\Workspace\CAN_PDM\Core\Inc\adc.h
2025-07-01 15:39:51,799 [INFO] CodeEngine:263 - oldGeneratedFile, C:\Work\CAN_PDM\FW\V1\Workspace\CAN_PDM\Core\Src\can.c_save
2025-07-01 15:39:51,910 [INFO] CodeEngine:287 - Generated code: C:\Work\CAN_PDM\FW\V1\Workspace\CAN_PDM\Core\Src\can.c
2025-07-01 15:39:51,935 [INFO] CodeEngine:263 - oldGeneratedFile, C:\Work\CAN_PDM\FW\V1\Workspace\CAN_PDM\Core\Inc\can.h_save
2025-07-01 15:39:52,000 [INFO] CodeEngine:287 - Generated code: C:\Work\CAN_PDM\FW\V1\Workspace\CAN_PDM\Core\Inc\can.h
2025-07-01 15:39:52,035 [INFO] CodeEngine:263 - oldGeneratedFile, C:\Work\CAN_PDM\FW\V1\Workspace\CAN_PDM\Core\Src\i2c.c_save
2025-07-01 15:39:52,136 [INFO] CodeEngine:287 - Generated code: C:\Work\CAN_PDM\FW\V1\Workspace\CAN_PDM\Core\Src\i2c.c
2025-07-01 15:39:52,162 [INFO] CodeEngine:263 - oldGeneratedFile, C:\Work\CAN_PDM\FW\V1\Workspace\CAN_PDM\Core\Inc\i2c.h_save
2025-07-01 15:39:52,221 [INFO] CodeEngine:287 - Generated code: C:\Work\CAN_PDM\FW\V1\Workspace\CAN_PDM\Core\Inc\i2c.h
2025-07-01 15:39:52,249 [INFO] Middleware:1452 - No code input for Bsp Dependency
2025-07-01 15:39:52,269 [INFO] CodeEngine:263 - oldGeneratedFile, C:\Work\CAN_PDM\FW\V1\Workspace\CAN_PDM\USB_DEVICE\App\usb_device.c_save
2025-07-01 15:39:52,328 [INFO] CodeEngine:287 - Generated code: C:\Work\CAN_PDM\FW\V1\Workspace\CAN_PDM\USB_DEVICE\App\usb_device.c
2025-07-01 15:39:52,345 [INFO] CodeEngine:263 - oldGeneratedFile, C:\Work\CAN_PDM\FW\V1\Workspace\CAN_PDM\USB_DEVICE\App\usb_device.h_save
2025-07-01 15:39:52,408 [INFO] CodeEngine:287 - Generated code: C:\Work\CAN_PDM\FW\V1\Workspace\CAN_PDM\USB_DEVICE\App\usb_device.h
2025-07-01 15:39:52,429 [INFO] CodeEngine:263 - oldGeneratedFile, C:\Work\CAN_PDM\FW\V1\Workspace\CAN_PDM\USB_DEVICE\Target\usbd_conf.h_save
2025-07-01 15:39:52,486 [INFO] CodeEngine:287 - Generated code: C:\Work\CAN_PDM\FW\V1\Workspace\CAN_PDM\USB_DEVICE\Target\usbd_conf.h
2025-07-01 15:39:52,503 [INFO] CodeEngine:263 - oldGeneratedFile, C:\Work\CAN_PDM\FW\V1\Workspace\CAN_PDM\USB_DEVICE\Target\usbd_conf.c_save
2025-07-01 15:39:52,563 [INFO] CodeEngine:287 - Generated code: C:\Work\CAN_PDM\FW\V1\Workspace\CAN_PDM\USB_DEVICE\Target\usbd_conf.c
2025-07-01 15:39:52,584 [INFO] CodeEngine:263 - oldGeneratedFile, C:\Work\CAN_PDM\FW\V1\Workspace\CAN_PDM\USB_DEVICE\App\usbd_desc.h_save
2025-07-01 15:39:52,637 [INFO] CodeEngine:287 - Generated code: C:\Work\CAN_PDM\FW\V1\Workspace\CAN_PDM\USB_DEVICE\App\usbd_desc.h
2025-07-01 15:39:52,655 [INFO] CodeEngine:263 - oldGeneratedFile, C:\Work\CAN_PDM\FW\V1\Workspace\CAN_PDM\USB_DEVICE\App\usbd_desc.c_save
2025-07-01 15:39:52,723 [INFO] CodeEngine:287 - Generated code: C:\Work\CAN_PDM\FW\V1\Workspace\CAN_PDM\USB_DEVICE\App\usbd_desc.c
2025-07-01 15:39:52,745 [INFO] CodeEngine:263 - oldGeneratedFile, C:\Work\CAN_PDM\FW\V1\Workspace\CAN_PDM\USB_DEVICE\App\usbd_cdc_if.h_save
2025-07-01 15:39:52,801 [INFO] CodeEngine:287 - Generated code: C:\Work\CAN_PDM\FW\V1\Workspace\CAN_PDM\USB_DEVICE\App\usbd_cdc_if.h
2025-07-01 15:39:52,821 [INFO] CodeEngine:263 - oldGeneratedFile, C:\Work\CAN_PDM\FW\V1\Workspace\CAN_PDM\USB_DEVICE\App\usbd_cdc_if.c_save
2025-07-01 15:39:52,874 [INFO] CodeEngine:287 - Generated code: C:\Work\CAN_PDM\FW\V1\Workspace\CAN_PDM\USB_DEVICE\App\usbd_cdc_if.c
2025-07-01 15:39:52,906 [INFO] CodeEngine:263 - oldGeneratedFile, C:\Work\CAN_PDM\FW\V1\Workspace\CAN_PDM\Core\Src\stm32f4xx_it.c_save
2025-07-01 15:39:53,003 [INFO] CodeEngine:287 - Generated code: C:\Work\CAN_PDM\FW\V1\Workspace\CAN_PDM\Core\Src\stm32f4xx_it.c
2025-07-01 15:39:53,020 [INFO] CodeEngine:263 - oldGeneratedFile, C:\Work\CAN_PDM\FW\V1\Workspace\CAN_PDM\Core\Inc\stm32f4xx_it.h_save
2025-07-01 15:39:53,074 [INFO] CodeEngine:287 - Generated code: C:\Work\CAN_PDM\FW\V1\Workspace\CAN_PDM\Core\Inc\stm32f4xx_it.h
2025-07-01 15:39:53,112 [INFO] CodeEngine:263 - oldGeneratedFile, C:\Work\CAN_PDM\FW\V1\Workspace\CAN_PDM\Core\Src\stm32f4xx_hal_msp.c_save
2025-07-01 15:39:53,179 [INFO] CodeEngine:287 - Generated code: C:\Work\CAN_PDM\FW\V1\Workspace\CAN_PDM\Core\Src\stm32f4xx_hal_msp.c
2025-07-01 15:39:53,196 [INFO] CodeEngine:263 - oldGeneratedFile, C:\Work\CAN_PDM\FW\V1\Workspace\CAN_PDM\MXTmpFiles\system.tmp_save
2025-07-01 15:39:53,239 [INFO] CodeEngine:287 - Generated code: C:\Work\CAN_PDM\FW\V1\Workspace\CAN_PDM\MXTmpFiles\system.tmp
2025-07-01 15:39:53,269 [INFO] CodeEngine:319 - oldGeneratedFile, C:\Work\CAN_PDM\FW\V1\Workspace\CAN_PDM\Core\Inc\stm32f4xx_hal_conf.h_save
2025-07-01 15:39:53,330 [INFO] CodeEngine:343 - Generated code: C:\Work\CAN_PDM\FW\V1\Workspace\CAN_PDM\Core\Inc\stm32f4xx_hal_conf.h
2025-07-01 15:39:53,363 [WARN] IPConfigManager:3217 - Warning: the RefConfig PLL2P_FOR_MCO is not available in your config.xml file
2025-07-01 15:39:53,387 [INFO] CodeEngine:263 - oldGeneratedFile, C:\Work\CAN_PDM\FW\V1\Workspace\CAN_PDM\Core\Inc\main.h_save
2025-07-01 15:39:53,457 [INFO] CodeEngine:287 - Generated code: C:\Work\CAN_PDM\FW\V1\Workspace\CAN_PDM\Core\Inc\main.h
2025-07-01 15:39:53,478 [INFO] CodeEngine:263 - oldGeneratedFile, C:\Work\CAN_PDM\FW\V1\Workspace\CAN_PDM\Core\Src\main.c_save
2025-07-01 15:39:53,572 [INFO] CodeEngine:287 - Generated code: C:\Work\CAN_PDM\FW\V1\Workspace\CAN_PDM\Core\Src\main.c
2025-07-01 15:39:54,740 [INFO] ProjectBuilder:3324 - Time for Copy HAL[1] : 1043mS.
2025-07-01 15:39:54,748 [INFO] ProjectBuilder:4912 - Project Generator version: 4.6.0.1-B1
2025-07-01 15:39:54,798 [INFO] ConfigFileManager:1590 - The Die is : DIE421
2025-07-01 15:39:55,910 [INFO] ProjectBuilder:5191 - Time for Generating toolchain IDE Files: 1163mS.
2025-07-01 15:39:55,913 [INFO] ProjectBuilder:3181 - Time for Copy CMSIS : 2mS.
2025-07-01 15:39:55,923 [INFO] ProjectBuilder:3181 - Time for Copy CMSIS : 0mS.
2025-07-01 15:42:15,686 [INFO] Gpio:277 - dependency for GPIO [ADC1, CAN1, I2C1, RCC, SYS, USB_OTG_FS]
2025-07-01 15:43:29,943 [INFO] UtilMem:75 - End SaveConfig() Used Memory: 522186632 Bytes (1073741824)
2025-07-01 15:43:31,366 [INFO] UtilMem:75 - End SaveConfig() Used Memory: 559935368 Bytes (1073741824)
2025-07-01 15:43:32,472 [INFO] UtilMem:75 - End SaveConfig() Used Memory: 614983560 Bytes (1073741824)
2025-07-01 15:43:32,631 [INFO] BlockDiagram:2775 - set Specific Code input for plugin: CAN
2025-07-01 15:43:32,631 [INFO] BlockDiagram:2775 - set Specific Code input for plugin: USB_DEVICE
2025-07-01 15:43:32,631 [INFO] BlockDiagram:2775 - set Specific Code input for plugin: SYS
2025-07-01 15:43:32,631 [INFO] BlockDiagram:2775 - set Specific Code input for plugin: ADC
2025-07-01 15:43:32,631 [INFO] BlockDiagram:2775 - set Specific Code input for plugin: RCC
2025-07-01 15:43:32,631 [INFO] BlockDiagram:2775 - set Specific Code input for plugin: I2C
2025-07-01 15:43:32,631 [INFO] BlockDiagram:2775 - set Specific Code input for plugin: USB_OTG_FS
2025-07-01 15:43:32,631 [INFO] BlockDiagram:2775 - set Specific Code input for plugin: NVIC
2025-07-01 15:43:32,632 [INFO] BlockDiagram:2775 - set Specific Code input for plugin: GPIO
2025-07-01 15:43:32,636 [INFO] CodeGenerator:882 - code generatio: config db path: C:\ST\STM32CubeIDE_1.15.0\STM32CubeIDE\plugins\com.st.stm32cube.common.mx_6.14.1.202504091515\\db\
2025-07-01 15:43:32,683 [WARN] IP:2250 - I2C_Coeff_DF not found: check if there is a RefParameter without a condition.
2025-07-01 15:43:32,684 [WARN] IP:2250 - Analog_Filter not found: check if there is a RefParameter without a condition.
2025-07-01 15:43:32,704 [WARN] IP:2250 - DEVICE_SERIAL0_CDC_FS not found: check if there is a RefParameter without a condition.
2025-07-01 15:43:32,704 [WARN] IP:2250 - DEVICE_SERIAL1_CDC_FS not found: check if there is a RefParameter without a condition.
2025-07-01 15:43:32,704 [WARN] IP:2250 - DEVICE_SERIAL2_CDC_FS not found: check if there is a RefParameter without a condition.
2025-07-01 15:43:32,754 [INFO] CodeEngine:263 - oldGeneratedFile, C:\Work\CAN_PDM\FW\V1\Workspace\CAN_PDM\MXTmpFiles\license.tmp_save
2025-07-01 15:43:32,805 [INFO] CodeEngine:287 - Generated code: C:\Work\CAN_PDM\FW\V1\Workspace\CAN_PDM\MXTmpFiles\license.tmp
2025-07-01 15:43:32,848 [INFO] CodeEngine:263 - oldGeneratedFile, C:\Work\CAN_PDM\FW\V1\Workspace\CAN_PDM\Core\Src\gpio.c_save
2025-07-01 15:43:32,910 [INFO] CodeEngine:287 - Generated code: C:\Work\CAN_PDM\FW\V1\Workspace\CAN_PDM\Core\Src\gpio.c
2025-07-01 15:43:32,929 [INFO] CodeEngine:263 - oldGeneratedFile, C:\Work\CAN_PDM\FW\V1\Workspace\CAN_PDM\Core\Inc\gpio.h_save
2025-07-01 15:43:32,984 [INFO] CodeEngine:287 - Generated code: C:\Work\CAN_PDM\FW\V1\Workspace\CAN_PDM\Core\Inc\gpio.h
2025-07-01 15:43:33,035 [WARN] IPConfigManager:3217 - Warning: the RefConfig PWREx_EnableUSBVoltageDetector is not available in your config.xml file
2025-07-01 15:43:33,049 [INFO] CodeEngine:263 - oldGeneratedFile, C:\Work\CAN_PDM\FW\V1\Workspace\CAN_PDM\MXTmpFiles\usb_otg_fs_vars.tmp_save
2025-07-01 15:43:33,097 [INFO] CodeEngine:287 - Generated code: C:\Work\CAN_PDM\FW\V1\Workspace\CAN_PDM\MXTmpFiles\usb_otg_fs_vars.tmp
2025-07-01 15:43:33,109 [INFO] CodeEngine:263 - oldGeneratedFile, C:\Work\CAN_PDM\FW\V1\Workspace\CAN_PDM\MXTmpFiles\usb_otg_fs_inc.tmp_save
2025-07-01 15:43:33,154 [INFO] CodeEngine:287 - Generated code: C:\Work\CAN_PDM\FW\V1\Workspace\CAN_PDM\MXTmpFiles\usb_otg_fs_inc.tmp
2025-07-01 15:43:33,166 [INFO] CodeEngine:263 - oldGeneratedFile, C:\Work\CAN_PDM\FW\V1\Workspace\CAN_PDM\MXTmpFiles\usb_otg_fs_HalInit.tmp_save
2025-07-01 15:43:33,218 [INFO] CodeEngine:287 - Generated code: C:\Work\CAN_PDM\FW\V1\Workspace\CAN_PDM\MXTmpFiles\usb_otg_fs_HalInit.tmp
2025-07-01 15:43:33,232 [INFO] CodeEngine:263 - oldGeneratedFile, C:\Work\CAN_PDM\FW\V1\Workspace\CAN_PDM\MXTmpFiles\usb_otg_fs_Msp.tmp_save
2025-07-01 15:43:33,286 [INFO] CodeEngine:287 - Generated code: C:\Work\CAN_PDM\FW\V1\Workspace\CAN_PDM\MXTmpFiles\usb_otg_fs_Msp.tmp
2025-07-01 15:43:33,410 [INFO] Middleware:1452 - No code input for Bsp Dependency
2025-07-01 15:43:33,428 [INFO] CodeEngine:263 - oldGeneratedFile, C:\Work\CAN_PDM\FW\V1\Workspace\CAN_PDM\Core\Src\adc.c_save
2025-07-01 15:43:33,493 [INFO] CodeEngine:287 - Generated code: C:\Work\CAN_PDM\FW\V1\Workspace\CAN_PDM\Core\Src\adc.c
2025-07-01 15:43:33,506 [INFO] CodeEngine:263 - oldGeneratedFile, C:\Work\CAN_PDM\FW\V1\Workspace\CAN_PDM\Core\Inc\adc.h_save
2025-07-01 15:43:33,572 [INFO] CodeEngine:287 - Generated code: C:\Work\CAN_PDM\FW\V1\Workspace\CAN_PDM\Core\Inc\adc.h
2025-07-01 15:43:33,611 [INFO] CodeEngine:263 - oldGeneratedFile, C:\Work\CAN_PDM\FW\V1\Workspace\CAN_PDM\Core\Src\can.c_save
2025-07-01 15:43:33,692 [INFO] CodeEngine:287 - Generated code: C:\Work\CAN_PDM\FW\V1\Workspace\CAN_PDM\Core\Src\can.c
2025-07-01 15:43:33,713 [INFO] CodeEngine:263 - oldGeneratedFile, C:\Work\CAN_PDM\FW\V1\Workspace\CAN_PDM\Core\Inc\can.h_save
2025-07-01 15:43:33,775 [INFO] CodeEngine:287 - Generated code: C:\Work\CAN_PDM\FW\V1\Workspace\CAN_PDM\Core\Inc\can.h
2025-07-01 15:43:33,812 [INFO] CodeEngine:263 - oldGeneratedFile, C:\Work\CAN_PDM\FW\V1\Workspace\CAN_PDM\Core\Src\i2c.c_save
2025-07-01 15:43:33,896 [INFO] CodeEngine:287 - Generated code: C:\Work\CAN_PDM\FW\V1\Workspace\CAN_PDM\Core\Src\i2c.c
2025-07-01 15:43:33,920 [INFO] CodeEngine:263 - oldGeneratedFile, C:\Work\CAN_PDM\FW\V1\Workspace\CAN_PDM\Core\Inc\i2c.h_save
2025-07-01 15:43:33,976 [INFO] CodeEngine:287 - Generated code: C:\Work\CAN_PDM\FW\V1\Workspace\CAN_PDM\Core\Inc\i2c.h
2025-07-01 15:43:34,011 [INFO] Middleware:1452 - No code input for Bsp Dependency
2025-07-01 15:43:34,035 [INFO] CodeEngine:263 - oldGeneratedFile, C:\Work\CAN_PDM\FW\V1\Workspace\CAN_PDM\USB_DEVICE\App\usb_device.c_save
2025-07-01 15:43:34,105 [INFO] CodeEngine:287 - Generated code: C:\Work\CAN_PDM\FW\V1\Workspace\CAN_PDM\USB_DEVICE\App\usb_device.c
2025-07-01 15:43:34,131 [INFO] CodeEngine:263 - oldGeneratedFile, C:\Work\CAN_PDM\FW\V1\Workspace\CAN_PDM\USB_DEVICE\App\usb_device.h_save
2025-07-01 15:43:34,205 [INFO] CodeEngine:287 - Generated code: C:\Work\CAN_PDM\FW\V1\Workspace\CAN_PDM\USB_DEVICE\App\usb_device.h
2025-07-01 15:43:34,234 [INFO] CodeEngine:263 - oldGeneratedFile, C:\Work\CAN_PDM\FW\V1\Workspace\CAN_PDM\USB_DEVICE\Target\usbd_conf.h_save
2025-07-01 15:43:34,319 [INFO] CodeEngine:287 - Generated code: C:\Work\CAN_PDM\FW\V1\Workspace\CAN_PDM\USB_DEVICE\Target\usbd_conf.h
2025-07-01 15:43:34,343 [INFO] CodeEngine:263 - oldGeneratedFile, C:\Work\CAN_PDM\FW\V1\Workspace\CAN_PDM\USB_DEVICE\Target\usbd_conf.c_save
2025-07-01 15:43:34,445 [INFO] CodeEngine:287 - Generated code: C:\Work\CAN_PDM\FW\V1\Workspace\CAN_PDM\USB_DEVICE\Target\usbd_conf.c
2025-07-01 15:43:34,478 [INFO] CodeEngine:263 - oldGeneratedFile, C:\Work\CAN_PDM\FW\V1\Workspace\CAN_PDM\USB_DEVICE\App\usbd_desc.h_save
2025-07-01 15:43:34,552 [INFO] CodeEngine:287 - Generated code: C:\Work\CAN_PDM\FW\V1\Workspace\CAN_PDM\USB_DEVICE\App\usbd_desc.h
2025-07-01 15:43:34,578 [INFO] CodeEngine:263 - oldGeneratedFile, C:\Work\CAN_PDM\FW\V1\Workspace\CAN_PDM\USB_DEVICE\App\usbd_desc.c_save
2025-07-01 15:43:34,643 [INFO] CodeEngine:287 - Generated code: C:\Work\CAN_PDM\FW\V1\Workspace\CAN_PDM\USB_DEVICE\App\usbd_desc.c
2025-07-01 15:43:34,665 [INFO] CodeEngine:263 - oldGeneratedFile, C:\Work\CAN_PDM\FW\V1\Workspace\CAN_PDM\USB_DEVICE\App\usbd_cdc_if.h_save
2025-07-01 15:43:34,725 [INFO] CodeEngine:287 - Generated code: C:\Work\CAN_PDM\FW\V1\Workspace\CAN_PDM\USB_DEVICE\App\usbd_cdc_if.h
2025-07-01 15:43:34,748 [INFO] CodeEngine:263 - oldGeneratedFile, C:\Work\CAN_PDM\FW\V1\Workspace\CAN_PDM\USB_DEVICE\App\usbd_cdc_if.c_save
2025-07-01 15:43:34,805 [INFO] CodeEngine:287 - Generated code: C:\Work\CAN_PDM\FW\V1\Workspace\CAN_PDM\USB_DEVICE\App\usbd_cdc_if.c
2025-07-01 15:43:34,839 [INFO] CodeEngine:263 - oldGeneratedFile, C:\Work\CAN_PDM\FW\V1\Workspace\CAN_PDM\Core\Src\stm32f4xx_it.c_save
2025-07-01 15:43:34,900 [INFO] CodeEngine:287 - Generated code: C:\Work\CAN_PDM\FW\V1\Workspace\CAN_PDM\Core\Src\stm32f4xx_it.c
2025-07-01 15:43:34,920 [INFO] CodeEngine:263 - oldGeneratedFile, C:\Work\CAN_PDM\FW\V1\Workspace\CAN_PDM\Core\Inc\stm32f4xx_it.h_save
2025-07-01 15:43:34,979 [INFO] CodeEngine:287 - Generated code: C:\Work\CAN_PDM\FW\V1\Workspace\CAN_PDM\Core\Inc\stm32f4xx_it.h
2025-07-01 15:43:35,043 [INFO] CodeEngine:263 - oldGeneratedFile, C:\Work\CAN_PDM\FW\V1\Workspace\CAN_PDM\Core\Src\stm32f4xx_hal_msp.c_save
2025-07-01 15:43:35,107 [INFO] CodeEngine:287 - Generated code: C:\Work\CAN_PDM\FW\V1\Workspace\CAN_PDM\Core\Src\stm32f4xx_hal_msp.c
2025-07-01 15:43:35,124 [INFO] CodeEngine:263 - oldGeneratedFile, C:\Work\CAN_PDM\FW\V1\Workspace\CAN_PDM\MXTmpFiles\system.tmp_save
2025-07-01 15:43:35,170 [INFO] CodeEngine:287 - Generated code: C:\Work\CAN_PDM\FW\V1\Workspace\CAN_PDM\MXTmpFiles\system.tmp
2025-07-01 15:43:35,198 [INFO] CodeEngine:319 - oldGeneratedFile, C:\Work\CAN_PDM\FW\V1\Workspace\CAN_PDM\Core\Inc\stm32f4xx_hal_conf.h_save
2025-07-01 15:43:35,256 [INFO] CodeEngine:343 - Generated code: C:\Work\CAN_PDM\FW\V1\Workspace\CAN_PDM\Core\Inc\stm32f4xx_hal_conf.h
2025-07-01 15:43:35,293 [WARN] IPConfigManager:3217 - Warning: the RefConfig PLL2P_FOR_MCO is not available in your config.xml file
2025-07-01 15:43:35,312 [INFO] CodeEngine:263 - oldGeneratedFile, C:\Work\CAN_PDM\FW\V1\Workspace\CAN_PDM\Core\Inc\main.h_save
2025-07-01 15:43:35,371 [INFO] CodeEngine:287 - Generated code: C:\Work\CAN_PDM\FW\V1\Workspace\CAN_PDM\Core\Inc\main.h
2025-07-01 15:43:35,399 [INFO] CodeEngine:263 - oldGeneratedFile, C:\Work\CAN_PDM\FW\V1\Workspace\CAN_PDM\Core\Src\main.c_save
2025-07-01 15:43:35,494 [INFO] CodeEngine:287 - Generated code: C:\Work\CAN_PDM\FW\V1\Workspace\CAN_PDM\Core\Src\main.c
2025-07-01 15:43:36,726 [INFO] ProjectBuilder:3324 - Time for Copy HAL[1] : 1004mS.
2025-07-01 15:43:36,735 [INFO] ProjectBuilder:4912 - Project Generator version: 4.6.0.1-B1
2025-07-01 15:43:36,785 [INFO] ConfigFileManager:1590 - The Die is : DIE421
2025-07-01 15:43:37,578 [INFO] ProjectBuilder:5191 - Time for Generating toolchain IDE Files: 843mS.
2025-07-01 15:43:37,581 [INFO] ProjectBuilder:3181 - Time for Copy CMSIS : 2mS.
2025-07-01 15:43:37,597 [INFO] ProjectBuilder:3181 - Time for Copy CMSIS : 0mS.
2025-07-01 15:45:31,373 [INFO] UtilMem:75 - End SaveConfig() Used Memory: 467723168 Bytes (1073741824)
2025-07-01 15:45:32,417 [INFO] UtilMem:75 - End SaveConfig() Used Memory: 500229024 Bytes (1073741824)
2025-07-01 15:45:33,965 [INFO] UtilMem:75 - End SaveConfig() Used Memory: 559997856 Bytes (1073741824)
2025-07-01 15:45:34,069 [INFO] BlockDiagram:2775 - set Specific Code input for plugin: CAN
2025-07-01 15:45:34,069 [INFO] BlockDiagram:2775 - set Specific Code input for plugin: USB_DEVICE
2025-07-01 15:45:34,069 [INFO] BlockDiagram:2775 - set Specific Code input for plugin: SYS
2025-07-01 15:45:34,069 [INFO] BlockDiagram:2775 - set Specific Code input for plugin: ADC
2025-07-01 15:45:34,069 [INFO] BlockDiagram:2775 - set Specific Code input for plugin: RCC
2025-07-01 15:45:34,069 [INFO] BlockDiagram:2775 - set Specific Code input for plugin: I2C
2025-07-01 15:45:34,069 [INFO] BlockDiagram:2775 - set Specific Code input for plugin: USB_OTG_FS
2025-07-01 15:45:34,069 [INFO] BlockDiagram:2775 - set Specific Code input for plugin: NVIC
2025-07-01 15:45:34,070 [INFO] BlockDiagram:2775 - set Specific Code input for plugin: GPIO
2025-07-01 15:45:34,073 [INFO] CodeGenerator:882 - code generatio: config db path: C:\ST\STM32CubeIDE_1.15.0\STM32CubeIDE\plugins\com.st.stm32cube.common.mx_6.14.1.202504091515\\db\
2025-07-01 15:45:34,081 [WARN] IP:2250 - I2C_Coeff_DF not found: check if there is a RefParameter without a condition.
2025-07-01 15:45:34,081 [WARN] IP:2250 - Analog_Filter not found: check if there is a RefParameter without a condition.
2025-07-01 15:45:34,116 [WARN] IP:2250 - DEVICE_SERIAL0_CDC_FS not found: check if there is a RefParameter without a condition.
2025-07-01 15:45:34,117 [WARN] IP:2250 - DEVICE_SERIAL1_CDC_FS not found: check if there is a RefParameter without a condition.
2025-07-01 15:45:34,117 [WARN] IP:2250 - DEVICE_SERIAL2_CDC_FS not found: check if there is a RefParameter without a condition.
2025-07-01 15:45:34,164 [INFO] CodeEngine:263 - oldGeneratedFile, C:\Work\CAN_PDM\FW\V1\Workspace\CAN_PDM\MXTmpFiles\license.tmp_save
2025-07-01 15:45:34,212 [INFO] CodeEngine:287 - Generated code: C:\Work\CAN_PDM\FW\V1\Workspace\CAN_PDM\MXTmpFiles\license.tmp
2025-07-01 15:45:34,256 [INFO] CodeEngine:263 - oldGeneratedFile, C:\Work\CAN_PDM\FW\V1\Workspace\CAN_PDM\Core\Src\gpio.c_save
2025-07-01 15:45:34,320 [INFO] CodeEngine:287 - Generated code: C:\Work\CAN_PDM\FW\V1\Workspace\CAN_PDM\Core\Src\gpio.c
2025-07-01 15:45:34,341 [INFO] CodeEngine:263 - oldGeneratedFile, C:\Work\CAN_PDM\FW\V1\Workspace\CAN_PDM\Core\Inc\gpio.h_save
2025-07-01 15:45:34,401 [INFO] CodeEngine:287 - Generated code: C:\Work\CAN_PDM\FW\V1\Workspace\CAN_PDM\Core\Inc\gpio.h
2025-07-01 15:45:34,450 [WARN] IPConfigManager:3217 - Warning: the RefConfig PWREx_EnableUSBVoltageDetector is not available in your config.xml file
2025-07-01 15:45:34,464 [INFO] CodeEngine:263 - oldGeneratedFile, C:\Work\CAN_PDM\FW\V1\Workspace\CAN_PDM\MXTmpFiles\usb_otg_fs_vars.tmp_save
2025-07-01 15:45:34,586 [INFO] CodeEngine:287 - Generated code: C:\Work\CAN_PDM\FW\V1\Workspace\CAN_PDM\MXTmpFiles\usb_otg_fs_vars.tmp
2025-07-01 15:45:34,598 [INFO] CodeEngine:263 - oldGeneratedFile, C:\Work\CAN_PDM\FW\V1\Workspace\CAN_PDM\MXTmpFiles\usb_otg_fs_inc.tmp_save
2025-07-01 15:45:34,641 [INFO] CodeEngine:287 - Generated code: C:\Work\CAN_PDM\FW\V1\Workspace\CAN_PDM\MXTmpFiles\usb_otg_fs_inc.tmp
2025-07-01 15:45:34,652 [INFO] CodeEngine:263 - oldGeneratedFile, C:\Work\CAN_PDM\FW\V1\Workspace\CAN_PDM\MXTmpFiles\usb_otg_fs_HalInit.tmp_save
2025-07-01 15:45:34,701 [INFO] CodeEngine:287 - Generated code: C:\Work\CAN_PDM\FW\V1\Workspace\CAN_PDM\MXTmpFiles\usb_otg_fs_HalInit.tmp
2025-07-01 15:45:34,713 [INFO] CodeEngine:263 - oldGeneratedFile, C:\Work\CAN_PDM\FW\V1\Workspace\CAN_PDM\MXTmpFiles\usb_otg_fs_Msp.tmp_save
2025-07-01 15:45:34,764 [INFO] CodeEngine:287 - Generated code: C:\Work\CAN_PDM\FW\V1\Workspace\CAN_PDM\MXTmpFiles\usb_otg_fs_Msp.tmp
2025-07-01 15:45:34,869 [INFO] Middleware:1452 - No code input for Bsp Dependency
2025-07-01 15:45:34,884 [INFO] CodeEngine:263 - oldGeneratedFile, C:\Work\CAN_PDM\FW\V1\Workspace\CAN_PDM\Core\Src\adc.c_save
2025-07-01 15:45:34,946 [INFO] CodeEngine:287 - Generated code: C:\Work\CAN_PDM\FW\V1\Workspace\CAN_PDM\Core\Src\adc.c
2025-07-01 15:45:34,959 [INFO] CodeEngine:263 - oldGeneratedFile, C:\Work\CAN_PDM\FW\V1\Workspace\CAN_PDM\Core\Inc\adc.h_save
2025-07-01 15:45:35,006 [INFO] CodeEngine:287 - Generated code: C:\Work\CAN_PDM\FW\V1\Workspace\CAN_PDM\Core\Inc\adc.h
2025-07-01 15:45:35,035 [INFO] CodeEngine:263 - oldGeneratedFile, C:\Work\CAN_PDM\FW\V1\Workspace\CAN_PDM\Core\Src\can.c_save
2025-07-01 15:45:35,093 [INFO] CodeEngine:287 - Generated code: C:\Work\CAN_PDM\FW\V1\Workspace\CAN_PDM\Core\Src\can.c
2025-07-01 15:45:35,106 [INFO] CodeEngine:263 - oldGeneratedFile, C:\Work\CAN_PDM\FW\V1\Workspace\CAN_PDM\Core\Inc\can.h_save
2025-07-01 15:45:35,153 [INFO] CodeEngine:287 - Generated code: C:\Work\CAN_PDM\FW\V1\Workspace\CAN_PDM\Core\Inc\can.h
2025-07-01 15:45:35,176 [INFO] CodeEngine:263 - oldGeneratedFile, C:\Work\CAN_PDM\FW\V1\Workspace\CAN_PDM\Core\Src\i2c.c_save
2025-07-01 15:45:35,251 [INFO] CodeEngine:287 - Generated code: C:\Work\CAN_PDM\FW\V1\Workspace\CAN_PDM\Core\Src\i2c.c
2025-07-01 15:45:35,271 [INFO] CodeEngine:263 - oldGeneratedFile, C:\Work\CAN_PDM\FW\V1\Workspace\CAN_PDM\Core\Inc\i2c.h_save
2025-07-01 15:45:35,341 [INFO] CodeEngine:287 - Generated code: C:\Work\CAN_PDM\FW\V1\Workspace\CAN_PDM\Core\Inc\i2c.h
2025-07-01 15:45:35,374 [INFO] Middleware:1452 - No code input for Bsp Dependency
2025-07-01 15:45:35,394 [INFO] CodeEngine:263 - oldGeneratedFile, C:\Work\CAN_PDM\FW\V1\Workspace\CAN_PDM\USB_DEVICE\App\usb_device.c_save
2025-07-01 15:45:35,451 [INFO] CodeEngine:287 - Generated code: C:\Work\CAN_PDM\FW\V1\Workspace\CAN_PDM\USB_DEVICE\App\usb_device.c
2025-07-01 15:45:35,472 [INFO] CodeEngine:263 - oldGeneratedFile, C:\Work\CAN_PDM\FW\V1\Workspace\CAN_PDM\USB_DEVICE\App\usb_device.h_save
2025-07-01 15:45:35,529 [INFO] CodeEngine:287 - Generated code: C:\Work\CAN_PDM\FW\V1\Workspace\CAN_PDM\USB_DEVICE\App\usb_device.h
2025-07-01 15:45:35,549 [INFO] CodeEngine:263 - oldGeneratedFile, C:\Work\CAN_PDM\FW\V1\Workspace\CAN_PDM\USB_DEVICE\Target\usbd_conf.h_save
2025-07-01 15:45:35,607 [INFO] CodeEngine:287 - Generated code: C:\Work\CAN_PDM\FW\V1\Workspace\CAN_PDM\USB_DEVICE\Target\usbd_conf.h
2025-07-01 15:45:35,625 [INFO] CodeEngine:263 - oldGeneratedFile, C:\Work\CAN_PDM\FW\V1\Workspace\CAN_PDM\USB_DEVICE\Target\usbd_conf.c_save
2025-07-01 15:45:35,692 [INFO] CodeEngine:287 - Generated code: C:\Work\CAN_PDM\FW\V1\Workspace\CAN_PDM\USB_DEVICE\Target\usbd_conf.c
2025-07-01 15:45:35,707 [INFO] CodeEngine:263 - oldGeneratedFile, C:\Work\CAN_PDM\FW\V1\Workspace\CAN_PDM\USB_DEVICE\App\usbd_desc.h_save
2025-07-01 15:45:35,760 [INFO] CodeEngine:287 - Generated code: C:\Work\CAN_PDM\FW\V1\Workspace\CAN_PDM\USB_DEVICE\App\usbd_desc.h
2025-07-01 15:45:35,780 [INFO] CodeEngine:263 - oldGeneratedFile, C:\Work\CAN_PDM\FW\V1\Workspace\CAN_PDM\USB_DEVICE\App\usbd_desc.c_save
2025-07-01 15:45:35,848 [INFO] CodeEngine:287 - Generated code: C:\Work\CAN_PDM\FW\V1\Workspace\CAN_PDM\USB_DEVICE\App\usbd_desc.c
2025-07-01 15:45:35,871 [INFO] CodeEngine:263 - oldGeneratedFile, C:\Work\CAN_PDM\FW\V1\Workspace\CAN_PDM\USB_DEVICE\App\usbd_cdc_if.h_save
2025-07-01 15:45:35,933 [INFO] CodeEngine:287 - Generated code: C:\Work\CAN_PDM\FW\V1\Workspace\CAN_PDM\USB_DEVICE\App\usbd_cdc_if.h
2025-07-01 15:45:35,957 [INFO] CodeEngine:263 - oldGeneratedFile, C:\Work\CAN_PDM\FW\V1\Workspace\CAN_PDM\USB_DEVICE\App\usbd_cdc_if.c_save
2025-07-01 15:45:36,013 [INFO] CodeEngine:287 - Generated code: C:\Work\CAN_PDM\FW\V1\Workspace\CAN_PDM\USB_DEVICE\App\usbd_cdc_if.c
2025-07-01 15:45:36,043 [INFO] CodeEngine:263 - oldGeneratedFile, C:\Work\CAN_PDM\FW\V1\Workspace\CAN_PDM\Core\Src\stm32f4xx_it.c_save
2025-07-01 15:45:36,105 [INFO] CodeEngine:287 - Generated code: C:\Work\CAN_PDM\FW\V1\Workspace\CAN_PDM\Core\Src\stm32f4xx_it.c
2025-07-01 15:45:36,128 [INFO] CodeEngine:263 - oldGeneratedFile, C:\Work\CAN_PDM\FW\V1\Workspace\CAN_PDM\Core\Inc\stm32f4xx_it.h_save
2025-07-01 15:45:36,192 [INFO] CodeEngine:287 - Generated code: C:\Work\CAN_PDM\FW\V1\Workspace\CAN_PDM\Core\Inc\stm32f4xx_it.h
2025-07-01 15:45:36,227 [INFO] CodeEngine:263 - oldGeneratedFile, C:\Work\CAN_PDM\FW\V1\Workspace\CAN_PDM\Core\Src\stm32f4xx_hal_msp.c_save
2025-07-01 15:45:36,307 [INFO] CodeEngine:287 - Generated code: C:\Work\CAN_PDM\FW\V1\Workspace\CAN_PDM\Core\Src\stm32f4xx_hal_msp.c
2025-07-01 15:45:36,338 [INFO] CodeEngine:263 - oldGeneratedFile, C:\Work\CAN_PDM\FW\V1\Workspace\CAN_PDM\MXTmpFiles\system.tmp_save
2025-07-01 15:45:36,414 [INFO] CodeEngine:287 - Generated code: C:\Work\CAN_PDM\FW\V1\Workspace\CAN_PDM\MXTmpFiles\system.tmp
2025-07-01 15:45:36,477 [INFO] CodeEngine:319 - oldGeneratedFile, C:\Work\CAN_PDM\FW\V1\Workspace\CAN_PDM\Core\Inc\stm32f4xx_hal_conf.h_save
2025-07-01 15:45:36,547 [INFO] CodeEngine:343 - Generated code: C:\Work\CAN_PDM\FW\V1\Workspace\CAN_PDM\Core\Inc\stm32f4xx_hal_conf.h
2025-07-01 15:45:36,596 [WARN] IPConfigManager:3217 - Warning: the RefConfig PLL2P_FOR_MCO is not available in your config.xml file
2025-07-01 15:45:36,621 [INFO] CodeEngine:263 - oldGeneratedFile, C:\Work\CAN_PDM\FW\V1\Workspace\CAN_PDM\Core\Inc\main.h_save
2025-07-01 15:45:36,706 [INFO] CodeEngine:287 - Generated code: C:\Work\CAN_PDM\FW\V1\Workspace\CAN_PDM\Core\Inc\main.h
2025-07-01 15:45:36,733 [INFO] CodeEngine:263 - oldGeneratedFile, C:\Work\CAN_PDM\FW\V1\Workspace\CAN_PDM\Core\Src\main.c_save
2025-07-01 15:45:36,841 [INFO] CodeEngine:287 - Generated code: C:\Work\CAN_PDM\FW\V1\Workspace\CAN_PDM\Core\Src\main.c
2025-07-01 15:45:37,789 [INFO] ProjectBuilder:3324 - Time for Copy HAL[1] : 819mS.
2025-07-01 15:45:37,796 [INFO] ProjectBuilder:4912 - Project Generator version: 4.6.0.1-B1
2025-07-01 15:45:37,837 [INFO] ConfigFileManager:1590 - The Die is : DIE421
2025-07-01 15:45:38,629 [INFO] ProjectBuilder:5191 - Time for Generating toolchain IDE Files: 832mS.
2025-07-01 15:45:38,632 [INFO] ProjectBuilder:3181 - Time for Copy CMSIS : 3mS.
2025-07-01 15:45:38,642 [INFO] ProjectBuilder:3181 - Time for Copy CMSIS : 0mS.
2025-07-01 15:50:34,496 [WARN] IP:2250 - DEVICE_SERIAL0_CDC_FS not found: check if there is a RefParameter without a condition.
2025-07-01 15:50:34,496 [WARN] IP:2250 - DEVICE_SERIAL1_CDC_FS not found: check if there is a RefParameter without a condition.
2025-07-01 15:50:34,496 [WARN] IP:2250 - DEVICE_SERIAL2_CDC_FS not found: check if there is a RefParameter without a condition.
2025-07-01 15:50:51,583 [WARN] IP:2250 - DEVICE_SERIAL0_CDC_FS not found: check if there is a RefParameter without a condition.
2025-07-01 15:50:51,583 [WARN] IP:2250 - DEVICE_SERIAL1_CDC_FS not found: check if there is a RefParameter without a condition.
2025-07-01 15:50:51,583 [WARN] IP:2250 - DEVICE_SERIAL2_CDC_FS not found: check if there is a RefParameter without a condition.
2025-07-01 15:50:51,583 [WARN] IP:2250 - DEVICE_SERIAL0_CDC_FS not found: check if there is a RefParameter without a condition.
2025-07-01 15:50:51,583 [WARN] IP:2250 - DEVICE_SERIAL1_CDC_FS not found: check if there is a RefParameter without a condition.
2025-07-01 15:50:51,583 [WARN] IP:2250 - DEVICE_SERIAL2_CDC_FS not found: check if there is a RefParameter without a condition.
2025-07-01 15:50:54,224 [INFO] UtilMem:75 - End SaveConfig() Used Memory: 909229168 Bytes (1073741824)
2025-07-01 15:50:55,336 [INFO] UtilMem:75 - End SaveConfig() Used Memory: 932297840 Bytes (1073741824)
2025-07-01 15:50:56,403 [INFO] UtilMem:75 - End SaveConfig() Used Memory: 342449712 Bytes (1073741824)
2025-07-01 15:50:56,484 [INFO] BlockDiagram:2775 - set Specific Code input for plugin: CAN
2025-07-01 15:50:56,484 [INFO] BlockDiagram:2775 - set Specific Code input for plugin: USB_DEVICE
2025-07-01 15:50:56,484 [INFO] BlockDiagram:2775 - set Specific Code input for plugin: SYS
2025-07-01 15:50:56,484 [INFO] BlockDiagram:2775 - set Specific Code input for plugin: ADC
2025-07-01 15:50:56,484 [INFO] BlockDiagram:2775 - set Specific Code input for plugin: RCC
2025-07-01 15:50:56,484 [INFO] BlockDiagram:2775 - set Specific Code input for plugin: I2C
2025-07-01 15:50:56,484 [INFO] BlockDiagram:2775 - set Specific Code input for plugin: USB_OTG_FS
2025-07-01 15:50:56,484 [INFO] BlockDiagram:2775 - set Specific Code input for plugin: NVIC
2025-07-01 15:50:56,484 [INFO] BlockDiagram:2775 - set Specific Code input for plugin: GPIO
2025-07-01 15:50:56,486 [INFO] CodeGenerator:882 - code generatio: config db path: C:\ST\STM32CubeIDE_1.15.0\STM32CubeIDE\plugins\com.st.stm32cube.common.mx_6.14.1.202504091515\\db\
2025-07-01 15:50:56,492 [WARN] IP:2250 - I2C_Coeff_DF not found: check if there is a RefParameter without a condition.
2025-07-01 15:50:56,492 [WARN] IP:2250 - Analog_Filter not found: check if there is a RefParameter without a condition.
2025-07-01 15:50:56,503 [WARN] IP:2250 - DEVICE_SERIAL0_CDC_FS not found: check if there is a RefParameter without a condition.
2025-07-01 15:50:56,503 [WARN] IP:2250 - DEVICE_SERIAL1_CDC_FS not found: check if there is a RefParameter without a condition.
2025-07-01 15:50:56,503 [WARN] IP:2250 - DEVICE_SERIAL2_CDC_FS not found: check if there is a RefParameter without a condition.
2025-07-01 15:50:56,558 [INFO] CodeEngine:263 - oldGeneratedFile, C:\Work\CAN_PDM\FW\V1\Workspace\CAN_PDM\MXTmpFiles\license.tmp_save
2025-07-01 15:50:56,607 [INFO] CodeEngine:287 - Generated code: C:\Work\CAN_PDM\FW\V1\Workspace\CAN_PDM\MXTmpFiles\license.tmp
2025-07-01 15:50:56,658 [INFO] CodeEngine:263 - oldGeneratedFile, C:\Work\CAN_PDM\FW\V1\Workspace\CAN_PDM\Core\Src\gpio.c_save
2025-07-01 15:50:56,720 [INFO] CodeEngine:287 - Generated code: C:\Work\CAN_PDM\FW\V1\Workspace\CAN_PDM\Core\Src\gpio.c
2025-07-01 15:50:56,743 [INFO] CodeEngine:263 - oldGeneratedFile, C:\Work\CAN_PDM\FW\V1\Workspace\CAN_PDM\Core\Inc\gpio.h_save
2025-07-01 15:50:56,801 [INFO] CodeEngine:287 - Generated code: C:\Work\CAN_PDM\FW\V1\Workspace\CAN_PDM\Core\Inc\gpio.h
2025-07-01 15:50:56,856 [WARN] IPConfigManager:3217 - Warning: the RefConfig PWREx_EnableUSBVoltageDetector is not available in your config.xml file
2025-07-01 15:50:56,872 [INFO] CodeEngine:263 - oldGeneratedFile, C:\Work\CAN_PDM\FW\V1\Workspace\CAN_PDM\MXTmpFiles\usb_otg_fs_vars.tmp_save
2025-07-01 15:50:56,918 [INFO] CodeEngine:287 - Generated code: C:\Work\CAN_PDM\FW\V1\Workspace\CAN_PDM\MXTmpFiles\usb_otg_fs_vars.tmp
2025-07-01 15:50:56,935 [INFO] CodeEngine:263 - oldGeneratedFile, C:\Work\CAN_PDM\FW\V1\Workspace\CAN_PDM\MXTmpFiles\usb_otg_fs_inc.tmp_save
2025-07-01 15:50:56,981 [INFO] CodeEngine:287 - Generated code: C:\Work\CAN_PDM\FW\V1\Workspace\CAN_PDM\MXTmpFiles\usb_otg_fs_inc.tmp
2025-07-01 15:50:57,001 [INFO] CodeEngine:263 - oldGeneratedFile, C:\Work\CAN_PDM\FW\V1\Workspace\CAN_PDM\MXTmpFiles\usb_otg_fs_HalInit.tmp_save
2025-07-01 15:50:57,048 [INFO] CodeEngine:287 - Generated code: C:\Work\CAN_PDM\FW\V1\Workspace\CAN_PDM\MXTmpFiles\usb_otg_fs_HalInit.tmp
2025-07-01 15:50:57,070 [INFO] CodeEngine:263 - oldGeneratedFile, C:\Work\CAN_PDM\FW\V1\Workspace\CAN_PDM\MXTmpFiles\usb_otg_fs_Msp.tmp_save
2025-07-01 15:50:57,130 [INFO] CodeEngine:287 - Generated code: C:\Work\CAN_PDM\FW\V1\Workspace\CAN_PDM\MXTmpFiles\usb_otg_fs_Msp.tmp
2025-07-01 15:50:57,279 [INFO] Middleware:1452 - No code input for Bsp Dependency
2025-07-01 15:50:57,302 [INFO] CodeEngine:263 - oldGeneratedFile, C:\Work\CAN_PDM\FW\V1\Workspace\CAN_PDM\Core\Src\adc.c_save
2025-07-01 15:50:57,373 [INFO] CodeEngine:287 - Generated code: C:\Work\CAN_PDM\FW\V1\Workspace\CAN_PDM\Core\Src\adc.c
2025-07-01 15:50:57,395 [INFO] CodeEngine:263 - oldGeneratedFile, C:\Work\CAN_PDM\FW\V1\Workspace\CAN_PDM\Core\Inc\adc.h_save
2025-07-01 15:50:57,445 [INFO] CodeEngine:287 - Generated code: C:\Work\CAN_PDM\FW\V1\Workspace\CAN_PDM\Core\Inc\adc.h
2025-07-01 15:50:57,484 [INFO] CodeEngine:263 - oldGeneratedFile, C:\Work\CAN_PDM\FW\V1\Workspace\CAN_PDM\Core\Src\can.c_save
2025-07-01 15:50:57,551 [INFO] CodeEngine:287 - Generated code: C:\Work\CAN_PDM\FW\V1\Workspace\CAN_PDM\Core\Src\can.c
2025-07-01 15:50:57,571 [INFO] CodeEngine:263 - oldGeneratedFile, C:\Work\CAN_PDM\FW\V1\Workspace\CAN_PDM\Core\Inc\can.h_save
2025-07-01 15:50:57,627 [INFO] CodeEngine:287 - Generated code: C:\Work\CAN_PDM\FW\V1\Workspace\CAN_PDM\Core\Inc\can.h
2025-07-01 15:50:57,665 [INFO] CodeEngine:263 - oldGeneratedFile, C:\Work\CAN_PDM\FW\V1\Workspace\CAN_PDM\Core\Src\i2c.c_save
2025-07-01 15:50:57,750 [INFO] CodeEngine:287 - Generated code: C:\Work\CAN_PDM\FW\V1\Workspace\CAN_PDM\Core\Src\i2c.c
2025-07-01 15:50:57,774 [INFO] CodeEngine:263 - oldGeneratedFile, C:\Work\CAN_PDM\FW\V1\Workspace\CAN_PDM\Core\Inc\i2c.h_save
2025-07-01 15:50:57,846 [INFO] CodeEngine:287 - Generated code: C:\Work\CAN_PDM\FW\V1\Workspace\CAN_PDM\Core\Inc\i2c.h
2025-07-01 15:50:57,872 [INFO] Middleware:1452 - No code input for Bsp Dependency
2025-07-01 15:50:57,893 [INFO] CodeEngine:263 - oldGeneratedFile, C:\Work\CAN_PDM\FW\V1\Workspace\CAN_PDM\USB_DEVICE\App\usb_device.c_save
2025-07-01 15:50:57,953 [INFO] CodeEngine:287 - Generated code: C:\Work\CAN_PDM\FW\V1\Workspace\CAN_PDM\USB_DEVICE\App\usb_device.c
2025-07-01 15:50:57,974 [INFO] CodeEngine:263 - oldGeneratedFile, C:\Work\CAN_PDM\FW\V1\Workspace\CAN_PDM\USB_DEVICE\App\usb_device.h_save
2025-07-01 15:50:58,028 [INFO] CodeEngine:287 - Generated code: C:\Work\CAN_PDM\FW\V1\Workspace\CAN_PDM\USB_DEVICE\App\usb_device.h
2025-07-01 15:50:58,050 [INFO] CodeEngine:263 - oldGeneratedFile, C:\Work\CAN_PDM\FW\V1\Workspace\CAN_PDM\USB_DEVICE\Target\usbd_conf.h_save
2025-07-01 15:50:58,105 [INFO] CodeEngine:287 - Generated code: C:\Work\CAN_PDM\FW\V1\Workspace\CAN_PDM\USB_DEVICE\Target\usbd_conf.h
2025-07-01 15:50:58,132 [INFO] CodeEngine:263 - oldGeneratedFile, C:\Work\CAN_PDM\FW\V1\Workspace\CAN_PDM\USB_DEVICE\Target\usbd_conf.c_save
2025-07-01 15:50:58,213 [INFO] CodeEngine:287 - Generated code: C:\Work\CAN_PDM\FW\V1\Workspace\CAN_PDM\USB_DEVICE\Target\usbd_conf.c
2025-07-01 15:50:58,261 [INFO] CodeEngine:263 - oldGeneratedFile, C:\Work\CAN_PDM\FW\V1\Workspace\CAN_PDM\USB_DEVICE\App\usbd_desc.h_save
2025-07-01 15:50:58,342 [INFO] CodeEngine:287 - Generated code: C:\Work\CAN_PDM\FW\V1\Workspace\CAN_PDM\USB_DEVICE\App\usbd_desc.h
2025-07-01 15:50:58,370 [INFO] CodeEngine:263 - oldGeneratedFile, C:\Work\CAN_PDM\FW\V1\Workspace\CAN_PDM\USB_DEVICE\App\usbd_desc.c_save
2025-07-01 15:50:58,456 [INFO] CodeEngine:287 - Generated code: C:\Work\CAN_PDM\FW\V1\Workspace\CAN_PDM\USB_DEVICE\App\usbd_desc.c
2025-07-01 15:50:58,489 [INFO] CodeEngine:263 - oldGeneratedFile, C:\Work\CAN_PDM\FW\V1\Workspace\CAN_PDM\USB_DEVICE\App\usbd_cdc_if.h_save
2025-07-01 15:50:58,544 [INFO] CodeEngine:287 - Generated code: C:\Work\CAN_PDM\FW\V1\Workspace\CAN_PDM\USB_DEVICE\App\usbd_cdc_if.h
2025-07-01 15:50:58,571 [INFO] CodeEngine:263 - oldGeneratedFile, C:\Work\CAN_PDM\FW\V1\Workspace\CAN_PDM\USB_DEVICE\App\usbd_cdc_if.c_save
2025-07-01 15:50:58,636 [INFO] CodeEngine:287 - Generated code: C:\Work\CAN_PDM\FW\V1\Workspace\CAN_PDM\USB_DEVICE\App\usbd_cdc_if.c
2025-07-01 15:50:58,682 [INFO] CodeEngine:263 - oldGeneratedFile, C:\Work\CAN_PDM\FW\V1\Workspace\CAN_PDM\Core\Src\stm32f4xx_it.c_save
2025-07-01 15:50:58,748 [INFO] CodeEngine:287 - Generated code: C:\Work\CAN_PDM\FW\V1\Workspace\CAN_PDM\Core\Src\stm32f4xx_it.c
2025-07-01 15:50:58,773 [INFO] CodeEngine:263 - oldGeneratedFile, C:\Work\CAN_PDM\FW\V1\Workspace\CAN_PDM\Core\Inc\stm32f4xx_it.h_save
2025-07-01 15:50:58,837 [INFO] CodeEngine:287 - Generated code: C:\Work\CAN_PDM\FW\V1\Workspace\CAN_PDM\Core\Inc\stm32f4xx_it.h
2025-07-01 15:50:58,888 [INFO] CodeEngine:263 - oldGeneratedFile, C:\Work\CAN_PDM\FW\V1\Workspace\CAN_PDM\Core\Src\stm32f4xx_hal_msp.c_save
2025-07-01 15:50:58,954 [INFO] CodeEngine:287 - Generated code: C:\Work\CAN_PDM\FW\V1\Workspace\CAN_PDM\Core\Src\stm32f4xx_hal_msp.c
2025-07-01 15:50:58,985 [INFO] CodeEngine:263 - oldGeneratedFile, C:\Work\CAN_PDM\FW\V1\Workspace\CAN_PDM\MXTmpFiles\system.tmp_save
2025-07-01 15:50:59,038 [INFO] CodeEngine:287 - Generated code: C:\Work\CAN_PDM\FW\V1\Workspace\CAN_PDM\MXTmpFiles\system.tmp
2025-07-01 15:50:59,079 [INFO] CodeEngine:319 - oldGeneratedFile, C:\Work\CAN_PDM\FW\V1\Workspace\CAN_PDM\Core\Inc\stm32f4xx_hal_conf.h_save
2025-07-01 15:50:59,142 [INFO] CodeEngine:343 - Generated code: C:\Work\CAN_PDM\FW\V1\Workspace\CAN_PDM\Core\Inc\stm32f4xx_hal_conf.h
2025-07-01 15:50:59,182 [WARN] IPConfigManager:3217 - Warning: the RefConfig PLL2P_FOR_MCO is not available in your config.xml file
2025-07-01 15:50:59,207 [INFO] CodeEngine:263 - oldGeneratedFile, C:\Work\CAN_PDM\FW\V1\Workspace\CAN_PDM\Core\Inc\main.h_save
2025-07-01 15:50:59,269 [INFO] CodeEngine:287 - Generated code: C:\Work\CAN_PDM\FW\V1\Workspace\CAN_PDM\Core\Inc\main.h
2025-07-01 15:50:59,300 [INFO] CodeEngine:263 - oldGeneratedFile, C:\Work\CAN_PDM\FW\V1\Workspace\CAN_PDM\Core\Src\main.c_save
2025-07-01 15:50:59,398 [INFO] CodeEngine:287 - Generated code: C:\Work\CAN_PDM\FW\V1\Workspace\CAN_PDM\Core\Src\main.c
2025-07-01 15:51:01,081 [INFO] ProjectBuilder:3324 - Time for Copy HAL[1] : 1568mS.
2025-07-01 15:51:01,087 [INFO] ProjectBuilder:4912 - Project Generator version: 4.6.0.1-B1
2025-07-01 15:51:01,143 [INFO] ConfigFileManager:1590 - The Die is : DIE421
2025-07-01 15:51:01,896 [INFO] ProjectBuilder:5191 - Time for Generating toolchain IDE Files: 809mS.
2025-07-01 15:51:01,899 [INFO] ProjectBuilder:3181 - Time for Copy CMSIS : 3mS.
2025-07-01 15:51:01,907 [INFO] ProjectBuilder:3181 - Time for Copy CMSIS : 0mS.
2025-07-01 15:51:50,163 [WARN] IP:2250 - DEVICE_SERIAL0_CDC_FS not found: check if there is a RefParameter without a condition.
2025-07-01 15:51:50,164 [WARN] IP:2250 - DEVICE_SERIAL1_CDC_FS not found: check if there is a RefParameter without a condition.
2025-07-01 15:51:50,164 [WARN] IP:2250 - DEVICE_SERIAL2_CDC_FS not found: check if there is a RefParameter without a condition.
2025-07-01 15:52:06,565 [WARN] IP:2250 - DEVICE_SERIAL0_HID_FS not found: check if there is a RefParameter without a condition.
2025-07-01 15:52:06,565 [WARN] IP:2250 - DEVICE_SERIAL1_HID_FS not found: check if there is a RefParameter without a condition.
2025-07-01 15:52:06,565 [WARN] IP:2250 - DEVICE_SERIAL2_HID_FS not found: check if there is a RefParameter without a condition.
2025-07-01 15:52:06,585 [WARN] IP:2250 - DEVICE_SERIAL0_HID_FS not found: check if there is a RefParameter without a condition.
2025-07-01 15:52:06,585 [WARN] IP:2250 - DEVICE_SERIAL1_HID_FS not found: check if there is a RefParameter without a condition.
2025-07-01 15:52:06,585 [WARN] IP:2250 - DEVICE_SERIAL2_HID_FS not found: check if there is a RefParameter without a condition.
2025-07-01 15:52:06,585 [WARN] IP:2250 - DEVICE_SERIAL0_HID_FS not found: check if there is a RefParameter without a condition.
2025-07-01 15:52:06,585 [WARN] IP:2250 - DEVICE_SERIAL1_HID_FS not found: check if there is a RefParameter without a condition.
2025-07-01 15:52:06,585 [WARN] IP:2250 - DEVICE_SERIAL2_HID_FS not found: check if there is a RefParameter without a condition.
2025-07-01 15:52:06,699 [WARN] IP:2250 - DEVICE_SERIAL0_HID_FS not found: check if there is a RefParameter without a condition.
2025-07-01 15:52:06,699 [WARN] IP:2250 - DEVICE_SERIAL1_HID_FS not found: check if there is a RefParameter without a condition.
2025-07-01 15:52:06,699 [WARN] IP:2250 - DEVICE_SERIAL2_HID_FS not found: check if there is a RefParameter without a condition.
2025-07-01 15:52:06,699 [WARN] IP:2250 - DEVICE_SERIAL0_HID_FS not found: check if there is a RefParameter without a condition.
2025-07-01 15:52:06,699 [WARN] IP:2250 - DEVICE_SERIAL1_HID_FS not found: check if there is a RefParameter without a condition.
2025-07-01 15:52:06,699 [WARN] IP:2250 - DEVICE_SERIAL2_HID_FS not found: check if there is a RefParameter without a condition.
2025-07-01 15:52:09,305 [INFO] UtilMem:75 - End SaveConfig() Used Memory: 862174520 Bytes (1073741824)
2025-07-01 15:52:10,335 [INFO] UtilMem:75 - End SaveConfig() Used Memory: 885243192 Bytes (1073741824)
2025-07-01 15:52:11,222 [INFO] UtilMem:75 - End SaveConfig() Used Memory: 928234808 Bytes (1073741824)
2025-07-01 15:52:11,303 [INFO] BlockDiagram:2775 - set Specific Code input for plugin: CAN
2025-07-01 15:52:11,303 [INFO] BlockDiagram:2775 - set Specific Code input for plugin: USB_DEVICE
2025-07-01 15:52:11,303 [INFO] BlockDiagram:2775 - set Specific Code input for plugin: SYS
2025-07-01 15:52:11,303 [INFO] BlockDiagram:2775 - set Specific Code input for plugin: ADC
2025-07-01 15:52:11,303 [INFO] BlockDiagram:2775 - set Specific Code input for plugin: RCC
2025-07-01 15:52:11,303 [INFO] BlockDiagram:2775 - set Specific Code input for plugin: I2C
2025-07-01 15:52:11,303 [INFO] BlockDiagram:2775 - set Specific Code input for plugin: USB_OTG_FS
2025-07-01 15:52:11,303 [INFO] BlockDiagram:2775 - set Specific Code input for plugin: NVIC
2025-07-01 15:52:11,303 [INFO] BlockDiagram:2775 - set Specific Code input for plugin: GPIO
2025-07-01 15:52:11,307 [INFO] CodeGenerator:882 - code generatio: config db path: C:\ST\STM32CubeIDE_1.15.0\STM32CubeIDE\plugins\com.st.stm32cube.common.mx_6.14.1.202504091515\\db\
2025-07-01 15:52:11,317 [WARN] IP:2250 - I2C_Coeff_DF not found: check if there is a RefParameter without a condition.
2025-07-01 15:52:11,317 [WARN] IP:2250 - Analog_Filter not found: check if there is a RefParameter without a condition.
2025-07-01 15:52:11,328 [WARN] IP:2250 - DEVICE_SERIAL0_HID_FS not found: check if there is a RefParameter without a condition.
2025-07-01 15:52:11,328 [WARN] IP:2250 - DEVICE_SERIAL1_HID_FS not found: check if there is a RefParameter without a condition.
2025-07-01 15:52:11,328 [WARN] IP:2250 - DEVICE_SERIAL2_HID_FS not found: check if there is a RefParameter without a condition.
2025-07-01 15:52:11,364 [INFO] CodeEngine:263 - oldGeneratedFile, C:\Work\CAN_PDM\FW\V1\Workspace\CAN_PDM\MXTmpFiles\license.tmp_save
2025-07-01 15:52:11,412 [INFO] CodeEngine:287 - Generated code: C:\Work\CAN_PDM\FW\V1\Workspace\CAN_PDM\MXTmpFiles\license.tmp
2025-07-01 15:52:11,459 [INFO] CodeEngine:263 - oldGeneratedFile, C:\Work\CAN_PDM\FW\V1\Workspace\CAN_PDM\Core\Src\gpio.c_save
2025-07-01 15:52:11,514 [INFO] CodeEngine:287 - Generated code: C:\Work\CAN_PDM\FW\V1\Workspace\CAN_PDM\Core\Src\gpio.c
2025-07-01 15:52:11,535 [INFO] CodeEngine:263 - oldGeneratedFile, C:\Work\CAN_PDM\FW\V1\Workspace\CAN_PDM\Core\Inc\gpio.h_save
2025-07-01 15:52:11,586 [INFO] CodeEngine:287 - Generated code: C:\Work\CAN_PDM\FW\V1\Workspace\CAN_PDM\Core\Inc\gpio.h
2025-07-01 15:52:11,631 [WARN] IPConfigManager:3217 - Warning: the RefConfig PWREx_EnableUSBVoltageDetector is not available in your config.xml file
2025-07-01 15:52:11,647 [INFO] CodeEngine:263 - oldGeneratedFile, C:\Work\CAN_PDM\FW\V1\Workspace\CAN_PDM\MXTmpFiles\usb_otg_fs_vars.tmp_save
2025-07-01 15:52:11,690 [INFO] CodeEngine:287 - Generated code: C:\Work\CAN_PDM\FW\V1\Workspace\CAN_PDM\MXTmpFiles\usb_otg_fs_vars.tmp
2025-07-01 15:52:11,697 [INFO] CodeEngine:263 - oldGeneratedFile, C:\Work\CAN_PDM\FW\V1\Workspace\CAN_PDM\MXTmpFiles\usb_otg_fs_inc.tmp_save
2025-07-01 15:52:11,735 [INFO] CodeEngine:287 - Generated code: C:\Work\CAN_PDM\FW\V1\Workspace\CAN_PDM\MXTmpFiles\usb_otg_fs_inc.tmp
2025-07-01 15:52:11,743 [INFO] CodeEngine:263 - oldGeneratedFile, C:\Work\CAN_PDM\FW\V1\Workspace\CAN_PDM\MXTmpFiles\usb_otg_fs_HalInit.tmp_save
2025-07-01 15:52:11,788 [INFO] CodeEngine:287 - Generated code: C:\Work\CAN_PDM\FW\V1\Workspace\CAN_PDM\MXTmpFiles\usb_otg_fs_HalInit.tmp
2025-07-01 15:52:11,796 [INFO] CodeEngine:263 - oldGeneratedFile, C:\Work\CAN_PDM\FW\V1\Workspace\CAN_PDM\MXTmpFiles\usb_otg_fs_Msp.tmp_save
2025-07-01 15:52:11,844 [INFO] CodeEngine:287 - Generated code: C:\Work\CAN_PDM\FW\V1\Workspace\CAN_PDM\MXTmpFiles\usb_otg_fs_Msp.tmp
2025-07-01 15:52:11,947 [INFO] Middleware:1452 - No code input for Bsp Dependency
2025-07-01 15:52:11,972 [INFO] CodeEngine:263 - oldGeneratedFile, C:\Work\CAN_PDM\FW\V1\Workspace\CAN_PDM\Core\Src\adc.c_save
2025-07-01 15:52:12,103 [INFO] CodeEngine:287 - Generated code: C:\Work\CAN_PDM\FW\V1\Workspace\CAN_PDM\Core\Src\adc.c
2025-07-01 15:52:12,130 [INFO] CodeEngine:263 - oldGeneratedFile, C:\Work\CAN_PDM\FW\V1\Workspace\CAN_PDM\Core\Inc\adc.h_save
2025-07-01 15:52:12,228 [INFO] CodeEngine:287 - Generated code: C:\Work\CAN_PDM\FW\V1\Workspace\CAN_PDM\Core\Inc\adc.h
2025-07-01 15:52:12,286 [INFO] CodeEngine:263 - oldGeneratedFile, C:\Work\CAN_PDM\FW\V1\Workspace\CAN_PDM\Core\Src\can.c_save
2025-07-01 15:52:12,381 [INFO] CodeEngine:287 - Generated code: C:\Work\CAN_PDM\FW\V1\Workspace\CAN_PDM\Core\Src\can.c
2025-07-01 15:52:12,407 [INFO] CodeEngine:263 - oldGeneratedFile, C:\Work\CAN_PDM\FW\V1\Workspace\CAN_PDM\Core\Inc\can.h_save
2025-07-01 15:52:12,480 [INFO] CodeEngine:287 - Generated code: C:\Work\CAN_PDM\FW\V1\Workspace\CAN_PDM\Core\Inc\can.h
2025-07-01 15:52:12,520 [INFO] CodeEngine:263 - oldGeneratedFile, C:\Work\CAN_PDM\FW\V1\Workspace\CAN_PDM\Core\Src\i2c.c_save
2025-07-01 15:52:12,651 [INFO] CodeEngine:287 - Generated code: C:\Work\CAN_PDM\FW\V1\Workspace\CAN_PDM\Core\Src\i2c.c
2025-07-01 15:52:12,689 [INFO] CodeEngine:263 - oldGeneratedFile, C:\Work\CAN_PDM\FW\V1\Workspace\CAN_PDM\Core\Inc\i2c.h_save
2025-07-01 15:52:12,748 [INFO] CodeEngine:287 - Generated code: C:\Work\CAN_PDM\FW\V1\Workspace\CAN_PDM\Core\Inc\i2c.h
2025-07-01 15:52:12,773 [INFO] Middleware:1452 - No code input for Bsp Dependency
2025-07-01 15:52:12,788 [INFO] CodeEngine:263 - oldGeneratedFile, C:\Work\CAN_PDM\FW\V1\Workspace\CAN_PDM\USB_DEVICE\App\usb_device.c_save
2025-07-01 15:52:12,862 [INFO] CodeEngine:287 - Generated code: C:\Work\CAN_PDM\FW\V1\Workspace\CAN_PDM\USB_DEVICE\App\usb_device.c
2025-07-01 15:52:12,889 [INFO] CodeEngine:263 - oldGeneratedFile, C:\Work\CAN_PDM\FW\V1\Workspace\CAN_PDM\USB_DEVICE\App\usb_device.h_save
2025-07-01 15:52:12,950 [INFO] CodeEngine:287 - Generated code: C:\Work\CAN_PDM\FW\V1\Workspace\CAN_PDM\USB_DEVICE\App\usb_device.h
2025-07-01 15:52:12,971 [INFO] CodeEngine:263 - oldGeneratedFile, C:\Work\CAN_PDM\FW\V1\Workspace\CAN_PDM\USB_DEVICE\Target\usbd_conf.h_save
2025-07-01 15:52:13,039 [INFO] CodeEngine:287 - Generated code: C:\Work\CAN_PDM\FW\V1\Workspace\CAN_PDM\USB_DEVICE\Target\usbd_conf.h
2025-07-01 15:52:13,061 [INFO] CodeEngine:263 - oldGeneratedFile, C:\Work\CAN_PDM\FW\V1\Workspace\CAN_PDM\USB_DEVICE\Target\usbd_conf.c_save
2025-07-01 15:52:13,147 [INFO] CodeEngine:287 - Generated code: C:\Work\CAN_PDM\FW\V1\Workspace\CAN_PDM\USB_DEVICE\Target\usbd_conf.c
2025-07-01 15:52:13,169 [INFO] CodeEngine:263 - oldGeneratedFile, C:\Work\CAN_PDM\FW\V1\Workspace\CAN_PDM\USB_DEVICE\App\usbd_desc.h_save
2025-07-01 15:52:13,224 [INFO] CodeEngine:287 - Generated code: C:\Work\CAN_PDM\FW\V1\Workspace\CAN_PDM\USB_DEVICE\App\usbd_desc.h
2025-07-01 15:52:13,245 [INFO] CodeEngine:263 - oldGeneratedFile, C:\Work\CAN_PDM\FW\V1\Workspace\CAN_PDM\USB_DEVICE\App\usbd_desc.c_save
2025-07-01 15:52:13,334 [INFO] CodeEngine:287 - Generated code: C:\Work\CAN_PDM\FW\V1\Workspace\CAN_PDM\USB_DEVICE\App\usbd_desc.c
2025-07-01 15:52:13,378 [INFO] CodeEngine:263 - oldGeneratedFile, C:\Work\CAN_PDM\FW\V1\Workspace\CAN_PDM\Core\Src\stm32f4xx_it.c_save
2025-07-01 15:52:13,443 [INFO] CodeEngine:287 - Generated code: C:\Work\CAN_PDM\FW\V1\Workspace\CAN_PDM\Core\Src\stm32f4xx_it.c
2025-07-01 15:52:13,468 [INFO] CodeEngine:263 - oldGeneratedFile, C:\Work\CAN_PDM\FW\V1\Workspace\CAN_PDM\Core\Inc\stm32f4xx_it.h_save
2025-07-01 15:52:13,531 [INFO] CodeEngine:287 - Generated code: C:\Work\CAN_PDM\FW\V1\Workspace\CAN_PDM\Core\Inc\stm32f4xx_it.h
2025-07-01 15:52:13,570 [INFO] CodeEngine:263 - oldGeneratedFile, C:\Work\CAN_PDM\FW\V1\Workspace\CAN_PDM\Core\Src\stm32f4xx_hal_msp.c_save
2025-07-01 15:52:13,637 [INFO] CodeEngine:287 - Generated code: C:\Work\CAN_PDM\FW\V1\Workspace\CAN_PDM\Core\Src\stm32f4xx_hal_msp.c
2025-07-01 15:52:13,655 [INFO] CodeEngine:263 - oldGeneratedFile, C:\Work\CAN_PDM\FW\V1\Workspace\CAN_PDM\MXTmpFiles\system.tmp_save
2025-07-01 15:52:13,699 [INFO] CodeEngine:287 - Generated code: C:\Work\CAN_PDM\FW\V1\Workspace\CAN_PDM\MXTmpFiles\system.tmp
2025-07-01 15:52:13,733 [INFO] CodeEngine:319 - oldGeneratedFile, C:\Work\CAN_PDM\FW\V1\Workspace\CAN_PDM\Core\Inc\stm32f4xx_hal_conf.h_save
2025-07-01 15:52:13,799 [INFO] CodeEngine:343 - Generated code: C:\Work\CAN_PDM\FW\V1\Workspace\CAN_PDM\Core\Inc\stm32f4xx_hal_conf.h
2025-07-01 15:52:13,840 [WARN] IPConfigManager:3217 - Warning: the RefConfig PLL2P_FOR_MCO is not available in your config.xml file
2025-07-01 15:52:13,859 [INFO] CodeEngine:263 - oldGeneratedFile, C:\Work\CAN_PDM\FW\V1\Workspace\CAN_PDM\Core\Inc\main.h_save
2025-07-01 15:52:13,919 [INFO] CodeEngine:287 - Generated code: C:\Work\CAN_PDM\FW\V1\Workspace\CAN_PDM\Core\Inc\main.h
2025-07-01 15:52:13,940 [INFO] CodeEngine:263 - oldGeneratedFile, C:\Work\CAN_PDM\FW\V1\Workspace\CAN_PDM\Core\Src\main.c_save
2025-07-01 15:52:14,044 [INFO] CodeEngine:287 - Generated code: C:\Work\CAN_PDM\FW\V1\Workspace\CAN_PDM\Core\Src\main.c
2025-07-01 15:52:14,951 [INFO] ProjectBuilder:3324 - Time for Copy HAL[1] : 724mS.
2025-07-01 15:52:14,957 [INFO] ProjectBuilder:4912 - Project Generator version: 4.6.0.1-B1
2025-07-01 15:52:15,001 [INFO] ConfigFileManager:1590 - The Die is : DIE421
2025-07-01 15:52:15,683 [INFO] ProjectBuilder:5191 - Time for Generating toolchain IDE Files: 725mS.
2025-07-01 15:52:15,685 [INFO] ProjectBuilder:3181 - Time for Copy CMSIS : 1mS.
2025-07-01 15:52:15,692 [INFO] ProjectBuilder:3181 - Time for Copy CMSIS : 0mS.
2025-07-01 15:52:57,013 [WARN] IP:2250 - DEVICE_SERIAL0_MSC_FS not found: check if there is a RefParameter without a condition.
2025-07-01 15:52:57,013 [WARN] IP:2250 - DEVICE_SERIAL1_MSC_FS not found: check if there is a RefParameter without a condition.
2025-07-01 15:52:57,013 [WARN] IP:2250 - DEVICE_SERIAL2_MSC_FS not found: check if there is a RefParameter without a condition.
2025-07-01 15:52:57,028 [WARN] IP:2250 - DEVICE_SERIAL0_MSC_FS not found: check if there is a RefParameter without a condition.
2025-07-01 15:52:57,028 [WARN] IP:2250 - DEVICE_SERIAL1_MSC_FS not found: check if there is a RefParameter without a condition.
2025-07-01 15:52:57,028 [WARN] IP:2250 - DEVICE_SERIAL2_MSC_FS not found: check if there is a RefParameter without a condition.
2025-07-01 15:52:57,028 [WARN] IP:2250 - DEVICE_SERIAL0_MSC_FS not found: check if there is a RefParameter without a condition.
2025-07-01 15:52:57,028 [WARN] IP:2250 - DEVICE_SERIAL1_MSC_FS not found: check if there is a RefParameter without a condition.
2025-07-01 15:52:57,028 [WARN] IP:2250 - DEVICE_SERIAL2_MSC_FS not found: check if there is a RefParameter without a condition.
2025-07-01 15:52:57,100 [WARN] IP:2250 - DEVICE_SERIAL0_MSC_FS not found: check if there is a RefParameter without a condition.
2025-07-01 15:52:57,100 [WARN] IP:2250 - DEVICE_SERIAL1_MSC_FS not found: check if there is a RefParameter without a condition.
2025-07-01 15:52:57,100 [WARN] IP:2250 - DEVICE_SERIAL2_MSC_FS not found: check if there is a RefParameter without a condition.
2025-07-01 15:52:57,101 [WARN] IP:2250 - DEVICE_SERIAL0_MSC_FS not found: check if there is a RefParameter without a condition.
2025-07-01 15:52:57,101 [WARN] IP:2250 - DEVICE_SERIAL1_MSC_FS not found: check if there is a RefParameter without a condition.
2025-07-01 15:52:57,101 [WARN] IP:2250 - DEVICE_SERIAL2_MSC_FS not found: check if there is a RefParameter without a condition.
2025-07-01 15:52:58,730 [INFO] UtilMem:75 - End SaveConfig() Used Memory: 676805624 Bytes (1073741824)
2025-07-01 15:52:59,769 [INFO] UtilMem:75 - End SaveConfig() Used Memory: 700922872 Bytes (1073741824)
2025-07-01 15:53:00,602 [INFO] UtilMem:75 - End SaveConfig() Used Memory: 744436728 Bytes (1073741824)
2025-07-01 15:53:00,703 [INFO] BlockDiagram:2775 - set Specific Code input for plugin: CAN
2025-07-01 15:53:00,703 [INFO] BlockDiagram:2775 - set Specific Code input for plugin: USB_DEVICE
2025-07-01 15:53:00,703 [INFO] BlockDiagram:2775 - set Specific Code input for plugin: SYS
2025-07-01 15:53:00,703 [INFO] BlockDiagram:2775 - set Specific Code input for plugin: ADC
2025-07-01 15:53:00,703 [INFO] BlockDiagram:2775 - set Specific Code input for plugin: RCC
2025-07-01 15:53:00,703 [INFO] BlockDiagram:2775 - set Specific Code input for plugin: I2C
2025-07-01 15:53:00,703 [INFO] BlockDiagram:2775 - set Specific Code input for plugin: USB_OTG_FS
2025-07-01 15:53:00,703 [INFO] BlockDiagram:2775 - set Specific Code input for plugin: NVIC
2025-07-01 15:53:00,703 [INFO] BlockDiagram:2775 - set Specific Code input for plugin: GPIO
2025-07-01 15:53:00,704 [INFO] CodeGenerator:882 - code generatio: config db path: C:\ST\STM32CubeIDE_1.15.0\STM32CubeIDE\plugins\com.st.stm32cube.common.mx_6.14.1.202504091515\\db\
2025-07-01 15:53:00,713 [WARN] IP:2250 - I2C_Coeff_DF not found: check if there is a RefParameter without a condition.
2025-07-01 15:53:00,713 [WARN] IP:2250 - Analog_Filter not found: check if there is a RefParameter without a condition.
2025-07-01 15:53:00,747 [WARN] IP:2250 - DEVICE_SERIAL0_MSC_FS not found: check if there is a RefParameter without a condition.
2025-07-01 15:53:00,748 [WARN] IP:2250 - DEVICE_SERIAL1_MSC_FS not found: check if there is a RefParameter without a condition.
2025-07-01 15:53:00,748 [WARN] IP:2250 - DEVICE_SERIAL2_MSC_FS not found: check if there is a RefParameter without a condition.
2025-07-01 15:53:00,785 [INFO] CodeEngine:263 - oldGeneratedFile, C:\Work\CAN_PDM\FW\V1\Workspace\CAN_PDM\MXTmpFiles\license.tmp_save
2025-07-01 15:53:00,820 [INFO] CodeEngine:287 - Generated code: C:\Work\CAN_PDM\FW\V1\Workspace\CAN_PDM\MXTmpFiles\license.tmp
2025-07-01 15:53:00,841 [INFO] CodeEngine:263 - oldGeneratedFile, C:\Work\CAN_PDM\FW\V1\Workspace\CAN_PDM\Core\Src\gpio.c_save
2025-07-01 15:53:00,880 [INFO] CodeEngine:287 - Generated code: C:\Work\CAN_PDM\FW\V1\Workspace\CAN_PDM\Core\Src\gpio.c
2025-07-01 15:53:00,885 [INFO] CodeEngine:263 - oldGeneratedFile, C:\Work\CAN_PDM\FW\V1\Workspace\CAN_PDM\Core\Inc\gpio.h_save
2025-07-01 15:53:00,922 [INFO] CodeEngine:287 - Generated code: C:\Work\CAN_PDM\FW\V1\Workspace\CAN_PDM\Core\Inc\gpio.h
2025-07-01 15:53:00,951 [WARN] IPConfigManager:3217 - Warning: the RefConfig PWREx_EnableUSBVoltageDetector is not available in your config.xml file
2025-07-01 15:53:00,957 [INFO] CodeEngine:263 - oldGeneratedFile, C:\Work\CAN_PDM\FW\V1\Workspace\CAN_PDM\MXTmpFiles\usb_otg_fs_vars.tmp_save
2025-07-01 15:53:00,992 [INFO] CodeEngine:287 - Generated code: C:\Work\CAN_PDM\FW\V1\Workspace\CAN_PDM\MXTmpFiles\usb_otg_fs_vars.tmp
2025-07-01 15:53:00,995 [INFO] CodeEngine:263 - oldGeneratedFile, C:\Work\CAN_PDM\FW\V1\Workspace\CAN_PDM\MXTmpFiles\usb_otg_fs_inc.tmp_save
2025-07-01 15:53:01,026 [INFO] CodeEngine:287 - Generated code: C:\Work\CAN_PDM\FW\V1\Workspace\CAN_PDM\MXTmpFiles\usb_otg_fs_inc.tmp
2025-07-01 15:53:01,030 [INFO] CodeEngine:263 - oldGeneratedFile, C:\Work\CAN_PDM\FW\V1\Workspace\CAN_PDM\MXTmpFiles\usb_otg_fs_HalInit.tmp_save
2025-07-01 15:53:01,068 [INFO] CodeEngine:287 - Generated code: C:\Work\CAN_PDM\FW\V1\Workspace\CAN_PDM\MXTmpFiles\usb_otg_fs_HalInit.tmp
2025-07-01 15:53:01,071 [INFO] CodeEngine:263 - oldGeneratedFile, C:\Work\CAN_PDM\FW\V1\Workspace\CAN_PDM\MXTmpFiles\usb_otg_fs_Msp.tmp_save
2025-07-01 15:53:01,111 [INFO] CodeEngine:287 - Generated code: C:\Work\CAN_PDM\FW\V1\Workspace\CAN_PDM\MXTmpFiles\usb_otg_fs_Msp.tmp
2025-07-01 15:53:01,204 [INFO] Middleware:1452 - No code input for Bsp Dependency
2025-07-01 15:53:01,211 [INFO] CodeEngine:263 - oldGeneratedFile, C:\Work\CAN_PDM\FW\V1\Workspace\CAN_PDM\Core\Src\adc.c_save
2025-07-01 15:53:01,260 [INFO] CodeEngine:287 - Generated code: C:\Work\CAN_PDM\FW\V1\Workspace\CAN_PDM\Core\Src\adc.c
2025-07-01 15:53:01,265 [INFO] CodeEngine:263 - oldGeneratedFile, C:\Work\CAN_PDM\FW\V1\Workspace\CAN_PDM\Core\Inc\adc.h_save
2025-07-01 15:53:01,303 [INFO] CodeEngine:287 - Generated code: C:\Work\CAN_PDM\FW\V1\Workspace\CAN_PDM\Core\Inc\adc.h
2025-07-01 15:53:01,313 [INFO] CodeEngine:263 - oldGeneratedFile, C:\Work\CAN_PDM\FW\V1\Workspace\CAN_PDM\Core\Src\can.c_save
2025-07-01 15:53:01,359 [INFO] CodeEngine:287 - Generated code: C:\Work\CAN_PDM\FW\V1\Workspace\CAN_PDM\Core\Src\can.c
2025-07-01 15:53:01,365 [INFO] CodeEngine:263 - oldGeneratedFile, C:\Work\CAN_PDM\FW\V1\Workspace\CAN_PDM\Core\Inc\can.h_save
2025-07-01 15:53:01,402 [INFO] CodeEngine:287 - Generated code: C:\Work\CAN_PDM\FW\V1\Workspace\CAN_PDM\Core\Inc\can.h
2025-07-01 15:53:01,413 [INFO] CodeEngine:263 - oldGeneratedFile, C:\Work\CAN_PDM\FW\V1\Workspace\CAN_PDM\Core\Src\i2c.c_save
2025-07-01 15:53:01,463 [INFO] CodeEngine:287 - Generated code: C:\Work\CAN_PDM\FW\V1\Workspace\CAN_PDM\Core\Src\i2c.c
2025-07-01 15:53:01,468 [INFO] CodeEngine:263 - oldGeneratedFile, C:\Work\CAN_PDM\FW\V1\Workspace\CAN_PDM\Core\Inc\i2c.h_save
2025-07-01 15:53:01,504 [INFO] CodeEngine:287 - Generated code: C:\Work\CAN_PDM\FW\V1\Workspace\CAN_PDM\Core\Inc\i2c.h
2025-07-01 15:53:01,514 [INFO] Middleware:1452 - No code input for Bsp Dependency
2025-07-01 15:53:01,520 [INFO] CodeEngine:263 - oldGeneratedFile, C:\Work\CAN_PDM\FW\V1\Workspace\CAN_PDM\USB_DEVICE\App\usb_device.c_save
2025-07-01 15:53:01,561 [INFO] CodeEngine:287 - Generated code: C:\Work\CAN_PDM\FW\V1\Workspace\CAN_PDM\USB_DEVICE\App\usb_device.c
2025-07-01 15:53:01,566 [INFO] CodeEngine:263 - oldGeneratedFile, C:\Work\CAN_PDM\FW\V1\Workspace\CAN_PDM\USB_DEVICE\App\usb_device.h_save
2025-07-01 15:53:01,601 [INFO] CodeEngine:287 - Generated code: C:\Work\CAN_PDM\FW\V1\Workspace\CAN_PDM\USB_DEVICE\App\usb_device.h
2025-07-01 15:53:01,606 [INFO] CodeEngine:263 - oldGeneratedFile, C:\Work\CAN_PDM\FW\V1\Workspace\CAN_PDM\USB_DEVICE\Target\usbd_conf.h_save
2025-07-01 15:53:01,643 [INFO] CodeEngine:287 - Generated code: C:\Work\CAN_PDM\FW\V1\Workspace\CAN_PDM\USB_DEVICE\Target\usbd_conf.h
2025-07-01 15:53:01,649 [INFO] CodeEngine:263 - oldGeneratedFile, C:\Work\CAN_PDM\FW\V1\Workspace\CAN_PDM\USB_DEVICE\Target\usbd_conf.c_save
2025-07-01 15:53:01,694 [INFO] CodeEngine:287 - Generated code: C:\Work\CAN_PDM\FW\V1\Workspace\CAN_PDM\USB_DEVICE\Target\usbd_conf.c
2025-07-01 15:53:01,699 [INFO] CodeEngine:263 - oldGeneratedFile, C:\Work\CAN_PDM\FW\V1\Workspace\CAN_PDM\USB_DEVICE\App\usbd_desc.h_save
2025-07-01 15:53:01,733 [INFO] CodeEngine:287 - Generated code: C:\Work\CAN_PDM\FW\V1\Workspace\CAN_PDM\USB_DEVICE\App\usbd_desc.h
2025-07-01 15:53:01,738 [INFO] CodeEngine:263 - oldGeneratedFile, C:\Work\CAN_PDM\FW\V1\Workspace\CAN_PDM\USB_DEVICE\App\usbd_desc.c_save
2025-07-01 15:53:01,779 [INFO] CodeEngine:287 - Generated code: C:\Work\CAN_PDM\FW\V1\Workspace\CAN_PDM\USB_DEVICE\App\usbd_desc.c
2025-07-01 15:53:01,788 [INFO] CodeEngine:263 - oldGeneratedFile, C:\Work\CAN_PDM\FW\V1\Workspace\CAN_PDM\USB_DEVICE\App\usbd_storage_if.h_save
2025-07-01 15:53:01,824 [INFO] CodeEngine:287 - Generated code: C:\Work\CAN_PDM\FW\V1\Workspace\CAN_PDM\USB_DEVICE\App\usbd_storage_if.h
2025-07-01 15:53:01,832 [INFO] CodeEngine:263 - oldGeneratedFile, C:\Work\CAN_PDM\FW\V1\Workspace\CAN_PDM\USB_DEVICE\App\usbd_storage_if.c_save
2025-07-01 15:53:01,869 [INFO] CodeEngine:287 - Generated code: C:\Work\CAN_PDM\FW\V1\Workspace\CAN_PDM\USB_DEVICE\App\usbd_storage_if.c
2025-07-01 15:53:01,880 [INFO] CodeEngine:263 - oldGeneratedFile, C:\Work\CAN_PDM\FW\V1\Workspace\CAN_PDM\Core\Src\stm32f4xx_it.c_save
2025-07-01 15:53:01,918 [INFO] CodeEngine:287 - Generated code: C:\Work\CAN_PDM\FW\V1\Workspace\CAN_PDM\Core\Src\stm32f4xx_it.c
2025-07-01 15:53:01,922 [INFO] CodeEngine:263 - oldGeneratedFile, C:\Work\CAN_PDM\FW\V1\Workspace\CAN_PDM\Core\Inc\stm32f4xx_it.h_save
2025-07-01 15:53:01,957 [INFO] CodeEngine:287 - Generated code: C:\Work\CAN_PDM\FW\V1\Workspace\CAN_PDM\Core\Inc\stm32f4xx_it.h
2025-07-01 15:53:01,967 [INFO] CodeEngine:263 - oldGeneratedFile, C:\Work\CAN_PDM\FW\V1\Workspace\CAN_PDM\Core\Src\stm32f4xx_hal_msp.c_save
2025-07-01 15:53:02,020 [INFO] CodeEngine:287 - Generated code: C:\Work\CAN_PDM\FW\V1\Workspace\CAN_PDM\Core\Src\stm32f4xx_hal_msp.c
2025-07-01 15:53:02,025 [INFO] CodeEngine:263 - oldGeneratedFile, C:\Work\CAN_PDM\FW\V1\Workspace\CAN_PDM\MXTmpFiles\system.tmp_save
2025-07-01 15:53:02,058 [INFO] CodeEngine:287 - Generated code: C:\Work\CAN_PDM\FW\V1\Workspace\CAN_PDM\MXTmpFiles\system.tmp
2025-07-01 15:53:02,067 [INFO] CodeEngine:319 - oldGeneratedFile, C:\Work\CAN_PDM\FW\V1\Workspace\CAN_PDM\Core\Inc\stm32f4xx_hal_conf.h_save
2025-07-01 15:53:02,105 [INFO] CodeEngine:343 - Generated code: C:\Work\CAN_PDM\FW\V1\Workspace\CAN_PDM\Core\Inc\stm32f4xx_hal_conf.h
2025-07-01 15:53:02,116 [WARN] IPConfigManager:3217 - Warning: the RefConfig PLL2P_FOR_MCO is not available in your config.xml file
2025-07-01 15:53:02,124 [INFO] CodeEngine:263 - oldGeneratedFile, C:\Work\CAN_PDM\FW\V1\Workspace\CAN_PDM\Core\Inc\main.h_save
2025-07-01 15:53:02,160 [INFO] CodeEngine:287 - Generated code: C:\Work\CAN_PDM\FW\V1\Workspace\CAN_PDM\Core\Inc\main.h
2025-07-01 15:53:02,169 [INFO] CodeEngine:263 - oldGeneratedFile, C:\Work\CAN_PDM\FW\V1\Workspace\CAN_PDM\Core\Src\main.c_save
2025-07-01 15:53:02,225 [INFO] CodeEngine:287 - Generated code: C:\Work\CAN_PDM\FW\V1\Workspace\CAN_PDM\Core\Src\main.c
2025-07-01 15:53:02,624 [INFO] ProjectBuilder:3324 - Time for Copy HAL[1] : 318mS.
2025-07-01 15:53:02,631 [INFO] ProjectBuilder:4912 - Project Generator version: 4.6.0.1-B1
2025-07-01 15:53:02,673 [INFO] ConfigFileManager:1590 - The Die is : DIE421
2025-07-01 15:53:03,370 [INFO] ProjectBuilder:5191 - Time for Generating toolchain IDE Files: 739mS.
2025-07-01 15:53:03,374 [INFO] ProjectBuilder:3181 - Time for Copy CMSIS : 2mS.
2025-07-01 15:53:03,382 [INFO] ProjectBuilder:3181 - Time for Copy CMSIS : 0mS.
2025-07-01 15:56:29,768 [WARN] IP:2250 - DEVICE_SERIAL0_CDC_FS not found: check if there is a RefParameter without a condition.
2025-07-01 15:56:29,768 [WARN] IP:2250 - DEVICE_SERIAL1_CDC_FS not found: check if there is a RefParameter without a condition.
2025-07-01 15:56:29,768 [WARN] IP:2250 - DEVICE_SERIAL2_CDC_FS not found: check if there is a RefParameter without a condition.
2025-07-01 15:56:29,789 [WARN] IP:2250 - DEVICE_SERIAL0_CDC_FS not found: check if there is a RefParameter without a condition.
2025-07-01 15:56:29,789 [WARN] IP:2250 - DEVICE_SERIAL1_CDC_FS not found: check if there is a RefParameter without a condition.
2025-07-01 15:56:29,789 [WARN] IP:2250 - DEVICE_SERIAL2_CDC_FS not found: check if there is a RefParameter without a condition.
2025-07-01 15:56:29,790 [WARN] IP:2250 - DEVICE_SERIAL0_CDC_FS not found: check if there is a RefParameter without a condition.
2025-07-01 15:56:29,790 [WARN] IP:2250 - DEVICE_SERIAL1_CDC_FS not found: check if there is a RefParameter without a condition.
2025-07-01 15:56:29,790 [WARN] IP:2250 - DEVICE_SERIAL2_CDC_FS not found: check if there is a RefParameter without a condition.
2025-07-01 15:56:29,883 [WARN] IP:2250 - DEVICE_SERIAL0_CDC_FS not found: check if there is a RefParameter without a condition.
2025-07-01 15:56:29,883 [WARN] IP:2250 - DEVICE_SERIAL1_CDC_FS not found: check if there is a RefParameter without a condition.
2025-07-01 15:56:29,883 [WARN] IP:2250 - DEVICE_SERIAL2_CDC_FS not found: check if there is a RefParameter without a condition.
2025-07-01 15:56:29,884 [WARN] IP:2250 - DEVICE_SERIAL0_CDC_FS not found: check if there is a RefParameter without a condition.
2025-07-01 15:56:29,884 [WARN] IP:2250 - DEVICE_SERIAL1_CDC_FS not found: check if there is a RefParameter without a condition.
2025-07-01 15:56:29,884 [WARN] IP:2250 - DEVICE_SERIAL2_CDC_FS not found: check if there is a RefParameter without a condition.
2025-07-01 15:56:31,934 [WARN] IP:2250 - DEVICE_SERIAL0_CDC_FS not found: check if there is a RefParameter without a condition.
2025-07-01 15:56:31,934 [WARN] IP:2250 - DEVICE_SERIAL1_CDC_FS not found: check if there is a RefParameter without a condition.
2025-07-01 15:56:31,934 [WARN] IP:2250 - DEVICE_SERIAL2_CDC_FS not found: check if there is a RefParameter without a condition.
2025-07-01 15:56:37,154 [INFO] UtilMem:75 - End SaveConfig() Used Memory: 768347040 Bytes (1073741824)
2025-07-01 15:56:38,144 [INFO] UtilMem:75 - End SaveConfig() Used Memory: 790367136 Bytes (1073741824)
2025-07-01 15:56:39,487 [INFO] UtilMem:75 - End SaveConfig() Used Memory: 834929568 Bytes (1073741824)
2025-07-01 15:56:39,564 [INFO] BlockDiagram:2775 - set Specific Code input for plugin: CAN
2025-07-01 15:56:39,564 [INFO] BlockDiagram:2775 - set Specific Code input for plugin: USB_DEVICE
2025-07-01 15:56:39,564 [INFO] BlockDiagram:2775 - set Specific Code input for plugin: SYS
2025-07-01 15:56:39,564 [INFO] BlockDiagram:2775 - set Specific Code input for plugin: ADC
2025-07-01 15:56:39,564 [INFO] BlockDiagram:2775 - set Specific Code input for plugin: RCC
2025-07-01 15:56:39,564 [INFO] BlockDiagram:2775 - set Specific Code input for plugin: I2C
2025-07-01 15:56:39,564 [INFO] BlockDiagram:2775 - set Specific Code input for plugin: USB_OTG_FS
2025-07-01 15:56:39,564 [INFO] BlockDiagram:2775 - set Specific Code input for plugin: NVIC
2025-07-01 15:56:39,565 [INFO] BlockDiagram:2775 - set Specific Code input for plugin: GPIO
2025-07-01 15:56:39,567 [INFO] CodeGenerator:882 - code generatio: config db path: C:\ST\STM32CubeIDE_1.15.0\STM32CubeIDE\plugins\com.st.stm32cube.common.mx_6.14.1.202504091515\\db\
2025-07-01 15:56:39,571 [WARN] IP:2250 - I2C_Coeff_DF not found: check if there is a RefParameter without a condition.
2025-07-01 15:56:39,571 [WARN] IP:2250 - Analog_Filter not found: check if there is a RefParameter without a condition.
2025-07-01 15:56:39,581 [WARN] IP:2250 - DEVICE_SERIAL0_CDC_FS not found: check if there is a RefParameter without a condition.
2025-07-01 15:56:39,581 [WARN] IP:2250 - DEVICE_SERIAL1_CDC_FS not found: check if there is a RefParameter without a condition.
2025-07-01 15:56:39,581 [WARN] IP:2250 - DEVICE_SERIAL2_CDC_FS not found: check if there is a RefParameter without a condition.
2025-07-01 15:56:39,622 [INFO] CodeEngine:263 - oldGeneratedFile, C:\Work\CAN_PDM\FW\V1\Workspace\CAN_PDM\MXTmpFiles\license.tmp_save
2025-07-01 15:56:39,667 [INFO] CodeEngine:287 - Generated code: C:\Work\CAN_PDM\FW\V1\Workspace\CAN_PDM\MXTmpFiles\license.tmp
2025-07-01 15:56:39,703 [INFO] CodeEngine:263 - oldGeneratedFile, C:\Work\CAN_PDM\FW\V1\Workspace\CAN_PDM\Core\Src\gpio.c_save
2025-07-01 15:56:39,764 [INFO] CodeEngine:287 - Generated code: C:\Work\CAN_PDM\FW\V1\Workspace\CAN_PDM\Core\Src\gpio.c
2025-07-01 15:56:39,777 [INFO] CodeEngine:263 - oldGeneratedFile, C:\Work\CAN_PDM\FW\V1\Workspace\CAN_PDM\Core\Inc\gpio.h_save
2025-07-01 15:56:39,832 [INFO] CodeEngine:287 - Generated code: C:\Work\CAN_PDM\FW\V1\Workspace\CAN_PDM\Core\Inc\gpio.h
2025-07-01 15:56:39,899 [WARN] IPConfigManager:3217 - Warning: the RefConfig PWREx_EnableUSBVoltageDetector is not available in your config.xml file
2025-07-01 15:56:39,909 [INFO] CodeEngine:263 - oldGeneratedFile, C:\Work\CAN_PDM\FW\V1\Workspace\CAN_PDM\MXTmpFiles\usb_otg_fs_vars.tmp_save
2025-07-01 15:56:39,953 [INFO] CodeEngine:287 - Generated code: C:\Work\CAN_PDM\FW\V1\Workspace\CAN_PDM\MXTmpFiles\usb_otg_fs_vars.tmp
2025-07-01 15:56:39,962 [INFO] CodeEngine:263 - oldGeneratedFile, C:\Work\CAN_PDM\FW\V1\Workspace\CAN_PDM\MXTmpFiles\usb_otg_fs_inc.tmp_save
2025-07-01 15:56:40,004 [INFO] CodeEngine:287 - Generated code: C:\Work\CAN_PDM\FW\V1\Workspace\CAN_PDM\MXTmpFiles\usb_otg_fs_inc.tmp
2025-07-01 15:56:40,012 [INFO] CodeEngine:263 - oldGeneratedFile, C:\Work\CAN_PDM\FW\V1\Workspace\CAN_PDM\MXTmpFiles\usb_otg_fs_HalInit.tmp_save
2025-07-01 15:56:40,057 [INFO] CodeEngine:287 - Generated code: C:\Work\CAN_PDM\FW\V1\Workspace\CAN_PDM\MXTmpFiles\usb_otg_fs_HalInit.tmp
2025-07-01 15:56:40,065 [INFO] CodeEngine:263 - oldGeneratedFile, C:\Work\CAN_PDM\FW\V1\Workspace\CAN_PDM\MXTmpFiles\usb_otg_fs_Msp.tmp_save
2025-07-01 15:56:40,113 [INFO] CodeEngine:287 - Generated code: C:\Work\CAN_PDM\FW\V1\Workspace\CAN_PDM\MXTmpFiles\usb_otg_fs_Msp.tmp
2025-07-01 15:56:40,223 [INFO] Middleware:1452 - No code input for Bsp Dependency
2025-07-01 15:56:40,238 [INFO] CodeEngine:263 - oldGeneratedFile, C:\Work\CAN_PDM\FW\V1\Workspace\CAN_PDM\Core\Src\adc.c_save
2025-07-01 15:56:40,311 [INFO] CodeEngine:287 - Generated code: C:\Work\CAN_PDM\FW\V1\Workspace\CAN_PDM\Core\Src\adc.c
2025-07-01 15:56:40,332 [INFO] CodeEngine:263 - oldGeneratedFile, C:\Work\CAN_PDM\FW\V1\Workspace\CAN_PDM\Core\Inc\adc.h_save
2025-07-01 15:56:40,405 [INFO] CodeEngine:287 - Generated code: C:\Work\CAN_PDM\FW\V1\Workspace\CAN_PDM\Core\Inc\adc.h
2025-07-01 15:56:40,444 [INFO] CodeEngine:263 - oldGeneratedFile, C:\Work\CAN_PDM\FW\V1\Workspace\CAN_PDM\Core\Src\can.c_save
2025-07-01 15:56:40,511 [INFO] CodeEngine:287 - Generated code: C:\Work\CAN_PDM\FW\V1\Workspace\CAN_PDM\Core\Src\can.c
2025-07-01 15:56:40,527 [INFO] CodeEngine:263 - oldGeneratedFile, C:\Work\CAN_PDM\FW\V1\Workspace\CAN_PDM\Core\Inc\can.h_save
2025-07-01 15:56:40,576 [INFO] CodeEngine:287 - Generated code: C:\Work\CAN_PDM\FW\V1\Workspace\CAN_PDM\Core\Inc\can.h
2025-07-01 15:56:40,602 [INFO] CodeEngine:263 - oldGeneratedFile, C:\Work\CAN_PDM\FW\V1\Workspace\CAN_PDM\Core\Src\i2c.c_save
2025-07-01 15:56:40,696 [INFO] CodeEngine:287 - Generated code: C:\Work\CAN_PDM\FW\V1\Workspace\CAN_PDM\Core\Src\i2c.c
2025-07-01 15:56:40,709 [INFO] CodeEngine:263 - oldGeneratedFile, C:\Work\CAN_PDM\FW\V1\Workspace\CAN_PDM\Core\Inc\i2c.h_save
2025-07-01 15:56:40,756 [INFO] CodeEngine:287 - Generated code: C:\Work\CAN_PDM\FW\V1\Workspace\CAN_PDM\Core\Inc\i2c.h
2025-07-01 15:56:40,775 [INFO] Middleware:1452 - No code input for Bsp Dependency
2025-07-01 15:56:40,787 [INFO] CodeEngine:263 - oldGeneratedFile, C:\Work\CAN_PDM\FW\V1\Workspace\CAN_PDM\USB_DEVICE\App\usb_device.c_save
2025-07-01 15:56:40,843 [INFO] CodeEngine:287 - Generated code: C:\Work\CAN_PDM\FW\V1\Workspace\CAN_PDM\USB_DEVICE\App\usb_device.c
2025-07-01 15:56:40,855 [INFO] CodeEngine:263 - oldGeneratedFile, C:\Work\CAN_PDM\FW\V1\Workspace\CAN_PDM\USB_DEVICE\App\usb_device.h_save
2025-07-01 15:56:40,901 [INFO] CodeEngine:287 - Generated code: C:\Work\CAN_PDM\FW\V1\Workspace\CAN_PDM\USB_DEVICE\App\usb_device.h
2025-07-01 15:56:40,915 [INFO] CodeEngine:263 - oldGeneratedFile, C:\Work\CAN_PDM\FW\V1\Workspace\CAN_PDM\USB_DEVICE\Target\usbd_conf.h_save
2025-07-01 15:56:40,978 [INFO] CodeEngine:287 - Generated code: C:\Work\CAN_PDM\FW\V1\Workspace\CAN_PDM\USB_DEVICE\Target\usbd_conf.h
2025-07-01 15:56:41,004 [INFO] CodeEngine:263 - oldGeneratedFile, C:\Work\CAN_PDM\FW\V1\Workspace\CAN_PDM\USB_DEVICE\Target\usbd_conf.c_save
2025-07-01 15:56:41,077 [INFO] CodeEngine:287 - Generated code: C:\Work\CAN_PDM\FW\V1\Workspace\CAN_PDM\USB_DEVICE\Target\usbd_conf.c
2025-07-01 15:56:41,099 [INFO] CodeEngine:263 - oldGeneratedFile, C:\Work\CAN_PDM\FW\V1\Workspace\CAN_PDM\USB_DEVICE\App\usbd_desc.h_save
2025-07-01 15:56:41,171 [INFO] CodeEngine:287 - Generated code: C:\Work\CAN_PDM\FW\V1\Workspace\CAN_PDM\USB_DEVICE\App\usbd_desc.h
2025-07-01 15:56:41,195 [INFO] CodeEngine:263 - oldGeneratedFile, C:\Work\CAN_PDM\FW\V1\Workspace\CAN_PDM\USB_DEVICE\App\usbd_desc.c_save
2025-07-01 15:56:41,295 [INFO] CodeEngine:287 - Generated code: C:\Work\CAN_PDM\FW\V1\Workspace\CAN_PDM\USB_DEVICE\App\usbd_desc.c
2025-07-01 15:56:41,317 [INFO] CodeEngine:263 - oldGeneratedFile, C:\Work\CAN_PDM\FW\V1\Workspace\CAN_PDM\USB_DEVICE\App\usbd_cdc_if.h_save
2025-07-01 15:56:41,387 [INFO] CodeEngine:287 - Generated code: C:\Work\CAN_PDM\FW\V1\Workspace\CAN_PDM\USB_DEVICE\App\usbd_cdc_if.h
2025-07-01 15:56:41,401 [INFO] CodeEngine:263 - oldGeneratedFile, C:\Work\CAN_PDM\FW\V1\Workspace\CAN_PDM\USB_DEVICE\App\usbd_cdc_if.c_save
2025-07-01 15:56:41,476 [INFO] CodeEngine:287 - Generated code: C:\Work\CAN_PDM\FW\V1\Workspace\CAN_PDM\USB_DEVICE\App\usbd_cdc_if.c
2025-07-01 15:56:41,508 [INFO] CodeEngine:263 - oldGeneratedFile, C:\Work\CAN_PDM\FW\V1\Workspace\CAN_PDM\Core\Src\stm32f4xx_it.c_save
2025-07-01 15:56:41,573 [INFO] CodeEngine:287 - Generated code: C:\Work\CAN_PDM\FW\V1\Workspace\CAN_PDM\Core\Src\stm32f4xx_it.c
2025-07-01 15:56:41,596 [INFO] CodeEngine:263 - oldGeneratedFile, C:\Work\CAN_PDM\FW\V1\Workspace\CAN_PDM\Core\Inc\stm32f4xx_it.h_save
2025-07-01 15:56:41,675 [INFO] CodeEngine:287 - Generated code: C:\Work\CAN_PDM\FW\V1\Workspace\CAN_PDM\Core\Inc\stm32f4xx_it.h
2025-07-01 15:56:41,746 [INFO] CodeEngine:263 - oldGeneratedFile, C:\Work\CAN_PDM\FW\V1\Workspace\CAN_PDM\Core\Src\stm32f4xx_hal_msp.c_save
2025-07-01 15:56:41,841 [INFO] CodeEngine:287 - Generated code: C:\Work\CAN_PDM\FW\V1\Workspace\CAN_PDM\Core\Src\stm32f4xx_hal_msp.c
2025-07-01 15:56:41,861 [INFO] CodeEngine:263 - oldGeneratedFile, C:\Work\CAN_PDM\FW\V1\Workspace\CAN_PDM\MXTmpFiles\system.tmp_save
2025-07-01 15:56:41,920 [INFO] CodeEngine:287 - Generated code: C:\Work\CAN_PDM\FW\V1\Workspace\CAN_PDM\MXTmpFiles\system.tmp
2025-07-01 15:56:41,947 [INFO] CodeEngine:319 - oldGeneratedFile, C:\Work\CAN_PDM\FW\V1\Workspace\CAN_PDM\Core\Inc\stm32f4xx_hal_conf.h_save
2025-07-01 15:56:42,024 [INFO] CodeEngine:343 - Generated code: C:\Work\CAN_PDM\FW\V1\Workspace\CAN_PDM\Core\Inc\stm32f4xx_hal_conf.h
2025-07-01 15:56:42,059 [WARN] IPConfigManager:3217 - Warning: the RefConfig PLL2P_FOR_MCO is not available in your config.xml file
2025-07-01 15:56:42,077 [INFO] CodeEngine:263 - oldGeneratedFile, C:\Work\CAN_PDM\FW\V1\Workspace\CAN_PDM\Core\Inc\main.h_save
2025-07-01 15:56:42,143 [INFO] CodeEngine:287 - Generated code: C:\Work\CAN_PDM\FW\V1\Workspace\CAN_PDM\Core\Inc\main.h
2025-07-01 15:56:42,166 [INFO] CodeEngine:263 - oldGeneratedFile, C:\Work\CAN_PDM\FW\V1\Workspace\CAN_PDM\Core\Src\main.c_save
2025-07-01 15:56:42,261 [INFO] CodeEngine:287 - Generated code: C:\Work\CAN_PDM\FW\V1\Workspace\CAN_PDM\Core\Src\main.c
2025-07-01 15:56:43,418 [INFO] ProjectBuilder:3324 - Time for Copy HAL[1] : 1029mS.
2025-07-01 15:56:43,425 [INFO] ProjectBuilder:4912 - Project Generator version: 4.6.0.1-B1
2025-07-01 15:56:43,490 [INFO] ConfigFileManager:1590 - The Die is : DIE421
2025-07-01 15:56:44,391 [INFO] ProjectBuilder:5191 - Time for Generating toolchain IDE Files: 966mS.
2025-07-01 15:56:44,394 [INFO] ProjectBuilder:3181 - Time for Copy CMSIS : 3mS.
2025-07-01 15:56:44,404 [INFO] ProjectBuilder:3181 - Time for Copy CMSIS : 0mS.
2025-07-01 16:07:34,703 [INFO] NvicIntPanel:101 - NVIC parent = com.st.microxplorer.plugins.ip.nvic.MultiNvicIntPanel[,0,0,450x314,layout=javax.swing.BoxLayout,alignmentX=0.0,alignmentY=0.0,border=,flags=9,maximumSize=,minimumSize=,preferredSize=]
2025-07-01 16:07:39,217 [INFO] NvicIntPanel:101 - NVIC parent = com.st.microxplorer.plugins.ip.nvic.MultiNvicIntPanel[,0,0,0x0,invalid,layout=javax.swing.BoxLayout,alignmentX=0.0,alignmentY=0.0,border=,flags=9,maximumSize=,minimumSize=,preferredSize=]
2025-07-01 16:07:39,280 [INFO] NvicIntPanel:101 - NVIC parent = com.st.microxplorer.plugins.ip.nvic.MultiNvicIntPanel[,0,0,0x0,invalid,layout=javax.swing.BoxLayout,alignmentX=0.0,alignmentY=0.0,border=,flags=9,maximumSize=,minimumSize=,preferredSize=]
2025-07-01 16:07:42,719 [INFO] UtilMem:75 - End SaveConfig() Used Memory: 907381016 Bytes (1073741824)
2025-07-01 16:07:44,340 [INFO] UtilMem:75 - End SaveConfig() Used Memory: 929927448 Bytes (1073741824)
2025-07-01 16:07:45,219 [INFO] UtilMem:75 - End SaveConfig() Used Memory: 357229720 Bytes (1073741824)
2025-07-01 16:07:45,298 [INFO] BlockDiagram:2775 - set Specific Code input for plugin: CAN
2025-07-01 16:07:45,298 [INFO] BlockDiagram:2775 - set Specific Code input for plugin: USB_DEVICE
2025-07-01 16:07:45,298 [INFO] BlockDiagram:2775 - set Specific Code input for plugin: SYS
2025-07-01 16:07:45,298 [INFO] BlockDiagram:2775 - set Specific Code input for plugin: ADC
2025-07-01 16:07:45,298 [INFO] BlockDiagram:2775 - set Specific Code input for plugin: RCC
2025-07-01 16:07:45,298 [INFO] BlockDiagram:2775 - set Specific Code input for plugin: I2C
2025-07-01 16:07:45,298 [INFO] BlockDiagram:2775 - set Specific Code input for plugin: USB_OTG_FS
2025-07-01 16:07:45,298 [INFO] BlockDiagram:2775 - set Specific Code input for plugin: NVIC
2025-07-01 16:07:45,298 [INFO] BlockDiagram:2775 - set Specific Code input for plugin: GPIO
2025-07-01 16:07:45,303 [INFO] CodeGenerator:882 - code generatio: config db path: C:\ST\STM32CubeIDE_1.15.0\STM32CubeIDE\plugins\com.st.stm32cube.common.mx_6.14.1.202504091515\\db\
2025-07-01 16:07:45,308 [WARN] IP:2250 - I2C_Coeff_DF not found: check if there is a RefParameter without a condition.
2025-07-01 16:07:45,308 [WARN] IP:2250 - Analog_Filter not found: check if there is a RefParameter without a condition.
2025-07-01 16:07:45,318 [WARN] IP:2250 - DEVICE_SERIAL0_CDC_FS not found: check if there is a RefParameter without a condition.
2025-07-01 16:07:45,318 [WARN] IP:2250 - DEVICE_SERIAL1_CDC_FS not found: check if there is a RefParameter without a condition.
2025-07-01 16:07:45,318 [WARN] IP:2250 - DEVICE_SERIAL2_CDC_FS not found: check if there is a RefParameter without a condition.
2025-07-01 16:07:45,371 [INFO] CodeEngine:263 - oldGeneratedFile, C:\Work\CAN_PDM\FW\V1\Workspace\CAN_PDM\MXTmpFiles\license.tmp_save
2025-07-01 16:07:45,419 [INFO] CodeEngine:287 - Generated code: C:\Work\CAN_PDM\FW\V1\Workspace\CAN_PDM\MXTmpFiles\license.tmp
2025-07-01 16:07:45,474 [INFO] CodeEngine:263 - oldGeneratedFile, C:\Work\CAN_PDM\FW\V1\Workspace\CAN_PDM\Core\Src\gpio.c_save
2025-07-01 16:07:45,530 [INFO] CodeEngine:287 - Generated code: C:\Work\CAN_PDM\FW\V1\Workspace\CAN_PDM\Core\Src\gpio.c
2025-07-01 16:07:45,544 [INFO] CodeEngine:263 - oldGeneratedFile, C:\Work\CAN_PDM\FW\V1\Workspace\CAN_PDM\Core\Inc\gpio.h_save
2025-07-01 16:07:45,603 [INFO] CodeEngine:287 - Generated code: C:\Work\CAN_PDM\FW\V1\Workspace\CAN_PDM\Core\Inc\gpio.h
2025-07-01 16:07:45,658 [WARN] IPConfigManager:3217 - Warning: the RefConfig PWREx_EnableUSBVoltageDetector is not available in your config.xml file
2025-07-01 16:07:45,676 [INFO] CodeEngine:263 - oldGeneratedFile, C:\Work\CAN_PDM\FW\V1\Workspace\CAN_PDM\MXTmpFiles\usb_otg_fs_vars.tmp_save
2025-07-01 16:07:45,725 [INFO] CodeEngine:287 - Generated code: C:\Work\CAN_PDM\FW\V1\Workspace\CAN_PDM\MXTmpFiles\usb_otg_fs_vars.tmp
2025-07-01 16:07:45,741 [INFO] CodeEngine:263 - oldGeneratedFile, C:\Work\CAN_PDM\FW\V1\Workspace\CAN_PDM\MXTmpFiles\usb_otg_fs_inc.tmp_save
2025-07-01 16:07:45,786 [INFO] CodeEngine:287 - Generated code: C:\Work\CAN_PDM\FW\V1\Workspace\CAN_PDM\MXTmpFiles\usb_otg_fs_inc.tmp
2025-07-01 16:07:45,804 [INFO] CodeEngine:263 - oldGeneratedFile, C:\Work\CAN_PDM\FW\V1\Workspace\CAN_PDM\MXTmpFiles\usb_otg_fs_HalInit.tmp_save
2025-07-01 16:07:45,852 [INFO] CodeEngine:287 - Generated code: C:\Work\CAN_PDM\FW\V1\Workspace\CAN_PDM\MXTmpFiles\usb_otg_fs_HalInit.tmp
2025-07-01 16:07:45,869 [INFO] CodeEngine:263 - oldGeneratedFile, C:\Work\CAN_PDM\FW\V1\Workspace\CAN_PDM\MXTmpFiles\usb_otg_fs_Msp.tmp_save
2025-07-01 16:07:45,920 [INFO] CodeEngine:287 - Generated code: C:\Work\CAN_PDM\FW\V1\Workspace\CAN_PDM\MXTmpFiles\usb_otg_fs_Msp.tmp
2025-07-01 16:07:46,056 [INFO] Middleware:1452 - No code input for Bsp Dependency
2025-07-01 16:07:46,080 [INFO] CodeEngine:263 - oldGeneratedFile, C:\Work\CAN_PDM\FW\V1\Workspace\CAN_PDM\Core\Src\adc.c_save
2025-07-01 16:07:46,151 [INFO] CodeEngine:287 - Generated code: C:\Work\CAN_PDM\FW\V1\Workspace\CAN_PDM\Core\Src\adc.c
2025-07-01 16:07:46,175 [INFO] CodeEngine:263 - oldGeneratedFile, C:\Work\CAN_PDM\FW\V1\Workspace\CAN_PDM\Core\Inc\adc.h_save
2025-07-01 16:07:46,230 [INFO] CodeEngine:287 - Generated code: C:\Work\CAN_PDM\FW\V1\Workspace\CAN_PDM\Core\Inc\adc.h
2025-07-01 16:07:46,267 [INFO] CodeEngine:263 - oldGeneratedFile, C:\Work\CAN_PDM\FW\V1\Workspace\CAN_PDM\Core\Src\can.c_save
2025-07-01 16:07:46,336 [INFO] CodeEngine:287 - Generated code: C:\Work\CAN_PDM\FW\V1\Workspace\CAN_PDM\Core\Src\can.c
2025-07-01 16:07:46,363 [INFO] CodeEngine:263 - oldGeneratedFile, C:\Work\CAN_PDM\FW\V1\Workspace\CAN_PDM\Core\Inc\can.h_save
2025-07-01 16:07:46,426 [INFO] CodeEngine:287 - Generated code: C:\Work\CAN_PDM\FW\V1\Workspace\CAN_PDM\Core\Inc\can.h
2025-07-01 16:07:46,473 [INFO] CodeEngine:263 - oldGeneratedFile, C:\Work\CAN_PDM\FW\V1\Workspace\CAN_PDM\Core\Src\i2c.c_save
2025-07-01 16:07:46,566 [INFO] CodeEngine:287 - Generated code: C:\Work\CAN_PDM\FW\V1\Workspace\CAN_PDM\Core\Src\i2c.c
2025-07-01 16:07:46,591 [INFO] CodeEngine:263 - oldGeneratedFile, C:\Work\CAN_PDM\FW\V1\Workspace\CAN_PDM\Core\Inc\i2c.h_save
2025-07-01 16:07:46,652 [INFO] CodeEngine:287 - Generated code: C:\Work\CAN_PDM\FW\V1\Workspace\CAN_PDM\Core\Inc\i2c.h
2025-07-01 16:07:46,684 [INFO] Middleware:1452 - No code input for Bsp Dependency
2025-07-01 16:07:46,700 [INFO] CodeEngine:263 - oldGeneratedFile, C:\Work\CAN_PDM\FW\V1\Workspace\CAN_PDM\USB_DEVICE\App\usb_device.c_save
2025-07-01 16:07:46,754 [INFO] CodeEngine:287 - Generated code: C:\Work\CAN_PDM\FW\V1\Workspace\CAN_PDM\USB_DEVICE\App\usb_device.c
2025-07-01 16:07:46,769 [INFO] CodeEngine:263 - oldGeneratedFile, C:\Work\CAN_PDM\FW\V1\Workspace\CAN_PDM\USB_DEVICE\App\usb_device.h_save
2025-07-01 16:07:46,834 [INFO] CodeEngine:287 - Generated code: C:\Work\CAN_PDM\FW\V1\Workspace\CAN_PDM\USB_DEVICE\App\usb_device.h
2025-07-01 16:07:46,861 [INFO] CodeEngine:263 - oldGeneratedFile, C:\Work\CAN_PDM\FW\V1\Workspace\CAN_PDM\USB_DEVICE\Target\usbd_conf.h_save
2025-07-01 16:07:46,916 [INFO] CodeEngine:287 - Generated code: C:\Work\CAN_PDM\FW\V1\Workspace\CAN_PDM\USB_DEVICE\Target\usbd_conf.h
2025-07-01 16:07:46,939 [INFO] CodeEngine:263 - oldGeneratedFile, C:\Work\CAN_PDM\FW\V1\Workspace\CAN_PDM\USB_DEVICE\Target\usbd_conf.c_save
2025-07-01 16:07:47,023 [INFO] CodeEngine:287 - Generated code: C:\Work\CAN_PDM\FW\V1\Workspace\CAN_PDM\USB_DEVICE\Target\usbd_conf.c
2025-07-01 16:07:47,050 [INFO] CodeEngine:263 - oldGeneratedFile, C:\Work\CAN_PDM\FW\V1\Workspace\CAN_PDM\USB_DEVICE\App\usbd_desc.h_save
2025-07-01 16:07:47,116 [INFO] CodeEngine:287 - Generated code: C:\Work\CAN_PDM\FW\V1\Workspace\CAN_PDM\USB_DEVICE\App\usbd_desc.h
2025-07-01 16:07:47,141 [INFO] CodeEngine:263 - oldGeneratedFile, C:\Work\CAN_PDM\FW\V1\Workspace\CAN_PDM\USB_DEVICE\App\usbd_desc.c_save
2025-07-01 16:07:47,206 [INFO] CodeEngine:287 - Generated code: C:\Work\CAN_PDM\FW\V1\Workspace\CAN_PDM\USB_DEVICE\App\usbd_desc.c
2025-07-01 16:07:47,234 [INFO] CodeEngine:263 - oldGeneratedFile, C:\Work\CAN_PDM\FW\V1\Workspace\CAN_PDM\USB_DEVICE\App\usbd_cdc_if.h_save
2025-07-01 16:07:47,299 [INFO] CodeEngine:287 - Generated code: C:\Work\CAN_PDM\FW\V1\Workspace\CAN_PDM\USB_DEVICE\App\usbd_cdc_if.h
2025-07-01 16:07:47,335 [INFO] CodeEngine:263 - oldGeneratedFile, C:\Work\CAN_PDM\FW\V1\Workspace\CAN_PDM\USB_DEVICE\App\usbd_cdc_if.c_save
2025-07-01 16:07:47,408 [INFO] CodeEngine:287 - Generated code: C:\Work\CAN_PDM\FW\V1\Workspace\CAN_PDM\USB_DEVICE\App\usbd_cdc_if.c
2025-07-01 16:07:47,454 [INFO] CodeEngine:263 - oldGeneratedFile, C:\Work\CAN_PDM\FW\V1\Workspace\CAN_PDM\Core\Src\stm32f4xx_it.c_save
2025-07-01 16:07:47,514 [INFO] CodeEngine:287 - Generated code: C:\Work\CAN_PDM\FW\V1\Workspace\CAN_PDM\Core\Src\stm32f4xx_it.c
2025-07-01 16:07:47,535 [INFO] CodeEngine:263 - oldGeneratedFile, C:\Work\CAN_PDM\FW\V1\Workspace\CAN_PDM\Core\Inc\stm32f4xx_it.h_save
2025-07-01 16:07:47,590 [INFO] CodeEngine:287 - Generated code: C:\Work\CAN_PDM\FW\V1\Workspace\CAN_PDM\Core\Inc\stm32f4xx_it.h
2025-07-01 16:07:47,626 [INFO] CodeEngine:263 - oldGeneratedFile, C:\Work\CAN_PDM\FW\V1\Workspace\CAN_PDM\Core\Src\stm32f4xx_hal_msp.c_save
2025-07-01 16:07:47,690 [INFO] CodeEngine:287 - Generated code: C:\Work\CAN_PDM\FW\V1\Workspace\CAN_PDM\Core\Src\stm32f4xx_hal_msp.c
2025-07-01 16:07:47,709 [INFO] CodeEngine:263 - oldGeneratedFile, C:\Work\CAN_PDM\FW\V1\Workspace\CAN_PDM\MXTmpFiles\system.tmp_save
2025-07-01 16:07:47,752 [INFO] CodeEngine:287 - Generated code: C:\Work\CAN_PDM\FW\V1\Workspace\CAN_PDM\MXTmpFiles\system.tmp
2025-07-01 16:07:47,783 [INFO] CodeEngine:319 - oldGeneratedFile, C:\Work\CAN_PDM\FW\V1\Workspace\CAN_PDM\Core\Inc\stm32f4xx_hal_conf.h_save
2025-07-01 16:07:47,835 [INFO] CodeEngine:343 - Generated code: C:\Work\CAN_PDM\FW\V1\Workspace\CAN_PDM\Core\Inc\stm32f4xx_hal_conf.h
2025-07-01 16:07:47,859 [WARN] IPConfigManager:3217 - Warning: the RefConfig PLL2P_FOR_MCO is not available in your config.xml file
2025-07-01 16:07:47,875 [INFO] CodeEngine:263 - oldGeneratedFile, C:\Work\CAN_PDM\FW\V1\Workspace\CAN_PDM\Core\Inc\main.h_save
2025-07-01 16:07:47,925 [INFO] CodeEngine:287 - Generated code: C:\Work\CAN_PDM\FW\V1\Workspace\CAN_PDM\Core\Inc\main.h
2025-07-01 16:07:47,940 [INFO] CodeEngine:263 - oldGeneratedFile, C:\Work\CAN_PDM\FW\V1\Workspace\CAN_PDM\Core\Src\main.c_save
2025-07-01 16:07:48,011 [INFO] CodeEngine:287 - Generated code: C:\Work\CAN_PDM\FW\V1\Workspace\CAN_PDM\Core\Src\main.c
2025-07-01 16:07:49,613 [INFO] ProjectBuilder:3324 - Time for Copy HAL[1] : 1445mS.
2025-07-01 16:07:49,621 [INFO] ProjectBuilder:4912 - Project Generator version: 4.6.0.1-B1
2025-07-01 16:07:49,676 [INFO] ConfigFileManager:1590 - The Die is : DIE421
2025-07-01 16:07:50,276 [INFO] ProjectBuilder:5191 - Time for Generating toolchain IDE Files: 655mS.
2025-07-01 16:07:50,278 [INFO] ProjectBuilder:3181 - Time for Copy CMSIS : 2mS.
2025-07-01 16:07:50,288 [INFO] ProjectBuilder:3181 - Time for Copy CMSIS : 0mS.
2025-07-01 16:09:08,438 [INFO] NvicIntPanel:101 - NVIC parent = com.st.microxplorer.plugins.ip.nvic.MultiNvicIntPanel[,0,0,0x0,invalid,layout=javax.swing.BoxLayout,alignmentX=0.0,alignmentY=0.0,border=,flags=9,maximumSize=,minimumSize=,preferredSize=]
2025-07-01 16:09:08,492 [INFO] NvicIntPanel:101 - NVIC parent = com.st.microxplorer.plugins.ip.nvic.MultiNvicIntPanel[,0,0,0x0,invalid,layout=javax.swing.BoxLayout,alignmentX=0.0,alignmentY=0.0,border=,flags=9,maximumSize=,minimumSize=,preferredSize=]
2025-07-01 16:09:10,563 [INFO] UtilMem:75 - End SaveConfig() Used Memory: 358620808 Bytes (1073741824)
2025-07-01 16:09:11,897 [INFO] UtilMem:75 - End SaveConfig() Used Memory: 355475080 Bytes (1073741824)
2025-07-01 16:09:14,908 [INFO] UtilMem:75 - End SaveConfig() Used Memory: 401612424 Bytes (1073741824)
2025-07-01 16:09:14,988 [INFO] BlockDiagram:2775 - set Specific Code input for plugin: CAN
2025-07-01 16:09:14,988 [INFO] BlockDiagram:2775 - set Specific Code input for plugin: USB_DEVICE
2025-07-01 16:09:14,988 [INFO] BlockDiagram:2775 - set Specific Code input for plugin: SYS
2025-07-01 16:09:14,988 [INFO] BlockDiagram:2775 - set Specific Code input for plugin: ADC
2025-07-01 16:09:14,988 [INFO] BlockDiagram:2775 - set Specific Code input for plugin: RCC
2025-07-01 16:09:14,988 [INFO] BlockDiagram:2775 - set Specific Code input for plugin: I2C
2025-07-01 16:09:14,988 [INFO] BlockDiagram:2775 - set Specific Code input for plugin: USB_OTG_FS
2025-07-01 16:09:14,988 [INFO] BlockDiagram:2775 - set Specific Code input for plugin: NVIC
2025-07-01 16:09:14,988 [INFO] BlockDiagram:2775 - set Specific Code input for plugin: GPIO
2025-07-01 16:09:14,992 [INFO] CodeGenerator:882 - code generatio: config db path: C:\ST\STM32CubeIDE_1.15.0\STM32CubeIDE\plugins\com.st.stm32cube.common.mx_6.14.1.202504091515\\db\
2025-07-01 16:09:14,998 [WARN] IP:2250 - I2C_Coeff_DF not found: check if there is a RefParameter without a condition.
2025-07-01 16:09:14,998 [WARN] IP:2250 - Analog_Filter not found: check if there is a RefParameter without a condition.
2025-07-01 16:09:15,007 [WARN] IP:2250 - DEVICE_SERIAL0_CDC_FS not found: check if there is a RefParameter without a condition.
2025-07-01 16:09:15,007 [WARN] IP:2250 - DEVICE_SERIAL1_CDC_FS not found: check if there is a RefParameter without a condition.
2025-07-01 16:09:15,007 [WARN] IP:2250 - DEVICE_SERIAL2_CDC_FS not found: check if there is a RefParameter without a condition.
2025-07-01 16:09:15,044 [INFO] CodeEngine:263 - oldGeneratedFile, C:\Work\CAN_PDM\FW\V1\Workspace\CAN_PDM\MXTmpFiles\license.tmp_save
2025-07-01 16:09:15,086 [INFO] CodeEngine:287 - Generated code: C:\Work\CAN_PDM\FW\V1\Workspace\CAN_PDM\MXTmpFiles\license.tmp
2025-07-01 16:09:15,123 [INFO] CodeEngine:263 - oldGeneratedFile, C:\Work\CAN_PDM\FW\V1\Workspace\CAN_PDM\Core\Src\gpio.c_save
2025-07-01 16:09:15,171 [INFO] CodeEngine:287 - Generated code: C:\Work\CAN_PDM\FW\V1\Workspace\CAN_PDM\Core\Src\gpio.c
2025-07-01 16:09:15,186 [INFO] CodeEngine:263 - oldGeneratedFile, C:\Work\CAN_PDM\FW\V1\Workspace\CAN_PDM\Core\Inc\gpio.h_save
2025-07-01 16:09:15,236 [INFO] CodeEngine:287 - Generated code: C:\Work\CAN_PDM\FW\V1\Workspace\CAN_PDM\Core\Inc\gpio.h
2025-07-01 16:09:15,276 [WARN] IPConfigManager:3217 - Warning: the RefConfig PWREx_EnableUSBVoltageDetector is not available in your config.xml file
2025-07-01 16:09:15,286 [INFO] CodeEngine:263 - oldGeneratedFile, C:\Work\CAN_PDM\FW\V1\Workspace\CAN_PDM\MXTmpFiles\usb_otg_fs_vars.tmp_save
2025-07-01 16:09:15,327 [INFO] CodeEngine:287 - Generated code: C:\Work\CAN_PDM\FW\V1\Workspace\CAN_PDM\MXTmpFiles\usb_otg_fs_vars.tmp
2025-07-01 16:09:15,335 [INFO] CodeEngine:263 - oldGeneratedFile, C:\Work\CAN_PDM\FW\V1\Workspace\CAN_PDM\MXTmpFiles\usb_otg_fs_inc.tmp_save
2025-07-01 16:09:15,375 [INFO] CodeEngine:287 - Generated code: C:\Work\CAN_PDM\FW\V1\Workspace\CAN_PDM\MXTmpFiles\usb_otg_fs_inc.tmp
2025-07-01 16:09:15,383 [INFO] CodeEngine:263 - oldGeneratedFile, C:\Work\CAN_PDM\FW\V1\Workspace\CAN_PDM\MXTmpFiles\usb_otg_fs_HalInit.tmp_save
2025-07-01 16:09:15,428 [INFO] CodeEngine:287 - Generated code: C:\Work\CAN_PDM\FW\V1\Workspace\CAN_PDM\MXTmpFiles\usb_otg_fs_HalInit.tmp
2025-07-01 16:09:15,437 [INFO] CodeEngine:263 - oldGeneratedFile, C:\Work\CAN_PDM\FW\V1\Workspace\CAN_PDM\MXTmpFiles\usb_otg_fs_Msp.tmp_save
2025-07-01 16:09:15,492 [INFO] CodeEngine:287 - Generated code: C:\Work\CAN_PDM\FW\V1\Workspace\CAN_PDM\MXTmpFiles\usb_otg_fs_Msp.tmp
2025-07-01 16:09:15,604 [INFO] Middleware:1452 - No code input for Bsp Dependency
2025-07-01 16:09:15,627 [INFO] CodeEngine:263 - oldGeneratedFile, C:\Work\CAN_PDM\FW\V1\Workspace\CAN_PDM\Core\Src\adc.c_save
2025-07-01 16:09:15,693 [INFO] CodeEngine:287 - Generated code: C:\Work\CAN_PDM\FW\V1\Workspace\CAN_PDM\Core\Src\adc.c
2025-07-01 16:09:15,721 [INFO] CodeEngine:263 - oldGeneratedFile, C:\Work\CAN_PDM\FW\V1\Workspace\CAN_PDM\Core\Inc\adc.h_save
2025-07-01 16:09:15,782 [INFO] CodeEngine:287 - Generated code: C:\Work\CAN_PDM\FW\V1\Workspace\CAN_PDM\Core\Inc\adc.h
2025-07-01 16:09:15,810 [INFO] CodeEngine:263 - oldGeneratedFile, C:\Work\CAN_PDM\FW\V1\Workspace\CAN_PDM\Core\Src\can.c_save
2025-07-01 16:09:15,876 [INFO] CodeEngine:287 - Generated code: C:\Work\CAN_PDM\FW\V1\Workspace\CAN_PDM\Core\Src\can.c
2025-07-01 16:09:15,894 [INFO] CodeEngine:263 - oldGeneratedFile, C:\Work\CAN_PDM\FW\V1\Workspace\CAN_PDM\Core\Inc\can.h_save
2025-07-01 16:09:15,940 [INFO] CodeEngine:287 - Generated code: C:\Work\CAN_PDM\FW\V1\Workspace\CAN_PDM\Core\Inc\can.h
2025-07-01 16:09:15,961 [INFO] CodeEngine:263 - oldGeneratedFile, C:\Work\CAN_PDM\FW\V1\Workspace\CAN_PDM\Core\Src\i2c.c_save
2025-07-01 16:09:16,035 [INFO] CodeEngine:287 - Generated code: C:\Work\CAN_PDM\FW\V1\Workspace\CAN_PDM\Core\Src\i2c.c
2025-07-01 16:09:16,057 [INFO] CodeEngine:263 - oldGeneratedFile, C:\Work\CAN_PDM\FW\V1\Workspace\CAN_PDM\Core\Inc\i2c.h_save
2025-07-01 16:09:16,113 [INFO] CodeEngine:287 - Generated code: C:\Work\CAN_PDM\FW\V1\Workspace\CAN_PDM\Core\Inc\i2c.h
2025-07-01 16:09:16,136 [INFO] Middleware:1452 - No code input for Bsp Dependency
2025-07-01 16:09:16,153 [INFO] CodeEngine:263 - oldGeneratedFile, C:\Work\CAN_PDM\FW\V1\Workspace\CAN_PDM\USB_DEVICE\App\usb_device.c_save
2025-07-01 16:09:16,212 [INFO] CodeEngine:287 - Generated code: C:\Work\CAN_PDM\FW\V1\Workspace\CAN_PDM\USB_DEVICE\App\usb_device.c
2025-07-01 16:09:16,238 [INFO] CodeEngine:263 - oldGeneratedFile, C:\Work\CAN_PDM\FW\V1\Workspace\CAN_PDM\USB_DEVICE\App\usb_device.h_save
2025-07-01 16:09:16,319 [INFO] CodeEngine:287 - Generated code: C:\Work\CAN_PDM\FW\V1\Workspace\CAN_PDM\USB_DEVICE\App\usb_device.h
2025-07-01 16:09:16,341 [INFO] CodeEngine:263 - oldGeneratedFile, C:\Work\CAN_PDM\FW\V1\Workspace\CAN_PDM\USB_DEVICE\Target\usbd_conf.h_save
2025-07-01 16:09:16,399 [INFO] CodeEngine:287 - Generated code: C:\Work\CAN_PDM\FW\V1\Workspace\CAN_PDM\USB_DEVICE\Target\usbd_conf.h
2025-07-01 16:09:16,426 [INFO] CodeEngine:263 - oldGeneratedFile, C:\Work\CAN_PDM\FW\V1\Workspace\CAN_PDM\USB_DEVICE\Target\usbd_conf.c_save
2025-07-01 16:09:16,517 [INFO] CodeEngine:287 - Generated code: C:\Work\CAN_PDM\FW\V1\Workspace\CAN_PDM\USB_DEVICE\Target\usbd_conf.c
2025-07-01 16:09:16,536 [INFO] CodeEngine:263 - oldGeneratedFile, C:\Work\CAN_PDM\FW\V1\Workspace\CAN_PDM\USB_DEVICE\App\usbd_desc.h_save
2025-07-01 16:09:16,601 [INFO] CodeEngine:287 - Generated code: C:\Work\CAN_PDM\FW\V1\Workspace\CAN_PDM\USB_DEVICE\App\usbd_desc.h
2025-07-01 16:09:16,626 [INFO] CodeEngine:263 - oldGeneratedFile, C:\Work\CAN_PDM\FW\V1\Workspace\CAN_PDM\USB_DEVICE\App\usbd_desc.c_save
2025-07-01 16:09:16,706 [INFO] CodeEngine:287 - Generated code: C:\Work\CAN_PDM\FW\V1\Workspace\CAN_PDM\USB_DEVICE\App\usbd_desc.c
2025-07-01 16:09:16,735 [INFO] CodeEngine:263 - oldGeneratedFile, C:\Work\CAN_PDM\FW\V1\Workspace\CAN_PDM\USB_DEVICE\App\usbd_cdc_if.h_save
2025-07-01 16:09:16,809 [INFO] CodeEngine:287 - Generated code: C:\Work\CAN_PDM\FW\V1\Workspace\CAN_PDM\USB_DEVICE\App\usbd_cdc_if.h
2025-07-01 16:09:16,835 [INFO] CodeEngine:263 - oldGeneratedFile, C:\Work\CAN_PDM\FW\V1\Workspace\CAN_PDM\USB_DEVICE\App\usbd_cdc_if.c_save
2025-07-01 16:09:16,898 [INFO] CodeEngine:287 - Generated code: C:\Work\CAN_PDM\FW\V1\Workspace\CAN_PDM\USB_DEVICE\App\usbd_cdc_if.c
2025-07-01 16:09:16,936 [INFO] CodeEngine:263 - oldGeneratedFile, C:\Work\CAN_PDM\FW\V1\Workspace\CAN_PDM\Core\Src\stm32f4xx_it.c_save
2025-07-01 16:09:17,001 [INFO] CodeEngine:287 - Generated code: C:\Work\CAN_PDM\FW\V1\Workspace\CAN_PDM\Core\Src\stm32f4xx_it.c
2025-07-01 16:09:17,019 [INFO] CodeEngine:263 - oldGeneratedFile, C:\Work\CAN_PDM\FW\V1\Workspace\CAN_PDM\Core\Inc\stm32f4xx_it.h_save
2025-07-01 16:09:17,076 [INFO] CodeEngine:287 - Generated code: C:\Work\CAN_PDM\FW\V1\Workspace\CAN_PDM\Core\Inc\stm32f4xx_it.h
2025-07-01 16:09:17,134 [INFO] CodeEngine:263 - oldGeneratedFile, C:\Work\CAN_PDM\FW\V1\Workspace\CAN_PDM\Core\Src\stm32f4xx_hal_msp.c_save
2025-07-01 16:09:17,221 [INFO] CodeEngine:287 - Generated code: C:\Work\CAN_PDM\FW\V1\Workspace\CAN_PDM\Core\Src\stm32f4xx_hal_msp.c
2025-07-01 16:09:17,235 [INFO] CodeEngine:263 - oldGeneratedFile, C:\Work\CAN_PDM\FW\V1\Workspace\CAN_PDM\MXTmpFiles\system.tmp_save
2025-07-01 16:09:17,278 [INFO] CodeEngine:287 - Generated code: C:\Work\CAN_PDM\FW\V1\Workspace\CAN_PDM\MXTmpFiles\system.tmp
2025-07-01 16:09:17,312 [INFO] CodeEngine:319 - oldGeneratedFile, C:\Work\CAN_PDM\FW\V1\Workspace\CAN_PDM\Core\Inc\stm32f4xx_hal_conf.h_save
2025-07-01 16:09:17,386 [INFO] CodeEngine:343 - Generated code: C:\Work\CAN_PDM\FW\V1\Workspace\CAN_PDM\Core\Inc\stm32f4xx_hal_conf.h
2025-07-01 16:09:17,423 [WARN] IPConfigManager:3217 - Warning: the RefConfig PLL2P_FOR_MCO is not available in your config.xml file
2025-07-01 16:09:17,450 [INFO] CodeEngine:263 - oldGeneratedFile, C:\Work\CAN_PDM\FW\V1\Workspace\CAN_PDM\Core\Inc\main.h_save
2025-07-01 16:09:17,540 [INFO] CodeEngine:287 - Generated code: C:\Work\CAN_PDM\FW\V1\Workspace\CAN_PDM\Core\Inc\main.h
2025-07-01 16:09:17,567 [INFO] CodeEngine:263 - oldGeneratedFile, C:\Work\CAN_PDM\FW\V1\Workspace\CAN_PDM\Core\Src\main.c_save
2025-07-01 16:09:17,670 [INFO] CodeEngine:287 - Generated code: C:\Work\CAN_PDM\FW\V1\Workspace\CAN_PDM\Core\Src\main.c
2025-07-01 16:09:18,474 [INFO] ProjectBuilder:3324 - Time for Copy HAL[1] : 677mS.
2025-07-01 16:09:18,480 [INFO] ProjectBuilder:4912 - Project Generator version: 4.6.0.1-B1
2025-07-01 16:09:18,520 [INFO] ConfigFileManager:1590 - The Die is : DIE421
2025-07-01 16:09:19,115 [INFO] ProjectBuilder:5191 - Time for Generating toolchain IDE Files: 635mS.
2025-07-01 16:09:19,118 [INFO] ProjectBuilder:3181 - Time for Copy CMSIS : 2mS.
2025-07-01 16:09:19,126 [INFO] ProjectBuilder:3181 - Time for Copy CMSIS : 1mS.
2025-07-01 16:21:39,409 [WARN] IP:2250 - DEVICE_SERIAL0_CDC_FS not found: check if there is a RefParameter without a condition.
2025-07-01 16:21:39,409 [WARN] IP:2250 - DEVICE_SERIAL1_CDC_FS not found: check if there is a RefParameter without a condition.
2025-07-01 16:21:39,409 [WARN] IP:2250 - DEVICE_SERIAL2_CDC_FS not found: check if there is a RefParameter without a condition.
2025-07-01 16:23:50,029 [WARN] IP:2250 - DEVICE_SERIAL0_CDC_FS not found: check if there is a RefParameter without a condition.
2025-07-01 16:23:50,029 [WARN] IP:2250 - DEVICE_SERIAL1_CDC_FS not found: check if there is a RefParameter without a condition.
2025-07-01 16:23:50,029 [WARN] IP:2250 - DEVICE_SERIAL2_CDC_FS not found: check if there is a RefParameter without a condition.
2025-07-01 16:23:50,030 [WARN] IP:2250 - DEVICE_SERIAL0_CDC_FS not found: check if there is a RefParameter without a condition.
2025-07-01 16:23:50,030 [WARN] IP:2250 - DEVICE_SERIAL1_CDC_FS not found: check if there is a RefParameter without a condition.
2025-07-01 16:23:50,030 [WARN] IP:2250 - DEVICE_SERIAL2_CDC_FS not found: check if there is a RefParameter without a condition.
2025-07-01 16:23:50,160 [WARN] IP:2250 - I2C_Coeff_DF not found: check if there is a RefParameter without a condition.
2025-07-01 16:23:50,161 [WARN] IP:2250 - Analog_Filter not found: check if there is a RefParameter without a condition.
2025-07-01 16:23:50,162 [WARN] IP:2250 - I2C_Coeff_DF not found: check if there is a RefParameter without a condition.
2025-07-01 16:23:50,162 [WARN] IP:2250 - Analog_Filter not found: check if there is a RefParameter without a condition.
2025-07-01 16:23:54,239 [WARN] IP:2250 - DEVICE_SERIAL0_CDC_FS not found: check if there is a RefParameter without a condition.
2025-07-01 16:23:54,239 [WARN] IP:2250 - DEVICE_SERIAL1_CDC_FS not found: check if there is a RefParameter without a condition.
2025-07-01 16:23:54,239 [WARN] IP:2250 - DEVICE_SERIAL2_CDC_FS not found: check if there is a RefParameter without a condition.
2025-07-01 16:23:54,241 [WARN] IP:2250 - DEVICE_SERIAL0_CDC_FS not found: check if there is a RefParameter without a condition.
2025-07-01 16:23:54,242 [WARN] IP:2250 - DEVICE_SERIAL1_CDC_FS not found: check if there is a RefParameter without a condition.
2025-07-01 16:23:54,242 [WARN] IP:2250 - DEVICE_SERIAL2_CDC_FS not found: check if there is a RefParameter without a condition.
2025-07-01 16:23:54,465 [WARN] IP:2250 - I2C_Coeff_DF not found: check if there is a RefParameter without a condition.
2025-07-01 16:23:54,465 [WARN] IP:2250 - Analog_Filter not found: check if there is a RefParameter without a condition.
2025-07-01 16:23:54,466 [WARN] IP:2250 - I2C_Coeff_DF not found: check if there is a RefParameter without a condition.
2025-07-01 16:23:54,466 [WARN] IP:2250 - Analog_Filter not found: check if there is a RefParameter without a condition.
2025-07-01 16:24:00,042 [WARN] IP:2250 - DEVICE_SERIAL0_CDC_FS not found: check if there is a RefParameter without a condition.
2025-07-01 16:24:00,044 [WARN] IP:2250 - DEVICE_SERIAL1_CDC_FS not found: check if there is a RefParameter without a condition.
2025-07-01 16:24:00,045 [WARN] IP:2250 - DEVICE_SERIAL2_CDC_FS not found: check if there is a RefParameter without a condition.
2025-07-01 16:24:06,167 [INFO] NvicIntPanel:101 - NVIC parent = com.st.microxplorer.plugins.ip.nvic.MultiNvicIntPanel[,0,0,0x0,invalid,layout=javax.swing.BoxLayout,alignmentX=0.0,alignmentY=0.0,border=,flags=9,maximumSize=,minimumSize=,preferredSize=]
2025-07-01 16:24:07,738 [INFO] NvicIntPanel:101 - NVIC parent = com.st.microxplorer.plugins.ip.nvic.MultiNvicIntPanel[,0,0,0x0,invalid,layout=javax.swing.BoxLayout,alignmentX=0.0,alignmentY=0.0,border=,flags=9,maximumSize=,minimumSize=,preferredSize=]
2025-07-01 16:24:07,920 [INFO] NvicIntPanel:101 - NVIC parent = com.st.microxplorer.plugins.ip.nvic.MultiNvicIntPanel[,0,0,0x0,invalid,layout=javax.swing.BoxLayout,alignmentX=0.0,alignmentY=0.0,border=,flags=9,maximumSize=,minimumSize=,preferredSize=]
2025-07-01 16:24:09,823 [INFO] UtilMem:75 - End SaveConfig() Used Memory: 411382240 Bytes (1073741824)
2025-07-01 16:24:11,099 [INFO] UtilMem:75 - End SaveConfig() Used Memory: 436021728 Bytes (1073741824)
2025-07-01 16:24:15,130 [INFO] UtilMem:75 - End SaveConfig() Used Memory: 536162784 Bytes (1073741824)
2025-07-01 16:24:15,532 [INFO] BlockDiagram:2775 - set Specific Code input for plugin: CAN
2025-07-01 16:24:15,532 [INFO] BlockDiagram:2775 - set Specific Code input for plugin: USB_DEVICE
2025-07-01 16:24:15,532 [INFO] BlockDiagram:2775 - set Specific Code input for plugin: SYS
2025-07-01 16:24:15,532 [INFO] BlockDiagram:2775 - set Specific Code input for plugin: ADC
2025-07-01 16:24:15,532 [INFO] BlockDiagram:2775 - set Specific Code input for plugin: RCC
2025-07-01 16:24:15,532 [INFO] BlockDiagram:2775 - set Specific Code input for plugin: I2C
2025-07-01 16:24:15,532 [INFO] BlockDiagram:2775 - set Specific Code input for plugin: USB_OTG_FS
2025-07-01 16:24:15,532 [INFO] BlockDiagram:2775 - set Specific Code input for plugin: NVIC
2025-07-01 16:24:15,533 [INFO] BlockDiagram:2775 - set Specific Code input for plugin: GPIO
2025-07-01 16:24:15,536 [INFO] CodeGenerator:882 - code generatio: config db path: C:\ST\STM32CubeIDE_1.15.0\STM32CubeIDE\plugins\com.st.stm32cube.common.mx_6.14.1.202504091515\\db\
2025-07-01 16:24:15,543 [WARN] IP:2250 - I2C_Coeff_DF not found: check if there is a RefParameter without a condition.
2025-07-01 16:24:15,544 [WARN] IP:2250 - Analog_Filter not found: check if there is a RefParameter without a condition.
2025-07-01 16:24:15,554 [WARN] IP:2250 - DEVICE_SERIAL0_CDC_FS not found: check if there is a RefParameter without a condition.
2025-07-01 16:24:15,554 [WARN] IP:2250 - DEVICE_SERIAL1_CDC_FS not found: check if there is a RefParameter without a condition.
2025-07-01 16:24:15,554 [WARN] IP:2250 - DEVICE_SERIAL2_CDC_FS not found: check if there is a RefParameter without a condition.
2025-07-01 16:24:15,655 [INFO] CodeEngine:263 - oldGeneratedFile, C:\Work\CAN_PDM\FW\V1\Workspace\CAN_PDM\MXTmpFiles\license.tmp_save
2025-07-01 16:24:15,833 [INFO] CodeEngine:287 - Generated code: C:\Work\CAN_PDM\FW\V1\Workspace\CAN_PDM\MXTmpFiles\license.tmp
2025-07-01 16:24:15,897 [INFO] CodeEngine:263 - oldGeneratedFile, C:\Work\CAN_PDM\FW\V1\Workspace\CAN_PDM\Core\Src\gpio.c_save
2025-07-01 16:24:16,018 [INFO] CodeEngine:287 - Generated code: C:\Work\CAN_PDM\FW\V1\Workspace\CAN_PDM\Core\Src\gpio.c
2025-07-01 16:24:16,039 [INFO] CodeEngine:263 - oldGeneratedFile, C:\Work\CAN_PDM\FW\V1\Workspace\CAN_PDM\Core\Inc\gpio.h_save
2025-07-01 16:24:16,124 [INFO] CodeEngine:287 - Generated code: C:\Work\CAN_PDM\FW\V1\Workspace\CAN_PDM\Core\Inc\gpio.h
2025-07-01 16:24:16,201 [WARN] IPConfigManager:3217 - Warning: the RefConfig PWREx_EnableUSBVoltageDetector is not available in your config.xml file
2025-07-01 16:24:16,218 [INFO] CodeEngine:263 - oldGeneratedFile, C:\Work\CAN_PDM\FW\V1\Workspace\CAN_PDM\MXTmpFiles\usb_otg_fs_vars.tmp_save
2025-07-01 16:24:16,313 [INFO] CodeEngine:287 - Generated code: C:\Work\CAN_PDM\FW\V1\Workspace\CAN_PDM\MXTmpFiles\usb_otg_fs_vars.tmp
2025-07-01 16:24:16,328 [INFO] CodeEngine:263 - oldGeneratedFile, C:\Work\CAN_PDM\FW\V1\Workspace\CAN_PDM\MXTmpFiles\usb_otg_fs_inc.tmp_save
2025-07-01 16:24:16,396 [INFO] CodeEngine:287 - Generated code: C:\Work\CAN_PDM\FW\V1\Workspace\CAN_PDM\MXTmpFiles\usb_otg_fs_inc.tmp
2025-07-01 16:24:16,415 [INFO] CodeEngine:263 - oldGeneratedFile, C:\Work\CAN_PDM\FW\V1\Workspace\CAN_PDM\MXTmpFiles\usb_otg_fs_HalInit.tmp_save
2025-07-01 16:24:16,501 [INFO] CodeEngine:287 - Generated code: C:\Work\CAN_PDM\FW\V1\Workspace\CAN_PDM\MXTmpFiles\usb_otg_fs_HalInit.tmp
2025-07-01 16:24:16,518 [INFO] CodeEngine:263 - oldGeneratedFile, C:\Work\CAN_PDM\FW\V1\Workspace\CAN_PDM\MXTmpFiles\usb_otg_fs_Msp.tmp_save
2025-07-01 16:24:16,613 [INFO] CodeEngine:287 - Generated code: C:\Work\CAN_PDM\FW\V1\Workspace\CAN_PDM\MXTmpFiles\usb_otg_fs_Msp.tmp
2025-07-01 16:24:16,827 [INFO] Middleware:1452 - No code input for Bsp Dependency
2025-07-01 16:24:16,851 [INFO] CodeEngine:263 - oldGeneratedFile, C:\Work\CAN_PDM\FW\V1\Workspace\CAN_PDM\Core\Src\adc.c_save
2025-07-01 16:24:16,964 [INFO] CodeEngine:287 - Generated code: C:\Work\CAN_PDM\FW\V1\Workspace\CAN_PDM\Core\Src\adc.c
2025-07-01 16:24:16,985 [INFO] CodeEngine:263 - oldGeneratedFile, C:\Work\CAN_PDM\FW\V1\Workspace\CAN_PDM\Core\Inc\adc.h_save
2025-07-01 16:24:17,064 [INFO] CodeEngine:287 - Generated code: C:\Work\CAN_PDM\FW\V1\Workspace\CAN_PDM\Core\Inc\adc.h
2025-07-01 16:24:17,096 [INFO] CodeEngine:263 - oldGeneratedFile, C:\Work\CAN_PDM\FW\V1\Workspace\CAN_PDM\Core\Src\can.c_save
2025-07-01 16:24:17,178 [INFO] CodeEngine:287 - Generated code: C:\Work\CAN_PDM\FW\V1\Workspace\CAN_PDM\Core\Src\can.c
2025-07-01 16:24:17,195 [INFO] CodeEngine:263 - oldGeneratedFile, C:\Work\CAN_PDM\FW\V1\Workspace\CAN_PDM\Core\Inc\can.h_save
2025-07-01 16:24:17,259 [INFO] CodeEngine:287 - Generated code: C:\Work\CAN_PDM\FW\V1\Workspace\CAN_PDM\Core\Inc\can.h
2025-07-01 16:24:17,287 [INFO] CodeEngine:263 - oldGeneratedFile, C:\Work\CAN_PDM\FW\V1\Workspace\CAN_PDM\Core\Src\i2c.c_save
2025-07-01 16:24:17,394 [INFO] CodeEngine:287 - Generated code: C:\Work\CAN_PDM\FW\V1\Workspace\CAN_PDM\Core\Src\i2c.c
2025-07-01 16:24:17,405 [INFO] CodeEngine:263 - oldGeneratedFile, C:\Work\CAN_PDM\FW\V1\Workspace\CAN_PDM\Core\Inc\i2c.h_save
2025-07-01 16:24:17,466 [INFO] CodeEngine:287 - Generated code: C:\Work\CAN_PDM\FW\V1\Workspace\CAN_PDM\Core\Inc\i2c.h
2025-07-01 16:24:17,499 [INFO] Middleware:1452 - No code input for Bsp Dependency
2025-07-01 16:24:17,518 [INFO] CodeEngine:263 - oldGeneratedFile, C:\Work\CAN_PDM\FW\V1\Workspace\CAN_PDM\USB_DEVICE\App\usb_device.c_save
2025-07-01 16:24:17,579 [INFO] CodeEngine:287 - Generated code: C:\Work\CAN_PDM\FW\V1\Workspace\CAN_PDM\USB_DEVICE\App\usb_device.c
2025-07-01 16:24:17,594 [INFO] CodeEngine:263 - oldGeneratedFile, C:\Work\CAN_PDM\FW\V1\Workspace\CAN_PDM\USB_DEVICE\App\usb_device.h_save
2025-07-01 16:24:17,652 [INFO] CodeEngine:287 - Generated code: C:\Work\CAN_PDM\FW\V1\Workspace\CAN_PDM\USB_DEVICE\App\usb_device.h
2025-07-01 16:24:17,669 [INFO] CodeEngine:263 - oldGeneratedFile, C:\Work\CAN_PDM\FW\V1\Workspace\CAN_PDM\USB_DEVICE\Target\usbd_conf.h_save
2025-07-01 16:24:17,732 [INFO] CodeEngine:287 - Generated code: C:\Work\CAN_PDM\FW\V1\Workspace\CAN_PDM\USB_DEVICE\Target\usbd_conf.h
2025-07-01 16:24:17,756 [INFO] CodeEngine:263 - oldGeneratedFile, C:\Work\CAN_PDM\FW\V1\Workspace\CAN_PDM\USB_DEVICE\Target\usbd_conf.c_save
2025-07-01 16:24:17,847 [INFO] CodeEngine:287 - Generated code: C:\Work\CAN_PDM\FW\V1\Workspace\CAN_PDM\USB_DEVICE\Target\usbd_conf.c
2025-07-01 16:24:17,870 [INFO] CodeEngine:263 - oldGeneratedFile, C:\Work\CAN_PDM\FW\V1\Workspace\CAN_PDM\USB_DEVICE\App\usbd_desc.h_save
2025-07-01 16:24:17,923 [INFO] CodeEngine:287 - Generated code: C:\Work\CAN_PDM\FW\V1\Workspace\CAN_PDM\USB_DEVICE\App\usbd_desc.h
2025-07-01 16:24:17,943 [INFO] CodeEngine:263 - oldGeneratedFile, C:\Work\CAN_PDM\FW\V1\Workspace\CAN_PDM\USB_DEVICE\App\usbd_desc.c_save
2025-07-01 16:24:17,998 [INFO] CodeEngine:287 - Generated code: C:\Work\CAN_PDM\FW\V1\Workspace\CAN_PDM\USB_DEVICE\App\usbd_desc.c
2025-07-01 16:24:18,016 [INFO] CodeEngine:263 - oldGeneratedFile, C:\Work\CAN_PDM\FW\V1\Workspace\CAN_PDM\USB_DEVICE\App\usbd_cdc_if.h_save
2025-07-01 16:24:18,067 [INFO] CodeEngine:287 - Generated code: C:\Work\CAN_PDM\FW\V1\Workspace\CAN_PDM\USB_DEVICE\App\usbd_cdc_if.h
2025-07-01 16:24:18,085 [INFO] CodeEngine:263 - oldGeneratedFile, C:\Work\CAN_PDM\FW\V1\Workspace\CAN_PDM\USB_DEVICE\App\usbd_cdc_if.c_save
2025-07-01 16:24:18,142 [INFO] CodeEngine:287 - Generated code: C:\Work\CAN_PDM\FW\V1\Workspace\CAN_PDM\USB_DEVICE\App\usbd_cdc_if.c
2025-07-01 16:24:18,174 [INFO] CodeEngine:263 - oldGeneratedFile, C:\Work\CAN_PDM\FW\V1\Workspace\CAN_PDM\Core\Src\stm32f4xx_it.c_save
2025-07-01 16:24:18,273 [INFO] CodeEngine:287 - Generated code: C:\Work\CAN_PDM\FW\V1\Workspace\CAN_PDM\Core\Src\stm32f4xx_it.c
2025-07-01 16:24:18,290 [INFO] CodeEngine:263 - oldGeneratedFile, C:\Work\CAN_PDM\FW\V1\Workspace\CAN_PDM\Core\Inc\stm32f4xx_it.h_save
2025-07-01 16:24:18,346 [INFO] CodeEngine:287 - Generated code: C:\Work\CAN_PDM\FW\V1\Workspace\CAN_PDM\Core\Inc\stm32f4xx_it.h
2025-07-01 16:24:18,383 [INFO] CodeEngine:263 - oldGeneratedFile, C:\Work\CAN_PDM\FW\V1\Workspace\CAN_PDM\Core\Src\stm32f4xx_hal_msp.c_save
2025-07-01 16:24:18,450 [INFO] CodeEngine:287 - Generated code: C:\Work\CAN_PDM\FW\V1\Workspace\CAN_PDM\Core\Src\stm32f4xx_hal_msp.c
2025-07-01 16:24:18,465 [INFO] CodeEngine:263 - oldGeneratedFile, C:\Work\CAN_PDM\FW\V1\Workspace\CAN_PDM\MXTmpFiles\system.tmp_save
2025-07-01 16:24:18,511 [INFO] CodeEngine:287 - Generated code: C:\Work\CAN_PDM\FW\V1\Workspace\CAN_PDM\MXTmpFiles\system.tmp
2025-07-01 16:24:18,539 [INFO] CodeEngine:319 - oldGeneratedFile, C:\Work\CAN_PDM\FW\V1\Workspace\CAN_PDM\Core\Inc\stm32f4xx_hal_conf.h_save
2025-07-01 16:24:18,596 [INFO] CodeEngine:343 - Generated code: C:\Work\CAN_PDM\FW\V1\Workspace\CAN_PDM\Core\Inc\stm32f4xx_hal_conf.h
2025-07-01 16:24:18,629 [WARN] IPConfigManager:3217 - Warning: the RefConfig PLL2P_FOR_MCO is not available in your config.xml file
2025-07-01 16:24:18,650 [INFO] CodeEngine:263 - oldGeneratedFile, C:\Work\CAN_PDM\FW\V1\Workspace\CAN_PDM\Core\Inc\main.h_save
2025-07-01 16:24:18,717 [INFO] CodeEngine:287 - Generated code: C:\Work\CAN_PDM\FW\V1\Workspace\CAN_PDM\Core\Inc\main.h
2025-07-01 16:24:18,739 [INFO] CodeEngine:263 - oldGeneratedFile, C:\Work\CAN_PDM\FW\V1\Workspace\CAN_PDM\Core\Src\main.c_save
2025-07-01 16:24:18,835 [INFO] CodeEngine:287 - Generated code: C:\Work\CAN_PDM\FW\V1\Workspace\CAN_PDM\Core\Src\main.c
2025-07-01 16:24:20,204 [INFO] ProjectBuilder:3324 - Time for Copy HAL[1] : 1253mS.
2025-07-01 16:24:20,213 [INFO] ProjectBuilder:4912 - Project Generator version: 4.6.0.1-B1
2025-07-01 16:24:20,273 [INFO] ConfigFileManager:1590 - The Die is : DIE421
2025-07-01 16:24:21,532 [INFO] ProjectBuilder:5191 - Time for Generating toolchain IDE Files: 1319mS.
2025-07-01 16:24:21,534 [INFO] ProjectBuilder:3181 - Time for Copy CMSIS : 2mS.
2025-07-01 16:24:21,551 [INFO] ProjectBuilder:3181 - Time for Copy CMSIS : 0mS.
2025-07-01 16:37:34,486 [WARN] IP:2250 - DEVICE_SERIAL0_CDC_FS not found: check if there is a RefParameter without a condition.
2025-07-01 16:37:34,486 [WARN] IP:2250 - DEVICE_SERIAL1_CDC_FS not found: check if there is a RefParameter without a condition.
2025-07-01 16:37:34,487 [WARN] IP:2250 - DEVICE_SERIAL2_CDC_FS not found: check if there is a RefParameter without a condition.
2025-07-01 16:37:54,082 [WARN] IP:2250 - DEVICE_SERIAL0_CDC_FS not found: check if there is a RefParameter without a condition.
2025-07-01 16:37:54,082 [WARN] IP:2250 - DEVICE_SERIAL1_CDC_FS not found: check if there is a RefParameter without a condition.
2025-07-01 16:37:54,082 [WARN] IP:2250 - DEVICE_SERIAL2_CDC_FS not found: check if there is a RefParameter without a condition.
2025-07-01 16:47:33,181 [INFO] UtilMem:75 - End SaveConfig() Used Memory: 397719168 Bytes (1073741824)
2025-07-01 16:47:34,034 [INFO] UtilMem:75 - End SaveConfig() Used Memory: 421836416 Bytes (1073741824)
2025-07-01 16:47:35,577 [INFO] UtilMem:75 - End SaveConfig() Used Memory: 469022336 Bytes (1073741824)
2025-07-01 16:47:35,716 [INFO] BlockDiagram:2775 - set Specific Code input for plugin: CAN
2025-07-01 16:47:35,716 [INFO] BlockDiagram:2775 - set Specific Code input for plugin: USB_DEVICE
2025-07-01 16:47:35,716 [INFO] BlockDiagram:2775 - set Specific Code input for plugin: SYS
2025-07-01 16:47:35,716 [INFO] BlockDiagram:2775 - set Specific Code input for plugin: ADC
2025-07-01 16:47:35,716 [INFO] BlockDiagram:2775 - set Specific Code input for plugin: RCC
2025-07-01 16:47:35,716 [INFO] BlockDiagram:2775 - set Specific Code input for plugin: I2C
2025-07-01 16:47:35,716 [INFO] BlockDiagram:2775 - set Specific Code input for plugin: USB_OTG_FS
2025-07-01 16:47:35,716 [INFO] BlockDiagram:2775 - set Specific Code input for plugin: NVIC
2025-07-01 16:47:35,716 [INFO] BlockDiagram:2775 - set Specific Code input for plugin: GPIO
2025-07-01 16:47:35,721 [INFO] CodeGenerator:882 - code generatio: config db path: C:\ST\STM32CubeIDE_1.15.0\STM32CubeIDE\plugins\com.st.stm32cube.common.mx_6.14.1.202504091515\\db\
2025-07-01 16:47:35,727 [WARN] IP:2250 - I2C_Coeff_DF not found: check if there is a RefParameter without a condition.
2025-07-01 16:47:35,727 [WARN] IP:2250 - Analog_Filter not found: check if there is a RefParameter without a condition.
2025-07-01 16:47:35,740 [WARN] IP:2250 - DEVICE_SERIAL0_CDC_FS not found: check if there is a RefParameter without a condition.
2025-07-01 16:47:35,740 [WARN] IP:2250 - DEVICE_SERIAL1_CDC_FS not found: check if there is a RefParameter without a condition.
2025-07-01 16:47:35,740 [WARN] IP:2250 - DEVICE_SERIAL2_CDC_FS not found: check if there is a RefParameter without a condition.
2025-07-01 16:47:35,783 [INFO] CodeEngine:263 - oldGeneratedFile, C:\Work\CAN_PDM\FW\V1\Workspace\CAN_PDM\MXTmpFiles\license.tmp_save
2025-07-01 16:47:35,847 [INFO] CodeEngine:287 - Generated code: C:\Work\CAN_PDM\FW\V1\Workspace\CAN_PDM\MXTmpFiles\license.tmp
2025-07-01 16:47:35,892 [INFO] CodeEngine:263 - oldGeneratedFile, C:\Work\CAN_PDM\FW\V1\Workspace\CAN_PDM\Core\Src\gpio.c_save
2025-07-01 16:47:35,967 [INFO] CodeEngine:287 - Generated code: C:\Work\CAN_PDM\FW\V1\Workspace\CAN_PDM\Core\Src\gpio.c
2025-07-01 16:47:35,986 [INFO] CodeEngine:263 - oldGeneratedFile, C:\Work\CAN_PDM\FW\V1\Workspace\CAN_PDM\Core\Inc\gpio.h_save
2025-07-01 16:47:36,044 [INFO] CodeEngine:287 - Generated code: C:\Work\CAN_PDM\FW\V1\Workspace\CAN_PDM\Core\Inc\gpio.h
2025-07-01 16:47:36,092 [WARN] IPConfigManager:3217 - Warning: the RefConfig PWREx_EnableUSBVoltageDetector is not available in your config.xml file
2025-07-01 16:47:36,107 [INFO] CodeEngine:263 - oldGeneratedFile, C:\Work\CAN_PDM\FW\V1\Workspace\CAN_PDM\MXTmpFiles\usb_otg_fs_vars.tmp_save
2025-07-01 16:47:36,157 [INFO] CodeEngine:287 - Generated code: C:\Work\CAN_PDM\FW\V1\Workspace\CAN_PDM\MXTmpFiles\usb_otg_fs_vars.tmp
2025-07-01 16:47:36,169 [INFO] CodeEngine:263 - oldGeneratedFile, C:\Work\CAN_PDM\FW\V1\Workspace\CAN_PDM\MXTmpFiles\usb_otg_fs_inc.tmp_save
2025-07-01 16:47:36,214 [INFO] CodeEngine:287 - Generated code: C:\Work\CAN_PDM\FW\V1\Workspace\CAN_PDM\MXTmpFiles\usb_otg_fs_inc.tmp
2025-07-01 16:47:36,225 [INFO] CodeEngine:263 - oldGeneratedFile, C:\Work\CAN_PDM\FW\V1\Workspace\CAN_PDM\MXTmpFiles\usb_otg_fs_HalInit.tmp_save
2025-07-01 16:47:36,280 [INFO] CodeEngine:287 - Generated code: C:\Work\CAN_PDM\FW\V1\Workspace\CAN_PDM\MXTmpFiles\usb_otg_fs_HalInit.tmp
2025-07-01 16:47:36,290 [INFO] CodeEngine:263 - oldGeneratedFile, C:\Work\CAN_PDM\FW\V1\Workspace\CAN_PDM\MXTmpFiles\usb_otg_fs_Msp.tmp_save
2025-07-01 16:47:36,348 [INFO] CodeEngine:287 - Generated code: C:\Work\CAN_PDM\FW\V1\Workspace\CAN_PDM\MXTmpFiles\usb_otg_fs_Msp.tmp
2025-07-01 16:47:36,480 [INFO] Middleware:1452 - No code input for Bsp Dependency
2025-07-01 16:47:36,505 [INFO] CodeEngine:263 - oldGeneratedFile, C:\Work\CAN_PDM\FW\V1\Workspace\CAN_PDM\Core\Src\adc.c_save
2025-07-01 16:47:36,581 [INFO] CodeEngine:287 - Generated code: C:\Work\CAN_PDM\FW\V1\Workspace\CAN_PDM\Core\Src\adc.c
2025-07-01 16:47:36,600 [INFO] CodeEngine:263 - oldGeneratedFile, C:\Work\CAN_PDM\FW\V1\Workspace\CAN_PDM\Core\Inc\adc.h_save
2025-07-01 16:47:36,668 [INFO] CodeEngine:287 - Generated code: C:\Work\CAN_PDM\FW\V1\Workspace\CAN_PDM\Core\Inc\adc.h
2025-07-01 16:47:36,701 [INFO] CodeEngine:263 - oldGeneratedFile, C:\Work\CAN_PDM\FW\V1\Workspace\CAN_PDM\Core\Src\can.c_save
2025-07-01 16:47:36,769 [INFO] CodeEngine:287 - Generated code: C:\Work\CAN_PDM\FW\V1\Workspace\CAN_PDM\Core\Src\can.c
2025-07-01 16:47:36,787 [INFO] CodeEngine:263 - oldGeneratedFile, C:\Work\CAN_PDM\FW\V1\Workspace\CAN_PDM\Core\Inc\can.h_save
2025-07-01 16:47:36,850 [INFO] CodeEngine:287 - Generated code: C:\Work\CAN_PDM\FW\V1\Workspace\CAN_PDM\Core\Inc\can.h
2025-07-01 16:47:36,899 [INFO] CodeEngine:263 - oldGeneratedFile, C:\Work\CAN_PDM\FW\V1\Workspace\CAN_PDM\Core\Src\i2c.c_save
2025-07-01 16:47:36,987 [INFO] CodeEngine:287 - Generated code: C:\Work\CAN_PDM\FW\V1\Workspace\CAN_PDM\Core\Src\i2c.c
2025-07-01 16:47:37,007 [INFO] CodeEngine:263 - oldGeneratedFile, C:\Work\CAN_PDM\FW\V1\Workspace\CAN_PDM\Core\Inc\i2c.h_save
2025-07-01 16:47:37,073 [INFO] CodeEngine:287 - Generated code: C:\Work\CAN_PDM\FW\V1\Workspace\CAN_PDM\Core\Inc\i2c.h
2025-07-01 16:47:37,099 [INFO] Middleware:1452 - No code input for Bsp Dependency
2025-07-01 16:47:37,116 [INFO] CodeEngine:263 - oldGeneratedFile, C:\Work\CAN_PDM\FW\V1\Workspace\CAN_PDM\USB_DEVICE\App\usb_device.c_save
2025-07-01 16:47:37,174 [INFO] CodeEngine:287 - Generated code: C:\Work\CAN_PDM\FW\V1\Workspace\CAN_PDM\USB_DEVICE\App\usb_device.c
2025-07-01 16:47:37,191 [INFO] CodeEngine:263 - oldGeneratedFile, C:\Work\CAN_PDM\FW\V1\Workspace\CAN_PDM\USB_DEVICE\App\usb_device.h_save
2025-07-01 16:47:37,253 [INFO] CodeEngine:287 - Generated code: C:\Work\CAN_PDM\FW\V1\Workspace\CAN_PDM\USB_DEVICE\App\usb_device.h
2025-07-01 16:47:37,271 [INFO] CodeEngine:263 - oldGeneratedFile, C:\Work\CAN_PDM\FW\V1\Workspace\CAN_PDM\USB_DEVICE\Target\usbd_conf.h_save
2025-07-01 16:47:37,324 [INFO] CodeEngine:287 - Generated code: C:\Work\CAN_PDM\FW\V1\Workspace\CAN_PDM\USB_DEVICE\Target\usbd_conf.h
2025-07-01 16:47:37,345 [INFO] CodeEngine:263 - oldGeneratedFile, C:\Work\CAN_PDM\FW\V1\Workspace\CAN_PDM\USB_DEVICE\Target\usbd_conf.c_save
2025-07-01 16:47:37,436 [INFO] CodeEngine:287 - Generated code: C:\Work\CAN_PDM\FW\V1\Workspace\CAN_PDM\USB_DEVICE\Target\usbd_conf.c
2025-07-01 16:47:37,458 [INFO] CodeEngine:263 - oldGeneratedFile, C:\Work\CAN_PDM\FW\V1\Workspace\CAN_PDM\USB_DEVICE\App\usbd_desc.h_save
2025-07-01 16:47:37,514 [INFO] CodeEngine:287 - Generated code: C:\Work\CAN_PDM\FW\V1\Workspace\CAN_PDM\USB_DEVICE\App\usbd_desc.h
2025-07-01 16:47:37,536 [INFO] CodeEngine:263 - oldGeneratedFile, C:\Work\CAN_PDM\FW\V1\Workspace\CAN_PDM\USB_DEVICE\App\usbd_desc.c_save
2025-07-01 16:47:37,593 [INFO] CodeEngine:287 - Generated code: C:\Work\CAN_PDM\FW\V1\Workspace\CAN_PDM\USB_DEVICE\App\usbd_desc.c
2025-07-01 16:47:37,617 [INFO] CodeEngine:263 - oldGeneratedFile, C:\Work\CAN_PDM\FW\V1\Workspace\CAN_PDM\USB_DEVICE\App\usbd_cdc_if.h_save
2025-07-01 16:47:37,677 [INFO] CodeEngine:287 - Generated code: C:\Work\CAN_PDM\FW\V1\Workspace\CAN_PDM\USB_DEVICE\App\usbd_cdc_if.h
2025-07-01 16:47:37,690 [INFO] CodeEngine:263 - oldGeneratedFile, C:\Work\CAN_PDM\FW\V1\Workspace\CAN_PDM\USB_DEVICE\App\usbd_cdc_if.c_save
2025-07-01 16:47:37,742 [INFO] CodeEngine:287 - Generated code: C:\Work\CAN_PDM\FW\V1\Workspace\CAN_PDM\USB_DEVICE\App\usbd_cdc_if.c
2025-07-01 16:47:37,781 [INFO] CodeEngine:263 - oldGeneratedFile, C:\Work\CAN_PDM\FW\V1\Workspace\CAN_PDM\Core\Src\stm32f4xx_it.c_save
2025-07-01 16:47:37,873 [INFO] CodeEngine:287 - Generated code: C:\Work\CAN_PDM\FW\V1\Workspace\CAN_PDM\Core\Src\stm32f4xx_it.c
2025-07-01 16:47:37,885 [INFO] CodeEngine:263 - oldGeneratedFile, C:\Work\CAN_PDM\FW\V1\Workspace\CAN_PDM\Core\Inc\stm32f4xx_it.h_save
2025-07-01 16:47:37,929 [INFO] CodeEngine:287 - Generated code: C:\Work\CAN_PDM\FW\V1\Workspace\CAN_PDM\Core\Inc\stm32f4xx_it.h
2025-07-01 16:47:37,957 [INFO] CodeEngine:263 - oldGeneratedFile, C:\Work\CAN_PDM\FW\V1\Workspace\CAN_PDM\Core\Src\stm32f4xx_hal_msp.c_save
2025-07-01 16:47:38,016 [INFO] CodeEngine:287 - Generated code: C:\Work\CAN_PDM\FW\V1\Workspace\CAN_PDM\Core\Src\stm32f4xx_hal_msp.c
2025-07-01 16:47:38,027 [INFO] CodeEngine:263 - oldGeneratedFile, C:\Work\CAN_PDM\FW\V1\Workspace\CAN_PDM\MXTmpFiles\system.tmp_save
2025-07-01 16:47:38,069 [INFO] CodeEngine:287 - Generated code: C:\Work\CAN_PDM\FW\V1\Workspace\CAN_PDM\MXTmpFiles\system.tmp
2025-07-01 16:47:38,094 [INFO] CodeEngine:319 - oldGeneratedFile, C:\Work\CAN_PDM\FW\V1\Workspace\CAN_PDM\Core\Inc\stm32f4xx_hal_conf.h_save
2025-07-01 16:47:38,146 [INFO] CodeEngine:343 - Generated code: C:\Work\CAN_PDM\FW\V1\Workspace\CAN_PDM\Core\Inc\stm32f4xx_hal_conf.h
2025-07-01 16:47:38,176 [WARN] IPConfigManager:3217 - Warning: the RefConfig PLL2P_FOR_MCO is not available in your config.xml file
2025-07-01 16:47:38,191 [INFO] CodeEngine:263 - oldGeneratedFile, C:\Work\CAN_PDM\FW\V1\Workspace\CAN_PDM\Core\Inc\main.h_save
2025-07-01 16:47:38,251 [INFO] CodeEngine:287 - Generated code: C:\Work\CAN_PDM\FW\V1\Workspace\CAN_PDM\Core\Inc\main.h
2025-07-01 16:47:38,262 [INFO] CodeEngine:263 - oldGeneratedFile, C:\Work\CAN_PDM\FW\V1\Workspace\CAN_PDM\Core\Src\main.c_save
2025-07-01 16:47:38,342 [INFO] CodeEngine:287 - Generated code: C:\Work\CAN_PDM\FW\V1\Workspace\CAN_PDM\Core\Src\main.c
2025-07-01 16:47:39,253 [INFO] ProjectBuilder:3324 - Time for Copy HAL[1] : 756mS.
2025-07-01 16:47:39,259 [INFO] ProjectBuilder:4912 - Project Generator version: 4.6.0.1-B1
2025-07-01 16:47:39,304 [INFO] ConfigFileManager:1590 - The Die is : DIE421
2025-07-01 16:47:40,124 [INFO] ProjectBuilder:5191 - Time for Generating toolchain IDE Files: 865mS.
2025-07-01 16:47:40,127 [INFO] ProjectBuilder:3181 - Time for Copy CMSIS : 2mS.
2025-07-01 16:47:40,137 [INFO] ProjectBuilder:3181 - Time for Copy CMSIS : 1mS.
2025-07-01 16:52:52,368 [INFO] ADCParametersView:116 -                Rank 1 : true
2025-07-01 16:52:52,369 [INFO] ADCParametersView:116 -                Rank 1 : true
2025-07-01 16:52:52,369 [INFO] ADCParametersView:116 -                Rank 1 : true
2025-07-01 16:52:52,370 [INFO] ADCParametersView:116 -                Rank 1 : true
2025-07-01 16:52:52,370 [INFO] ADCParametersView:116 -                Rank 1 : true
2025-07-01 16:52:52,370 [INFO] ADCParametersView:116 -                Rank 1 : true
2025-07-01 16:52:52,370 [INFO] ADCParametersView:116 -                Rank 1 : true
2025-07-01 16:52:52,370 [INFO] ADCParametersView:116 -                Rank 1 : true
2025-07-01 16:52:52,370 [INFO] ADCParametersView:116 -                Rank 1 : true
2025-07-01 16:52:52,370 [INFO] ADCParametersView:116 -                Rank 1 : true
2025-07-01 16:52:52,370 [INFO] ADCParametersView:116 -                Rank 1 : true
2025-07-01 16:52:52,370 [INFO] ADCParametersView:116 -                Rank 1 : true
2025-07-01 16:52:52,370 [INFO] ADCParametersView:116 -                Rank 1 : true
2025-07-01 16:52:52,370 [INFO] ADCParametersView:116 -                Rank 1 : true
2025-07-01 16:52:52,395 [INFO] ADCParametersView:116 -                Rank 1 : true
2025-07-01 16:52:52,427 [INFO] ADCParametersView:116 -                Rank 1 : true
2025-07-01 16:52:52,428 [INFO] ADCParametersView:116 -                Rank 1 : true
2025-07-01 16:52:52,429 [INFO] ADCParametersView:116 -                Rank 1 : true
2025-07-01 16:52:52,429 [INFO] ADCParametersView:116 -                Rank 1 : true
2025-07-01 16:52:52,429 [INFO] ADCParametersView:116 -                Rank 1 : true
2025-07-01 16:52:52,429 [INFO] ADCParametersView:116 -                Rank 1 : true
2025-07-01 16:52:52,429 [INFO] ADCParametersView:116 -                Rank 1 : true
2025-07-01 16:52:52,429 [INFO] ADCParametersView:116 -                Rank 1 : true
2025-07-01 16:52:52,429 [INFO] ADCParametersView:116 -                Rank 1 : true
2025-07-01 16:52:52,429 [INFO] ADCParametersView:116 -                Rank 1 : true
2025-07-01 16:52:52,429 [INFO] ADCParametersView:116 -                Rank 1 : true
2025-07-01 16:52:52,429 [INFO] ADCParametersView:116 -                Rank 1 : true
2025-07-01 16:52:52,429 [INFO] ADCParametersView:116 -                Rank 1 : true
2025-07-01 16:52:52,429 [INFO] ADCParametersView:116 -                Rank 1 : true
2025-07-01 16:52:52,452 [INFO] ADCParametersView:116 -                Rank 1 : true
2025-07-01 17:20:27,786 [ERROR] LogOutputStream:75 - [STDERR_REDIRECT] 
