2024-10-01 12:15:27,387 [INFO] Activator:176 - 


2024-10-01 12:15:27,399 [INFO] Activator:177 - !SESSION log4j initialized
2024-10-01 12:15:32,386 [INFO] LogOutputStream:77 - [STDOUT_REDIRECT] 
2024-10-01 12:15:34,204 [INFO] ApplicationProperties:184 - Using Application install path: C:\ST\STM32CubeIDE_1.15.0\STM32CubeIDE\plugins\com.st.stm32cube.common.mx_6.11.1.202404110753
2024-10-01 12:15:34,216 [INFO] DbMcusXml:78 - Set database path to: C:\ST\STM32CubeIDE_1.15.0\STM32CubeIDE\plugins\com.st.stm32cube.common.mx_6.11.1.202404110753\\db\/mcu/
2024-10-01 12:15:34,216 [INFO] ApiDb:274 - Set plugin database path to: C:\ST\STM32CubeIDE_1.15.0\STM32CubeIDE\plugins\com.st.stm32cube.common.mx_6.11.1.202404110753\\db\/plugins/boardmanager/
2024-10-01 12:15:34,217 [WARN] ApiDb:259 - Overriding images path with different value:  => C:\ST\STM32CubeIDE_1.15.0\STM32CubeIDE\plugins\com.st.stm32cube.common.mx_6.11.1.202404110753\\db\/plugins/mcufinder/images/
2024-10-01 12:15:34,226 [INFO] ApiDb:250 - Set database path to: C:\Users\nicola.reat\.stmcufinder\plugins\mcufinder//mcu/
2024-10-01 12:15:34,227 [INFO] DbMcusAds:125 - Set database path to: C:\Users\nicola.reat\.stmcufinder\plugins\mcufinder//mcu/
2024-10-01 12:15:34,228 [INFO] CrossReferenceDbSqlite:203 - Set database path to: C:\Users\nicola.reat\.stmcufinder\plugins\mcufinder//mcu/cs/
2024-10-01 12:15:34,311 [INFO] RulesReader:64 - Compatibility file has been processed (297 Rules)
2024-10-01 12:15:34,530 [INFO] DbMcusXml:78 - Set database path to: C:\ST\STM32CubeIDE_1.15.0\STM32CubeIDE\plugins\com.st.stm32cube.common.mx_6.11.1.202404110753\\db\/mcu/
2024-10-01 12:15:34,530 [INFO] ApiDb:274 - Set plugin database path to: C:\ST\STM32CubeIDE_1.15.0\STM32CubeIDE\plugins\com.st.stm32cube.common.mx_6.11.1.202404110753\\db\/plugins/boardmanager/
2024-10-01 12:15:34,531 [INFO] ApiDb:261 - Set plugin images path to: C:\ST\STM32CubeIDE_1.15.0\STM32CubeIDE\plugins\com.st.stm32cube.common.mx_6.11.1.202404110753\\db\/plugins/mcufinder/images/
2024-10-01 12:15:34,531 [WARN] DbFile:41 - Overriding database path with different value: C:\Users\nicola.reat\.stmcufinder\plugins\mcufinder/ => C:\Users\nicola.reat\.stmcufinder\plugins\mcufinder
2024-10-01 12:15:34,531 [INFO] ApiDb:250 - Set database path to: C:\Users\nicola.reat\.stmcufinder\plugins\mcufinder//mcu/
2024-10-01 12:15:34,531 [WARN] DbFile:41 - Overriding database path with different value: C:\Users\nicola.reat\.stmcufinder\plugins\mcufinder/ => C:\Users\nicola.reat\.stmcufinder\plugins\mcufinder
2024-10-01 12:15:34,531 [INFO] DbMcusAds:125 - Set database path to: C:\Users\nicola.reat\.stmcufinder\plugins\mcufinder//mcu/
2024-10-01 12:15:34,531 [WARN] DbFile:41 - Overriding database path with different value: C:\Users\nicola.reat\.stmcufinder\plugins\mcufinder/ => C:\Users\nicola.reat\.stmcufinder\plugins\mcufinder
2024-10-01 12:15:34,531 [WARN] DbFile:41 - Overriding database path with different value: C:\Users\nicola.reat\.stmcufinder\plugins\mcufinder/ => C:\Users\nicola.reat\.stmcufinder\plugins\mcufinder
2024-10-01 12:15:34,531 [INFO] CrossReferenceDbSqlite:203 - Set database path to: C:\Users\nicola.reat\.stmcufinder\plugins\mcufinder//mcu/cs/
2024-10-01 12:15:34,691 [INFO] MainPanel:264 - HeapMemory: 314572800
2024-10-01 12:15:34,771 [INFO] DbMcusXml:78 - Set database path to: C:\ST\STM32CubeIDE_1.15.0\STM32CubeIDE\plugins\com.st.stm32cube.common.mx_6.11.1.202404110753\\db\/mcu/
2024-10-01 12:15:34,771 [INFO] ApiDb:274 - Set plugin database path to: C:\ST\STM32CubeIDE_1.15.0\STM32CubeIDE\plugins\com.st.stm32cube.common.mx_6.11.1.202404110753\\db\/plugins/boardmanager/
2024-10-01 12:15:34,771 [INFO] ApiDb:261 - Set plugin images path to: C:\ST\STM32CubeIDE_1.15.0\STM32CubeIDE\plugins\com.st.stm32cube.common.mx_6.11.1.202404110753\\db\/plugins/mcufinder/images/
2024-10-01 12:15:34,771 [WARN] DbFile:41 - Overriding database path with different value: C:\Users\nicola.reat\.stmcufinder\plugins\mcufinder/ => C:\Users\nicola.reat\.stmcufinder\plugins\mcufinder
2024-10-01 12:15:34,771 [INFO] ApiDb:250 - Set database path to: C:\Users\nicola.reat\.stmcufinder\plugins\mcufinder//mcu/
2024-10-01 12:15:34,771 [WARN] DbFile:41 - Overriding database path with different value: C:\Users\nicola.reat\.stmcufinder\plugins\mcufinder/ => C:\Users\nicola.reat\.stmcufinder\plugins\mcufinder
2024-10-01 12:15:34,771 [INFO] DbMcusAds:125 - Set database path to: C:\Users\nicola.reat\.stmcufinder\plugins\mcufinder//mcu/
2024-10-01 12:15:34,771 [WARN] DbFile:41 - Overriding database path with different value: C:\Users\nicola.reat\.stmcufinder\plugins\mcufinder/ => C:\Users\nicola.reat\.stmcufinder\plugins\mcufinder
2024-10-01 12:15:34,771 [WARN] DbFile:41 - Overriding database path with different value: C:\Users\nicola.reat\.stmcufinder\plugins\mcufinder/ => C:\Users\nicola.reat\.stmcufinder\plugins\mcufinder
2024-10-01 12:15:34,771 [INFO] CrossReferenceDbSqlite:203 - Set database path to: C:\Users\nicola.reat\.stmcufinder\plugins\mcufinder//mcu/cs/
2024-10-01 12:15:34,813 [INFO] ApplicationProperties:184 - Using Application install path: C:\ST\STM32CubeIDE_1.15.0\STM32CubeIDE\plugins\com.st.stm32cube.common.mx_6.11.1.202404110753
2024-10-01 12:15:34,815 [INFO] PluginManage:196 - Search for loadable plugins [exclusion list=, ]
2024-10-01 12:15:34,817 [INFO] PluginManage:310 - Check plugin analytics
2024-10-01 12:15:35,030 [INFO] AnalyticsPlugin:253 - Accepted Software Licenses: STM32CubeMX.6.11.1
2024-10-01 12:15:35,031 [INFO] AnalyticsPlugin:255 - Accepted CMSIS Pack Licenses: 
2024-10-01 12:15:35,031 [INFO] AnalyticsPlugin:257 - Accepted Firmware Licenses: FW.G0.1.6.0,FW.F4.1.28.0
2024-10-01 12:15:35,036 [INFO] PluginManage:359 - Loaded plugin analytics (category:tool,tabindex:-1)
2024-10-01 12:15:35,037 [INFO] PluginManage:310 - Check plugin cadmodel
2024-10-01 12:15:35,150 [INFO] CADModel:105 - Init CAD model plugin
2024-10-01 12:15:35,151 [INFO] PluginManage:359 - Loaded plugin cadmodel (category:power,tabindex:5)
2024-10-01 12:15:35,151 [INFO] PluginManage:310 - Check plugin clock
2024-10-01 12:15:35,176 [INFO] PluginManage:359 - Loaded plugin clock (category:base,tabindex:2)
2024-10-01 12:15:35,177 [INFO] PluginManage:310 - Check plugin ddr
2024-10-01 12:15:35,179 [INFO] PluginManage:359 - Loaded plugin ddr (category:tool,tabindex:6)
2024-10-01 12:15:35,179 [INFO] PluginManage:310 - Check plugin filemanager
2024-10-01 12:15:35,308 [INFO] PluginManage:359 - Loaded plugin filemanager (category:base,tabindex:10)
2024-10-01 12:15:35,308 [INFO] PluginManage:310 - Check plugin ipmanager
2024-10-01 12:15:35,341 [INFO] PluginManage:359 - Loaded plugin ipmanager (category:base,tabindex:5)
2024-10-01 12:15:35,341 [INFO] PluginManage:310 - Check plugin lpbam
2024-10-01 12:15:35,362 [INFO] PluginManage:359 - Loaded plugin lpbam (category:base,tabindex:0)
2024-10-01 12:15:35,362 [INFO] PluginManage:310 - Check plugin memorymap
2024-10-01 12:15:35,390 [INFO] PluginManage:359 - Loaded plugin memorymap (category:base,tabindex:4)
2024-10-01 12:15:35,390 [INFO] PluginManage:310 - Check plugin pinoutandconfiguration
2024-10-01 12:15:35,409 [INFO] PluginManage:359 - Loaded plugin pinoutandconfiguration (category:base,tabindex:1)
2024-10-01 12:15:35,410 [INFO] PluginManage:310 - Check plugin pinoutconfig
2024-10-01 12:15:35,511 [WARN] SupportedApi:132 - Cannot load RTOS API schema: s4s-elt-must-match.1: The content of 'definitions' must match (annotation?, (simpleType | complexType)?, (unique | key | keyref)*)). A problem was found starting at: attribute.
2024-10-01 12:15:35,621 [INFO] PluginManage:359 - Loaded plugin pinoutconfig (category:base,tabindex:0)
2024-10-01 12:15:35,621 [INFO] PluginManage:310 - Check plugin power
2024-10-01 12:15:35,643 [INFO] PluginManage:359 - Loaded plugin power (category:power,tabindex:4)
2024-10-01 12:15:35,643 [INFO] PluginManage:310 - Check plugin projectmanager
2024-10-01 12:15:35,656 [INFO] PluginManage:359 - Loaded plugin projectmanager (category:projectmanager,tabindex:3)
2024-10-01 12:15:35,657 [INFO] PluginManage:310 - Check plugin thirdparty
2024-10-01 12:15:35,860 [INFO] PluginManage:359 - Loaded plugin thirdparty (category:base,tabindex:-1)
2024-10-01 12:15:35,860 [WARN] IntegrityCheckThread:84 - waiting for thirdparty lock release [integrity check]
2024-10-01 12:15:35,860 [INFO] IntegrityCheckThread:86 - entering critical section [integrity check]
2024-10-01 12:15:35,860 [INFO] PluginManage:310 - Check plugin tools
2024-10-01 12:15:35,860 [INFO] ThirdPartyUpdaterWithRetryManager:70 - Updater plugin not ready yet. [1/15]
2024-10-01 12:15:35,871 [INFO] PluginManage:359 - Loaded plugin tools (category:base,tabindex:7)
2024-10-01 12:15:35,872 [INFO] PluginManage:310 - Check plugin tutovideos
2024-10-01 12:15:36,008 [INFO] PluginManage:359 - Loaded plugin tutovideos (category:base,tabindex:-1)
2024-10-01 12:15:36,008 [INFO] PluginManage:310 - Check plugin updater
2024-10-01 12:15:36,019 [INFO] PluginManage:359 - Loaded plugin updater (category:base,tabindex:12)
2024-10-01 12:15:36,019 [INFO] PluginManage:310 - Check plugin userauth
2024-10-01 12:15:36,024 [INFO] UserAuth:114 - Init User Auth plugin
2024-10-01 12:15:36,024 [INFO] PluginManage:359 - Loaded plugin userauth (category:base,tabindex:14)
2024-10-01 12:15:36,024 [INFO] PluginManage:283 - PluginManage : Loaded plugins [17]
2024-10-01 12:15:36,415 [INFO] PinOutPanel:1561 - setPackage(No Configuration,No Configuration)
2024-10-01 12:15:36,660 [INFO] CADModel:165 - CPN selected for project level
2024-10-01 12:15:36,660 [INFO] CADModel:114 - Register for checkConnection events
2024-10-01 12:15:36,690 [INFO] IPUIPlugin:80 - create IPUIPlugin
2024-10-01 12:15:36,690 [INFO] PluginManager:220 - loadIPPluginJar : add adc
2024-10-01 12:15:36,703 [INFO] IPUIPlugin:80 - create IPUIPlugin
2024-10-01 12:15:36,703 [INFO] PluginManager:220 - loadIPPluginJar : add aes
2024-10-01 12:15:36,718 [INFO] IPUIPlugin:80 - create IPUIPlugin
2024-10-01 12:15:36,718 [INFO] PluginManager:220 - loadIPPluginJar : add can
2024-10-01 12:15:36,731 [INFO] IPUIPlugin:80 - create IPUIPlugin
2024-10-01 12:15:36,731 [INFO] PluginManager:220 - loadIPPluginJar : add comp
2024-10-01 12:15:36,744 [INFO] IPUIPlugin:80 - create IPUIPlugin
2024-10-01 12:15:36,744 [INFO] PluginManager:220 - loadIPPluginJar : add cryp
2024-10-01 12:15:36,756 [INFO] IPUIPlugin:80 - create IPUIPlugin
2024-10-01 12:15:36,756 [INFO] PluginManager:220 - loadIPPluginJar : add dfsdm
2024-10-01 12:15:36,775 [INFO] IPUIPlugin:80 - create IPUIPlugin
2024-10-01 12:15:36,775 [INFO] PluginManager:220 - loadIPPluginJar : add dma
2024-10-01 12:15:36,791 [INFO] IPUIPlugin:80 - create IPUIPlugin
2024-10-01 12:15:36,791 [INFO] PluginManager:220 - loadIPPluginJar : add dma3
2024-10-01 12:15:36,805 [INFO] IPUIPlugin:80 - create IPUIPlugin
2024-10-01 12:15:36,805 [INFO] PluginManager:220 - loadIPPluginJar : add extmemmanager
2024-10-01 12:15:36,814 [INFO] IPUIPlugin:80 - create IPUIPlugin
2024-10-01 12:15:36,815 [INFO] PluginManager:220 - loadIPPluginJar : add fatfs
2024-10-01 12:15:36,831 [INFO] IPUIPlugin:80 - create IPUIPlugin
2024-10-01 12:15:36,831 [INFO] PluginManager:220 - loadIPPluginJar : add fmc
2024-10-01 12:15:36,852 [INFO] IPUIPlugin:80 - create IPUIPlugin
2024-10-01 12:15:36,852 [INFO] PluginManager:220 - loadIPPluginJar : add freertos
2024-10-01 12:15:36,861 [INFO] IPUIPlugin:80 - create IPUIPlugin
2024-10-01 12:15:36,861 [INFO] PluginManager:220 - loadIPPluginJar : add genericplugin
2024-10-01 12:15:36,877 [INFO] IPUIPlugin:80 - create IPUIPlugin
2024-10-01 12:15:36,877 [INFO] PluginManager:220 - loadIPPluginJar : add gfxmmu
2024-10-01 12:15:36,896 [INFO] IPUIPlugin:80 - create IPUIPlugin
2024-10-01 12:15:36,896 [INFO] PluginManager:220 - loadIPPluginJar : add gic
2024-10-01 12:15:36,916 [INFO] IPUIPlugin:80 - create IPUIPlugin
2024-10-01 12:15:36,916 [INFO] PluginManager:220 - loadIPPluginJar : add gpio
2024-10-01 12:15:36,935 [INFO] IPUIPlugin:80 - create IPUIPlugin
2024-10-01 12:15:36,935 [INFO] PluginManager:220 - loadIPPluginJar : add gtzc
2024-10-01 12:15:36,949 [INFO] IPUIPlugin:80 - create IPUIPlugin
2024-10-01 12:15:36,949 [INFO] PluginManager:220 - loadIPPluginJar : add hash
2024-10-01 12:15:36,965 [INFO] IPUIPlugin:80 - create IPUIPlugin
2024-10-01 12:15:36,965 [INFO] PluginManager:220 - loadIPPluginJar : add i2c
2024-10-01 12:15:36,981 [INFO] IPUIPlugin:80 - create IPUIPlugin
2024-10-01 12:15:36,981 [INFO] PluginManager:220 - loadIPPluginJar : add i2s
2024-10-01 12:15:36,994 [INFO] IPUIPlugin:80 - create IPUIPlugin
2024-10-01 12:15:36,994 [INFO] PluginManager:220 - loadIPPluginJar : add i3c
2024-10-01 12:15:37,012 [INFO] IPUIPlugin:80 - create IPUIPlugin
2024-10-01 12:15:37,013 [INFO] PluginManager:220 - loadIPPluginJar : add ipddr
2024-10-01 12:15:37,034 [INFO] IPUIPlugin:80 - create IPUIPlugin
2024-10-01 12:15:37,034 [INFO] PluginManager:220 - loadIPPluginJar : add linkedlist
2024-10-01 12:15:37,048 [INFO] IPUIPlugin:80 - create IPUIPlugin
2024-10-01 12:15:37,049 [INFO] PluginManager:220 - loadIPPluginJar : add lorawan
2024-10-01 12:15:37,061 [INFO] IPUIPlugin:80 - create IPUIPlugin
2024-10-01 12:15:37,062 [INFO] PluginManager:220 - loadIPPluginJar : add ltdc
2024-10-01 12:15:37,081 [INFO] IPUIPlugin:80 - create IPUIPlugin
2024-10-01 12:15:37,082 [INFO] PluginManager:220 - loadIPPluginJar : add mdma
2024-10-01 12:15:37,097 [INFO] IPUIPlugin:80 - create IPUIPlugin
2024-10-01 12:15:37,097 [INFO] PluginManager:220 - loadIPPluginJar : add nvic
2024-10-01 12:15:37,112 [INFO] IPUIPlugin:80 - create IPUIPlugin
2024-10-01 12:15:37,112 [INFO] PluginManager:220 - loadIPPluginJar : add opamp
2024-10-01 12:15:37,133 [INFO] IPUIPlugin:80 - create IPUIPlugin
2024-10-01 12:15:37,134 [INFO] PluginManager:220 - loadIPPluginJar : add openamp
2024-10-01 12:15:37,150 [INFO] IPUIPlugin:80 - create IPUIPlugin
2024-10-01 12:15:37,150 [INFO] PluginManager:220 - loadIPPluginJar : add pdm2pcm
2024-10-01 12:15:37,168 [INFO] IPUIPlugin:80 - create IPUIPlugin
2024-10-01 12:15:37,169 [INFO] PluginManager:220 - loadIPPluginJar : add plateformsettings
2024-10-01 12:15:37,179 [INFO] IPUIPlugin:80 - create IPUIPlugin
2024-10-01 12:15:37,179 [INFO] PluginManager:220 - loadIPPluginJar : add quadspi
2024-10-01 12:15:37,196 [INFO] IPUIPlugin:80 - create IPUIPlugin
2024-10-01 12:15:37,196 [INFO] PluginManager:220 - loadIPPluginJar : add resmgrutility
2024-10-01 12:15:37,212 [INFO] IPUIPlugin:80 - create IPUIPlugin
2024-10-01 12:15:37,213 [INFO] PluginManager:220 - loadIPPluginJar : add sai
2024-10-01 12:15:37,225 [INFO] IPUIPlugin:80 - create IPUIPlugin
2024-10-01 12:15:37,225 [INFO] PluginManager:220 - loadIPPluginJar : add spi
2024-10-01 12:15:37,244 [INFO] IPUIPlugin:80 - create IPUIPlugin
2024-10-01 12:15:37,244 [INFO] PluginManager:220 - loadIPPluginJar : add stm32_wpan
2024-10-01 12:15:37,254 [INFO] IPUIPlugin:80 - create IPUIPlugin
2024-10-01 12:15:37,254 [INFO] PluginManager:220 - loadIPPluginJar : add tim
2024-10-01 12:15:37,270 [INFO] IPUIPlugin:80 - create IPUIPlugin
2024-10-01 12:15:37,270 [INFO] PluginManager:220 - loadIPPluginJar : add touchsensing
2024-10-01 12:15:37,281 [INFO] IPUIPlugin:80 - create IPUIPlugin
2024-10-01 12:15:37,281 [INFO] PluginManager:220 - loadIPPluginJar : add tracer_emb
2024-10-01 12:15:37,290 [INFO] IPUIPlugin:80 - create IPUIPlugin
2024-10-01 12:15:37,290 [INFO] PluginManager:220 - loadIPPluginJar : add ts
2024-10-01 12:15:37,299 [INFO] IPUIPlugin:80 - create IPUIPlugin
2024-10-01 12:15:37,299 [INFO] PluginManager:220 - loadIPPluginJar : add tsc
2024-10-01 12:15:37,308 [INFO] IPUIPlugin:80 - create IPUIPlugin
2024-10-01 12:15:37,308 [INFO] PluginManager:220 - loadIPPluginJar : add ucpd
2024-10-01 12:15:37,321 [INFO] IPUIPlugin:80 - create IPUIPlugin
2024-10-01 12:15:37,322 [INFO] PluginManager:220 - loadIPPluginJar : add usart
2024-10-01 12:15:37,335 [INFO] IPUIPlugin:80 - create IPUIPlugin
2024-10-01 12:15:37,335 [INFO] PluginManager:220 - loadIPPluginJar : add usbx
2024-10-01 12:15:37,549 [INFO] CADModel:165 - CPN selected for project level
2024-10-01 12:15:37,549 [INFO] CADModel:114 - Register for checkConnection events
2024-10-01 12:15:37,550 [FATAL] Updater:308 - Updater called before beeing initialized
2024-10-01 12:15:37,550 [ERROR] CADModel:125 - Updater not yet initialized, retry later 
2024-10-01 12:15:37,725 [INFO] CADModel:165 - CPN selected for project level
2024-10-01 12:15:37,725 [INFO] CADModel:114 - Register for checkConnection events
2024-10-01 12:15:37,725 [FATAL] Updater:308 - Updater called before beeing initialized
2024-10-01 12:15:37,725 [ERROR] CADModel:125 - Updater not yet initialized, retry later 
2024-10-01 12:15:37,728 [FATAL] Updater:308 - Updater called before beeing initialized
2024-10-01 12:15:37,975 [FATAL] Updater:308 - Updater called before beeing initialized
2024-10-01 12:15:37,984 [INFO] DbMcusAds:53 - JSON generation date=Fri Sep 20 15:04:23 CEST 2024 (1726837463113)
2024-10-01 12:15:37,984 [FATAL] Updater:308 - Updater called before beeing initialized
2024-10-01 12:15:38,072 [WARN] DetailPanel:346 - Failed to get advertising image, set to default
2024-10-01 12:15:38,208 [FATAL] Updater:308 - Updater called before beeing initialized
2024-10-01 12:15:38,211 [FATAL] Updater:308 - Updater called before beeing initialized
2024-10-01 12:15:38,211 [FATAL] Updater:308 - Updater called before beeing initialized
2024-10-01 12:15:38,211 [WARN] DetailPanel:346 - Failed to get advertising image, set to default
2024-10-01 12:15:38,212 [FATAL] Updater:308 - Updater called before beeing initialized
2024-10-01 12:15:38,292 [ERROR] Updater:1120 - MainUpdater not yet initialized. External WinMGr cannot be set.
2024-10-01 12:15:38,297 [INFO] Updater:1056 - Updater Version found : 6.11.1
2024-10-01 12:15:38,315 [INFO] ApplicationProperties:184 - Using Application install path: C:\ST\STM32CubeIDE_1.15.0\STM32CubeIDE\plugins\com.st.stm32cube.common.mx_6.11.1.202404110753
2024-10-01 12:15:38,822 [INFO] MainUpdater:2873 - connection check result : 10
2024-10-01 12:15:38,822 [INFO] MainUpdater:290 - Updater Check For Update Now.
2024-10-01 12:15:38,822 [INFO] MicroXplorer:498 - Change Database Version : DB.6.0.111
2024-10-01 12:15:38,834 [INFO] McuFinderGlobals:63 - Set McuFinder mode to 2 (CubeIDE integrated)
2024-10-01 12:15:38,834 [INFO] UserAuth:179 - activating auth plugin
2024-10-01 12:15:38,837 [INFO] UserAuth:415 - Internet connection configuration mode: 1
2024-10-01 12:15:38,862 [WARN] MainUpdater:1194 - Updater busy. Cannot search thirdparties
2024-10-01 12:15:38,862 [INFO] ThirdPartyUpdaterWithRetryManager:96 - Updater plugin is busy. [1/15]
2024-10-01 12:15:38,883 [INFO] JxBrowserEngine:152 - Initiate JxBrowser Engine with user profile folder
2024-10-01 12:15:39,023 [INFO] CheckServerUpdateThread:120 - End of CheckServer Thread
2024-10-01 12:15:42,329 [WARN] PackLoader:240 - Cannot read IP mode file for STMicroelectronics.FP-SNS-MOTENVWB1.1.4.0
2024-10-01 12:15:42,350 [WARN] PackLoader:240 - Cannot read IP mode file for STMicroelectronics.X-CUBE-SMBUS.2.1.0
2024-10-01 12:15:42,362 [WARN] PackLoader:240 - Cannot read IP mode file for STMicroelectronics.X-CUBE-TOUCHGFX.4.23.2
2024-10-01 12:15:42,405 [WARN] PackLoader:240 - Cannot read IP mode file for STMicroelectronics.X-CUBE-AZRTOS-F7.1.1.0
2024-10-01 12:15:42,486 [WARN] PackLoader:240 - Cannot read IP mode file for STMicroelectronics.X-CUBE-MEMS1.11.0.0
2024-10-01 12:15:42,578 [WARN] PackLoader:240 - Cannot read IP mode file for STMicroelectronics.FP-SNS-FLIGHT1.5.0.2
2024-10-01 12:15:42,592 [WARN] PackLoader:240 - Cannot read IP mode file for STMicroelectronics.X-CUBE-DISPLAY.3.0.0
2024-10-01 12:15:42,608 [WARN] PackLoader:240 - Cannot read IP mode file for STMicroelectronics.X-CUBE-BLE1.7.0.0
2024-10-01 12:15:42,621 [WARN] PackLoader:240 - Cannot read IP mode file for STMicroelectronics.X-CUBE-NFC10.1.0.0
2024-10-01 12:15:42,634 [WARN] PackLoader:240 - Cannot read IP mode file for emotas.I-CUBE-CANOPEN.1.3.0
2024-10-01 12:15:42,647 [WARN] PackLoader:240 - Cannot read IP mode file for STMicroelectronics.X-CUBE-BLEMGR.3.1.0
2024-10-01 12:15:42,659 [WARN] PackLoader:240 - Cannot read IP mode file for STMicroelectronics.FP-SNS-SMARTAG2.1.2.0
2024-10-01 12:15:42,690 [INFO] LogOutputStream:77 - [STDOUT_REDIRECT] 1 : Invalid condition id : UX_CORESTACK_Condition cause : null
2024-10-01 12:15:42,692 [INFO] LogOutputStream:77 - [STDOUT_REDIRECT] 1 : Invalid condition id : UX_CORESTACK_Condition cause : null
2024-10-01 12:15:42,693 [INFO] LogOutputStream:77 - [STDOUT_REDIRECT] 1 : Invalid condition id : UX_CORESTACK_Condition cause : null
2024-10-01 12:15:42,696 [INFO] LogOutputStream:77 - [STDOUT_REDIRECT] 1 : Invalid condition id : UX_CORESTACK_Condition cause : null
2024-10-01 12:15:42,698 [INFO] LogOutputStream:77 - [STDOUT_REDIRECT] 1 : Invalid condition id : UX_CORESTACK_Condition cause : null
2024-10-01 12:15:42,700 [WARN] PackLoader:240 - Cannot read IP mode file for STMicroelectronics.X-CUBE-AZRTOS-WL.2.0.0
2024-10-01 12:15:42,737 [WARN] PackLoader:240 - Cannot read IP mode file for STMicroelectronics.FP-SNS-MOTENV1.5.0.0
2024-10-01 12:15:42,749 [WARN] PackLoader:240 - Cannot read IP mode file for wolfSSL.I-CUBE-wolfMQTT.1.19.0
2024-10-01 12:15:42,770 [WARN] PackLoader:240 - Cannot read IP mode file for WES.I-CUBE-Cesium.1.3.0
2024-10-01 12:15:42,782 [WARN] PackLoader:240 - Cannot read IP mode file for STMicroelectronics.X-CUBE-BLE2.3.3.0
2024-10-01 12:15:42,794 [WARN] PackLoader:240 - Cannot read IP mode file for STMicroelectronics.X-CUBE-NFC9.1.0.0
2024-10-01 12:15:42,807 [WARN] PackLoader:240 - Cannot read IP mode file for STMicroelectronics.X-CUBE-TCPP.4.1.0
2024-10-01 12:15:42,819 [WARN] PackLoader:240 - Cannot read IP mode file for STMicroelectronics.X-CUBE-ALGOBUILD.1.3.0
2024-10-01 12:15:42,842 [WARN] PackLoader:240 - Cannot read IP mode file for STMicroelectronics.X-CUBE-AZRTOS-G0.1.1.0
2024-10-01 12:15:42,856 [WARN] PackLoader:240 - Cannot read IP mode file for STMicroelectronics.X-CUBE-SAFEA1.1.2.2
2024-10-01 12:15:42,868 [WARN] PackLoader:240 - Cannot read IP mode file for STMicroelectronics.X-CUBE-NFC4.3.0.0
2024-10-01 12:15:42,876 [WARN] PackLoader:240 - Cannot read IP mode file for wolfSSL.I-CUBE-wolfMQTT.1.18.0
2024-10-01 12:15:42,892 [WARN] PackLoader:240 - Cannot read IP mode file for EmbeddedOffice.I-CUBE-FS-RTOS.1.0.1
2024-10-01 12:15:42,892 [ERROR] ConditionMgr:805 - Attr not supported : Dmpu
2024-10-01 12:15:42,892 [ERROR] ConditionMgr:805 - Attr not supported : Dmpu
2024-10-01 12:15:42,892 [ERROR] ConditionMgr:805 - Attr not supported : Dmpu
2024-10-01 12:15:42,892 [ERROR] ConditionMgr:805 - Attr not supported : Dmpu
2024-10-01 12:15:42,892 [ERROR] ConditionMgr:805 - Attr not supported : Dmpu
2024-10-01 12:15:42,892 [ERROR] ConditionMgr:805 - Attr not supported : Dmpu
2024-10-01 12:15:42,892 [ERROR] ConditionMgr:805 - Attr not supported : Dmpu
2024-10-01 12:15:42,892 [ERROR] ConditionMgr:805 - Attr not supported : Dmpu
2024-10-01 12:15:42,892 [ERROR] ConditionMgr:805 - Attr not supported : Dmpu
2024-10-01 12:15:42,892 [ERROR] ConditionMgr:805 - Attr not supported : Dmpu
2024-10-01 12:15:42,892 [ERROR] ConditionMgr:805 - Attr not supported : Dmpu
2024-10-01 12:15:42,892 [ERROR] ConditionMgr:805 - Attr not supported : Dmpu
2024-10-01 12:15:42,892 [ERROR] ConditionMgr:805 - Attr not supported : Dmpu
2024-10-01 12:15:42,892 [ERROR] ConditionMgr:805 - Attr not supported : Dmpu
2024-10-01 12:15:42,892 [ERROR] ConditionMgr:805 - Attr not supported : Dmpu
2024-10-01 12:15:42,892 [ERROR] ConditionMgr:805 - Attr not supported : Dmpu
2024-10-01 12:15:42,893 [ERROR] ConditionMgr:805 - Attr not supported : Dmpu
2024-10-01 12:15:42,893 [ERROR] ConditionMgr:805 - Attr not supported : Dmpu
2024-10-01 12:15:42,893 [ERROR] ConditionMgr:805 - Attr not supported : Dmpu
2024-10-01 12:15:42,893 [ERROR] ConditionMgr:805 - Attr not supported : Dmpu
2024-10-01 12:15:42,893 [ERROR] ConditionMgr:805 - Attr not supported : Dmpu
2024-10-01 12:15:42,893 [ERROR] ConditionMgr:805 - Attr not supported : Dmpu
2024-10-01 12:15:42,893 [ERROR] ConditionMgr:805 - Attr not supported : Dmpu
2024-10-01 12:15:42,893 [ERROR] ConditionMgr:805 - Attr not supported : Dmpu
2024-10-01 12:15:42,893 [ERROR] ConditionMgr:805 - Attr not supported : Dmpu
2024-10-01 12:15:42,893 [ERROR] ConditionMgr:805 - Attr not supported : Dmpu
2024-10-01 12:15:42,893 [ERROR] ConditionMgr:805 - Attr not supported : Dmpu
2024-10-01 12:15:42,893 [ERROR] ConditionMgr:805 - Attr not supported : Dmpu
2024-10-01 12:15:42,893 [ERROR] ConditionMgr:805 - Attr not supported : Dmpu
2024-10-01 12:15:42,893 [ERROR] ConditionMgr:805 - Attr not supported : Dmpu
2024-10-01 12:15:42,893 [ERROR] ConditionMgr:805 - Attr not supported : Dmpu
2024-10-01 12:15:42,893 [ERROR] ConditionMgr:805 - Attr not supported : Dmpu
2024-10-01 12:15:42,893 [ERROR] ConditionMgr:805 - Attr not supported : Dmpu
2024-10-01 12:15:42,893 [ERROR] ConditionMgr:805 - Attr not supported : Dmpu
2024-10-01 12:15:42,893 [ERROR] ConditionMgr:805 - Attr not supported : Dmpu
2024-10-01 12:15:42,893 [ERROR] ConditionMgr:805 - Attr not supported : Dmpu
2024-10-01 12:15:42,893 [ERROR] ConditionMgr:805 - Attr not supported : Dmpu
2024-10-01 12:15:42,894 [ERROR] ConditionMgr:805 - Attr not supported : Dmpu
2024-10-01 12:15:42,894 [ERROR] ConditionMgr:805 - Attr not supported : Dmpu
2024-10-01 12:15:42,894 [ERROR] ConditionMgr:805 - Attr not supported : Dmpu
2024-10-01 12:15:42,894 [ERROR] ConditionMgr:805 - Attr not supported : Dmpu
2024-10-01 12:15:42,894 [ERROR] ConditionMgr:805 - Attr not supported : Dmpu
2024-10-01 12:15:42,894 [ERROR] ConditionMgr:805 - Attr not supported : Dmpu
2024-10-01 12:15:42,894 [ERROR] ConditionMgr:805 - Attr not supported : Dmpu
2024-10-01 12:15:42,894 [ERROR] ConditionMgr:805 - Attr not supported : Dmpu
2024-10-01 12:15:42,894 [ERROR] ConditionMgr:805 - Attr not supported : Dmpu
2024-10-01 12:15:42,894 [ERROR] ConditionMgr:805 - Attr not supported : Dmpu
2024-10-01 12:15:42,894 [ERROR] ConditionMgr:805 - Attr not supported : Dmpu
2024-10-01 12:15:42,894 [ERROR] ConditionMgr:805 - Attr not supported : Dmpu
2024-10-01 12:15:42,894 [ERROR] ConditionMgr:805 - Attr not supported : Dmpu
2024-10-01 12:15:42,894 [ERROR] ConditionMgr:805 - Attr not supported : Dmpu
2024-10-01 12:15:42,894 [ERROR] ConditionMgr:805 - Attr not supported : Dmpu
2024-10-01 12:15:42,894 [ERROR] ConditionMgr:805 - Attr not supported : Dmpu
2024-10-01 12:15:42,894 [ERROR] ConditionMgr:805 - Attr not supported : Dmpu
2024-10-01 12:15:42,894 [ERROR] ConditionMgr:805 - Attr not supported : Dmpu
2024-10-01 12:15:42,894 [ERROR] ConditionMgr:805 - Attr not supported : Dmpu
2024-10-01 12:15:42,894 [ERROR] ConditionMgr:805 - Attr not supported : Dmpu
2024-10-01 12:15:42,894 [ERROR] ConditionMgr:805 - Attr not supported : Dmpu
2024-10-01 12:15:42,894 [ERROR] ConditionMgr:805 - Attr not supported : Dmpu
2024-10-01 12:15:42,894 [ERROR] ConditionMgr:805 - Attr not supported : Dmpu
2024-10-01 12:15:42,894 [ERROR] ConditionMgr:805 - Attr not supported : Dmpu
2024-10-01 12:15:42,895 [ERROR] ConditionMgr:805 - Attr not supported : Dmpu
2024-10-01 12:15:42,895 [ERROR] ConditionMgr:805 - Attr not supported : Dmpu
2024-10-01 12:15:42,895 [ERROR] ConditionMgr:805 - Attr not supported : Dmpu
2024-10-01 12:15:42,906 [WARN] PackLoader:240 - Cannot read IP mode file for RealThread.X-CUBE-RT-Thread_Nano.4.1.1
2024-10-01 12:15:42,917 [WARN] PackLoader:240 - Cannot read IP mode file for wolfSSL.I-CUBE-wolfSSL.5.7.0
2024-10-01 12:15:42,927 [WARN] PackLoader:240 - Cannot read IP mode file for STMicroelectronics.FP-ATR-SIGFOX1.3.2.0
2024-10-01 12:15:42,939 [WARN] PackLoader:240 - Cannot read IP mode file for STMicroelectronics.X-CUBE-EEPRMA1.5.1.0
2024-10-01 12:15:42,953 [WARN] PackLoader:240 - Cannot read IP mode file for ITTIA_DB.I-CUBE-ITTIADB.8.9.0
2024-10-01 12:15:42,984 [WARN] PackLoader:240 - Cannot read IP mode file for SEGGER.I-CUBE-embOS.1.3.1
2024-10-01 12:15:42,997 [INFO] WebApp:161 - Instantiating new browser for Auth
2024-10-01 12:15:43,018 [WARN] PackLoader:240 - Cannot read IP mode file for STMicroelectronics.X-CUBE-ALGOBUILD.1.4.0
2024-10-01 12:15:43,031 [WARN] PackLoader:240 - Cannot read IP mode file for STMicroelectronics.X-CUBE-GNSS1.6.0.0
2024-10-01 12:15:43,074 [WARN] PackLoader:240 - Cannot read IP mode file for STMicroelectronics.X-CUBE-AZRTOS-F4.1.1.0
2024-10-01 12:15:43,090 [WARN] PackLoader:240 - Cannot read IP mode file for STMicroelectronics.X-CUBE-ISPU.2.1.0
2024-10-01 12:15:43,105 [WARN] PackLoader:240 - Cannot read IP mode file for STMicroelectronics.X-CUBE-FREERTOS.1.2.0
2024-10-01 12:15:43,138 [WARN] PackLoader:240 - Cannot read IP mode file for STMicroelectronics.X-CUBE-AZRTOS-L5.2.0.0
2024-10-01 12:15:43,159 [WARN] PackLoader:240 - Cannot read IP mode file for STMicroelectronics.X-CUBE-NFC6.3.1.0
2024-10-01 12:15:43,177 [WARN] PackLoader:240 - Cannot read IP mode file for STMicroelectronics.X-CUBE-DPower.1.2.0
2024-10-01 12:15:43,189 [WARN] PackLoader:240 - Cannot read IP mode file for STMicroelectronics.X-CUBE-AI.9.0.0
2024-10-01 12:15:43,203 [WARN] PackLoader:240 - Cannot read IP mode file for STMicroelectronics.X-CUBE-NFC7.1.0.1
2024-10-01 12:15:43,214 [WARN] PackLoader:240 - Cannot read IP mode file for wolfSSL.I-CUBE-wolfTPM.3.2.0
2024-10-01 12:15:43,225 [WARN] PackLoader:240 - Cannot read IP mode file for STMicroelectronics.X-CUBE-AI.8.1.0
2024-10-01 12:15:43,251 [WARN] ConditionMgr:438 - getConditionDescription Invalid condition id : LAN8742 Phy interface Condition cause : null
2024-10-01 12:15:43,252 [WARN] PackLoader:240 - Cannot read IP mode file for STMicroelectronics.X-CUBE-AZRTOS-L4.2.0.0
2024-10-01 12:15:43,253 [WARN] ConditionMgr:1039 - genDependencies : Invalid condition id : LAN8742 Phy interface Condition cause : null
2024-10-01 12:15:43,253 [WARN] ConditionMgr:1039 - genDependencies : Invalid condition id : LAN8742 Phy interface Condition cause : null
2024-10-01 12:15:43,254 [WARN] ConditionMgr:1039 - genDependencies : Invalid condition id : LAN8742 Phy interface Condition cause : null
2024-10-01 12:15:43,272 [WARN] PackLoader:240 - Cannot read IP mode file for STMicroelectronics.X-CUBE-SFXS2LP1.4.0.0
2024-10-01 12:15:43,304 [WARN] PackLoader:240 - Cannot read IP mode file for STMicroelectronics.X-CUBE-AZRTOS-H7.3.3.0
2024-10-01 12:15:43,330 [WARN] ConditionMgr:438 - getConditionDescription Invalid condition id : UX DEVICE CLASS RTOS Condition cause : null
2024-10-01 12:15:43,331 [WARN] ConditionMgr:438 - getConditionDescription Invalid condition id : UX DEVICE CLASS RTOS Condition cause : null
2024-10-01 12:15:43,332 [WARN] PackLoader:240 - Cannot read IP mode file for STMicroelectronics.X-CUBE-AZRTOS-WB.2.0.0
2024-10-01 12:15:43,332 [WARN] ConditionMgr:1039 - genDependencies : Invalid condition id : UX DEVICE CLASS RTOS Condition cause : null
2024-10-01 12:15:43,332 [WARN] ConditionMgr:1039 - genDependencies : Invalid condition id : UX DEVICE CLASS RTOS Condition cause : null
2024-10-01 12:15:43,332 [WARN] ConditionMgr:1039 - genDependencies : Invalid condition id : UX DEVICE CLASS RTOS Condition cause : null
2024-10-01 12:15:43,333 [WARN] ConditionMgr:1039 - genDependencies : Invalid condition id : UX DEVICE CLASS RTOS Condition cause : null
2024-10-01 12:15:43,333 [WARN] ConditionMgr:1039 - genDependencies : Invalid condition id : UX DEVICE CLASS RTOS Condition cause : null
2024-10-01 12:15:43,344 [WARN] PackLoader:240 - Cannot read IP mode file for STMicroelectronics.X-CUBE-GNSS1.7.0.0
2024-10-01 12:15:43,355 [WARN] PackLoader:240 - Cannot read IP mode file for STMicroelectronics.FP-SNS-STBOX1.2.0.0
2024-10-01 12:15:43,373 [WARN] PackLoader:240 - Cannot read IP mode file for STMicroelectronics.X-CUBE-SUBG2.5.0.0
2024-10-01 12:15:43,401 [WARN] PackLoader:240 - Cannot read IP mode file for STMicroelectronics.X-CUBE-AZRTOS-G4.2.0.0
2024-10-01 12:15:43,410 [WARN] PackLoader:240 - Cannot read IP mode file for STMicroelectronics.FP-SNS-MOTENVWB1.1.3.1
2024-10-01 12:15:43,421 [WARN] PackLoader:240 - Cannot read IP mode file for STMicroelectronics.X-CUBE-ISPU.2.0.0
2024-10-01 12:15:43,433 [WARN] PackLoader:240 - Cannot read IP mode file for STMicroelectronics.X-CUBE-ALS.1.0.2
2024-10-01 12:15:43,485 [WARN] PackLoader:240 - Cannot read IP mode file for STMicroelectronics.X-CUBE-MEMS1.10.0.0
2024-10-01 12:15:43,556 [WARN] PackLoader:240 - Cannot read IP mode file for STMicroelectronics.X-CUBE-FREERTOS.1.1.0
2024-10-01 12:15:43,564 [WARN] PackLoader:240 - Cannot read IP mode file for STMicroelectronics.X-CUBE-TOUCHGFX.4.24.0
2024-10-01 12:15:43,572 [WARN] PackLoader:240 - Cannot read IP mode file for STMicroelectronics.X-CUBE-TOUCHGFX.4.24.1
2024-10-01 12:15:43,583 [WARN] PackLoader:240 - Cannot read IP mode file for portGmbH.I-Cube-SoM-uGOAL.1.1.0
2024-10-01 12:15:43,591 [WARN] PackLoader:240 - Cannot read IP mode file for STMicroelectronics.X-CUBE-ALS.1.0.1
2024-10-01 12:15:43,614 [WARN] PackLoader:240 - Cannot read IP mode file for STMicroelectronics.X-CUBE-AZRTOS-H7RS.1.0.0
2024-10-01 12:15:43,628 [WARN] PackLoader:240 - Cannot read IP mode file for STMicroelectronics.FP-ATR-ASTRA1.2.0.0
2024-10-01 12:15:43,645 [WARN] PackLoader:240 - Cannot read IP mode file for STMicroelectronics.X-CUBE-TOF1.3.4.2
2024-10-01 12:15:43,667 [WARN] PackLoader:240 - Cannot read IP mode file for STMicroelectronics.X-CUBE-TOF1.3.4.1
2024-10-01 12:15:43,697 [WARN] PackLoader:240 - Cannot read IP mode file for STMicroelectronics.X-CUBE-AZRTOS-H7.3.2.0
2024-10-01 12:15:43,720 [WARN] PackLoader:240 - Cannot read IP mode file for Infineon.AIROC-Wi-Fi-Bluetooth-STM32.1.6.0
2024-10-01 12:15:43,731 [WARN] PackLoader:240 - Cannot read IP mode file for wolfSSL.I-CUBE-wolfSSH.1.4.17
2024-10-01 12:15:43,732 [INFO] ThirdParty:978 - Integrity check success = true
2024-10-01 12:15:43,732 [INFO] IntegrityCheckThread:100 - exiting critical section [integrity check]
2024-10-01 12:15:43,732 [INFO] IntegrityCheckThread:103 - End integrity checks thread
2024-10-01 12:15:44,550 [INFO] WebApp:779 - Register for checkConnection events
2024-10-01 12:15:44,551 [INFO] WebApp:414 - Apply proxy settings
2024-10-01 12:15:44,551 [INFO] WebApp:499 - Chromium requires no authentication
2024-10-01 12:15:44,556 [INFO] WebApp:442 - Direct internet connection detected
2024-10-01 12:15:44,675 [INFO] WebApp:192 - Starting web application
2024-10-01 12:15:44,675 [INFO] WebApp:544 - Web application path used C:\ST\STM32CubeIDE_1.15.0\STM32CubeIDE\plugins\com.st.stm32cube.common.mx_6.11.1.202404110753\db\plugins\mcufinder\reactClient1\index.html
2024-10-01 12:16:29,450 [INFO] McuFinderGlobals:63 - Set McuFinder mode to 2 (CubeIDE integrated)
2024-10-01 12:16:29,460 [INFO] MainUpdater:2873 - connection check result : 10
2024-10-01 12:16:29,463 [INFO] MainUpdater:2873 - connection check result : 10
2024-10-01 12:16:29,537 [INFO] MicroXplorer:468 - Change Database Path : 
2024-10-01 12:16:29,537 [INFO] MicroXplorer:498 - Change Database Version : DB.6.0.111
2024-10-01 12:16:29,545 [WARN] ThirdParty:871 - waiting for thirdparty lock release [close project]
2024-10-01 12:16:29,546 [INFO] ThirdParty:873 - entering critical section [close project]
2024-10-01 12:16:29,547 [INFO] ThirdParty:883 - exiting critical section [close project]
2024-10-01 12:16:29,549 [INFO] PinOutPanel:1561 - setPackage(No Configuration,No Configuration)
2024-10-01 12:16:29,552 [INFO] UtilMem:75 - Begin LoadConfig() Used Memory: 757561864 Bytes (811597824)
2024-10-01 12:16:29,554 [INFO] MicroXplorer:468 - Change Database Path : 
2024-10-01 12:16:29,554 [INFO] MicroXplorer:498 - Change Database Version : DB.6.0.111
2024-10-01 12:16:29,555 [INFO] OpenFileManager:312 - Change cursor
2024-10-01 12:16:29,582 [INFO] Mcu:2021 - Initializing MCU STM32F446R(C-E)Tx STM32F446RETx STM32F446RET6
2024-10-01 12:16:31,085 [INFO] Context:663 - Trying to add GPIOservice into a context  which must be forbidden
2024-10-01 12:16:31,665 [INFO] RtosManager:555 - Registered RTOS mode: class=CMSIS, group=RTOS, mode=CMSIS_V1, owner=FREERTOS
2024-10-01 12:16:31,666 [INFO] RtosManager:555 - Registered RTOS mode: class=CMSIS, group=RTOS2, mode=CMSIS_V2, owner=FREERTOS
2024-10-01 12:16:31,666 [INFO] RtosManager:555 - Registered RTOS mode: class=RTOS, group=Core, mode=CMSIS_V1, owner=FREERTOS
2024-10-01 12:16:31,666 [INFO] RtosManager:555 - Registered RTOS mode: class=RTOS, group=Core, mode=CMSIS_V2, owner=FREERTOS
2024-10-01 12:16:31,666 [WARN] ModelIntegratedComponent:184 - Missing modes for component STMicroelectronics:FreeRTOS:0.0.1:STMicroelectronics:RTOS:FreeRTOS:Core:::10.2.0:
2024-10-01 12:16:31,679 [WARN] ModelIntegratedComponent:63 - No mode defined for component null
2024-10-01 12:16:31,679 [WARN] ModelIntegratedComponent:63 - No mode defined for component null
2024-10-01 12:16:31,679 [WARN] ModelIntegratedComponent:63 - No mode defined for component null
2024-10-01 12:16:31,679 [WARN] ModelIntegratedComponent:63 - No mode defined for component null
2024-10-01 12:16:31,679 [WARN] ModelIntegratedComponent:63 - No mode defined for component null
2024-10-01 12:16:31,679 [WARN] ModelIntegratedComponent:63 - No mode defined for component null
2024-10-01 12:16:31,679 [WARN] ModelIntegratedComponent:63 - No mode defined for component null
2024-10-01 12:16:31,679 [WARN] ModelIntegratedComponent:63 - No mode defined for component null
2024-10-01 12:16:31,679 [WARN] ModelIntegratedComponent:63 - No mode defined for component null
2024-10-01 12:16:31,679 [WARN] ModelIntegratedComponent:63 - No mode defined for component null
2024-10-01 12:16:31,679 [WARN] ModelIntegratedComponent:63 - No mode defined for component null
2024-10-01 12:16:31,679 [WARN] ModelIntegratedComponent:63 - No mode defined for component null
2024-10-01 12:16:31,679 [WARN] ModelIntegratedComponent:63 - No mode defined for component null
2024-10-01 12:16:31,679 [WARN] ModelIntegratedComponent:63 - No mode defined for component null
2024-10-01 12:16:31,679 [WARN] ModelIntegratedComponent:63 - No mode defined for component null
2024-10-01 12:16:31,679 [WARN] ModelIntegratedComponent:63 - No mode defined for component null
2024-10-01 12:16:31,679 [WARN] ModelIntegratedComponent:63 - No mode defined for component null
2024-10-01 12:16:31,679 [WARN] ModelIntegratedComponent:63 - No mode defined for component null
2024-10-01 12:16:31,679 [WARN] ModelIntegratedComponent:63 - No mode defined for component null
2024-10-01 12:16:31,679 [WARN] ModelIntegratedComponent:63 - No mode defined for component null
2024-10-01 12:16:31,679 [WARN] ModelIntegratedComponent:63 - No mode defined for component null
2024-10-01 12:16:31,679 [WARN] ModelIntegratedComponent:63 - No mode defined for component null
2024-10-01 12:16:31,679 [WARN] ModelIntegratedComponent:63 - No mode defined for component null
2024-10-01 12:16:31,679 [WARN] ModelIntegratedComponent:63 - No mode defined for component null
2024-10-01 12:16:31,680 [WARN] ModelIntegratedComponent:63 - No mode defined for component null
2024-10-01 12:16:31,680 [WARN] ModelIntegratedComponent:63 - No mode defined for component null
2024-10-01 12:16:31,680 [WARN] ModelIntegratedComponent:63 - No mode defined for component null
2024-10-01 12:16:31,680 [WARN] ModelIntegratedComponent:63 - No mode defined for component null
2024-10-01 12:16:31,680 [WARN] ModelIntegratedComponent:63 - No mode defined for component null
2024-10-01 12:16:31,680 [WARN] ModelIntegratedComponent:63 - No mode defined for component null
2024-10-01 12:16:31,680 [WARN] ModelIntegratedComponent:63 - No mode defined for component null
2024-10-01 12:16:31,680 [WARN] ModelIntegratedComponent:63 - No mode defined for component null
2024-10-01 12:16:31,680 [WARN] ModelIntegratedComponent:63 - No mode defined for component null
2024-10-01 12:16:31,680 [WARN] ModelIntegratedComponent:63 - No mode defined for component null
2024-10-01 12:16:31,739 [INFO] ThirdPartyModel:298 - Start build external matchings
2024-10-01 12:16:32,022 [INFO] ThirdPartyModel:316 - End build external matchings
2024-10-01 12:16:32,037 [INFO] ImportTextPane:194 - (OptionalMessage_ERROR) IP (RCC) : Invalid parameter (48MHZClocksFreq_Value)
2024-10-01 12:16:32,037 [INFO] ImportTextPane:194 - (OptionalMessage_ERROR) IP (RCC) : Invalid parameter (EthernetFreq_Value)
2024-10-01 12:16:32,038 [INFO] ImportTextPane:194 - (OptionalMessage_ERROR) IP (RCC) : Parameter (FLatency) has Id (AdvancedSettings) currently not set
2024-10-01 12:16:32,038 [INFO] ImportTextPane:194 - (OptionalMessage_ERROR) IP (RCC) : Invalid parameter (FamilyName)
2024-10-01 12:16:32,038 [INFO] ImportTextPane:194 - (OptionalMessage_ERROR) IP (RCC) : Invalid parameter (I2SClocksFreq_Value)
2024-10-01 12:16:32,038 [INFO] ImportTextPane:194 - (OptionalMessage_ERROR) IP (RCC) : Parameter (MCO2PinFreq_Value) has invalid value (180000000)
2024-10-01 12:16:32,040 [INFO] ImportTextPane:194 - (OptionalMessage_ERROR) IP (RCC) : Parameter (SDIOFreq_Value) has invalid value (180000000)
2024-10-01 12:16:32,040 [INFO] ImportTextPane:194 - (OptionalMessage_ERROR) IP (RCC) : Parameter (USBFreq_Value) has invalid value (180000000)
2024-10-01 12:16:32,040 [INFO] ImportTextPane:194 - (OptionalMessage_ERROR) IP (RCC) : Invalid parameter (VCOInputMFreq_Value)
2024-10-01 12:16:32,040 [INFO] ImportTextPane:194 - (OptionalMessage_ERROR) IP (RCC) : Invalid parameter (VcooutputI2S)
2024-10-01 12:16:32,604 [INFO] ApiDb:581 - Connected to CubeFinder SQLite database (C:\Users\nicola.reat\.stmcufinder\plugins\mcufinder\mcu\cube-finder-db.db)
2024-10-01 12:16:32,646 [INFO] ApiDb:668 - CubeFinder database Data Model version=2.1
2024-10-01 12:16:32,646 [INFO] ApiDb:669 - CubeFinder database Configuration version=3.0.39
2024-10-01 12:16:32,646 [INFO] ApiDb:670 - CubeFinder database generation date=2024-09-16 (1726485674)
2024-10-01 12:16:32,646 [INFO] ApiDb:671 - CubeFinder database FW Pack versions=[FP-ATR-ASTRA1_V2.0.0, FP-SNS-FLIGHT1_V5.0.2, FP-SNS-MOTENV1_V5.0.0, FP-SNS-MOTENVWB1_V1.4.0, FP-SNS-SMARTAG2_V1.2.0, FP-SNS-STBOX1_V2.0.0, STM32Cube_FW_C0_V1.2.0, STM32Cube_FW_F4_V1.28.1, STM32Cube_FW_F7_V1.17.2, STM32Cube_FW_G0_V1.6.2, STM32Cube_FW_G4_V1.6.0, STM32Cube_FW_H5_V1.3.0, STM32Cube_FW_H7RS_V1.1.0, STM32Cube_FW_H7_V1.11.2, STM32Cube_FW_L0_V1.12.2, STM32Cube_FW_L5_V1.5.1, STM32Cube_FW_U0_V1.1.0, STM32Cube_FW_U5_V1.6.0, STM32Cube_FW_WB0_V1.0.0, STM32Cube_FW_WBA_V1.4.1, STM32Cube_FW_WB_V1.20.0, STM32Cube_FW_WL_V1.3.0, X-CUBE-ALGOBUILD_V1.4.0, X-CUBE-ALS_V1.0.2, X-CUBE-AZRTOS-F4_V1.1.0, X-CUBE-AZRTOS-F7_V1.1.0, X-CUBE-AZRTOS-G0_V1.1.0, X-CUBE-AZRTOS-G4_V2.0.0, X-CUBE-AZRTOS-H7RS_V1.0.0, X-CUBE-AZRTOS-H7_V3.2.0, X-CUBE-AZRTOS-L4_V2.0.0, X-CUBE-AZRTOS-L5_V2.0.0, X-CUBE-AZRTOS-WB_V2.0.0, X-CUBE-AZRTOS-WL_V2.0.0, X-CUBE-BLE1_V7.0.0, X-CUBE-BLE2_V3.3.0, X-CUBE-BLEMGR_V3.1.0, X-CUBE-EEPRMA1_V5.1.0, X-CUBE-FREERTOS_V1.2.0, X-CUBE-GNSS1_V6.0.0, X-CUBE-MEMS1_V11.0.0, X-CUBE-NFC4_V3.0.0, X-CUBE-NFC7_V1.0.1, X-CUBE-SFXS2LP1_V4.0.0, X-CUBE-SUBG2_V5.0.0, X-CUBE-TOF1_V3.4.2]
2024-10-01 12:16:32,693 [INFO] DbBoardsSqlite:226 - include board P-NUCLEO-WB55-NUCLEO as a kit item of type 'Nucleo-64'
2024-10-01 12:16:32,693 [INFO] DbBoardsSqlite:226 - include board P-NUCLEO-WB55-USBDONGLE as a kit item of type 'Nucleo USB Dongle'
2024-10-01 12:16:32,694 [INFO] DbBoardsSqlite:226 - include board STEVAL-IDP005V1 as a kit item of type 'Evaluation Board'
2024-10-01 12:16:32,694 [INFO] DbBoardsSqlite:226 - include board STEVAL-IDP005V2 as a kit item of type 'Evaluation Board'
2024-10-01 12:16:32,729 [INFO] ApiDb:240 - Found 483 in-development CPN: [B-G473E-ZEST1S, B-WB1M-WPAN1, B-WL5M-SUBG1, NUCLEO-C031C6, NUCLEO-H503RB, NUCLEO-H533RE, NUCLEO-H563ZI, NUCLEO-H7S3L8, NUCLEO-U031R8, NUCLEO-U083RC, NUCLEO-U545RE-Q, NUCLEO-U5A5ZJ-Q, NUCLEO-WBA52CG, NUCLEO-WBA55CG, STEVAL-PROTEUS1, STEVAL-SMARTAG2, STEVAL-STWINBX1, STM320518-EVAL, STM32C0116-DK, STM32C011D6Y3TR, STM32C011D6Y6TR, STM32C011F4P3, STM32C011F4P6, STM32C011F4U3, STM32C011F4U6TR, STM32C011F6P3, STM32C011F6P6, STM32C011F6U3, STM32C011F6U6TR, STM32C011J4M3, STM32C011J4M6, STM32C011J6M3, STM32C011J6M6, STM32C0316-DK, STM32C031C4T3, STM32C031C4T6, STM32C031C4U3, STM32C031C4U6, STM32C031C6T3, STM32C031C6T6, STM32C031C6U3, STM32C031C6U6, STM32C031F4P3, STM32C031F4P6, STM32C031F6P3, STM32C031F6P6, STM32C031G4U3, STM32C031G4U6, STM32C031G6U3, STM32C031G6U6, STM32C031K4T3, STM32C031K4T6, STM32C031K4U3, STM32C031K4U6, STM32C031K6T3, STM32C031K6T6, STM32C031K6U3, STM32C031K6U6, STM32G071K8TXN, STM32G071K8UXN, STM32G081GBU6N, STM32G081KBT6N, STM32G081KBUXN, STM32G0B1CCT6N, STM32G0B1KCT6, STM32G0B1NEY6TR, STM32G0B1RCT6N, STM32G0C1CCT6, STM32G0C1CCT6N, STM32G0C1CCU6N, STM32G0C1CET6N, STM32G0C1CEU6N, STM32G0C1KCT6, STM32G0C1NEY6TR, STM32G0C1RCI6N, STM32G0C1RCT6N, STM32G0C1REI6N, STM32G0C1RET6N, STM32G0C1VCI6, STM32G0C1VEI6, STM32G471CCT6, STM32G471CCU6, STM32G471CET3, STM32G471CET6, STM32G471CEU3, STM32G471CEU6, STM32G471MCT6, STM32G471MET3, STM32G471MET6, STM32G471MEY6TR, STM32G471QCT6, STM32G471QET3, STM32G471RCT6, STM32G471RET3, STM32G471RET6, STM32G471VCH6, STM32G471VCI6, STM32G471VCT6, STM32G471VEH3, STM32G471VEH6, STM32G471VEI3, STM32G471VEI6, STM32G471VET3, STM32G471VET6, STM32G474CCT6, STM32H503CBT6, STM32H503CBU6, STM32H503EBY6TR, STM32H503KBU6, STM32H503RBT6, STM32H523CCT6, STM32H523CCU6, STM32H523CET6, STM32H523CEU6, STM32H523HEY6TR, STM32H523RCT6, STM32H523RET6, STM32H523VCI6, STM32H523VCT6, STM32H523VEI6, STM32H523VET6, STM32H523ZCJ6, STM32H523ZCT6, STM32H523ZEJ6, STM32H523ZET6, STM32H533CET6, STM32H533CEU6, STM32H533HEY6TR, STM32H533RET6, STM32H533VEI6, STM32H533VET6, STM32H533ZEJ6, STM32H533ZET6, STM32H562AGI6, STM32H562AII6, STM32H562IGK6, STM32H562IGT6, STM32H562IIK6, STM32H562IIT6, STM32H562RGT6, STM32H562RGV6, STM32H562RIT6, STM32H562RIV6, STM32H562VGT6, STM32H562VIT6, STM32H562ZGT6, STM32H562ZIT6, STM32H563AGI6, STM32H563AII3Q, STM32H563AII6, STM32H563IGK6, STM32H563IGT6, STM32H563IIK3Q, STM32H563IIK6, STM32H563IIT3Q, STM32H563IIT6, STM32H563MIY3QTR, STM32H563RGT6, STM32H563RGV6, STM32H563RIT6, STM32H563RIV6, STM32H563VGT6, STM32H563VIT3Q, STM32H563VIT6, STM32H563ZGT6, STM32H563ZIT3Q, STM32H563ZIT6, STM32H573AII3Q, STM32H573AII6, STM32H573I-DK, STM32H573IIK3Q, STM32H573IIK6, STM32H573IIT3Q, STM32H573IIT6, STM32H573MIY3QTR, STM32H573RIT6, STM32H573RIV6, STM32H573VIT3Q, STM32H573VIT6, STM32H573ZIT3Q, STM32H573ZIT6, STM32H7R3A8I6, STM32H7R3I8K6, STM32H7R3I8T6, STM32H7R3L8H6, STM32H7R3L8H6H, STM32H7R3R8V6, STM32H7R3V8H6, STM32H7R3V8T6, STM32H7R3V8Y6, STM32H7R3Z8J6, STM32H7R3Z8T6, STM32H7R7A8I6, STM32H7R7I8K6, STM32H7R7I8T6, STM32H7R7L8H6, STM32H7R7L8H6H, STM32H7R7Z8J6, STM32H7S3A8I6, STM32H7S3I8K6, STM32H7S3I8T6, STM32H7S3L8H6, STM32H7S3L8H6H, STM32H7S3R8V6, STM32H7S3V8H6, STM32H7S3V8T6, STM32H7S3V8Y6, STM32H7S3Z8J6, STM32H7S3Z8T6, STM32H7S78-DK, STM32H7S7A8I6, STM32H7S7I8K6, STM32H7S7I8T6, STM32H7S7L8H6, STM32H7S7L8H6H, STM32H7S7Z8J6, STM32L4R5QGI6STR, STM32MP131AAE3, STM32MP131AAF3, STM32MP131AAG3, STM32MP131CAE3, STM32MP131CAF3, STM32MP131CAG3, STM32MP131DAE7, STM32MP131DAF7, STM32MP131DAG7, STM32MP131FAE7, STM32MP131FAF7, STM32MP131FAG7, STM32MP133AAE3, STM32MP133AAF3, STM32MP133AAG3, STM32MP133CAE3, STM32MP133CAF3, STM32MP133CAG3, STM32MP133DAE7, STM32MP133DAF7, STM32MP133DAG7, STM32MP133FAE7, STM32MP133FAF7, STM32MP133FAG7, STM32MP135AAE3, STM32MP135AAF3, STM32MP135AAG3, STM32MP135CAE3, STM32MP135CAF3, STM32MP135CAG3, STM32MP135DAE7, STM32MP135DAF7, STM32MP135DAG7, STM32MP135F-DK, STM32MP135FAE7, STM32MP135FAF7, STM32MP135FAF7T, STM32MP135FAF7U, STM32MP135FAG7, STM32U031C6T6, STM32U031C6U6, STM32U031C8T6, STM32U031C8U6, STM32U031F4P6, STM32U031F6P6, STM32U031F8P6, STM32U031G6Y6TR, STM32U031G8Y6TR, STM32U031K4U6, STM32U031K6U6, STM32U031K8U6, STM32U031R6I6, STM32U031R6T6, STM32U031R8I6, STM32U031R8T6, STM32U073C8T6, STM32U073C8U6, STM32U073CBT6, STM32U073CBU6, STM32U073CCT6, STM32U073CCU6, STM32U073H8Y6TR, STM32U073HBY6TR, STM32U073HCY6TR, STM32U073K8U6, STM32U073KBU6, STM32U073KCU6, STM32U073M8I6, STM32U073M8T6, STM32U073MBI6, STM32U073MBT6, STM32U073MCI6, STM32U073MCT6, STM32U073R8I6, STM32U073R8T6, STM32U073RBI6, STM32U073RBT6, STM32U073RCI6, STM32U073RCT6, STM32U083C-DK, STM32U083CCT6, STM32U083CCU6, STM32U083HCY6TR, STM32U083KCU6, STM32U083MCI6, STM32U083MCT6, STM32U083RCI6, STM32U083RCT6, STM32U535CBT6, STM32U535CBT6Q, STM32U535CBU6, STM32U535CBU6Q, STM32U535CCT6, STM32U535CCT6Q, STM32U535CCU6, STM32U535CCU6Q, STM32U535CET6, STM32U535CET6Q, STM32U535CEU6, STM32U535CEU6Q, STM32U535JEY6QTR, STM32U535NCY6QTR, STM32U535NEY6QTR, STM32U535RBI6, STM32U535RBI6Q, STM32U535RBT6, STM32U535RBT6Q, STM32U535RCI6, STM32U535RCI6Q, STM32U535RCT6, STM32U535RCT6Q, STM32U535REI6, STM32U535REI6Q, STM32U535RET6, STM32U535RET6Q, STM32U535VCI6, STM32U535VCI6Q, STM32U535VCT6, STM32U535VCT6Q, STM32U535VEI6, STM32U535VEI6Q, STM32U535VET6, STM32U535VET6Q, STM32U545CET6, STM32U545CET6Q, STM32U545CEU6, STM32U545CEU6Q, STM32U545JEY6QTR, STM32U545NEY6QTR, STM32U545REI6, STM32U545REI6Q, STM32U545RET6, STM32U545RET6Q, STM32U545VEI6, STM32U545VEI6Q, STM32U545VET6, STM32U545VET6Q, STM32U595AIH6, STM32U595AIH6Q, STM32U595AJH6, STM32U595AJH6Q, STM32U595QII6, STM32U595QII6Q, STM32U595QJI6, STM32U595QJI6Q, STM32U595RIT6, STM32U595RIT6Q, STM32U595RJT6, STM32U595RJT6Q, STM32U595VIT6, STM32U595VIT6Q, STM32U595VJT6, STM32U595VJT6Q, STM32U595ZIT6, STM32U595ZIT6Q, STM32U595ZIY6QTR, STM32U595ZJT6, STM32U595ZJT6Q, STM32U595ZJY6QTR, STM32U599BJY6QTR, STM32U599NIH6Q, STM32U599NJH6Q, STM32U599VIT6Q, STM32U599VJT6, STM32U599VJT6Q, STM32U599ZIT6Q, STM32U599ZIY6QTR, STM32U599ZJT6Q, STM32U599ZJY6QTR, STM32U5A5AJH6, STM32U5A5AJH6Q, STM32U5A5QII3Q , STM32U5A5QJI6, STM32U5A5QJI6Q, STM32U5A5RJT6, STM32U5A5RJT6Q, STM32U5A5VJT6, STM32U5A5VJT6Q, STM32U5A5ZJT6, STM32U5A5ZJT6Q, STM32U5A5ZJY6QTR, STM32U5A9BJY6QTR, STM32U5A9J-DK, STM32U5A9NJH6Q, STM32U5A9VJT6Q, STM32U5A9ZJT6Q, STM32U5A9ZJY6QTR, STM32U5F7VIT6, STM32U5F7VIT6Q, STM32U5F7VJT6, STM32U5F7VJT6Q, STM32U5F9BJY6QTR, STM32U5F9NJH6Q, STM32U5F9VIT6Q, STM32U5F9VJT6Q, STM32U5F9ZIJ6QTR, STM32U5F9ZIT6Q, STM32U5F9ZJJ6QTR, STM32U5F9ZJT6Q, STM32U5G7VJT6, STM32U5G7VJT6Q, STM32U5G9BJY6QTR, STM32U5G9J-DK1, STM32U5G9J-DK2, STM32U5G9NJH6Q, STM32U5G9VJT6Q, STM32U5G9ZJJ6QTR, STM32U5G9ZJT6Q, STM32WB1MMCH6, STM32WBA50KEU6, STM32WBA50KEU6TR, STM32WBA50KGU6, STM32WBA50KGU6TR, STM32WBA52CEU6, STM32WBA52CEU6TR, STM32WBA52CEU7, STM32WBA52CEU7TR, STM32WBA52CGU6, STM32WBA52CGU6TR, STM32WBA52CGU6U, STM32WBA52CGU7, STM32WBA52CGU7TR, STM32WBA52KEU6, STM32WBA52KEU6TR, STM32WBA52KGU6, STM32WBA52KGU6TR, STM32WBA54CEU6, STM32WBA54CEU6TR, STM32WBA54CEU7, STM32WBA54CEU7TR, STM32WBA54CGU6, STM32WBA54CGU6TR, STM32WBA54CGU7, STM32WBA54CGU7TR, STM32WBA54KEU6, STM32WBA54KEU6TR, STM32WBA54KEU7, STM32WBA54KEU7TR, STM32WBA54KGU6, STM32WBA54KGU6TR, STM32WBA54KGU7, STM32WBA54KGU7TR, STM32WBA55CEU6, STM32WBA55CEU6TR, STM32WBA55CEU7, STM32WBA55CEU7TR, STM32WBA55CGU6, STM32WBA55CGU6TR, STM32WBA55CGU6U, STM32WBA55CGU7, STM32WBA55CGU7TR, STM32WBA55G-DK1, STM32WBA55HEF6, STM32WBA55HEF7, STM32WBA55HGF6, STM32WBA55HGF7, STM32WBA55UEI6, STM32WBA55UEI6TR, STM32WBA55UEI7, STM32WBA55UEI7TR, STM32WBA55UGI6, STM32WBA55UGI6TR, STM32WBA55UGI7, STM32WBA55UGI7TR, STM32WL5MOCH6, STM32WL5MOCH6TR]
2024-10-01 12:16:32,731 [INFO] ApiDb:668 - CubeFinder database Data Model version=2.1
2024-10-01 12:16:32,731 [INFO] ApiDb:669 - CubeFinder database Configuration version=3.0.39
2024-10-01 12:16:32,731 [INFO] ApiDb:670 - CubeFinder database generation date=2024-09-16 (1726485674)
2024-10-01 12:16:32,731 [INFO] ApiDb:671 - CubeFinder database FW Pack versions=[FP-ATR-ASTRA1_V2.0.0, FP-SNS-FLIGHT1_V5.0.2, FP-SNS-MOTENV1_V5.0.0, FP-SNS-MOTENVWB1_V1.4.0, FP-SNS-SMARTAG2_V1.2.0, FP-SNS-STBOX1_V2.0.0, STM32Cube_FW_C0_V1.2.0, STM32Cube_FW_F4_V1.28.1, STM32Cube_FW_F7_V1.17.2, STM32Cube_FW_G0_V1.6.2, STM32Cube_FW_G4_V1.6.0, STM32Cube_FW_H5_V1.3.0, STM32Cube_FW_H7RS_V1.1.0, STM32Cube_FW_H7_V1.11.2, STM32Cube_FW_L0_V1.12.2, STM32Cube_FW_L5_V1.5.1, STM32Cube_FW_U0_V1.1.0, STM32Cube_FW_U5_V1.6.0, STM32Cube_FW_WB0_V1.0.0, STM32Cube_FW_WBA_V1.4.1, STM32Cube_FW_WB_V1.20.0, STM32Cube_FW_WL_V1.3.0, X-CUBE-ALGOBUILD_V1.4.0, X-CUBE-ALS_V1.0.2, X-CUBE-AZRTOS-F4_V1.1.0, X-CUBE-AZRTOS-F7_V1.1.0, X-CUBE-AZRTOS-G0_V1.1.0, X-CUBE-AZRTOS-G4_V2.0.0, X-CUBE-AZRTOS-H7RS_V1.0.0, X-CUBE-AZRTOS-H7_V3.2.0, X-CUBE-AZRTOS-L4_V2.0.0, X-CUBE-AZRTOS-L5_V2.0.0, X-CUBE-AZRTOS-WB_V2.0.0, X-CUBE-AZRTOS-WL_V2.0.0, X-CUBE-BLE1_V7.0.0, X-CUBE-BLE2_V3.3.0, X-CUBE-BLEMGR_V3.1.0, X-CUBE-EEPRMA1_V5.1.0, X-CUBE-FREERTOS_V1.2.0, X-CUBE-GNSS1_V6.0.0, X-CUBE-MEMS1_V11.0.0, X-CUBE-NFC4_V3.0.0, X-CUBE-NFC7_V1.0.1, X-CUBE-SFXS2LP1_V4.0.0, X-CUBE-SUBG2_V5.0.0, X-CUBE-TOF1_V3.4.2]
2024-10-01 12:16:33,798 [INFO] ApiDb:240 - Found 483 in-development CPN: [B-G473E-ZEST1S, B-WB1M-WPAN1, B-WL5M-SUBG1, NUCLEO-C031C6, NUCLEO-H503RB, NUCLEO-H533RE, NUCLEO-H563ZI, NUCLEO-H7S3L8, NUCLEO-U031R8, NUCLEO-U083RC, NUCLEO-U545RE-Q, NUCLEO-U5A5ZJ-Q, NUCLEO-WBA52CG, NUCLEO-WBA55CG, STEVAL-PROTEUS1, STEVAL-SMARTAG2, STEVAL-STWINBX1, STM320518-EVAL, STM32C0116-DK, STM32C011D6Y3TR, STM32C011D6Y6TR, STM32C011F4P3, STM32C011F4P6, STM32C011F4U3, STM32C011F4U6TR, STM32C011F6P3, STM32C011F6P6, STM32C011F6U3, STM32C011F6U6TR, STM32C011J4M3, STM32C011J4M6, STM32C011J6M3, STM32C011J6M6, STM32C0316-DK, STM32C031C4T3, STM32C031C4T6, STM32C031C4U3, STM32C031C4U6, STM32C031C6T3, STM32C031C6T6, STM32C031C6U3, STM32C031C6U6, STM32C031F4P3, STM32C031F4P6, STM32C031F6P3, STM32C031F6P6, STM32C031G4U3, STM32C031G4U6, STM32C031G6U3, STM32C031G6U6, STM32C031K4T3, STM32C031K4T6, STM32C031K4U3, STM32C031K4U6, STM32C031K6T3, STM32C031K6T6, STM32C031K6U3, STM32C031K6U6, STM32G071K8TXN, STM32G071K8UXN, STM32G081GBU6N, STM32G081KBT6N, STM32G081KBUXN, STM32G0B1CCT6N, STM32G0B1KCT6, STM32G0B1NEY6TR, STM32G0B1RCT6N, STM32G0C1CCT6, STM32G0C1CCT6N, STM32G0C1CCU6N, STM32G0C1CET6N, STM32G0C1CEU6N, STM32G0C1KCT6, STM32G0C1NEY6TR, STM32G0C1RCI6N, STM32G0C1RCT6N, STM32G0C1REI6N, STM32G0C1RET6N, STM32G0C1VCI6, STM32G0C1VEI6, STM32G471CCT6, STM32G471CCU6, STM32G471CET3, STM32G471CET6, STM32G471CEU3, STM32G471CEU6, STM32G471MCT6, STM32G471MET3, STM32G471MET6, STM32G471MEY6TR, STM32G471QCT6, STM32G471QET3, STM32G471RCT6, STM32G471RET3, STM32G471RET6, STM32G471VCH6, STM32G471VCI6, STM32G471VCT6, STM32G471VEH3, STM32G471VEH6, STM32G471VEI3, STM32G471VEI6, STM32G471VET3, STM32G471VET6, STM32G474CCT6, STM32H503CBT6, STM32H503CBU6, STM32H503EBY6TR, STM32H503KBU6, STM32H503RBT6, STM32H523CCT6, STM32H523CCU6, STM32H523CET6, STM32H523CEU6, STM32H523HEY6TR, STM32H523RCT6, STM32H523RET6, STM32H523VCI6, STM32H523VCT6, STM32H523VEI6, STM32H523VET6, STM32H523ZCJ6, STM32H523ZCT6, STM32H523ZEJ6, STM32H523ZET6, STM32H533CET6, STM32H533CEU6, STM32H533HEY6TR, STM32H533RET6, STM32H533VEI6, STM32H533VET6, STM32H533ZEJ6, STM32H533ZET6, STM32H562AGI6, STM32H562AII6, STM32H562IGK6, STM32H562IGT6, STM32H562IIK6, STM32H562IIT6, STM32H562RGT6, STM32H562RGV6, STM32H562RIT6, STM32H562RIV6, STM32H562VGT6, STM32H562VIT6, STM32H562ZGT6, STM32H562ZIT6, STM32H563AGI6, STM32H563AII3Q, STM32H563AII6, STM32H563IGK6, STM32H563IGT6, STM32H563IIK3Q, STM32H563IIK6, STM32H563IIT3Q, STM32H563IIT6, STM32H563MIY3QTR, STM32H563RGT6, STM32H563RGV6, STM32H563RIT6, STM32H563RIV6, STM32H563VGT6, STM32H563VIT3Q, STM32H563VIT6, STM32H563ZGT6, STM32H563ZIT3Q, STM32H563ZIT6, STM32H573AII3Q, STM32H573AII6, STM32H573I-DK, STM32H573IIK3Q, STM32H573IIK6, STM32H573IIT3Q, STM32H573IIT6, STM32H573MIY3QTR, STM32H573RIT6, STM32H573RIV6, STM32H573VIT3Q, STM32H573VIT6, STM32H573ZIT3Q, STM32H573ZIT6, STM32H7R3A8I6, STM32H7R3I8K6, STM32H7R3I8T6, STM32H7R3L8H6, STM32H7R3L8H6H, STM32H7R3R8V6, STM32H7R3V8H6, STM32H7R3V8T6, STM32H7R3V8Y6, STM32H7R3Z8J6, STM32H7R3Z8T6, STM32H7R7A8I6, STM32H7R7I8K6, STM32H7R7I8T6, STM32H7R7L8H6, STM32H7R7L8H6H, STM32H7R7Z8J6, STM32H7S3A8I6, STM32H7S3I8K6, STM32H7S3I8T6, STM32H7S3L8H6, STM32H7S3L8H6H, STM32H7S3R8V6, STM32H7S3V8H6, STM32H7S3V8T6, STM32H7S3V8Y6, STM32H7S3Z8J6, STM32H7S3Z8T6, STM32H7S78-DK, STM32H7S7A8I6, STM32H7S7I8K6, STM32H7S7I8T6, STM32H7S7L8H6, STM32H7S7L8H6H, STM32H7S7Z8J6, STM32L4R5QGI6STR, STM32MP131AAE3, STM32MP131AAF3, STM32MP131AAG3, STM32MP131CAE3, STM32MP131CAF3, STM32MP131CAG3, STM32MP131DAE7, STM32MP131DAF7, STM32MP131DAG7, STM32MP131FAE7, STM32MP131FAF7, STM32MP131FAG7, STM32MP133AAE3, STM32MP133AAF3, STM32MP133AAG3, STM32MP133CAE3, STM32MP133CAF3, STM32MP133CAG3, STM32MP133DAE7, STM32MP133DAF7, STM32MP133DAG7, STM32MP133FAE7, STM32MP133FAF7, STM32MP133FAG7, STM32MP135AAE3, STM32MP135AAF3, STM32MP135AAG3, STM32MP135CAE3, STM32MP135CAF3, STM32MP135CAG3, STM32MP135DAE7, STM32MP135DAF7, STM32MP135DAG7, STM32MP135F-DK, STM32MP135FAE7, STM32MP135FAF7, STM32MP135FAF7T, STM32MP135FAF7U, STM32MP135FAG7, STM32U031C6T6, STM32U031C6U6, STM32U031C8T6, STM32U031C8U6, STM32U031F4P6, STM32U031F6P6, STM32U031F8P6, STM32U031G6Y6TR, STM32U031G8Y6TR, STM32U031K4U6, STM32U031K6U6, STM32U031K8U6, STM32U031R6I6, STM32U031R6T6, STM32U031R8I6, STM32U031R8T6, STM32U073C8T6, STM32U073C8U6, STM32U073CBT6, STM32U073CBU6, STM32U073CCT6, STM32U073CCU6, STM32U073H8Y6TR, STM32U073HBY6TR, STM32U073HCY6TR, STM32U073K8U6, STM32U073KBU6, STM32U073KCU6, STM32U073M8I6, STM32U073M8T6, STM32U073MBI6, STM32U073MBT6, STM32U073MCI6, STM32U073MCT6, STM32U073R8I6, STM32U073R8T6, STM32U073RBI6, STM32U073RBT6, STM32U073RCI6, STM32U073RCT6, STM32U083C-DK, STM32U083CCT6, STM32U083CCU6, STM32U083HCY6TR, STM32U083KCU6, STM32U083MCI6, STM32U083MCT6, STM32U083RCI6, STM32U083RCT6, STM32U535CBT6, STM32U535CBT6Q, STM32U535CBU6, STM32U535CBU6Q, STM32U535CCT6, STM32U535CCT6Q, STM32U535CCU6, STM32U535CCU6Q, STM32U535CET6, STM32U535CET6Q, STM32U535CEU6, STM32U535CEU6Q, STM32U535JEY6QTR, STM32U535NCY6QTR, STM32U535NEY6QTR, STM32U535RBI6, STM32U535RBI6Q, STM32U535RBT6, STM32U535RBT6Q, STM32U535RCI6, STM32U535RCI6Q, STM32U535RCT6, STM32U535RCT6Q, STM32U535REI6, STM32U535REI6Q, STM32U535RET6, STM32U535RET6Q, STM32U535VCI6, STM32U535VCI6Q, STM32U535VCT6, STM32U535VCT6Q, STM32U535VEI6, STM32U535VEI6Q, STM32U535VET6, STM32U535VET6Q, STM32U545CET6, STM32U545CET6Q, STM32U545CEU6, STM32U545CEU6Q, STM32U545JEY6QTR, STM32U545NEY6QTR, STM32U545REI6, STM32U545REI6Q, STM32U545RET6, STM32U545RET6Q, STM32U545VEI6, STM32U545VEI6Q, STM32U545VET6, STM32U545VET6Q, STM32U595AIH6, STM32U595AIH6Q, STM32U595AJH6, STM32U595AJH6Q, STM32U595QII6, STM32U595QII6Q, STM32U595QJI6, STM32U595QJI6Q, STM32U595RIT6, STM32U595RIT6Q, STM32U595RJT6, STM32U595RJT6Q, STM32U595VIT6, STM32U595VIT6Q, STM32U595VJT6, STM32U595VJT6Q, STM32U595ZIT6, STM32U595ZIT6Q, STM32U595ZIY6QTR, STM32U595ZJT6, STM32U595ZJT6Q, STM32U595ZJY6QTR, STM32U599BJY6QTR, STM32U599NIH6Q, STM32U599NJH6Q, STM32U599VIT6Q, STM32U599VJT6, STM32U599VJT6Q, STM32U599ZIT6Q, STM32U599ZIY6QTR, STM32U599ZJT6Q, STM32U599ZJY6QTR, STM32U5A5AJH6, STM32U5A5AJH6Q, STM32U5A5QII3Q , STM32U5A5QJI6, STM32U5A5QJI6Q, STM32U5A5RJT6, STM32U5A5RJT6Q, STM32U5A5VJT6, STM32U5A5VJT6Q, STM32U5A5ZJT6, STM32U5A5ZJT6Q, STM32U5A5ZJY6QTR, STM32U5A9BJY6QTR, STM32U5A9J-DK, STM32U5A9NJH6Q, STM32U5A9VJT6Q, STM32U5A9ZJT6Q, STM32U5A9ZJY6QTR, STM32U5F7VIT6, STM32U5F7VIT6Q, STM32U5F7VJT6, STM32U5F7VJT6Q, STM32U5F9BJY6QTR, STM32U5F9NJH6Q, STM32U5F9VIT6Q, STM32U5F9VJT6Q, STM32U5F9ZIJ6QTR, STM32U5F9ZIT6Q, STM32U5F9ZJJ6QTR, STM32U5F9ZJT6Q, STM32U5G7VJT6, STM32U5G7VJT6Q, STM32U5G9BJY6QTR, STM32U5G9J-DK1, STM32U5G9J-DK2, STM32U5G9NJH6Q, STM32U5G9VJT6Q, STM32U5G9ZJJ6QTR, STM32U5G9ZJT6Q, STM32WB1MMCH6, STM32WBA50KEU6, STM32WBA50KEU6TR, STM32WBA50KGU6, STM32WBA50KGU6TR, STM32WBA52CEU6, STM32WBA52CEU6TR, STM32WBA52CEU7, STM32WBA52CEU7TR, STM32WBA52CGU6, STM32WBA52CGU6TR, STM32WBA52CGU6U, STM32WBA52CGU7, STM32WBA52CGU7TR, STM32WBA52KEU6, STM32WBA52KEU6TR, STM32WBA52KGU6, STM32WBA52KGU6TR, STM32WBA54CEU6, STM32WBA54CEU6TR, STM32WBA54CEU7, STM32WBA54CEU7TR, STM32WBA54CGU6, STM32WBA54CGU6TR, STM32WBA54CGU7, STM32WBA54CGU7TR, STM32WBA54KEU6, STM32WBA54KEU6TR, STM32WBA54KEU7, STM32WBA54KEU7TR, STM32WBA54KGU6, STM32WBA54KGU6TR, STM32WBA54KGU7, STM32WBA54KGU7TR, STM32WBA55CEU6, STM32WBA55CEU6TR, STM32WBA55CEU7, STM32WBA55CEU7TR, STM32WBA55CGU6, STM32WBA55CGU6TR, STM32WBA55CGU6U, STM32WBA55CGU7, STM32WBA55CGU7TR, STM32WBA55G-DK1, STM32WBA55HEF6, STM32WBA55HEF7, STM32WBA55HGF6, STM32WBA55HGF7, STM32WBA55UEI6, STM32WBA55UEI6TR, STM32WBA55UEI7, STM32WBA55UEI7TR, STM32WBA55UGI6, STM32WBA55UGI6TR, STM32WBA55UGI7, STM32WBA55UGI7TR, STM32WL5MOCH6, STM32WL5MOCH6TR]
2024-10-01 12:16:33,802 [INFO] DbMcus:218 - Found 4204 MCUs, 4204 are supported
2024-10-01 12:16:33,803 [INFO] ApiDb:423 - Load user favorites file C:\Users\nicola.reat/.stm32cubeide/favorites.mcus.txt: 0 item(s)
2024-10-01 12:16:33,804 [INFO] ApiDb:427 - User favorites MCUs=[]
2024-10-01 12:16:33,804 [INFO] DbMcus:224 - Set 0 / 0 favorites MCUs
2024-10-01 12:16:34,089 [INFO] BoardInfo:889 - No configuration file found for board NUCLEO-WB05KZ
2024-10-01 12:16:34,090 [INFO] DbBoards:161 - Board is not supported: NUCLEO-WB05KZ
2024-10-01 12:16:34,090 [INFO] BoardInfo:889 - No configuration file found for board NUCLEO-WB07CC
2024-10-01 12:16:34,091 [INFO] DbBoards:161 - Board is not supported: NUCLEO-WB07CC
2024-10-01 12:16:34,091 [INFO] BoardInfo:889 - No configuration file found for board NUCLEO-WB09KE
2024-10-01 12:16:34,092 [INFO] DbBoards:161 - Board is not supported: NUCLEO-WB09KE
2024-10-01 12:16:34,097 [INFO] BoardInfo:889 - No configuration file found for board P-NUCLEO-WB55
2024-10-01 12:16:34,098 [INFO] DbBoards:161 - Kit is not supported: P-NUCLEO-WB55
2024-10-01 12:16:34,100 [INFO] BoardInfo:889 - No configuration file found for board STEVAL-BFA001V1B
2024-10-01 12:16:34,101 [INFO] DbBoards:161 - Kit is not supported: STEVAL-BFA001V1B
2024-10-01 12:16:34,101 [INFO] BoardInfo:889 - No configuration file found for board STEVAL-BFA001V2B
2024-10-01 12:16:34,102 [INFO] DbBoards:161 - Kit is not supported: STEVAL-BFA001V2B
2024-10-01 12:16:34,192 [INFO] BoardInfo:889 - No configuration file found for board STM32MP257F-DK
2024-10-01 12:16:34,193 [INFO] DbBoards:161 - Board is not supported: STM32MP257F-DK
2024-10-01 12:16:34,194 [INFO] BoardInfo:889 - No configuration file found for board STM32MP257F-EV1
2024-10-01 12:16:34,194 [INFO] DbBoards:161 - Board is not supported: STM32MP257F-EV1
2024-10-01 12:16:34,210 [INFO] DbBoards:168 - Found 200 boards, 192 are supported
2024-10-01 12:16:34,210 [INFO] DbBoards:169 - Found 200 boards, 8 of them is supported for  Bsp
2024-10-01 12:16:34,215 [INFO] ApiDb:423 - Load user favorites file C:\Users\nicola.reat/.stm32cubeide/favorites.boards.txt: 0 item(s)
2024-10-01 12:16:34,215 [INFO] ApiDb:427 - User favorites Boards=[]
2024-10-01 12:16:34,215 [INFO] DbBoards:198 - Set 0 / 0 favorites Boards
2024-10-01 12:16:34,282 [INFO] UtilMem:75 - End LoadConfig() Used Memory: 513729712 Bytes (1029701632)
2024-10-01 12:16:34,409 [WARN] ThirdParty:833 - waiting for thirdparty lock release [change project]
2024-10-01 12:16:34,409 [INFO] ThirdParty:835 - entering critical section [change project]
2024-10-01 12:16:34,409 [INFO] ThirdParty:1030 - CMSIS Pack Vendor :STMicroelectronics USBPD 4.1
2024-10-01 12:16:34,409 [INFO] ThirdParty:1030 - CMSIS Pack Vendor :STMicroelectronics X-CUBE-AZRTOS-H7 3.3.0
2024-10-01 12:16:34,409 [INFO] ThirdParty:1030 - CMSIS Pack Vendor :STMicroelectronics X-CUBE-NFC9 1.0.0
2024-10-01 12:16:34,409 [INFO] ThirdParty:1030 - CMSIS Pack Vendor :STMicroelectronics X-CUBE-GNSS1 6.0.0
2024-10-01 12:16:34,409 [INFO] ThirdParty:1030 - CMSIS Pack Vendor :STMicroelectronics USB_HOST 2.0.0
2024-10-01 12:16:34,409 [INFO] ThirdParty:1030 - CMSIS Pack Vendor :STMicroelectronics FP-SNS-MOTENVWB1 1.4.0
2024-10-01 12:16:34,410 [INFO] ThirdParty:1030 - CMSIS Pack Vendor :STMicroelectronics X-CUBE-AZRTOS-F4 1.1.0
2024-10-01 12:16:34,410 [INFO] ThirdParty:1030 - CMSIS Pack Vendor :STMicroelectronics LIBJPEG 8.0.0
2024-10-01 12:16:34,410 [INFO] ThirdParty:1030 - CMSIS Pack Vendor :STMicroelectronics X-CUBE-SMBUS 2.1.0
2024-10-01 12:16:34,410 [INFO] ThirdParty:1030 - CMSIS Pack Vendor :STMicroelectronics USB_DEVICE 3.0.0
2024-10-01 12:16:34,410 [INFO] ThirdParty:1030 - CMSIS Pack Vendor :STMicroelectronics X-CUBE-TCPP 4.1.0
2024-10-01 12:16:34,410 [INFO] ThirdParty:1030 - CMSIS Pack Vendor :STMicroelectronics X-CUBE-ISPU 2.1.0
2024-10-01 12:16:34,410 [INFO] ThirdParty:1030 - CMSIS Pack Vendor :STMicroelectronics X-CUBE-FREERTOS 1.2.0
2024-10-01 12:16:34,410 [INFO] ThirdParty:1030 - CMSIS Pack Vendor :STMicroelectronics X-CUBE-AZRTOS-WB 2.0.0
2024-10-01 12:16:34,410 [INFO] ThirdParty:1030 - CMSIS Pack Vendor :STMicroelectronics X-CUBE-GNSS1 7.0.0
2024-10-01 12:16:34,410 [INFO] ThirdParty:1030 - CMSIS Pack Vendor :STMicroelectronics X-CUBE-TOUCHGFX 4.23.2
2024-10-01 12:16:34,410 [INFO] ThirdParty:1030 - CMSIS Pack Vendor :STMicroelectronics X-CUBE-AZRTOS-F7 1.1.0
2024-10-01 12:16:34,410 [INFO] ThirdParty:1030 - CMSIS Pack Vendor :STMicroelectronics X-CUBE-AZRTOS-L5 2.0.0
2024-10-01 12:16:34,410 [INFO] ThirdParty:1030 - CMSIS Pack Vendor :STMicroelectronics USB_DEVICE 2.0.0
2024-10-01 12:16:34,410 [INFO] ThirdParty:1030 - CMSIS Pack Vendor :STMicroelectronics X-CUBE-NFC6 3.1.0
2024-10-01 12:16:34,410 [INFO] ThirdParty:1030 - CMSIS Pack Vendor :STMicroelectronics FP-SNS-STBOX1 2.0.0
2024-10-01 12:16:34,410 [INFO] ThirdParty:1030 - CMSIS Pack Vendor :STMicroelectronics X-CUBE-ALGOBUILD 1.3.0
2024-10-01 12:16:34,411 [INFO] ThirdParty:1030 - CMSIS Pack Vendor :STMicroelectronics X-CUBE-MEMS1 11.0.0
2024-10-01 12:16:34,411 [INFO] ThirdParty:1030 - CMSIS Pack Vendor :STMicroelectronics FreeRTOS 0.0.1
2024-10-01 12:16:34,411 [INFO] ThirdParty:1030 - CMSIS Pack Vendor :STMicroelectronics X-CUBE-AZRTOS-G0 1.1.0
2024-10-01 12:16:34,411 [INFO] ThirdParty:1030 - CMSIS Pack Vendor :STMicroelectronics X-CUBE-SAFEA1 1.2.2
2024-10-01 12:16:34,411 [INFO] ThirdParty:1030 - CMSIS Pack Vendor :STMicroelectronics X-CUBE-NFC4 3.0.0
2024-10-01 12:16:34,411 [INFO] ThirdParty:1030 - CMSIS Pack Vendor :STMicroelectronics X-CUBE-DPower 1.2.0
2024-10-01 12:16:34,411 [INFO] ThirdParty:1030 - CMSIS Pack Vendor :STMicroelectronics X-CUBE-SUBG2 5.0.0
2024-10-01 12:16:34,411 [INFO] ThirdParty:1030 - CMSIS Pack Vendor :STMicroelectronics STM32_WPAN 1.0.0
2024-10-01 12:16:34,411 [INFO] ThirdParty:1030 - CMSIS Pack Vendor :wolfSSL I-CUBE-wolfMQTT 1.18.0
2024-10-01 12:16:34,411 [INFO] ThirdParty:1030 - CMSIS Pack Vendor :EmbeddedOffice I-CUBE-FS-RTOS 1.0.1
2024-10-01 12:16:34,411 [INFO] ThirdParty:1030 - CMSIS Pack Vendor :STMicroelectronics lwIP 2.0.3
2024-10-01 12:16:34,411 [INFO] ThirdParty:1030 - CMSIS Pack Vendor :STMicroelectronics FP-SNS-FLIGHT1 5.0.2
2024-10-01 12:16:34,411 [INFO] ThirdParty:1030 - CMSIS Pack Vendor :STMicroelectronics USB_HOST 1.0.0
2024-10-01 12:16:34,411 [INFO] ThirdParty:1030 - CMSIS Pack Vendor :STMicroelectronics X-CUBE-AI 9.0.0
2024-10-01 12:16:34,411 [INFO] ThirdParty:1030 - CMSIS Pack Vendor :STMicroelectronics X-CUBE-AZRTOS-G4 2.0.0
2024-10-01 12:16:34,411 [INFO] ThirdParty:1030 - CMSIS Pack Vendor :STMicroelectronics PDM2PCM 3.1.0
2024-10-01 12:16:34,411 [INFO] ThirdParty:1030 - CMSIS Pack Vendor :STMicroelectronics PDM2PCM 3.3.0
2024-10-01 12:16:34,411 [INFO] ThirdParty:1030 - CMSIS Pack Vendor :STMicroelectronics X-CUBE-DISPLAY 3.0.0
2024-10-01 12:16:34,411 [INFO] ThirdParty:1030 - CMSIS Pack Vendor :RealThread X-CUBE-RT-Thread_Nano 4.1.1
2024-10-01 12:16:34,411 [INFO] ThirdParty:1030 - CMSIS Pack Vendor :wolfSSL I-CUBE-wolfSSL 5.7.0
2024-10-01 12:16:34,411 [INFO] ThirdParty:1030 - CMSIS Pack Vendor :STMicroelectronics FP-SNS-MOTENVWB1 1.3.1
2024-10-01 12:16:34,411 [INFO] ThirdParty:1030 - CMSIS Pack Vendor :STMicroelectronics X-CUBE-BLE1 7.0.0
2024-10-01 12:16:34,411 [INFO] ThirdParty:1030 - CMSIS Pack Vendor :STMicroelectronics FP-ATR-SIGFOX1 3.2.0
2024-10-01 12:16:34,411 [INFO] ThirdParty:1030 - CMSIS Pack Vendor :STMicroelectronics X-CUBE-NFC10 1.0.0
2024-10-01 12:16:34,411 [INFO] ThirdParty:1030 - CMSIS Pack Vendor :STMicroelectronics X-CUBE-ISPU 2.0.0
2024-10-01 12:16:34,411 [INFO] ThirdParty:1030 - CMSIS Pack Vendor :STMicroelectronics X-CUBE-EEPRMA1 5.1.0
2024-10-01 12:16:34,411 [INFO] ThirdParty:1030 - CMSIS Pack Vendor :STMicroelectronics HAL Drivers 0.0.0
2024-10-01 12:16:34,411 [INFO] ThirdParty:1030 - CMSIS Pack Vendor :STMicroelectronics MBEDTLS 2.16.2
2024-10-01 12:16:34,411 [INFO] ThirdParty:1030 - CMSIS Pack Vendor :STMicroelectronics X-CUBE-ALS 1.0.2
2024-10-01 12:16:34,411 [INFO] ThirdParty:1030 - CMSIS Pack Vendor :emotas I-CUBE-CANOPEN 1.3.0
2024-10-01 12:16:34,411 [INFO] ThirdParty:1030 - CMSIS Pack Vendor :STMicroelectronics X-CUBE-MEMS1 10.0.0
2024-10-01 12:16:34,412 [INFO] ThirdParty:1030 - CMSIS Pack Vendor :STMicroelectronics X-CUBE-FREERTOS 1.1.0
2024-10-01 12:16:34,412 [INFO] ThirdParty:1030 - CMSIS Pack Vendor :STMicroelectronics X-CUBE-NFC7 1.0.1
2024-10-01 12:16:34,412 [INFO] ThirdParty:1030 - CMSIS Pack Vendor :STMicroelectronics MBEDTLS 2.14.1
2024-10-01 12:16:34,412 [INFO] ThirdParty:1030 - CMSIS Pack Vendor :STMicroelectronics X-CUBE-TOUCHGFX 4.24.0
2024-10-01 12:16:34,412 [INFO] ThirdParty:1030 - CMSIS Pack Vendor :ITTIA_DB I-CUBE-ITTIADB 8.9.0
2024-10-01 12:16:34,413 [INFO] ThirdParty:1030 - CMSIS Pack Vendor :wolfSSL I-CUBE-wolfTPM 3.2.0
2024-10-01 12:16:34,413 [INFO] ThirdParty:1030 - CMSIS Pack Vendor :STMicroelectronics X-CUBE-TOUCHGFX 4.24.1
2024-10-01 12:16:34,413 [INFO] ThirdParty:1030 - CMSIS Pack Vendor :portGmbH I-Cube-SoM-uGOAL 1.1.0
2024-10-01 12:16:34,413 [INFO] ThirdParty:1030 - CMSIS Pack Vendor :STMicroelectronics X-CUBE-ALS 1.0.1
2024-10-01 12:16:34,413 [INFO] ThirdParty:1030 - CMSIS Pack Vendor :STMicroelectronics X-CUBE-BLEMGR 3.1.0
2024-10-01 12:16:34,413 [INFO] ThirdParty:1030 - CMSIS Pack Vendor :STMicroelectronics ThreadX 1.0.0
2024-10-01 12:16:34,413 [INFO] ThirdParty:1030 - CMSIS Pack Vendor :STMicroelectronics FP-SNS-SMARTAG2 1.2.0
2024-10-01 12:16:34,413 [INFO] ThirdParty:1030 - CMSIS Pack Vendor :STMicroelectronics X-CUBE-AZRTOS-WL 2.0.0
2024-10-01 12:16:34,413 [INFO] ThirdParty:1030 - CMSIS Pack Vendor :SEGGER I-CUBE-embOS 1.3.1
2024-10-01 12:16:34,413 [INFO] ThirdParty:1030 - CMSIS Pack Vendor :STMicroelectronics X-CUBE-ALGOBUILD 1.4.0
2024-10-01 12:16:34,413 [INFO] ThirdParty:1030 - CMSIS Pack Vendor :STMicroelectronics FP-SNS-MOTENV1 5.0.0
2024-10-01 12:16:34,413 [INFO] ThirdParty:1030 - CMSIS Pack Vendor :STMicroelectronics USB_DEVICE 1.0.0
2024-10-01 12:16:34,413 [INFO] ThirdParty:1030 - CMSIS Pack Vendor :STMicroelectronics X-CUBE-AI 8.1.0
2024-10-01 12:16:34,413 [INFO] ThirdParty:1030 - CMSIS Pack Vendor :STMicroelectronics X-CUBE-AZRTOS-H7RS 1.0.0
2024-10-01 12:16:34,413 [INFO] ThirdParty:1030 - CMSIS Pack Vendor :wolfSSL I-CUBE-wolfMQTT 1.19.0
2024-10-01 12:16:34,414 [INFO] ThirdParty:1030 - CMSIS Pack Vendor :STMicroelectronics X-CUBE-AZRTOS-L4 2.0.0
2024-10-01 12:16:34,414 [INFO] ThirdParty:1030 - CMSIS Pack Vendor :STMicroelectronics ThreadX 0.0.2
2024-10-01 12:16:34,414 [INFO] ThirdParty:1030 - CMSIS Pack Vendor :WES I-CUBE-Cesium 1.3.0
2024-10-01 12:16:34,414 [INFO] ThirdParty:1030 - CMSIS Pack Vendor :STMicroelectronics FP-ATR-ASTRA1 2.0.0
2024-10-01 12:16:34,414 [INFO] ThirdParty:1030 - CMSIS Pack Vendor :STMicroelectronics lwIP 2.1.2
2024-10-01 12:16:34,414 [INFO] ThirdParty:1030 - CMSIS Pack Vendor :STMicroelectronics X-CUBE-SFXS2LP1 4.0.0
2024-10-01 12:16:34,414 [INFO] ThirdParty:1030 - CMSIS Pack Vendor :STMicroelectronics X-CUBE-BLE2 3.3.0
2024-10-01 12:16:34,414 [INFO] ThirdParty:1030 - CMSIS Pack Vendor :STMicroelectronics X-CUBE-TOF1 3.4.2
2024-10-01 12:16:34,414 [INFO] ThirdParty:1030 - CMSIS Pack Vendor :STMicroelectronics X-CUBE-TOF1 3.4.1
2024-10-01 12:16:34,414 [INFO] ThirdParty:1030 - CMSIS Pack Vendor :STMicroelectronics X-CUBE-AZRTOS-H7 3.2.0
2024-10-01 12:16:34,414 [INFO] ThirdParty:1030 - CMSIS Pack Vendor :Infineon AIROC-Wi-Fi-Bluetooth-STM32 1.6.0
2024-10-01 12:16:34,414 [INFO] ThirdParty:1030 - CMSIS Pack Vendor :STMicroelectronics PDM2PCM 3.2.0
2024-10-01 12:16:34,414 [INFO] ThirdParty:1030 - CMSIS Pack Vendor :wolfSSL I-CUBE-wolfSSH 1.4.17
2024-10-01 12:16:34,414 [INFO] ThirdParty:841 - exiting critical section [change project]
2024-10-01 12:16:35,052 [INFO] PinOutPanel:1561 - setPackage(No Configuration,No Configuration)
2024-10-01 12:16:35,053 [INFO] PinOutPanel:1561 - setPackage(STM32F446RETx,LQFP64)
2024-10-01 12:16:35,455 [INFO] UtilMem:75 - Before build in PCC Used Memory: 759105832 Bytes (1029701632)
2024-10-01 12:16:36,707 [INFO] UtilMem:75 - After build in PCC Used Memory: 694067712 Bytes (1029701632)
2024-10-01 12:16:36,740 [INFO] IPUIPlugin:80 - create IPUIPlugin
2024-10-01 12:16:36,740 [INFO] IPUIPlugin:80 - create IPUIPlugin
2024-10-01 12:16:36,740 [INFO] IPUIPlugin:80 - create IPUIPlugin
2024-10-01 12:16:36,740 [INFO] IPUIPlugin:80 - create IPUIPlugin
2024-10-01 12:16:36,740 [INFO] IPUIPlugin:80 - create IPUIPlugin
2024-10-01 12:16:36,741 [INFO] IPUIPlugin:80 - create IPUIPlugin
2024-10-01 12:16:36,741 [INFO] IPUIPlugin:80 - create IPUIPlugin
2024-10-01 12:16:36,741 [INFO] IPUIPlugin:80 - create IPUIPlugin
2024-10-01 12:16:36,741 [INFO] IPUIPlugin:80 - create IPUIPlugin
2024-10-01 12:16:36,741 [INFO] IPUIPlugin:80 - create IPUIPlugin
2024-10-01 12:16:36,741 [INFO] IPUIPlugin:80 - create IPUIPlugin
2024-10-01 12:16:36,741 [INFO] IPUIPlugin:80 - create IPUIPlugin
2024-10-01 12:16:36,741 [INFO] IPUIPlugin:80 - create IPUIPlugin
2024-10-01 12:16:36,741 [INFO] IPUIPlugin:80 - create IPUIPlugin
2024-10-01 12:16:36,741 [INFO] IPUIPlugin:80 - create IPUIPlugin
2024-10-01 12:16:36,741 [INFO] IPUIPlugin:80 - create IPUIPlugin
2024-10-01 12:16:36,741 [INFO] IPUIPlugin:80 - create IPUIPlugin
2024-10-01 12:16:36,741 [INFO] IPUIPlugin:80 - create IPUIPlugin
2024-10-01 12:16:36,741 [INFO] IPUIPlugin:80 - create IPUIPlugin
2024-10-01 12:16:36,742 [INFO] IPUIPlugin:80 - create IPUIPlugin
2024-10-01 12:16:36,742 [INFO] IPUIPlugin:80 - create IPUIPlugin
2024-10-01 12:16:36,742 [INFO] IPUIPlugin:80 - create IPUIPlugin
2024-10-01 12:16:36,742 [INFO] IPUIPlugin:80 - create IPUIPlugin
2024-10-01 12:16:36,742 [INFO] IPUIPlugin:80 - create IPUIPlugin
2024-10-01 12:16:36,742 [INFO] IPUIPlugin:80 - create IPUIPlugin
2024-10-01 12:16:36,742 [INFO] IPUIPlugin:80 - create IPUIPlugin
2024-10-01 12:16:36,742 [INFO] IPUIPlugin:80 - create IPUIPlugin
2024-10-01 12:16:36,742 [INFO] IPUIPlugin:80 - create IPUIPlugin
2024-10-01 12:16:36,743 [INFO] IPUIPlugin:80 - create IPUIPlugin
2024-10-01 12:16:36,743 [INFO] IPUIPlugin:80 - create IPUIPlugin
2024-10-01 12:16:36,743 [INFO] IPUIPlugin:80 - create IPUIPlugin
2024-10-01 12:16:36,743 [INFO] IPUIPlugin:80 - create IPUIPlugin
2024-10-01 12:16:36,743 [INFO] IPUIPlugin:80 - create IPUIPlugin
2024-10-01 12:16:36,743 [INFO] IPUIPlugin:80 - create IPUIPlugin
2024-10-01 12:16:36,743 [INFO] IPUIPlugin:80 - create IPUIPlugin
2024-10-01 12:16:36,743 [INFO] IPUIPlugin:80 - create IPUIPlugin
2024-10-01 12:16:36,744 [INFO] IPUIPlugin:80 - create IPUIPlugin
2024-10-01 12:16:36,744 [INFO] IPUIPlugin:80 - create IPUIPlugin
2024-10-01 12:16:36,744 [INFO] IPUIPlugin:80 - create IPUIPlugin
2024-10-01 12:16:36,744 [INFO] IPUIPlugin:80 - create IPUIPlugin
2024-10-01 12:16:36,744 [INFO] IPUIPlugin:80 - create IPUIPlugin
2024-10-01 12:16:36,744 [INFO] IPUIPlugin:80 - create IPUIPlugin
2024-10-01 12:16:36,744 [INFO] IPUIPlugin:80 - create IPUIPlugin
2024-10-01 12:16:36,744 [INFO] IPUIPlugin:80 - create IPUIPlugin
2024-10-01 12:16:36,745 [INFO] IPUIPlugin:80 - create IPUIPlugin
2024-10-01 12:16:36,745 [INFO] IPUIPlugin:80 - create IPUIPlugin
2024-10-01 12:16:36,745 [INFO] IPUIPlugin:80 - create IPUIPlugin
2024-10-01 12:16:36,745 [INFO] IPUIPlugin:80 - create IPUIPlugin
2024-10-01 12:16:36,745 [INFO] IPUIPlugin:80 - create IPUIPlugin
2024-10-01 12:16:36,745 [INFO] IPUIPlugin:80 - create IPUIPlugin
2024-10-01 12:16:36,746 [INFO] IPUIPlugin:80 - create IPUIPlugin
2024-10-01 12:16:36,746 [INFO] IPUIPlugin:80 - create IPUIPlugin
2024-10-01 12:16:36,746 [INFO] IPUIPlugin:80 - create IPUIPlugin
2024-10-01 12:16:36,746 [INFO] IPUIPlugin:80 - create IPUIPlugin
2024-10-01 12:16:36,746 [INFO] IPUIPlugin:80 - create IPUIPlugin
2024-10-01 12:16:36,747 [INFO] IPUIPlugin:80 - create IPUIPlugin
2024-10-01 12:16:36,747 [INFO] IPUIPlugin:80 - create IPUIPlugin
2024-10-01 12:16:36,748 [INFO] IPUIPlugin:80 - create IPUIPlugin
2024-10-01 12:16:36,748 [INFO] IPUIPlugin:80 - create IPUIPlugin
2024-10-01 12:16:36,748 [INFO] IPUIPlugin:80 - create IPUIPlugin
2024-10-01 12:16:36,956 [INFO] ApiDbMcu:508 - Load IP Config File for PDM2PCM
2024-10-01 12:16:36,973 [INFO] Can:71 - Can Add PropertyChangeListener com.st.microxplorer.plugins.ip.can.Can@270e2f89
2024-10-01 12:16:37,347 [INFO] CADModel:165 - CPN selected for project levelSTM32F446RET6
2024-10-01 12:16:37,347 [INFO] CADModel:114 - Register for checkConnection events
2024-10-01 12:16:37,422 [INFO] OpenFileManager:343 - Restore cursor
2024-10-01 12:48:24,696 [ERROR] LogOutputStream:75 - [STDERR_REDIRECT] 
2024-10-01 16:55:17,204 [INFO] Activator:176 - 


2024-10-01 16:55:17,205 [INFO] Activator:177 - !SESSION log4j initialized
2024-10-01 16:55:20,491 [INFO] LogOutputStream:77 - [STDOUT_REDIRECT] 
2024-10-01 16:55:22,167 [INFO] ApplicationProperties:184 - Using Application install path: C:\ST\STM32CubeIDE_1.15.0\STM32CubeIDE\plugins\com.st.stm32cube.common.mx_6.11.1.202404110753
2024-10-01 16:55:22,176 [INFO] DbMcusXml:78 - Set database path to: C:\ST\STM32CubeIDE_1.15.0\STM32CubeIDE\plugins\com.st.stm32cube.common.mx_6.11.1.202404110753\\db\/mcu/
2024-10-01 16:55:22,177 [INFO] ApiDb:274 - Set plugin database path to: C:\ST\STM32CubeIDE_1.15.0\STM32CubeIDE\plugins\com.st.stm32cube.common.mx_6.11.1.202404110753\\db\/plugins/boardmanager/
2024-10-01 16:55:22,177 [WARN] ApiDb:259 - Overriding images path with different value:  => C:\ST\STM32CubeIDE_1.15.0\STM32CubeIDE\plugins\com.st.stm32cube.common.mx_6.11.1.202404110753\\db\/plugins/mcufinder/images/
2024-10-01 16:55:22,183 [INFO] ApiDb:250 - Set database path to: C:\Users\nicola.reat\.stmcufinder\plugins\mcufinder//mcu/
2024-10-01 16:55:22,184 [INFO] DbMcusAds:125 - Set database path to: C:\Users\nicola.reat\.stmcufinder\plugins\mcufinder//mcu/
2024-10-01 16:55:22,185 [INFO] CrossReferenceDbSqlite:203 - Set database path to: C:\Users\nicola.reat\.stmcufinder\plugins\mcufinder//mcu/cs/
2024-10-01 16:55:22,255 [INFO] RulesReader:64 - Compatibility file has been processed (297 Rules)
2024-10-01 16:55:22,595 [INFO] DbMcusXml:78 - Set database path to: C:\ST\STM32CubeIDE_1.15.0\STM32CubeIDE\plugins\com.st.stm32cube.common.mx_6.11.1.202404110753\\db\/mcu/
2024-10-01 16:55:22,595 [INFO] ApiDb:274 - Set plugin database path to: C:\ST\STM32CubeIDE_1.15.0\STM32CubeIDE\plugins\com.st.stm32cube.common.mx_6.11.1.202404110753\\db\/plugins/boardmanager/
2024-10-01 16:55:22,595 [INFO] ApiDb:261 - Set plugin images path to: C:\ST\STM32CubeIDE_1.15.0\STM32CubeIDE\plugins\com.st.stm32cube.common.mx_6.11.1.202404110753\\db\/plugins/mcufinder/images/
2024-10-01 16:55:22,595 [WARN] DbFile:41 - Overriding database path with different value: C:\Users\nicola.reat\.stmcufinder\plugins\mcufinder/ => C:\Users\nicola.reat\.stmcufinder\plugins\mcufinder
2024-10-01 16:55:22,595 [INFO] ApiDb:250 - Set database path to: C:\Users\nicola.reat\.stmcufinder\plugins\mcufinder//mcu/
2024-10-01 16:55:22,596 [WARN] DbFile:41 - Overriding database path with different value: C:\Users\nicola.reat\.stmcufinder\plugins\mcufinder/ => C:\Users\nicola.reat\.stmcufinder\plugins\mcufinder
2024-10-01 16:55:22,596 [INFO] DbMcusAds:125 - Set database path to: C:\Users\nicola.reat\.stmcufinder\plugins\mcufinder//mcu/
2024-10-01 16:55:22,596 [WARN] DbFile:41 - Overriding database path with different value: C:\Users\nicola.reat\.stmcufinder\plugins\mcufinder/ => C:\Users\nicola.reat\.stmcufinder\plugins\mcufinder
2024-10-01 16:55:22,596 [WARN] DbFile:41 - Overriding database path with different value: C:\Users\nicola.reat\.stmcufinder\plugins\mcufinder/ => C:\Users\nicola.reat\.stmcufinder\plugins\mcufinder
2024-10-01 16:55:22,596 [INFO] CrossReferenceDbSqlite:203 - Set database path to: C:\Users\nicola.reat\.stmcufinder\plugins\mcufinder//mcu/cs/
2024-10-01 16:55:22,758 [INFO] MainPanel:264 - HeapMemory: 268435456
2024-10-01 16:55:22,797 [INFO] DbMcusXml:78 - Set database path to: C:\ST\STM32CubeIDE_1.15.0\STM32CubeIDE\plugins\com.st.stm32cube.common.mx_6.11.1.202404110753\\db\/mcu/
2024-10-01 16:55:22,797 [INFO] ApiDb:274 - Set plugin database path to: C:\ST\STM32CubeIDE_1.15.0\STM32CubeIDE\plugins\com.st.stm32cube.common.mx_6.11.1.202404110753\\db\/plugins/boardmanager/
2024-10-01 16:55:22,797 [INFO] ApiDb:261 - Set plugin images path to: C:\ST\STM32CubeIDE_1.15.0\STM32CubeIDE\plugins\com.st.stm32cube.common.mx_6.11.1.202404110753\\db\/plugins/mcufinder/images/
2024-10-01 16:55:22,797 [WARN] DbFile:41 - Overriding database path with different value: C:\Users\nicola.reat\.stmcufinder\plugins\mcufinder/ => C:\Users\nicola.reat\.stmcufinder\plugins\mcufinder
2024-10-01 16:55:22,797 [INFO] ApiDb:250 - Set database path to: C:\Users\nicola.reat\.stmcufinder\plugins\mcufinder//mcu/
2024-10-01 16:55:22,798 [WARN] DbFile:41 - Overriding database path with different value: C:\Users\nicola.reat\.stmcufinder\plugins\mcufinder/ => C:\Users\nicola.reat\.stmcufinder\plugins\mcufinder
2024-10-01 16:55:22,798 [INFO] DbMcusAds:125 - Set database path to: C:\Users\nicola.reat\.stmcufinder\plugins\mcufinder//mcu/
2024-10-01 16:55:22,798 [WARN] DbFile:41 - Overriding database path with different value: C:\Users\nicola.reat\.stmcufinder\plugins\mcufinder/ => C:\Users\nicola.reat\.stmcufinder\plugins\mcufinder
2024-10-01 16:55:22,798 [WARN] DbFile:41 - Overriding database path with different value: C:\Users\nicola.reat\.stmcufinder\plugins\mcufinder/ => C:\Users\nicola.reat\.stmcufinder\plugins\mcufinder
2024-10-01 16:55:22,798 [INFO] CrossReferenceDbSqlite:203 - Set database path to: C:\Users\nicola.reat\.stmcufinder\plugins\mcufinder//mcu/cs/
2024-10-01 16:55:22,836 [INFO] ApplicationProperties:184 - Using Application install path: C:\ST\STM32CubeIDE_1.15.0\STM32CubeIDE\plugins\com.st.stm32cube.common.mx_6.11.1.202404110753
2024-10-01 16:55:22,837 [INFO] PluginManage:196 - Search for loadable plugins [exclusion list=, ]
2024-10-01 16:55:22,838 [INFO] PluginManage:310 - Check plugin analytics
2024-10-01 16:55:22,952 [INFO] AnalyticsPlugin:253 - Accepted Software Licenses: STM32CubeMX.6.11.1
2024-10-01 16:55:22,953 [INFO] AnalyticsPlugin:255 - Accepted CMSIS Pack Licenses: 
2024-10-01 16:55:22,953 [INFO] AnalyticsPlugin:257 - Accepted Firmware Licenses: FW.G0.1.6.0,FW.F4.1.28.0
2024-10-01 16:55:22,955 [INFO] PluginManage:359 - Loaded plugin analytics (category:tool,tabindex:-1)
2024-10-01 16:55:22,955 [INFO] PluginManage:310 - Check plugin cadmodel
2024-10-01 16:55:23,011 [INFO] CADModel:105 - Init CAD model plugin
2024-10-01 16:55:23,012 [INFO] PluginManage:359 - Loaded plugin cadmodel (category:power,tabindex:5)
2024-10-01 16:55:23,012 [INFO] PluginManage:310 - Check plugin clock
2024-10-01 16:55:23,026 [INFO] PluginManage:359 - Loaded plugin clock (category:base,tabindex:2)
2024-10-01 16:55:23,026 [INFO] PluginManage:310 - Check plugin ddr
2024-10-01 16:55:23,027 [INFO] PluginManage:359 - Loaded plugin ddr (category:tool,tabindex:6)
2024-10-01 16:55:23,027 [INFO] PluginManage:310 - Check plugin filemanager
2024-10-01 16:55:23,125 [INFO] PluginManage:359 - Loaded plugin filemanager (category:base,tabindex:10)
2024-10-01 16:55:23,125 [INFO] PluginManage:310 - Check plugin ipmanager
2024-10-01 16:55:23,157 [INFO] PluginManage:359 - Loaded plugin ipmanager (category:base,tabindex:5)
2024-10-01 16:55:23,157 [INFO] PluginManage:310 - Check plugin lpbam
2024-10-01 16:55:23,172 [INFO] PluginManage:359 - Loaded plugin lpbam (category:base,tabindex:0)
2024-10-01 16:55:23,172 [INFO] PluginManage:310 - Check plugin memorymap
2024-10-01 16:55:23,187 [INFO] PluginManage:359 - Loaded plugin memorymap (category:base,tabindex:4)
2024-10-01 16:55:23,187 [INFO] PluginManage:310 - Check plugin pinoutandconfiguration
2024-10-01 16:55:23,199 [INFO] PluginManage:359 - Loaded plugin pinoutandconfiguration (category:base,tabindex:1)
2024-10-01 16:55:23,199 [INFO] PluginManage:310 - Check plugin pinoutconfig
2024-10-01 16:55:23,278 [WARN] SupportedApi:132 - Cannot load RTOS API schema: s4s-elt-must-match.1: The content of 'definitions' must match (annotation?, (simpleType | complexType)?, (unique | key | keyref)*)). A problem was found starting at: attribute.
2024-10-01 16:55:23,351 [INFO] PluginManage:359 - Loaded plugin pinoutconfig (category:base,tabindex:0)
2024-10-01 16:55:23,351 [INFO] PluginManage:310 - Check plugin power
2024-10-01 16:55:23,366 [INFO] PluginManage:359 - Loaded plugin power (category:power,tabindex:4)
2024-10-01 16:55:23,366 [INFO] PluginManage:310 - Check plugin projectmanager
2024-10-01 16:55:23,375 [INFO] PluginManage:359 - Loaded plugin projectmanager (category:projectmanager,tabindex:3)
2024-10-01 16:55:23,375 [INFO] PluginManage:310 - Check plugin thirdparty
2024-10-01 16:55:23,515 [WARN] IntegrityCheckThread:84 - waiting for thirdparty lock release [integrity check]
2024-10-01 16:55:23,515 [INFO] IntegrityCheckThread:86 - entering critical section [integrity check]
2024-10-01 16:55:23,515 [INFO] PluginManage:359 - Loaded plugin thirdparty (category:base,tabindex:-1)
2024-10-01 16:55:23,517 [INFO] PluginManage:310 - Check plugin tools
2024-10-01 16:55:23,517 [INFO] ThirdPartyUpdaterWithRetryManager:70 - Updater plugin not ready yet. [1/15]
2024-10-01 16:55:23,526 [INFO] PluginManage:359 - Loaded plugin tools (category:base,tabindex:7)
2024-10-01 16:55:23,526 [INFO] PluginManage:310 - Check plugin tutovideos
2024-10-01 16:55:23,642 [INFO] PluginManage:359 - Loaded plugin tutovideos (category:base,tabindex:-1)
2024-10-01 16:55:23,642 [INFO] PluginManage:310 - Check plugin updater
2024-10-01 16:55:23,654 [INFO] PluginManage:359 - Loaded plugin updater (category:base,tabindex:12)
2024-10-01 16:55:23,654 [INFO] PluginManage:310 - Check plugin userauth
2024-10-01 16:55:23,658 [INFO] UserAuth:114 - Init User Auth plugin
2024-10-01 16:55:23,658 [INFO] PluginManage:359 - Loaded plugin userauth (category:base,tabindex:14)
2024-10-01 16:55:23,658 [INFO] PluginManage:283 - PluginManage : Loaded plugins [17]
2024-10-01 16:55:24,214 [INFO] PinOutPanel:1561 - setPackage(No Configuration,No Configuration)
2024-10-01 16:55:24,582 [INFO] CADModel:165 - CPN selected for project level
2024-10-01 16:55:24,583 [INFO] CADModel:114 - Register for checkConnection events
2024-10-01 16:55:24,605 [INFO] IPUIPlugin:80 - create IPUIPlugin
2024-10-01 16:55:24,605 [INFO] PluginManager:220 - loadIPPluginJar : add adc
2024-10-01 16:55:24,616 [INFO] IPUIPlugin:80 - create IPUIPlugin
2024-10-01 16:55:24,616 [INFO] PluginManager:220 - loadIPPluginJar : add aes
2024-10-01 16:55:24,626 [INFO] IPUIPlugin:80 - create IPUIPlugin
2024-10-01 16:55:24,626 [INFO] PluginManager:220 - loadIPPluginJar : add can
2024-10-01 16:55:24,634 [INFO] IPUIPlugin:80 - create IPUIPlugin
2024-10-01 16:55:24,634 [INFO] PluginManager:220 - loadIPPluginJar : add comp
2024-10-01 16:55:24,642 [INFO] IPUIPlugin:80 - create IPUIPlugin
2024-10-01 16:55:24,642 [INFO] PluginManager:220 - loadIPPluginJar : add cryp
2024-10-01 16:55:24,651 [INFO] IPUIPlugin:80 - create IPUIPlugin
2024-10-01 16:55:24,651 [INFO] PluginManager:220 - loadIPPluginJar : add dfsdm
2024-10-01 16:55:24,664 [INFO] IPUIPlugin:80 - create IPUIPlugin
2024-10-01 16:55:24,664 [INFO] PluginManager:220 - loadIPPluginJar : add dma
2024-10-01 16:55:24,675 [INFO] IPUIPlugin:80 - create IPUIPlugin
2024-10-01 16:55:24,675 [INFO] PluginManager:220 - loadIPPluginJar : add dma3
2024-10-01 16:55:24,685 [INFO] IPUIPlugin:80 - create IPUIPlugin
2024-10-01 16:55:24,685 [INFO] PluginManager:220 - loadIPPluginJar : add extmemmanager
2024-10-01 16:55:24,691 [INFO] IPUIPlugin:80 - create IPUIPlugin
2024-10-01 16:55:24,691 [INFO] PluginManager:220 - loadIPPluginJar : add fatfs
2024-10-01 16:55:24,703 [INFO] IPUIPlugin:80 - create IPUIPlugin
2024-10-01 16:55:24,704 [INFO] PluginManager:220 - loadIPPluginJar : add fmc
2024-10-01 16:55:24,717 [INFO] IPUIPlugin:80 - create IPUIPlugin
2024-10-01 16:55:24,717 [INFO] PluginManager:220 - loadIPPluginJar : add freertos
2024-10-01 16:55:24,726 [INFO] IPUIPlugin:80 - create IPUIPlugin
2024-10-01 16:55:24,727 [INFO] PluginManager:220 - loadIPPluginJar : add genericplugin
2024-10-01 16:55:24,740 [INFO] IPUIPlugin:80 - create IPUIPlugin
2024-10-01 16:55:24,740 [INFO] PluginManager:220 - loadIPPluginJar : add gfxmmu
2024-10-01 16:55:24,753 [INFO] IPUIPlugin:80 - create IPUIPlugin
2024-10-01 16:55:24,753 [INFO] PluginManager:220 - loadIPPluginJar : add gic
2024-10-01 16:55:24,765 [INFO] IPUIPlugin:80 - create IPUIPlugin
2024-10-01 16:55:24,765 [INFO] PluginManager:220 - loadIPPluginJar : add gpio
2024-10-01 16:55:24,779 [INFO] IPUIPlugin:80 - create IPUIPlugin
2024-10-01 16:55:24,779 [INFO] PluginManager:220 - loadIPPluginJar : add gtzc
2024-10-01 16:55:24,787 [INFO] IPUIPlugin:80 - create IPUIPlugin
2024-10-01 16:55:24,788 [INFO] PluginManager:220 - loadIPPluginJar : add hash
2024-10-01 16:55:24,799 [INFO] IPUIPlugin:80 - create IPUIPlugin
2024-10-01 16:55:24,799 [INFO] PluginManager:220 - loadIPPluginJar : add i2c
2024-10-01 16:55:24,808 [INFO] IPUIPlugin:80 - create IPUIPlugin
2024-10-01 16:55:24,808 [INFO] PluginManager:220 - loadIPPluginJar : add i2s
2024-10-01 16:55:24,819 [INFO] IPUIPlugin:80 - create IPUIPlugin
2024-10-01 16:55:24,819 [INFO] PluginManager:220 - loadIPPluginJar : add i3c
2024-10-01 16:55:24,832 [INFO] IPUIPlugin:80 - create IPUIPlugin
2024-10-01 16:55:24,833 [INFO] PluginManager:220 - loadIPPluginJar : add ipddr
2024-10-01 16:55:24,846 [INFO] IPUIPlugin:80 - create IPUIPlugin
2024-10-01 16:55:24,847 [INFO] PluginManager:220 - loadIPPluginJar : add linkedlist
2024-10-01 16:55:24,856 [INFO] IPUIPlugin:80 - create IPUIPlugin
2024-10-01 16:55:24,856 [INFO] PluginManager:220 - loadIPPluginJar : add lorawan
2024-10-01 16:55:24,864 [INFO] IPUIPlugin:80 - create IPUIPlugin
2024-10-01 16:55:24,864 [INFO] PluginManager:220 - loadIPPluginJar : add ltdc
2024-10-01 16:55:24,877 [INFO] IPUIPlugin:80 - create IPUIPlugin
2024-10-01 16:55:24,877 [INFO] PluginManager:220 - loadIPPluginJar : add mdma
2024-10-01 16:55:24,887 [INFO] IPUIPlugin:80 - create IPUIPlugin
2024-10-01 16:55:24,887 [INFO] PluginManager:220 - loadIPPluginJar : add nvic
2024-10-01 16:55:24,896 [INFO] IPUIPlugin:80 - create IPUIPlugin
2024-10-01 16:55:24,896 [INFO] PluginManager:220 - loadIPPluginJar : add opamp
2024-10-01 16:55:24,908 [INFO] IPUIPlugin:80 - create IPUIPlugin
2024-10-01 16:55:24,908 [INFO] PluginManager:220 - loadIPPluginJar : add openamp
2024-10-01 16:55:24,918 [INFO] IPUIPlugin:80 - create IPUIPlugin
2024-10-01 16:55:24,918 [INFO] PluginManager:220 - loadIPPluginJar : add pdm2pcm
2024-10-01 16:55:24,930 [INFO] IPUIPlugin:80 - create IPUIPlugin
2024-10-01 16:55:24,931 [INFO] PluginManager:220 - loadIPPluginJar : add plateformsettings
2024-10-01 16:55:24,938 [INFO] IPUIPlugin:80 - create IPUIPlugin
2024-10-01 16:55:24,938 [INFO] PluginManager:220 - loadIPPluginJar : add quadspi
2024-10-01 16:55:24,949 [INFO] IPUIPlugin:80 - create IPUIPlugin
2024-10-01 16:55:24,949 [INFO] PluginManager:220 - loadIPPluginJar : add resmgrutility
2024-10-01 16:55:24,959 [INFO] IPUIPlugin:80 - create IPUIPlugin
2024-10-01 16:55:24,959 [INFO] PluginManager:220 - loadIPPluginJar : add sai
2024-10-01 16:55:24,968 [INFO] IPUIPlugin:80 - create IPUIPlugin
2024-10-01 16:55:24,968 [INFO] PluginManager:220 - loadIPPluginJar : add spi
2024-10-01 16:55:24,982 [INFO] IPUIPlugin:80 - create IPUIPlugin
2024-10-01 16:55:24,982 [INFO] PluginManager:220 - loadIPPluginJar : add stm32_wpan
2024-10-01 16:55:24,989 [INFO] IPUIPlugin:80 - create IPUIPlugin
2024-10-01 16:55:24,989 [INFO] PluginManager:220 - loadIPPluginJar : add tim
2024-10-01 16:55:25,001 [INFO] IPUIPlugin:80 - create IPUIPlugin
2024-10-01 16:55:25,001 [INFO] PluginManager:220 - loadIPPluginJar : add touchsensing
2024-10-01 16:55:25,008 [INFO] IPUIPlugin:80 - create IPUIPlugin
2024-10-01 16:55:25,008 [INFO] PluginManager:220 - loadIPPluginJar : add tracer_emb
2024-10-01 16:55:25,016 [INFO] IPUIPlugin:80 - create IPUIPlugin
2024-10-01 16:55:25,016 [INFO] PluginManager:220 - loadIPPluginJar : add ts
2024-10-01 16:55:25,024 [INFO] IPUIPlugin:80 - create IPUIPlugin
2024-10-01 16:55:25,024 [INFO] PluginManager:220 - loadIPPluginJar : add tsc
2024-10-01 16:55:25,032 [INFO] IPUIPlugin:80 - create IPUIPlugin
2024-10-01 16:55:25,032 [INFO] PluginManager:220 - loadIPPluginJar : add ucpd
2024-10-01 16:55:25,043 [INFO] IPUIPlugin:80 - create IPUIPlugin
2024-10-01 16:55:25,043 [INFO] PluginManager:220 - loadIPPluginJar : add usart
2024-10-01 16:55:25,054 [INFO] IPUIPlugin:80 - create IPUIPlugin
2024-10-01 16:55:25,054 [INFO] PluginManager:220 - loadIPPluginJar : add usbx
2024-10-01 16:55:25,322 [INFO] CADModel:165 - CPN selected for project level
2024-10-01 16:55:25,322 [INFO] CADModel:114 - Register for checkConnection events
2024-10-01 16:55:25,322 [FATAL] Updater:308 - Updater called before beeing initialized
2024-10-01 16:55:25,322 [ERROR] CADModel:125 - Updater not yet initialized, retry later 
2024-10-01 16:55:25,422 [INFO] CADModel:165 - CPN selected for project level
2024-10-01 16:55:25,422 [INFO] CADModel:114 - Register for checkConnection events
2024-10-01 16:55:25,422 [FATAL] Updater:308 - Updater called before beeing initialized
2024-10-01 16:55:25,422 [ERROR] CADModel:125 - Updater not yet initialized, retry later 
2024-10-01 16:55:25,424 [FATAL] Updater:308 - Updater called before beeing initialized
2024-10-01 16:55:25,794 [FATAL] Updater:308 - Updater called before beeing initialized
2024-10-01 16:55:25,800 [INFO] DbMcusAds:53 - JSON generation date=Fri Sep 20 15:04:23 CEST 2024 (1726837463113)
2024-10-01 16:55:25,800 [FATAL] Updater:308 - Updater called before beeing initialized
2024-10-01 16:55:25,871 [WARN] DetailPanel:346 - Failed to get advertising image, set to default
2024-10-01 16:55:26,056 [FATAL] Updater:308 - Updater called before beeing initialized
2024-10-01 16:55:26,057 [FATAL] Updater:308 - Updater called before beeing initialized
2024-10-01 16:55:26,057 [FATAL] Updater:308 - Updater called before beeing initialized
2024-10-01 16:55:26,057 [WARN] DetailPanel:346 - Failed to get advertising image, set to default
2024-10-01 16:55:26,057 [FATAL] Updater:308 - Updater called before beeing initialized
2024-10-01 16:55:26,156 [ERROR] Updater:1120 - MainUpdater not yet initialized. External WinMGr cannot be set.
2024-10-01 16:55:26,160 [INFO] Updater:1056 - Updater Version found : 6.11.1
2024-10-01 16:55:26,169 [INFO] ApplicationProperties:184 - Using Application install path: C:\ST\STM32CubeIDE_1.15.0\STM32CubeIDE\plugins\com.st.stm32cube.common.mx_6.11.1.202404110753
2024-10-01 16:55:26,475 [INFO] MainUpdater:2873 - connection check result : 10
2024-10-01 16:55:26,476 [INFO] MainUpdater:290 - Updater Check For Update Now.
2024-10-01 16:55:26,476 [INFO] MicroXplorer:498 - Change Database Version : DB.6.0.111
2024-10-01 16:55:26,485 [INFO] McuFinderGlobals:63 - Set McuFinder mode to 2 (CubeIDE integrated)
2024-10-01 16:55:26,487 [INFO] UserAuth:179 - activating auth plugin
2024-10-01 16:55:26,490 [INFO] UserAuth:415 - Internet connection configuration mode: 1
2024-10-01 16:55:26,517 [WARN] MainUpdater:1194 - Updater busy. Cannot search thirdparties
2024-10-01 16:55:26,517 [INFO] ThirdPartyUpdaterWithRetryManager:96 - Updater plugin is busy. [1/15]
2024-10-01 16:55:26,522 [INFO] JxBrowserEngine:152 - Initiate JxBrowser Engine with user profile folder
2024-10-01 16:55:26,663 [INFO] CheckServerUpdateThread:120 - End of CheckServer Thread
2024-10-01 16:55:27,938 [INFO] WebApp:161 - Instantiating new browser for Auth
2024-10-01 16:55:28,574 [INFO] WebApp:779 - Register for checkConnection events
2024-10-01 16:55:28,574 [INFO] WebApp:414 - Apply proxy settings
2024-10-01 16:55:28,575 [INFO] WebApp:499 - Chromium requires no authentication
2024-10-01 16:55:28,578 [INFO] WebApp:442 - Direct internet connection detected
2024-10-01 16:55:28,658 [INFO] WebApp:192 - Starting web application
2024-10-01 16:55:28,658 [INFO] WebApp:544 - Web application path used C:\ST\STM32CubeIDE_1.15.0\STM32CubeIDE\plugins\com.st.stm32cube.common.mx_6.11.1.202404110753\db\plugins\mcufinder\reactClient1\index.html
2024-10-01 16:55:29,936 [WARN] PackLoader:240 - Cannot read IP mode file for STMicroelectronics.FP-SNS-MOTENVWB1.1.4.0
2024-10-01 16:55:29,946 [WARN] PackLoader:240 - Cannot read IP mode file for STMicroelectronics.X-CUBE-SMBUS.2.1.0
2024-10-01 16:55:29,956 [WARN] PackLoader:240 - Cannot read IP mode file for STMicroelectronics.X-CUBE-TOUCHGFX.4.23.2
2024-10-01 16:55:29,978 [WARN] PackLoader:240 - Cannot read IP mode file for STMicroelectronics.X-CUBE-AZRTOS-F7.1.1.0
2024-10-01 16:55:30,038 [WARN] PackLoader:240 - Cannot read IP mode file for STMicroelectronics.X-CUBE-MEMS1.11.0.0
2024-10-01 16:55:30,143 [WARN] PackLoader:240 - Cannot read IP mode file for STMicroelectronics.FP-SNS-FLIGHT1.5.0.2
2024-10-01 16:55:30,160 [WARN] PackLoader:240 - Cannot read IP mode file for STMicroelectronics.X-CUBE-DISPLAY.3.0.0
2024-10-01 16:55:30,174 [WARN] PackLoader:240 - Cannot read IP mode file for STMicroelectronics.X-CUBE-BLE1.7.0.0
2024-10-01 16:55:30,185 [WARN] PackLoader:240 - Cannot read IP mode file for STMicroelectronics.X-CUBE-NFC10.1.0.0
2024-10-01 16:55:30,196 [WARN] PackLoader:240 - Cannot read IP mode file for emotas.I-CUBE-CANOPEN.1.3.0
2024-10-01 16:55:30,209 [WARN] PackLoader:240 - Cannot read IP mode file for STMicroelectronics.X-CUBE-BLEMGR.3.1.0
2024-10-01 16:55:30,222 [WARN] PackLoader:240 - Cannot read IP mode file for STMicroelectronics.FP-SNS-SMARTAG2.1.2.0
2024-10-01 16:55:30,239 [INFO] LogOutputStream:77 - [STDOUT_REDIRECT] 1 : Invalid condition id : UX_CORESTACK_Condition cause : null
2024-10-01 16:55:30,240 [INFO] LogOutputStream:77 - [STDOUT_REDIRECT] 1 : Invalid condition id : UX_CORESTACK_Condition cause : null
2024-10-01 16:55:30,241 [INFO] LogOutputStream:77 - [STDOUT_REDIRECT] 1 : Invalid condition id : UX_CORESTACK_Condition cause : null
2024-10-01 16:55:30,242 [INFO] LogOutputStream:77 - [STDOUT_REDIRECT] 1 : Invalid condition id : UX_CORESTACK_Condition cause : null
2024-10-01 16:55:30,244 [INFO] LogOutputStream:77 - [STDOUT_REDIRECT] 1 : Invalid condition id : UX_CORESTACK_Condition cause : null
2024-10-01 16:55:30,246 [WARN] PackLoader:240 - Cannot read IP mode file for STMicroelectronics.X-CUBE-AZRTOS-WL.2.0.0
2024-10-01 16:55:30,258 [WARN] PackLoader:240 - Cannot read IP mode file for STMicroelectronics.FP-SNS-MOTENV1.5.0.0
2024-10-01 16:55:30,269 [WARN] PackLoader:240 - Cannot read IP mode file for wolfSSL.I-CUBE-wolfMQTT.1.19.0
2024-10-01 16:55:30,284 [WARN] PackLoader:240 - Cannot read IP mode file for WES.I-CUBE-Cesium.1.3.0
2024-10-01 16:55:30,294 [WARN] PackLoader:240 - Cannot read IP mode file for STMicroelectronics.X-CUBE-BLE2.3.3.0
2024-10-01 16:55:30,305 [WARN] PackLoader:240 - Cannot read IP mode file for STMicroelectronics.X-CUBE-NFC9.1.0.0
2024-10-01 16:55:30,317 [WARN] PackLoader:240 - Cannot read IP mode file for STMicroelectronics.X-CUBE-TCPP.4.1.0
2024-10-01 16:55:30,328 [WARN] PackLoader:240 - Cannot read IP mode file for STMicroelectronics.X-CUBE-ALGOBUILD.1.3.0
2024-10-01 16:55:30,349 [WARN] PackLoader:240 - Cannot read IP mode file for STMicroelectronics.X-CUBE-AZRTOS-G0.1.1.0
2024-10-01 16:55:30,363 [WARN] PackLoader:240 - Cannot read IP mode file for STMicroelectronics.X-CUBE-SAFEA1.1.2.2
2024-10-01 16:55:30,376 [WARN] PackLoader:240 - Cannot read IP mode file for STMicroelectronics.X-CUBE-NFC4.3.0.0
2024-10-01 16:55:30,383 [WARN] PackLoader:240 - Cannot read IP mode file for wolfSSL.I-CUBE-wolfMQTT.1.18.0
2024-10-01 16:55:30,396 [WARN] PackLoader:240 - Cannot read IP mode file for EmbeddedOffice.I-CUBE-FS-RTOS.1.0.1
2024-10-01 16:55:30,396 [ERROR] ConditionMgr:805 - Attr not supported : Dmpu
2024-10-01 16:55:30,396 [ERROR] ConditionMgr:805 - Attr not supported : Dmpu
2024-10-01 16:55:30,397 [ERROR] ConditionMgr:805 - Attr not supported : Dmpu
2024-10-01 16:55:30,397 [ERROR] ConditionMgr:805 - Attr not supported : Dmpu
2024-10-01 16:55:30,397 [ERROR] ConditionMgr:805 - Attr not supported : Dmpu
2024-10-01 16:55:30,397 [ERROR] ConditionMgr:805 - Attr not supported : Dmpu
2024-10-01 16:55:30,397 [ERROR] ConditionMgr:805 - Attr not supported : Dmpu
2024-10-01 16:55:30,397 [ERROR] ConditionMgr:805 - Attr not supported : Dmpu
2024-10-01 16:55:30,397 [ERROR] ConditionMgr:805 - Attr not supported : Dmpu
2024-10-01 16:55:30,397 [ERROR] ConditionMgr:805 - Attr not supported : Dmpu
2024-10-01 16:55:30,397 [ERROR] ConditionMgr:805 - Attr not supported : Dmpu
2024-10-01 16:55:30,397 [ERROR] ConditionMgr:805 - Attr not supported : Dmpu
2024-10-01 16:55:30,397 [ERROR] ConditionMgr:805 - Attr not supported : Dmpu
2024-10-01 16:55:30,397 [ERROR] ConditionMgr:805 - Attr not supported : Dmpu
2024-10-01 16:55:30,397 [ERROR] ConditionMgr:805 - Attr not supported : Dmpu
2024-10-01 16:55:30,397 [ERROR] ConditionMgr:805 - Attr not supported : Dmpu
2024-10-01 16:55:30,397 [ERROR] ConditionMgr:805 - Attr not supported : Dmpu
2024-10-01 16:55:30,397 [ERROR] ConditionMgr:805 - Attr not supported : Dmpu
2024-10-01 16:55:30,397 [ERROR] ConditionMgr:805 - Attr not supported : Dmpu
2024-10-01 16:55:30,397 [ERROR] ConditionMgr:805 - Attr not supported : Dmpu
2024-10-01 16:55:30,397 [ERROR] ConditionMgr:805 - Attr not supported : Dmpu
2024-10-01 16:55:30,397 [ERROR] ConditionMgr:805 - Attr not supported : Dmpu
2024-10-01 16:55:30,397 [ERROR] ConditionMgr:805 - Attr not supported : Dmpu
2024-10-01 16:55:30,397 [ERROR] ConditionMgr:805 - Attr not supported : Dmpu
2024-10-01 16:55:30,397 [ERROR] ConditionMgr:805 - Attr not supported : Dmpu
2024-10-01 16:55:30,397 [ERROR] ConditionMgr:805 - Attr not supported : Dmpu
2024-10-01 16:55:30,398 [ERROR] ConditionMgr:805 - Attr not supported : Dmpu
2024-10-01 16:55:30,398 [ERROR] ConditionMgr:805 - Attr not supported : Dmpu
2024-10-01 16:55:30,398 [ERROR] ConditionMgr:805 - Attr not supported : Dmpu
2024-10-01 16:55:30,398 [ERROR] ConditionMgr:805 - Attr not supported : Dmpu
2024-10-01 16:55:30,398 [ERROR] ConditionMgr:805 - Attr not supported : Dmpu
2024-10-01 16:55:30,398 [ERROR] ConditionMgr:805 - Attr not supported : Dmpu
2024-10-01 16:55:30,398 [ERROR] ConditionMgr:805 - Attr not supported : Dmpu
2024-10-01 16:55:30,398 [ERROR] ConditionMgr:805 - Attr not supported : Dmpu
2024-10-01 16:55:30,398 [ERROR] ConditionMgr:805 - Attr not supported : Dmpu
2024-10-01 16:55:30,398 [ERROR] ConditionMgr:805 - Attr not supported : Dmpu
2024-10-01 16:55:30,398 [ERROR] ConditionMgr:805 - Attr not supported : Dmpu
2024-10-01 16:55:30,398 [ERROR] ConditionMgr:805 - Attr not supported : Dmpu
2024-10-01 16:55:30,398 [ERROR] ConditionMgr:805 - Attr not supported : Dmpu
2024-10-01 16:55:30,398 [ERROR] ConditionMgr:805 - Attr not supported : Dmpu
2024-10-01 16:55:30,398 [ERROR] ConditionMgr:805 - Attr not supported : Dmpu
2024-10-01 16:55:30,398 [ERROR] ConditionMgr:805 - Attr not supported : Dmpu
2024-10-01 16:55:30,398 [ERROR] ConditionMgr:805 - Attr not supported : Dmpu
2024-10-01 16:55:30,398 [ERROR] ConditionMgr:805 - Attr not supported : Dmpu
2024-10-01 16:55:30,398 [ERROR] ConditionMgr:805 - Attr not supported : Dmpu
2024-10-01 16:55:30,398 [ERROR] ConditionMgr:805 - Attr not supported : Dmpu
2024-10-01 16:55:30,398 [ERROR] ConditionMgr:805 - Attr not supported : Dmpu
2024-10-01 16:55:30,398 [ERROR] ConditionMgr:805 - Attr not supported : Dmpu
2024-10-01 16:55:30,398 [ERROR] ConditionMgr:805 - Attr not supported : Dmpu
2024-10-01 16:55:30,398 [ERROR] ConditionMgr:805 - Attr not supported : Dmpu
2024-10-01 16:55:30,398 [ERROR] ConditionMgr:805 - Attr not supported : Dmpu
2024-10-01 16:55:30,398 [ERROR] ConditionMgr:805 - Attr not supported : Dmpu
2024-10-01 16:55:30,398 [ERROR] ConditionMgr:805 - Attr not supported : Dmpu
2024-10-01 16:55:30,399 [ERROR] ConditionMgr:805 - Attr not supported : Dmpu
2024-10-01 16:55:30,399 [ERROR] ConditionMgr:805 - Attr not supported : Dmpu
2024-10-01 16:55:30,399 [ERROR] ConditionMgr:805 - Attr not supported : Dmpu
2024-10-01 16:55:30,399 [ERROR] ConditionMgr:805 - Attr not supported : Dmpu
2024-10-01 16:55:30,399 [ERROR] ConditionMgr:805 - Attr not supported : Dmpu
2024-10-01 16:55:30,399 [ERROR] ConditionMgr:805 - Attr not supported : Dmpu
2024-10-01 16:55:30,399 [ERROR] ConditionMgr:805 - Attr not supported : Dmpu
2024-10-01 16:55:30,399 [ERROR] ConditionMgr:805 - Attr not supported : Dmpu
2024-10-01 16:55:30,399 [ERROR] ConditionMgr:805 - Attr not supported : Dmpu
2024-10-01 16:55:30,399 [ERROR] ConditionMgr:805 - Attr not supported : Dmpu
2024-10-01 16:55:30,399 [ERROR] ConditionMgr:805 - Attr not supported : Dmpu
2024-10-01 16:55:30,408 [WARN] PackLoader:240 - Cannot read IP mode file for RealThread.X-CUBE-RT-Thread_Nano.4.1.1
2024-10-01 16:55:30,419 [WARN] PackLoader:240 - Cannot read IP mode file for wolfSSL.I-CUBE-wolfSSL.5.7.0
2024-10-01 16:55:30,428 [WARN] PackLoader:240 - Cannot read IP mode file for STMicroelectronics.FP-ATR-SIGFOX1.3.2.0
2024-10-01 16:55:30,438 [WARN] PackLoader:240 - Cannot read IP mode file for STMicroelectronics.X-CUBE-EEPRMA1.5.1.0
2024-10-01 16:55:30,449 [WARN] PackLoader:240 - Cannot read IP mode file for ITTIA_DB.I-CUBE-ITTIADB.8.9.0
2024-10-01 16:55:30,475 [WARN] PackLoader:240 - Cannot read IP mode file for SEGGER.I-CUBE-embOS.1.3.1
2024-10-01 16:55:30,499 [WARN] PackLoader:240 - Cannot read IP mode file for STMicroelectronics.X-CUBE-ALGOBUILD.1.4.0
2024-10-01 16:55:30,509 [WARN] PackLoader:240 - Cannot read IP mode file for STMicroelectronics.X-CUBE-GNSS1.6.0.0
2024-10-01 16:55:30,527 [WARN] PackLoader:240 - Cannot read IP mode file for STMicroelectronics.X-CUBE-AZRTOS-F4.1.1.0
2024-10-01 16:55:30,536 [WARN] PackLoader:240 - Cannot read IP mode file for STMicroelectronics.X-CUBE-ISPU.2.1.0
2024-10-01 16:55:30,545 [WARN] PackLoader:240 - Cannot read IP mode file for STMicroelectronics.X-CUBE-FREERTOS.1.2.0
2024-10-01 16:55:30,561 [WARN] PackLoader:240 - Cannot read IP mode file for STMicroelectronics.X-CUBE-AZRTOS-L5.2.0.0
2024-10-01 16:55:30,573 [WARN] PackLoader:240 - Cannot read IP mode file for STMicroelectronics.X-CUBE-NFC6.3.1.0
2024-10-01 16:55:30,583 [WARN] PackLoader:240 - Cannot read IP mode file for STMicroelectronics.X-CUBE-DPower.1.2.0
2024-10-01 16:55:30,591 [WARN] PackLoader:240 - Cannot read IP mode file for STMicroelectronics.X-CUBE-AI.9.0.0
2024-10-01 16:55:30,601 [WARN] PackLoader:240 - Cannot read IP mode file for STMicroelectronics.X-CUBE-NFC7.1.0.1
2024-10-01 16:55:30,608 [WARN] PackLoader:240 - Cannot read IP mode file for wolfSSL.I-CUBE-wolfTPM.3.2.0
2024-10-01 16:55:30,614 [WARN] PackLoader:240 - Cannot read IP mode file for STMicroelectronics.X-CUBE-AI.8.1.0
2024-10-01 16:55:30,629 [WARN] ConditionMgr:438 - getConditionDescription Invalid condition id : LAN8742 Phy interface Condition cause : null
2024-10-01 16:55:30,630 [WARN] PackLoader:240 - Cannot read IP mode file for STMicroelectronics.X-CUBE-AZRTOS-L4.2.0.0
2024-10-01 16:55:30,630 [WARN] ConditionMgr:1039 - genDependencies : Invalid condition id : LAN8742 Phy interface Condition cause : null
2024-10-01 16:55:30,630 [WARN] ConditionMgr:1039 - genDependencies : Invalid condition id : LAN8742 Phy interface Condition cause : null
2024-10-01 16:55:30,631 [WARN] ConditionMgr:1039 - genDependencies : Invalid condition id : LAN8742 Phy interface Condition cause : null
2024-10-01 16:55:30,640 [WARN] PackLoader:240 - Cannot read IP mode file for STMicroelectronics.X-CUBE-SFXS2LP1.4.0.0
2024-10-01 16:55:30,661 [WARN] PackLoader:240 - Cannot read IP mode file for STMicroelectronics.X-CUBE-AZRTOS-H7.3.3.0
2024-10-01 16:55:30,689 [WARN] ConditionMgr:438 - getConditionDescription Invalid condition id : UX DEVICE CLASS RTOS Condition cause : null
2024-10-01 16:55:30,689 [WARN] ConditionMgr:438 - getConditionDescription Invalid condition id : UX DEVICE CLASS RTOS Condition cause : null
2024-10-01 16:55:30,691 [WARN] PackLoader:240 - Cannot read IP mode file for STMicroelectronics.X-CUBE-AZRTOS-WB.2.0.0
2024-10-01 16:55:30,691 [WARN] ConditionMgr:1039 - genDependencies : Invalid condition id : UX DEVICE CLASS RTOS Condition cause : null
2024-10-01 16:55:30,691 [WARN] ConditionMgr:1039 - genDependencies : Invalid condition id : UX DEVICE CLASS RTOS Condition cause : null
2024-10-01 16:55:30,691 [WARN] ConditionMgr:1039 - genDependencies : Invalid condition id : UX DEVICE CLASS RTOS Condition cause : null
2024-10-01 16:55:30,691 [WARN] ConditionMgr:1039 - genDependencies : Invalid condition id : UX DEVICE CLASS RTOS Condition cause : null
2024-10-01 16:55:30,691 [WARN] ConditionMgr:1039 - genDependencies : Invalid condition id : UX DEVICE CLASS RTOS Condition cause : null
2024-10-01 16:55:30,700 [WARN] PackLoader:240 - Cannot read IP mode file for STMicroelectronics.X-CUBE-GNSS1.7.0.0
2024-10-01 16:55:30,710 [WARN] PackLoader:240 - Cannot read IP mode file for STMicroelectronics.FP-SNS-STBOX1.2.0.0
2024-10-01 16:55:30,724 [WARN] PackLoader:240 - Cannot read IP mode file for STMicroelectronics.X-CUBE-SUBG2.5.0.0
2024-10-01 16:55:30,743 [WARN] PackLoader:240 - Cannot read IP mode file for STMicroelectronics.X-CUBE-AZRTOS-G4.2.0.0
2024-10-01 16:55:30,750 [WARN] PackLoader:240 - Cannot read IP mode file for STMicroelectronics.FP-SNS-MOTENVWB1.1.3.1
2024-10-01 16:55:30,757 [WARN] PackLoader:240 - Cannot read IP mode file for STMicroelectronics.X-CUBE-ISPU.2.0.0
2024-10-01 16:55:30,767 [WARN] PackLoader:240 - Cannot read IP mode file for STMicroelectronics.X-CUBE-ALS.1.0.2
2024-10-01 16:55:30,807 [WARN] PackLoader:240 - Cannot read IP mode file for STMicroelectronics.X-CUBE-MEMS1.10.0.0
2024-10-01 16:55:30,870 [WARN] PackLoader:240 - Cannot read IP mode file for STMicroelectronics.X-CUBE-FREERTOS.1.1.0
2024-10-01 16:55:30,878 [WARN] PackLoader:240 - Cannot read IP mode file for STMicroelectronics.X-CUBE-TOUCHGFX.4.24.0
2024-10-01 16:55:30,888 [WARN] PackLoader:240 - Cannot read IP mode file for STMicroelectronics.X-CUBE-TOUCHGFX.4.24.1
2024-10-01 16:55:30,899 [WARN] PackLoader:240 - Cannot read IP mode file for portGmbH.I-Cube-SoM-uGOAL.1.1.0
2024-10-01 16:55:30,906 [WARN] PackLoader:240 - Cannot read IP mode file for STMicroelectronics.X-CUBE-ALS.1.0.1
2024-10-01 16:55:30,922 [WARN] PackLoader:240 - Cannot read IP mode file for STMicroelectronics.X-CUBE-AZRTOS-H7RS.1.0.0
2024-10-01 16:55:30,932 [WARN] PackLoader:240 - Cannot read IP mode file for STMicroelectronics.FP-ATR-ASTRA1.2.0.0
2024-10-01 16:55:30,944 [WARN] PackLoader:240 - Cannot read IP mode file for STMicroelectronics.X-CUBE-TOF1.3.4.2
2024-10-01 16:55:30,959 [WARN] PackLoader:240 - Cannot read IP mode file for STMicroelectronics.X-CUBE-TOF1.3.4.1
2024-10-01 16:55:30,980 [WARN] PackLoader:240 - Cannot read IP mode file for STMicroelectronics.X-CUBE-AZRTOS-H7.3.2.0
2024-10-01 16:55:30,995 [WARN] PackLoader:240 - Cannot read IP mode file for Infineon.AIROC-Wi-Fi-Bluetooth-STM32.1.6.0
2024-10-01 16:55:31,007 [WARN] PackLoader:240 - Cannot read IP mode file for wolfSSL.I-CUBE-wolfSSH.1.4.17
2024-10-01 16:55:31,008 [INFO] ThirdParty:978 - Integrity check success = true
2024-10-01 16:55:31,008 [INFO] IntegrityCheckThread:100 - exiting critical section [integrity check]
2024-10-01 16:55:31,008 [INFO] IntegrityCheckThread:103 - End integrity checks thread
2024-10-01 17:08:57,109 [ERROR] LogOutputStream:75 - [STDERR_REDIRECT] 
