2024-09-30 13:43:51,608 [INFO] Activator:176 - 


2024-09-30 13:43:51,609 [INFO] Activator:177 - !SESSION log4j initialized
2024-09-30 13:43:53,414 [INFO] LogOutputStream:77 - [STDOUT_REDIRECT] 
2024-09-30 13:43:55,453 [INFO] ApplicationProperties:184 - Using Application install path: C:\ST\STM32CubeIDE_1.15.0\STM32CubeIDE\plugins\com.st.stm32cube.common.mx_6.11.1.202404110753
2024-09-30 13:43:55,463 [INFO] DbMcusXml:78 - Set database path to: C:\ST\STM32CubeIDE_1.15.0\STM32CubeIDE\plugins\com.st.stm32cube.common.mx_6.11.1.202404110753\\db\/mcu/
2024-09-30 13:43:55,463 [INFO] ApiDb:274 - Set plugin database path to: C:\ST\STM32CubeIDE_1.15.0\STM32CubeIDE\plugins\com.st.stm32cube.common.mx_6.11.1.202404110753\\db\/plugins/boardmanager/
2024-09-30 13:43:55,463 [WARN] ApiDb:259 - Overriding images path with different value:  => C:\ST\STM32CubeIDE_1.15.0\STM32CubeIDE\plugins\com.st.stm32cube.common.mx_6.11.1.202404110753\\db\/plugins/mcufinder/images/
2024-09-30 13:43:55,468 [INFO] ApiDb:250 - Set database path to: C:\Users\nicola.reat\.stmcufinder\plugins\mcufinder//mcu/
2024-09-30 13:43:55,469 [INFO] DbMcusAds:125 - Set database path to: C:\Users\nicola.reat\.stmcufinder\plugins\mcufinder//mcu/
2024-09-30 13:43:55,470 [INFO] CrossReferenceDbSqlite:203 - Set database path to: C:\Users\nicola.reat\.stmcufinder\plugins\mcufinder//mcu/cs/
2024-09-30 13:43:55,534 [INFO] RulesReader:64 - Compatibility file has been processed (297 Rules)
2024-09-30 13:43:55,885 [INFO] DbMcusXml:78 - Set database path to: C:\ST\STM32CubeIDE_1.15.0\STM32CubeIDE\plugins\com.st.stm32cube.common.mx_6.11.1.202404110753\\db\/mcu/
2024-09-30 13:43:55,885 [INFO] ApiDb:274 - Set plugin database path to: C:\ST\STM32CubeIDE_1.15.0\STM32CubeIDE\plugins\com.st.stm32cube.common.mx_6.11.1.202404110753\\db\/plugins/boardmanager/
2024-09-30 13:43:55,886 [INFO] ApiDb:261 - Set plugin images path to: C:\ST\STM32CubeIDE_1.15.0\STM32CubeIDE\plugins\com.st.stm32cube.common.mx_6.11.1.202404110753\\db\/plugins/mcufinder/images/
2024-09-30 13:43:55,886 [WARN] DbFile:41 - Overriding database path with different value: C:\Users\nicola.reat\.stmcufinder\plugins\mcufinder/ => C:\Users\nicola.reat\.stmcufinder\plugins\mcufinder
2024-09-30 13:43:55,886 [INFO] ApiDb:250 - Set database path to: C:\Users\nicola.reat\.stmcufinder\plugins\mcufinder//mcu/
2024-09-30 13:43:55,886 [WARN] DbFile:41 - Overriding database path with different value: C:\Users\nicola.reat\.stmcufinder\plugins\mcufinder/ => C:\Users\nicola.reat\.stmcufinder\plugins\mcufinder
2024-09-30 13:43:55,886 [INFO] DbMcusAds:125 - Set database path to: C:\Users\nicola.reat\.stmcufinder\plugins\mcufinder//mcu/
2024-09-30 13:43:55,886 [WARN] DbFile:41 - Overriding database path with different value: C:\Users\nicola.reat\.stmcufinder\plugins\mcufinder/ => C:\Users\nicola.reat\.stmcufinder\plugins\mcufinder
2024-09-30 13:43:55,886 [WARN] DbFile:41 - Overriding database path with different value: C:\Users\nicola.reat\.stmcufinder\plugins\mcufinder/ => C:\Users\nicola.reat\.stmcufinder\plugins\mcufinder
2024-09-30 13:43:55,886 [INFO] CrossReferenceDbSqlite:203 - Set database path to: C:\Users\nicola.reat\.stmcufinder\plugins\mcufinder//mcu/cs/
2024-09-30 13:43:56,087 [INFO] MainPanel:264 - HeapMemory: 268435456
2024-09-30 13:43:56,131 [INFO] DbMcusXml:78 - Set database path to: C:\ST\STM32CubeIDE_1.15.0\STM32CubeIDE\plugins\com.st.stm32cube.common.mx_6.11.1.202404110753\\db\/mcu/
2024-09-30 13:43:56,131 [INFO] ApiDb:274 - Set plugin database path to: C:\ST\STM32CubeIDE_1.15.0\STM32CubeIDE\plugins\com.st.stm32cube.common.mx_6.11.1.202404110753\\db\/plugins/boardmanager/
2024-09-30 13:43:56,131 [INFO] ApiDb:261 - Set plugin images path to: C:\ST\STM32CubeIDE_1.15.0\STM32CubeIDE\plugins\com.st.stm32cube.common.mx_6.11.1.202404110753\\db\/plugins/mcufinder/images/
2024-09-30 13:43:56,131 [WARN] DbFile:41 - Overriding database path with different value: C:\Users\nicola.reat\.stmcufinder\plugins\mcufinder/ => C:\Users\nicola.reat\.stmcufinder\plugins\mcufinder
2024-09-30 13:43:56,131 [INFO] ApiDb:250 - Set database path to: C:\Users\nicola.reat\.stmcufinder\plugins\mcufinder//mcu/
2024-09-30 13:43:56,131 [WARN] DbFile:41 - Overriding database path with different value: C:\Users\nicola.reat\.stmcufinder\plugins\mcufinder/ => C:\Users\nicola.reat\.stmcufinder\plugins\mcufinder
2024-09-30 13:43:56,131 [INFO] DbMcusAds:125 - Set database path to: C:\Users\nicola.reat\.stmcufinder\plugins\mcufinder//mcu/
2024-09-30 13:43:56,131 [WARN] DbFile:41 - Overriding database path with different value: C:\Users\nicola.reat\.stmcufinder\plugins\mcufinder/ => C:\Users\nicola.reat\.stmcufinder\plugins\mcufinder
2024-09-30 13:43:56,131 [WARN] DbFile:41 - Overriding database path with different value: C:\Users\nicola.reat\.stmcufinder\plugins\mcufinder/ => C:\Users\nicola.reat\.stmcufinder\plugins\mcufinder
2024-09-30 13:43:56,131 [INFO] CrossReferenceDbSqlite:203 - Set database path to: C:\Users\nicola.reat\.stmcufinder\plugins\mcufinder//mcu/cs/
2024-09-30 13:43:56,183 [INFO] ApplicationProperties:184 - Using Application install path: C:\ST\STM32CubeIDE_1.15.0\STM32CubeIDE\plugins\com.st.stm32cube.common.mx_6.11.1.202404110753
2024-09-30 13:43:56,184 [INFO] PluginManage:196 - Search for loadable plugins [exclusion list=, ]
2024-09-30 13:43:56,185 [INFO] PluginManage:310 - Check plugin analytics
2024-09-30 13:43:56,318 [INFO] AnalyticsPlugin:253 - Accepted Software Licenses: STM32CubeMX.6.11.1
2024-09-30 13:43:56,318 [INFO] AnalyticsPlugin:255 - Accepted CMSIS Pack Licenses: 
2024-09-30 13:43:56,318 [INFO] AnalyticsPlugin:257 - Accepted Firmware Licenses: FW.G0.1.6.0,FW.F4.1.28.0
2024-09-30 13:43:56,321 [INFO] PluginManage:359 - Loaded plugin analytics (category:tool,tabindex:-1)
2024-09-30 13:43:56,321 [INFO] PluginManage:310 - Check plugin cadmodel
2024-09-30 13:43:56,343 [INFO] CADModel:105 - Init CAD model plugin
2024-09-30 13:43:56,343 [INFO] PluginManage:359 - Loaded plugin cadmodel (category:power,tabindex:5)
2024-09-30 13:43:56,343 [INFO] PluginManage:310 - Check plugin clock
2024-09-30 13:43:56,349 [INFO] PluginManage:359 - Loaded plugin clock (category:base,tabindex:2)
2024-09-30 13:43:56,349 [INFO] PluginManage:310 - Check plugin ddr
2024-09-30 13:43:56,351 [INFO] PluginManage:359 - Loaded plugin ddr (category:tool,tabindex:6)
2024-09-30 13:43:56,351 [INFO] PluginManage:310 - Check plugin filemanager
2024-09-30 13:43:56,472 [INFO] PluginManage:359 - Loaded plugin filemanager (category:base,tabindex:10)
2024-09-30 13:43:56,472 [INFO] PluginManage:310 - Check plugin ipmanager
2024-09-30 13:43:56,513 [INFO] PluginManage:359 - Loaded plugin ipmanager (category:base,tabindex:5)
2024-09-30 13:43:56,513 [INFO] PluginManage:310 - Check plugin lpbam
2024-09-30 13:43:56,520 [INFO] PluginManage:359 - Loaded plugin lpbam (category:base,tabindex:0)
2024-09-30 13:43:56,520 [INFO] PluginManage:310 - Check plugin memorymap
2024-09-30 13:43:56,528 [INFO] PluginManage:359 - Loaded plugin memorymap (category:base,tabindex:4)
2024-09-30 13:43:56,528 [INFO] PluginManage:310 - Check plugin pinoutandconfiguration
2024-09-30 13:43:56,533 [INFO] PluginManage:359 - Loaded plugin pinoutandconfiguration (category:base,tabindex:1)
2024-09-30 13:43:56,534 [INFO] PluginManage:310 - Check plugin pinoutconfig
2024-09-30 13:43:56,607 [WARN] SupportedApi:132 - Cannot load RTOS API schema: s4s-elt-must-match.1: The content of 'definitions' must match (annotation?, (simpleType | complexType)?, (unique | key | keyref)*)). A problem was found starting at: attribute.
2024-09-30 13:43:56,681 [INFO] PluginManage:359 - Loaded plugin pinoutconfig (category:base,tabindex:0)
2024-09-30 13:43:56,682 [INFO] PluginManage:310 - Check plugin power
2024-09-30 13:43:56,688 [INFO] PluginManage:359 - Loaded plugin power (category:power,tabindex:4)
2024-09-30 13:43:56,688 [INFO] PluginManage:310 - Check plugin projectmanager
2024-09-30 13:43:56,697 [INFO] PluginManage:359 - Loaded plugin projectmanager (category:projectmanager,tabindex:3)
2024-09-30 13:43:56,697 [INFO] PluginManage:310 - Check plugin thirdparty
2024-09-30 13:43:56,791 [INFO] PluginManage:359 - Loaded plugin thirdparty (category:base,tabindex:-1)
2024-09-30 13:43:56,790 [WARN] IntegrityCheckThread:84 - waiting for thirdparty lock release [integrity check]
2024-09-30 13:43:56,791 [INFO] IntegrityCheckThread:86 - entering critical section [integrity check]
2024-09-30 13:43:56,791 [INFO] PluginManage:310 - Check plugin tools
2024-09-30 13:43:56,791 [INFO] ThirdPartyUpdaterWithRetryManager:70 - Updater plugin not ready yet. [1/15]
2024-09-30 13:43:56,793 [INFO] PluginManage:359 - Loaded plugin tools (category:base,tabindex:7)
2024-09-30 13:43:56,793 [INFO] PluginManage:310 - Check plugin tutovideos
2024-09-30 13:43:56,891 [INFO] PluginManage:359 - Loaded plugin tutovideos (category:base,tabindex:-1)
2024-09-30 13:43:56,891 [INFO] PluginManage:310 - Check plugin updater
2024-09-30 13:43:56,897 [INFO] PluginManage:359 - Loaded plugin updater (category:base,tabindex:12)
2024-09-30 13:43:56,898 [INFO] PluginManage:310 - Check plugin userauth
2024-09-30 13:43:56,901 [INFO] UserAuth:114 - Init User Auth plugin
2024-09-30 13:43:56,901 [INFO] PluginManage:359 - Loaded plugin userauth (category:base,tabindex:14)
2024-09-30 13:43:56,901 [INFO] PluginManage:283 - PluginManage : Loaded plugins [17]
2024-09-30 13:43:57,459 [INFO] PinOutPanel:1561 - setPackage(No Configuration,No Configuration)
2024-09-30 13:43:57,844 [INFO] CADModel:165 - CPN selected for project level
2024-09-30 13:43:57,844 [INFO] CADModel:114 - Register for checkConnection events
2024-09-30 13:43:57,856 [INFO] IPUIPlugin:80 - create IPUIPlugin
2024-09-30 13:43:57,856 [INFO] PluginManager:220 - loadIPPluginJar : add adc
2024-09-30 13:43:57,859 [INFO] IPUIPlugin:80 - create IPUIPlugin
2024-09-30 13:43:57,859 [INFO] PluginManager:220 - loadIPPluginJar : add aes
2024-09-30 13:43:57,862 [INFO] IPUIPlugin:80 - create IPUIPlugin
2024-09-30 13:43:57,862 [INFO] PluginManager:220 - loadIPPluginJar : add can
2024-09-30 13:43:57,864 [INFO] IPUIPlugin:80 - create IPUIPlugin
2024-09-30 13:43:57,864 [INFO] PluginManager:220 - loadIPPluginJar : add comp
2024-09-30 13:43:57,866 [INFO] IPUIPlugin:80 - create IPUIPlugin
2024-09-30 13:43:57,867 [INFO] PluginManager:220 - loadIPPluginJar : add cryp
2024-09-30 13:43:57,869 [INFO] IPUIPlugin:80 - create IPUIPlugin
2024-09-30 13:43:57,869 [INFO] PluginManager:220 - loadIPPluginJar : add dfsdm
2024-09-30 13:43:57,874 [INFO] IPUIPlugin:80 - create IPUIPlugin
2024-09-30 13:43:57,874 [INFO] PluginManager:220 - loadIPPluginJar : add dma
2024-09-30 13:43:57,877 [INFO] IPUIPlugin:80 - create IPUIPlugin
2024-09-30 13:43:57,877 [INFO] PluginManager:220 - loadIPPluginJar : add dma3
2024-09-30 13:43:57,879 [INFO] IPUIPlugin:80 - create IPUIPlugin
2024-09-30 13:43:57,879 [INFO] PluginManager:220 - loadIPPluginJar : add extmemmanager
2024-09-30 13:43:57,881 [INFO] IPUIPlugin:80 - create IPUIPlugin
2024-09-30 13:43:57,881 [INFO] PluginManager:220 - loadIPPluginJar : add fatfs
2024-09-30 13:43:57,885 [INFO] IPUIPlugin:80 - create IPUIPlugin
2024-09-30 13:43:57,885 [INFO] PluginManager:220 - loadIPPluginJar : add fmc
2024-09-30 13:43:57,890 [INFO] IPUIPlugin:80 - create IPUIPlugin
2024-09-30 13:43:57,890 [INFO] PluginManager:220 - loadIPPluginJar : add freertos
2024-09-30 13:43:57,892 [INFO] IPUIPlugin:80 - create IPUIPlugin
2024-09-30 13:43:57,892 [INFO] PluginManager:220 - loadIPPluginJar : add genericplugin
2024-09-30 13:43:57,894 [INFO] IPUIPlugin:80 - create IPUIPlugin
2024-09-30 13:43:57,894 [INFO] PluginManager:220 - loadIPPluginJar : add gfxmmu
2024-09-30 13:43:57,898 [INFO] IPUIPlugin:80 - create IPUIPlugin
2024-09-30 13:43:57,898 [INFO] PluginManager:220 - loadIPPluginJar : add gic
2024-09-30 13:43:57,902 [INFO] IPUIPlugin:80 - create IPUIPlugin
2024-09-30 13:43:57,902 [INFO] PluginManager:220 - loadIPPluginJar : add gpio
2024-09-30 13:43:57,905 [INFO] IPUIPlugin:80 - create IPUIPlugin
2024-09-30 13:43:57,905 [INFO] PluginManager:220 - loadIPPluginJar : add gtzc
2024-09-30 13:43:57,907 [INFO] IPUIPlugin:80 - create IPUIPlugin
2024-09-30 13:43:57,907 [INFO] PluginManager:220 - loadIPPluginJar : add hash
2024-09-30 13:43:57,910 [INFO] IPUIPlugin:80 - create IPUIPlugin
2024-09-30 13:43:57,910 [INFO] PluginManager:220 - loadIPPluginJar : add i2c
2024-09-30 13:43:57,912 [INFO] IPUIPlugin:80 - create IPUIPlugin
2024-09-30 13:43:57,912 [INFO] PluginManager:220 - loadIPPluginJar : add i2s
2024-09-30 13:43:57,915 [INFO] IPUIPlugin:80 - create IPUIPlugin
2024-09-30 13:43:57,915 [INFO] PluginManager:220 - loadIPPluginJar : add i3c
2024-09-30 13:43:57,918 [INFO] IPUIPlugin:80 - create IPUIPlugin
2024-09-30 13:43:57,919 [INFO] PluginManager:220 - loadIPPluginJar : add ipddr
2024-09-30 13:43:57,924 [INFO] IPUIPlugin:80 - create IPUIPlugin
2024-09-30 13:43:57,924 [INFO] PluginManager:220 - loadIPPluginJar : add linkedlist
2024-09-30 13:43:57,926 [INFO] IPUIPlugin:80 - create IPUIPlugin
2024-09-30 13:43:57,926 [INFO] PluginManager:220 - loadIPPluginJar : add lorawan
2024-09-30 13:43:57,928 [INFO] IPUIPlugin:80 - create IPUIPlugin
2024-09-30 13:43:57,928 [INFO] PluginManager:220 - loadIPPluginJar : add ltdc
2024-09-30 13:43:57,933 [INFO] IPUIPlugin:80 - create IPUIPlugin
2024-09-30 13:43:57,933 [INFO] PluginManager:220 - loadIPPluginJar : add mdma
2024-09-30 13:43:57,937 [INFO] IPUIPlugin:80 - create IPUIPlugin
2024-09-30 13:43:57,937 [INFO] PluginManager:220 - loadIPPluginJar : add nvic
2024-09-30 13:43:57,940 [INFO] IPUIPlugin:80 - create IPUIPlugin
2024-09-30 13:43:57,940 [INFO] PluginManager:220 - loadIPPluginJar : add opamp
2024-09-30 13:43:57,943 [INFO] IPUIPlugin:80 - create IPUIPlugin
2024-09-30 13:43:57,943 [INFO] PluginManager:220 - loadIPPluginJar : add openamp
2024-09-30 13:43:57,946 [INFO] IPUIPlugin:80 - create IPUIPlugin
2024-09-30 13:43:57,946 [INFO] PluginManager:220 - loadIPPluginJar : add pdm2pcm
2024-09-30 13:43:57,951 [INFO] IPUIPlugin:80 - create IPUIPlugin
2024-09-30 13:43:57,952 [INFO] PluginManager:220 - loadIPPluginJar : add plateformsettings
2024-09-30 13:43:57,954 [INFO] IPUIPlugin:80 - create IPUIPlugin
2024-09-30 13:43:57,954 [INFO] PluginManager:220 - loadIPPluginJar : add quadspi
2024-09-30 13:43:57,957 [INFO] IPUIPlugin:80 - create IPUIPlugin
2024-09-30 13:43:57,957 [INFO] PluginManager:220 - loadIPPluginJar : add resmgrutility
2024-09-30 13:43:57,960 [INFO] IPUIPlugin:80 - create IPUIPlugin
2024-09-30 13:43:57,960 [INFO] PluginManager:220 - loadIPPluginJar : add sai
2024-09-30 13:43:57,962 [INFO] IPUIPlugin:80 - create IPUIPlugin
2024-09-30 13:43:57,962 [INFO] PluginManager:220 - loadIPPluginJar : add spi
2024-09-30 13:43:57,966 [INFO] IPUIPlugin:80 - create IPUIPlugin
2024-09-30 13:43:57,966 [INFO] PluginManager:220 - loadIPPluginJar : add stm32_wpan
2024-09-30 13:43:57,969 [INFO] IPUIPlugin:80 - create IPUIPlugin
2024-09-30 13:43:57,969 [INFO] PluginManager:220 - loadIPPluginJar : add tim
2024-09-30 13:43:57,972 [INFO] IPUIPlugin:80 - create IPUIPlugin
2024-09-30 13:43:57,972 [INFO] PluginManager:220 - loadIPPluginJar : add touchsensing
2024-09-30 13:43:57,974 [INFO] IPUIPlugin:80 - create IPUIPlugin
2024-09-30 13:43:57,974 [INFO] PluginManager:220 - loadIPPluginJar : add tracer_emb
2024-09-30 13:43:57,976 [INFO] IPUIPlugin:80 - create IPUIPlugin
2024-09-30 13:43:57,976 [INFO] PluginManager:220 - loadIPPluginJar : add ts
2024-09-30 13:43:57,978 [INFO] IPUIPlugin:80 - create IPUIPlugin
2024-09-30 13:43:57,978 [INFO] PluginManager:220 - loadIPPluginJar : add tsc
2024-09-30 13:43:57,980 [INFO] IPUIPlugin:80 - create IPUIPlugin
2024-09-30 13:43:57,980 [INFO] PluginManager:220 - loadIPPluginJar : add ucpd
2024-09-30 13:43:57,983 [INFO] IPUIPlugin:80 - create IPUIPlugin
2024-09-30 13:43:57,983 [INFO] PluginManager:220 - loadIPPluginJar : add usart
2024-09-30 13:43:57,986 [INFO] IPUIPlugin:80 - create IPUIPlugin
2024-09-30 13:43:57,986 [INFO] PluginManager:220 - loadIPPluginJar : add usbx
2024-09-30 13:43:58,256 [INFO] CADModel:165 - CPN selected for project level
2024-09-30 13:43:58,256 [INFO] CADModel:114 - Register for checkConnection events
2024-09-30 13:43:58,256 [FATAL] Updater:308 - Updater called before beeing initialized
2024-09-30 13:43:58,256 [ERROR] CADModel:125 - Updater not yet initialized, retry later 
2024-09-30 13:43:58,359 [INFO] CADModel:165 - CPN selected for project level
2024-09-30 13:43:58,359 [INFO] CADModel:114 - Register for checkConnection events
2024-09-30 13:43:58,360 [FATAL] Updater:308 - Updater called before beeing initialized
2024-09-30 13:43:58,360 [ERROR] CADModel:125 - Updater not yet initialized, retry later 
2024-09-30 13:43:58,362 [FATAL] Updater:308 - Updater called before beeing initialized
2024-09-30 13:43:58,712 [FATAL] Updater:308 - Updater called before beeing initialized
2024-09-30 13:43:58,715 [INFO] DbMcusAds:53 - JSON generation date=Fri Sep 20 15:04:23 CEST 2024 (1726837463113)
2024-09-30 13:43:58,716 [FATAL] Updater:308 - Updater called before beeing initialized
2024-09-30 13:43:58,761 [WARN] DetailPanel:346 - Failed to get advertising image, set to default
2024-09-30 13:43:58,921 [FATAL] Updater:308 - Updater called before beeing initialized
2024-09-30 13:43:58,922 [FATAL] Updater:308 - Updater called before beeing initialized
2024-09-30 13:43:58,922 [FATAL] Updater:308 - Updater called before beeing initialized
2024-09-30 13:43:58,922 [WARN] DetailPanel:346 - Failed to get advertising image, set to default
2024-09-30 13:43:58,923 [FATAL] Updater:308 - Updater called before beeing initialized
2024-09-30 13:43:59,019 [ERROR] Updater:1120 - MainUpdater not yet initialized. External WinMGr cannot be set.
2024-09-30 13:43:59,021 [INFO] Updater:1056 - Updater Version found : 6.11.1
2024-09-30 13:43:59,034 [INFO] ApplicationProperties:184 - Using Application install path: C:\ST\STM32CubeIDE_1.15.0\STM32CubeIDE\plugins\com.st.stm32cube.common.mx_6.11.1.202404110753
2024-09-30 13:43:59,462 [INFO] MainUpdater:2873 - connection check result : 10
2024-09-30 13:43:59,464 [INFO] MainUpdater:290 - Updater Check For Update Now.
2024-09-30 13:43:59,464 [INFO] MicroXplorer:498 - Change Database Version : DB.6.0.111
2024-09-30 13:43:59,469 [INFO] McuFinderGlobals:63 - Set McuFinder mode to 2 (CubeIDE integrated)
2024-09-30 13:43:59,469 [INFO] UserAuth:179 - activating auth plugin
2024-09-30 13:43:59,472 [INFO] UserAuth:415 - Internet connection configuration mode: 1
2024-09-30 13:43:59,500 [INFO] JxBrowserEngine:152 - Initiate JxBrowser Engine with user profile folder
2024-09-30 13:43:59,639 [INFO] CheckServerUpdateThread:120 - End of CheckServer Thread
2024-09-30 13:44:00,227 [INFO] WebApp:161 - Instantiating new browser for Auth
2024-09-30 13:44:00,297 [WARN] PackLoader:240 - Cannot read IP mode file for STMicroelectronics.FP-SNS-MOTENVWB1.1.4.0
2024-09-30 13:44:00,308 [WARN] PackLoader:240 - Cannot read IP mode file for STMicroelectronics.X-CUBE-SMBUS.2.1.0
2024-09-30 13:44:00,314 [WARN] PackLoader:240 - Cannot read IP mode file for STMicroelectronics.X-CUBE-TOUCHGFX.4.23.2
2024-09-30 13:44:00,336 [WARN] PackLoader:240 - Cannot read IP mode file for STMicroelectronics.X-CUBE-AZRTOS-F7.1.1.0
2024-09-30 13:44:00,408 [WARN] PackLoader:240 - Cannot read IP mode file for STMicroelectronics.X-CUBE-MEMS1.11.0.0
2024-09-30 13:44:00,532 [WARN] PackLoader:240 - Cannot read IP mode file for STMicroelectronics.FP-SNS-FLIGHT1.5.0.2
2024-09-30 13:44:00,544 [WARN] PackLoader:240 - Cannot read IP mode file for STMicroelectronics.X-CUBE-DISPLAY.3.0.0
2024-09-30 13:44:00,561 [WARN] PackLoader:240 - Cannot read IP mode file for STMicroelectronics.X-CUBE-BLE1.7.0.0
2024-09-30 13:44:00,571 [WARN] PackLoader:240 - Cannot read IP mode file for STMicroelectronics.X-CUBE-NFC10.1.0.0
2024-09-30 13:44:00,585 [WARN] PackLoader:240 - Cannot read IP mode file for emotas.I-CUBE-CANOPEN.1.3.0
2024-09-30 13:44:00,606 [WARN] PackLoader:240 - Cannot read IP mode file for STMicroelectronics.X-CUBE-BLEMGR.3.1.0
2024-09-30 13:44:00,616 [WARN] PackLoader:240 - Cannot read IP mode file for STMicroelectronics.FP-SNS-SMARTAG2.1.2.0
2024-09-30 13:44:00,627 [INFO] LogOutputStream:77 - [STDOUT_REDIRECT] 1 : Invalid condition id : UX_CORESTACK_Condition cause : null
2024-09-30 13:44:00,628 [INFO] LogOutputStream:77 - [STDOUT_REDIRECT] 1 : Invalid condition id : UX_CORESTACK_Condition cause : null
2024-09-30 13:44:00,630 [INFO] LogOutputStream:77 - [STDOUT_REDIRECT] 1 : Invalid condition id : UX_CORESTACK_Condition cause : null
2024-09-30 13:44:00,632 [INFO] LogOutputStream:77 - [STDOUT_REDIRECT] 1 : Invalid condition id : UX_CORESTACK_Condition cause : null
2024-09-30 13:44:00,633 [INFO] LogOutputStream:77 - [STDOUT_REDIRECT] 1 : Invalid condition id : UX_CORESTACK_Condition cause : null
2024-09-30 13:44:00,636 [WARN] PackLoader:240 - Cannot read IP mode file for STMicroelectronics.X-CUBE-AZRTOS-WL.2.0.0
2024-09-30 13:44:00,643 [WARN] PackLoader:240 - Cannot read IP mode file for STMicroelectronics.FP-SNS-MOTENV1.5.0.0
2024-09-30 13:44:00,651 [WARN] PackLoader:240 - Cannot read IP mode file for wolfSSL.I-CUBE-wolfMQTT.1.19.0
2024-09-30 13:44:00,663 [WARN] PackLoader:240 - Cannot read IP mode file for WES.I-CUBE-Cesium.1.3.0
2024-09-30 13:44:00,669 [WARN] PackLoader:240 - Cannot read IP mode file for STMicroelectronics.X-CUBE-BLE2.3.3.0
2024-09-30 13:44:00,676 [WARN] PackLoader:240 - Cannot read IP mode file for STMicroelectronics.X-CUBE-NFC9.1.0.0
2024-09-30 13:44:00,686 [WARN] PackLoader:240 - Cannot read IP mode file for STMicroelectronics.X-CUBE-TCPP.4.1.0
2024-09-30 13:44:00,694 [WARN] PackLoader:240 - Cannot read IP mode file for STMicroelectronics.X-CUBE-ALGOBUILD.1.3.0
2024-09-30 13:44:00,711 [WARN] PackLoader:240 - Cannot read IP mode file for STMicroelectronics.X-CUBE-AZRTOS-G0.1.1.0
2024-09-30 13:44:00,727 [WARN] PackLoader:240 - Cannot read IP mode file for STMicroelectronics.X-CUBE-SAFEA1.1.2.2
2024-09-30 13:44:00,742 [WARN] PackLoader:240 - Cannot read IP mode file for STMicroelectronics.X-CUBE-NFC4.3.0.0
2024-09-30 13:44:00,752 [WARN] PackLoader:240 - Cannot read IP mode file for wolfSSL.I-CUBE-wolfMQTT.1.18.0
2024-09-30 13:44:00,775 [WARN] PackLoader:240 - Cannot read IP mode file for EmbeddedOffice.I-CUBE-FS-RTOS.1.0.1
2024-09-30 13:44:00,775 [ERROR] ConditionMgr:805 - Attr not supported : Dmpu
2024-09-30 13:44:00,775 [ERROR] ConditionMgr:805 - Attr not supported : Dmpu
2024-09-30 13:44:00,775 [ERROR] ConditionMgr:805 - Attr not supported : Dmpu
2024-09-30 13:44:00,775 [ERROR] ConditionMgr:805 - Attr not supported : Dmpu
2024-09-30 13:44:00,776 [ERROR] ConditionMgr:805 - Attr not supported : Dmpu
2024-09-30 13:44:00,776 [ERROR] ConditionMgr:805 - Attr not supported : Dmpu
2024-09-30 13:44:00,776 [ERROR] ConditionMgr:805 - Attr not supported : Dmpu
2024-09-30 13:44:00,776 [ERROR] ConditionMgr:805 - Attr not supported : Dmpu
2024-09-30 13:44:00,776 [ERROR] ConditionMgr:805 - Attr not supported : Dmpu
2024-09-30 13:44:00,776 [ERROR] ConditionMgr:805 - Attr not supported : Dmpu
2024-09-30 13:44:00,776 [ERROR] ConditionMgr:805 - Attr not supported : Dmpu
2024-09-30 13:44:00,776 [ERROR] ConditionMgr:805 - Attr not supported : Dmpu
2024-09-30 13:44:00,776 [ERROR] ConditionMgr:805 - Attr not supported : Dmpu
2024-09-30 13:44:00,776 [ERROR] ConditionMgr:805 - Attr not supported : Dmpu
2024-09-30 13:44:00,776 [ERROR] ConditionMgr:805 - Attr not supported : Dmpu
2024-09-30 13:44:00,776 [ERROR] ConditionMgr:805 - Attr not supported : Dmpu
2024-09-30 13:44:00,776 [ERROR] ConditionMgr:805 - Attr not supported : Dmpu
2024-09-30 13:44:00,776 [ERROR] ConditionMgr:805 - Attr not supported : Dmpu
2024-09-30 13:44:00,777 [ERROR] ConditionMgr:805 - Attr not supported : Dmpu
2024-09-30 13:44:00,777 [ERROR] ConditionMgr:805 - Attr not supported : Dmpu
2024-09-30 13:44:00,777 [ERROR] ConditionMgr:805 - Attr not supported : Dmpu
2024-09-30 13:44:00,777 [ERROR] ConditionMgr:805 - Attr not supported : Dmpu
2024-09-30 13:44:00,777 [ERROR] ConditionMgr:805 - Attr not supported : Dmpu
2024-09-30 13:44:00,777 [ERROR] ConditionMgr:805 - Attr not supported : Dmpu
2024-09-30 13:44:00,777 [ERROR] ConditionMgr:805 - Attr not supported : Dmpu
2024-09-30 13:44:00,777 [ERROR] ConditionMgr:805 - Attr not supported : Dmpu
2024-09-30 13:44:00,777 [ERROR] ConditionMgr:805 - Attr not supported : Dmpu
2024-09-30 13:44:00,777 [ERROR] ConditionMgr:805 - Attr not supported : Dmpu
2024-09-30 13:44:00,777 [ERROR] ConditionMgr:805 - Attr not supported : Dmpu
2024-09-30 13:44:00,777 [ERROR] ConditionMgr:805 - Attr not supported : Dmpu
2024-09-30 13:44:00,777 [ERROR] ConditionMgr:805 - Attr not supported : Dmpu
2024-09-30 13:44:00,778 [ERROR] ConditionMgr:805 - Attr not supported : Dmpu
2024-09-30 13:44:00,778 [ERROR] ConditionMgr:805 - Attr not supported : Dmpu
2024-09-30 13:44:00,778 [ERROR] ConditionMgr:805 - Attr not supported : Dmpu
2024-09-30 13:44:00,778 [ERROR] ConditionMgr:805 - Attr not supported : Dmpu
2024-09-30 13:44:00,778 [ERROR] ConditionMgr:805 - Attr not supported : Dmpu
2024-09-30 13:44:00,778 [ERROR] ConditionMgr:805 - Attr not supported : Dmpu
2024-09-30 13:44:00,778 [ERROR] ConditionMgr:805 - Attr not supported : Dmpu
2024-09-30 13:44:00,778 [ERROR] ConditionMgr:805 - Attr not supported : Dmpu
2024-09-30 13:44:00,778 [ERROR] ConditionMgr:805 - Attr not supported : Dmpu
2024-09-30 13:44:00,778 [ERROR] ConditionMgr:805 - Attr not supported : Dmpu
2024-09-30 13:44:00,778 [ERROR] ConditionMgr:805 - Attr not supported : Dmpu
2024-09-30 13:44:00,778 [ERROR] ConditionMgr:805 - Attr not supported : Dmpu
2024-09-30 13:44:00,778 [ERROR] ConditionMgr:805 - Attr not supported : Dmpu
2024-09-30 13:44:00,779 [ERROR] ConditionMgr:805 - Attr not supported : Dmpu
2024-09-30 13:44:00,779 [ERROR] ConditionMgr:805 - Attr not supported : Dmpu
2024-09-30 13:44:00,779 [ERROR] ConditionMgr:805 - Attr not supported : Dmpu
2024-09-30 13:44:00,779 [ERROR] ConditionMgr:805 - Attr not supported : Dmpu
2024-09-30 13:44:00,779 [ERROR] ConditionMgr:805 - Attr not supported : Dmpu
2024-09-30 13:44:00,779 [ERROR] ConditionMgr:805 - Attr not supported : Dmpu
2024-09-30 13:44:00,779 [ERROR] ConditionMgr:805 - Attr not supported : Dmpu
2024-09-30 13:44:00,779 [ERROR] ConditionMgr:805 - Attr not supported : Dmpu
2024-09-30 13:44:00,779 [ERROR] ConditionMgr:805 - Attr not supported : Dmpu
2024-09-30 13:44:00,779 [ERROR] ConditionMgr:805 - Attr not supported : Dmpu
2024-09-30 13:44:00,779 [ERROR] ConditionMgr:805 - Attr not supported : Dmpu
2024-09-30 13:44:00,779 [ERROR] ConditionMgr:805 - Attr not supported : Dmpu
2024-09-30 13:44:00,779 [ERROR] ConditionMgr:805 - Attr not supported : Dmpu
2024-09-30 13:44:00,779 [ERROR] ConditionMgr:805 - Attr not supported : Dmpu
2024-09-30 13:44:00,780 [ERROR] ConditionMgr:805 - Attr not supported : Dmpu
2024-09-30 13:44:00,780 [ERROR] ConditionMgr:805 - Attr not supported : Dmpu
2024-09-30 13:44:00,780 [ERROR] ConditionMgr:805 - Attr not supported : Dmpu
2024-09-30 13:44:00,780 [ERROR] ConditionMgr:805 - Attr not supported : Dmpu
2024-09-30 13:44:00,780 [ERROR] ConditionMgr:805 - Attr not supported : Dmpu
2024-09-30 13:44:00,780 [ERROR] ConditionMgr:805 - Attr not supported : Dmpu
2024-09-30 13:44:00,790 [WARN] PackLoader:240 - Cannot read IP mode file for RealThread.X-CUBE-RT-Thread_Nano.4.1.1
2024-09-30 13:44:00,797 [WARN] PackLoader:240 - Cannot read IP mode file for wolfSSL.I-CUBE-wolfSSL.5.7.0
2024-09-30 13:44:00,803 [WARN] PackLoader:240 - Cannot read IP mode file for STMicroelectronics.FP-ATR-SIGFOX1.3.2.0
2024-09-30 13:44:00,813 [WARN] PackLoader:240 - Cannot read IP mode file for STMicroelectronics.X-CUBE-EEPRMA1.5.1.0
2024-09-30 13:44:00,825 [WARN] PackLoader:240 - Cannot read IP mode file for ITTIA_DB.I-CUBE-ITTIADB.8.9.0
2024-09-30 13:44:00,856 [WARN] PackLoader:240 - Cannot read IP mode file for SEGGER.I-CUBE-embOS.1.3.1
2024-09-30 13:44:00,885 [WARN] PackLoader:240 - Cannot read IP mode file for STMicroelectronics.X-CUBE-ALGOBUILD.1.4.0
2024-09-30 13:44:00,890 [WARN] PackLoader:240 - Cannot read IP mode file for STMicroelectronics.X-CUBE-GNSS1.6.0.0
2024-09-30 13:44:00,904 [WARN] PackLoader:240 - Cannot read IP mode file for STMicroelectronics.X-CUBE-AZRTOS-F4.1.1.0
2024-09-30 13:44:00,913 [WARN] PackLoader:240 - Cannot read IP mode file for STMicroelectronics.X-CUBE-ISPU.2.1.0
2024-09-30 13:44:00,921 [WARN] PackLoader:240 - Cannot read IP mode file for STMicroelectronics.X-CUBE-FREERTOS.1.2.0
2024-09-30 13:44:00,936 [WARN] PackLoader:240 - Cannot read IP mode file for STMicroelectronics.X-CUBE-AZRTOS-L5.2.0.0
2024-09-30 13:44:00,944 [WARN] PackLoader:240 - Cannot read IP mode file for STMicroelectronics.X-CUBE-NFC6.3.1.0
2024-09-30 13:44:00,952 [WARN] PackLoader:240 - Cannot read IP mode file for STMicroelectronics.X-CUBE-DPower.1.2.0
2024-09-30 13:44:00,959 [WARN] PackLoader:240 - Cannot read IP mode file for STMicroelectronics.X-CUBE-AI.9.0.0
2024-09-30 13:44:00,966 [WARN] PackLoader:240 - Cannot read IP mode file for STMicroelectronics.X-CUBE-NFC7.1.0.1
2024-09-30 13:44:00,971 [WARN] PackLoader:240 - Cannot read IP mode file for wolfSSL.I-CUBE-wolfTPM.3.2.0
2024-09-30 13:44:00,975 [WARN] PackLoader:240 - Cannot read IP mode file for STMicroelectronics.X-CUBE-AI.8.1.0
2024-09-30 13:44:00,989 [WARN] ConditionMgr:438 - getConditionDescription Invalid condition id : LAN8742 Phy interface Condition cause : null
2024-09-30 13:44:00,990 [WARN] PackLoader:240 - Cannot read IP mode file for STMicroelectronics.X-CUBE-AZRTOS-L4.2.0.0
2024-09-30 13:44:00,991 [WARN] ConditionMgr:1039 - genDependencies : Invalid condition id : LAN8742 Phy interface Condition cause : null
2024-09-30 13:44:00,991 [WARN] ConditionMgr:1039 - genDependencies : Invalid condition id : LAN8742 Phy interface Condition cause : null
2024-09-30 13:44:00,992 [WARN] ConditionMgr:1039 - genDependencies : Invalid condition id : LAN8742 Phy interface Condition cause : null
2024-09-30 13:44:00,998 [WARN] PackLoader:240 - Cannot read IP mode file for STMicroelectronics.X-CUBE-SFXS2LP1.4.0.0
2024-09-30 13:44:01,009 [WARN] PackLoader:240 - Cannot read IP mode file for STMicroelectronics.X-CUBE-AZRTOS-H7.3.3.0
2024-09-30 13:44:01,018 [WARN] ConditionMgr:438 - getConditionDescription Invalid condition id : UX DEVICE CLASS RTOS Condition cause : null
2024-09-30 13:44:01,018 [WARN] ConditionMgr:438 - getConditionDescription Invalid condition id : UX DEVICE CLASS RTOS Condition cause : null
2024-09-30 13:44:01,019 [WARN] PackLoader:240 - Cannot read IP mode file for STMicroelectronics.X-CUBE-AZRTOS-WB.2.0.0
2024-09-30 13:44:01,019 [WARN] ConditionMgr:1039 - genDependencies : Invalid condition id : UX DEVICE CLASS RTOS Condition cause : null
2024-09-30 13:44:01,019 [WARN] ConditionMgr:1039 - genDependencies : Invalid condition id : UX DEVICE CLASS RTOS Condition cause : null
2024-09-30 13:44:01,019 [WARN] ConditionMgr:1039 - genDependencies : Invalid condition id : UX DEVICE CLASS RTOS Condition cause : null
2024-09-30 13:44:01,019 [WARN] ConditionMgr:1039 - genDependencies : Invalid condition id : UX DEVICE CLASS RTOS Condition cause : null
2024-09-30 13:44:01,019 [WARN] ConditionMgr:1039 - genDependencies : Invalid condition id : UX DEVICE CLASS RTOS Condition cause : null
2024-09-30 13:44:01,023 [WARN] PackLoader:240 - Cannot read IP mode file for STMicroelectronics.X-CUBE-GNSS1.7.0.0
2024-09-30 13:44:01,029 [WARN] PackLoader:240 - Cannot read IP mode file for STMicroelectronics.FP-SNS-STBOX1.2.0.0
2024-09-30 13:44:01,037 [WARN] PackLoader:240 - Cannot read IP mode file for STMicroelectronics.X-CUBE-SUBG2.5.0.0
2024-09-30 13:44:01,049 [WARN] PackLoader:240 - Cannot read IP mode file for STMicroelectronics.X-CUBE-AZRTOS-G4.2.0.0
2024-09-30 13:44:01,053 [WARN] PackLoader:240 - Cannot read IP mode file for STMicroelectronics.FP-SNS-MOTENVWB1.1.3.1
2024-09-30 13:44:01,057 [WARN] PackLoader:240 - Cannot read IP mode file for STMicroelectronics.X-CUBE-ISPU.2.0.0
2024-09-30 13:44:01,062 [WARN] PackLoader:240 - Cannot read IP mode file for STMicroelectronics.X-CUBE-ALS.1.0.2
2024-09-30 13:44:01,079 [WARN] PackLoader:240 - Cannot read IP mode file for STMicroelectronics.X-CUBE-MEMS1.10.0.0
2024-09-30 13:44:01,136 [WARN] PackLoader:240 - Cannot read IP mode file for STMicroelectronics.X-CUBE-FREERTOS.1.1.0
2024-09-30 13:44:01,140 [WARN] PackLoader:240 - Cannot read IP mode file for STMicroelectronics.X-CUBE-TOUCHGFX.4.24.0
2024-09-30 13:44:01,143 [WARN] PackLoader:240 - Cannot read IP mode file for STMicroelectronics.X-CUBE-TOUCHGFX.4.24.1
2024-09-30 13:44:01,148 [WARN] PackLoader:240 - Cannot read IP mode file for portGmbH.I-Cube-SoM-uGOAL.1.1.0
2024-09-30 13:44:01,152 [WARN] PackLoader:240 - Cannot read IP mode file for STMicroelectronics.X-CUBE-ALS.1.0.1
2024-09-30 13:44:01,162 [WARN] PackLoader:240 - Cannot read IP mode file for STMicroelectronics.X-CUBE-AZRTOS-H7RS.1.0.0
2024-09-30 13:44:01,167 [WARN] PackLoader:240 - Cannot read IP mode file for STMicroelectronics.FP-ATR-ASTRA1.2.0.0
2024-09-30 13:44:01,173 [WARN] PackLoader:240 - Cannot read IP mode file for STMicroelectronics.X-CUBE-TOF1.3.4.2
2024-09-30 13:44:01,182 [WARN] PackLoader:240 - Cannot read IP mode file for STMicroelectronics.X-CUBE-TOF1.3.4.1
2024-09-30 13:44:01,197 [WARN] PackLoader:240 - Cannot read IP mode file for STMicroelectronics.X-CUBE-AZRTOS-H7.3.2.0
2024-09-30 13:44:01,206 [WARN] PackLoader:240 - Cannot read IP mode file for Infineon.AIROC-Wi-Fi-Bluetooth-STM32.1.6.0
2024-09-30 13:44:01,212 [WARN] PackLoader:240 - Cannot read IP mode file for wolfSSL.I-CUBE-wolfSSH.1.4.17
2024-09-30 13:44:01,212 [INFO] ThirdParty:978 - Integrity check success = true
2024-09-30 13:44:01,212 [INFO] IntegrityCheckThread:100 - exiting critical section [integrity check]
2024-09-30 13:44:01,213 [INFO] IntegrityCheckThread:103 - End integrity checks thread
2024-09-30 13:44:01,672 [INFO] WebApp:779 - Register for checkConnection events
2024-09-30 13:44:01,672 [INFO] WebApp:414 - Apply proxy settings
2024-09-30 13:44:01,672 [INFO] WebApp:499 - Chromium requires no authentication
2024-09-30 13:44:01,677 [INFO] WebApp:442 - Direct internet connection detected
2024-09-30 13:44:01,787 [INFO] WebApp:192 - Starting web application
2024-09-30 13:44:01,788 [INFO] WebApp:544 - Web application path used C:\ST\STM32CubeIDE_1.15.0\STM32CubeIDE\plugins\com.st.stm32cube.common.mx_6.11.1.202404110753\db\plugins\mcufinder\reactClient1\index.html
2024-09-30 13:44:15,854 [INFO] McuFinderGlobals:63 - Set McuFinder mode to 2 (CubeIDE integrated)
2024-09-30 13:44:15,858 [INFO] MainUpdater:2873 - connection check result : 10
2024-09-30 13:44:16,152 [INFO] ApiDb:581 - Connected to CubeFinder SQLite database (C:\Users\nicola.reat\.stmcufinder\plugins\mcufinder\mcu\cube-finder-db.db)
2024-09-30 13:44:16,194 [INFO] ApiDb:668 - CubeFinder database Data Model version=2.1
2024-09-30 13:44:16,194 [INFO] ApiDb:669 - CubeFinder database Configuration version=3.0.39
2024-09-30 13:44:16,195 [INFO] ApiDb:670 - CubeFinder database generation date=2024-09-16 (1726485674)
2024-09-30 13:44:16,195 [INFO] ApiDb:671 - CubeFinder database FW Pack versions=[FP-ATR-ASTRA1_V2.0.0, FP-SNS-FLIGHT1_V5.0.2, FP-SNS-MOTENV1_V5.0.0, FP-SNS-MOTENVWB1_V1.4.0, FP-SNS-SMARTAG2_V1.2.0, FP-SNS-STBOX1_V2.0.0, STM32Cube_FW_C0_V1.2.0, STM32Cube_FW_F4_V1.28.1, STM32Cube_FW_F7_V1.17.2, STM32Cube_FW_G0_V1.6.2, STM32Cube_FW_G4_V1.6.0, STM32Cube_FW_H5_V1.3.0, STM32Cube_FW_H7RS_V1.1.0, STM32Cube_FW_H7_V1.11.2, STM32Cube_FW_L0_V1.12.2, STM32Cube_FW_L5_V1.5.1, STM32Cube_FW_U0_V1.1.0, STM32Cube_FW_U5_V1.6.0, STM32Cube_FW_WB0_V1.0.0, STM32Cube_FW_WBA_V1.4.1, STM32Cube_FW_WB_V1.20.0, STM32Cube_FW_WL_V1.3.0, X-CUBE-ALGOBUILD_V1.4.0, X-CUBE-ALS_V1.0.2, X-CUBE-AZRTOS-F4_V1.1.0, X-CUBE-AZRTOS-F7_V1.1.0, X-CUBE-AZRTOS-G0_V1.1.0, X-CUBE-AZRTOS-G4_V2.0.0, X-CUBE-AZRTOS-H7RS_V1.0.0, X-CUBE-AZRTOS-H7_V3.2.0, X-CUBE-AZRTOS-L4_V2.0.0, X-CUBE-AZRTOS-L5_V2.0.0, X-CUBE-AZRTOS-WB_V2.0.0, X-CUBE-AZRTOS-WL_V2.0.0, X-CUBE-BLE1_V7.0.0, X-CUBE-BLE2_V3.3.0, X-CUBE-BLEMGR_V3.1.0, X-CUBE-EEPRMA1_V5.1.0, X-CUBE-FREERTOS_V1.2.0, X-CUBE-GNSS1_V6.0.0, X-CUBE-MEMS1_V11.0.0, X-CUBE-NFC4_V3.0.0, X-CUBE-NFC7_V1.0.1, X-CUBE-SFXS2LP1_V4.0.0, X-CUBE-SUBG2_V5.0.0, X-CUBE-TOF1_V3.4.2]
2024-09-30 13:44:16,234 [INFO] DbBoardsSqlite:226 - include board P-NUCLEO-WB55-NUCLEO as a kit item of type 'Nucleo-64'
2024-09-30 13:44:16,234 [INFO] DbBoardsSqlite:226 - include board P-NUCLEO-WB55-USBDONGLE as a kit item of type 'Nucleo USB Dongle'
2024-09-30 13:44:16,234 [INFO] DbBoardsSqlite:226 - include board STEVAL-IDP005V1 as a kit item of type 'Evaluation Board'
2024-09-30 13:44:16,234 [INFO] DbBoardsSqlite:226 - include board STEVAL-IDP005V2 as a kit item of type 'Evaluation Board'
2024-09-30 13:44:16,270 [INFO] ApiDb:240 - Found 483 in-development CPN: [B-G473E-ZEST1S, B-WB1M-WPAN1, B-WL5M-SUBG1, NUCLEO-C031C6, NUCLEO-H503RB, NUCLEO-H533RE, NUCLEO-H563ZI, NUCLEO-H7S3L8, NUCLEO-U031R8, NUCLEO-U083RC, NUCLEO-U545RE-Q, NUCLEO-U5A5ZJ-Q, NUCLEO-WBA52CG, NUCLEO-WBA55CG, STEVAL-PROTEUS1, STEVAL-SMARTAG2, STEVAL-STWINBX1, STM320518-EVAL, STM32C0116-DK, STM32C011D6Y3TR, STM32C011D6Y6TR, STM32C011F4P3, STM32C011F4P6, STM32C011F4U3, STM32C011F4U6TR, STM32C011F6P3, STM32C011F6P6, STM32C011F6U3, STM32C011F6U6TR, STM32C011J4M3, STM32C011J4M6, STM32C011J6M3, STM32C011J6M6, STM32C0316-DK, STM32C031C4T3, STM32C031C4T6, STM32C031C4U3, STM32C031C4U6, STM32C031C6T3, STM32C031C6T6, STM32C031C6U3, STM32C031C6U6, STM32C031F4P3, STM32C031F4P6, STM32C031F6P3, STM32C031F6P6, STM32C031G4U3, STM32C031G4U6, STM32C031G6U3, STM32C031G6U6, STM32C031K4T3, STM32C031K4T6, STM32C031K4U3, STM32C031K4U6, STM32C031K6T3, STM32C031K6T6, STM32C031K6U3, STM32C031K6U6, STM32G071K8TXN, STM32G071K8UXN, STM32G081GBU6N, STM32G081KBT6N, STM32G081KBUXN, STM32G0B1CCT6N, STM32G0B1KCT6, STM32G0B1NEY6TR, STM32G0B1RCT6N, STM32G0C1CCT6, STM32G0C1CCT6N, STM32G0C1CCU6N, STM32G0C1CET6N, STM32G0C1CEU6N, STM32G0C1KCT6, STM32G0C1NEY6TR, STM32G0C1RCI6N, STM32G0C1RCT6N, STM32G0C1REI6N, STM32G0C1RET6N, STM32G0C1VCI6, STM32G0C1VEI6, STM32G471CCT6, STM32G471CCU6, STM32G471CET3, STM32G471CET6, STM32G471CEU3, STM32G471CEU6, STM32G471MCT6, STM32G471MET3, STM32G471MET6, STM32G471MEY6TR, STM32G471QCT6, STM32G471QET3, STM32G471RCT6, STM32G471RET3, STM32G471RET6, STM32G471VCH6, STM32G471VCI6, STM32G471VCT6, STM32G471VEH3, STM32G471VEH6, STM32G471VEI3, STM32G471VEI6, STM32G471VET3, STM32G471VET6, STM32G474CCT6, STM32H503CBT6, STM32H503CBU6, STM32H503EBY6TR, STM32H503KBU6, STM32H503RBT6, STM32H523CCT6, STM32H523CCU6, STM32H523CET6, STM32H523CEU6, STM32H523HEY6TR, STM32H523RCT6, STM32H523RET6, STM32H523VCI6, STM32H523VCT6, STM32H523VEI6, STM32H523VET6, STM32H523ZCJ6, STM32H523ZCT6, STM32H523ZEJ6, STM32H523ZET6, STM32H533CET6, STM32H533CEU6, STM32H533HEY6TR, STM32H533RET6, STM32H533VEI6, STM32H533VET6, STM32H533ZEJ6, STM32H533ZET6, STM32H562AGI6, STM32H562AII6, STM32H562IGK6, STM32H562IGT6, STM32H562IIK6, STM32H562IIT6, STM32H562RGT6, STM32H562RGV6, STM32H562RIT6, STM32H562RIV6, STM32H562VGT6, STM32H562VIT6, STM32H562ZGT6, STM32H562ZIT6, STM32H563AGI6, STM32H563AII3Q, STM32H563AII6, STM32H563IGK6, STM32H563IGT6, STM32H563IIK3Q, STM32H563IIK6, STM32H563IIT3Q, STM32H563IIT6, STM32H563MIY3QTR, STM32H563RGT6, STM32H563RGV6, STM32H563RIT6, STM32H563RIV6, STM32H563VGT6, STM32H563VIT3Q, STM32H563VIT6, STM32H563ZGT6, STM32H563ZIT3Q, STM32H563ZIT6, STM32H573AII3Q, STM32H573AII6, STM32H573I-DK, STM32H573IIK3Q, STM32H573IIK6, STM32H573IIT3Q, STM32H573IIT6, STM32H573MIY3QTR, STM32H573RIT6, STM32H573RIV6, STM32H573VIT3Q, STM32H573VIT6, STM32H573ZIT3Q, STM32H573ZIT6, STM32H7R3A8I6, STM32H7R3I8K6, STM32H7R3I8T6, STM32H7R3L8H6, STM32H7R3L8H6H, STM32H7R3R8V6, STM32H7R3V8H6, STM32H7R3V8T6, STM32H7R3V8Y6, STM32H7R3Z8J6, STM32H7R3Z8T6, STM32H7R7A8I6, STM32H7R7I8K6, STM32H7R7I8T6, STM32H7R7L8H6, STM32H7R7L8H6H, STM32H7R7Z8J6, STM32H7S3A8I6, STM32H7S3I8K6, STM32H7S3I8T6, STM32H7S3L8H6, STM32H7S3L8H6H, STM32H7S3R8V6, STM32H7S3V8H6, STM32H7S3V8T6, STM32H7S3V8Y6, STM32H7S3Z8J6, STM32H7S3Z8T6, STM32H7S78-DK, STM32H7S7A8I6, STM32H7S7I8K6, STM32H7S7I8T6, STM32H7S7L8H6, STM32H7S7L8H6H, STM32H7S7Z8J6, STM32L4R5QGI6STR, STM32MP131AAE3, STM32MP131AAF3, STM32MP131AAG3, STM32MP131CAE3, STM32MP131CAF3, STM32MP131CAG3, STM32MP131DAE7, STM32MP131DAF7, STM32MP131DAG7, STM32MP131FAE7, STM32MP131FAF7, STM32MP131FAG7, STM32MP133AAE3, STM32MP133AAF3, STM32MP133AAG3, STM32MP133CAE3, STM32MP133CAF3, STM32MP133CAG3, STM32MP133DAE7, STM32MP133DAF7, STM32MP133DAG7, STM32MP133FAE7, STM32MP133FAF7, STM32MP133FAG7, STM32MP135AAE3, STM32MP135AAF3, STM32MP135AAG3, STM32MP135CAE3, STM32MP135CAF3, STM32MP135CAG3, STM32MP135DAE7, STM32MP135DAF7, STM32MP135DAG7, STM32MP135F-DK, STM32MP135FAE7, STM32MP135FAF7, STM32MP135FAF7T, STM32MP135FAF7U, STM32MP135FAG7, STM32U031C6T6, STM32U031C6U6, STM32U031C8T6, STM32U031C8U6, STM32U031F4P6, STM32U031F6P6, STM32U031F8P6, STM32U031G6Y6TR, STM32U031G8Y6TR, STM32U031K4U6, STM32U031K6U6, STM32U031K8U6, STM32U031R6I6, STM32U031R6T6, STM32U031R8I6, STM32U031R8T6, STM32U073C8T6, STM32U073C8U6, STM32U073CBT6, STM32U073CBU6, STM32U073CCT6, STM32U073CCU6, STM32U073H8Y6TR, STM32U073HBY6TR, STM32U073HCY6TR, STM32U073K8U6, STM32U073KBU6, STM32U073KCU6, STM32U073M8I6, STM32U073M8T6, STM32U073MBI6, STM32U073MBT6, STM32U073MCI6, STM32U073MCT6, STM32U073R8I6, STM32U073R8T6, STM32U073RBI6, STM32U073RBT6, STM32U073RCI6, STM32U073RCT6, STM32U083C-DK, STM32U083CCT6, STM32U083CCU6, STM32U083HCY6TR, STM32U083KCU6, STM32U083MCI6, STM32U083MCT6, STM32U083RCI6, STM32U083RCT6, STM32U535CBT6, STM32U535CBT6Q, STM32U535CBU6, STM32U535CBU6Q, STM32U535CCT6, STM32U535CCT6Q, STM32U535CCU6, STM32U535CCU6Q, STM32U535CET6, STM32U535CET6Q, STM32U535CEU6, STM32U535CEU6Q, STM32U535JEY6QTR, STM32U535NCY6QTR, STM32U535NEY6QTR, STM32U535RBI6, STM32U535RBI6Q, STM32U535RBT6, STM32U535RBT6Q, STM32U535RCI6, STM32U535RCI6Q, STM32U535RCT6, STM32U535RCT6Q, STM32U535REI6, STM32U535REI6Q, STM32U535RET6, STM32U535RET6Q, STM32U535VCI6, STM32U535VCI6Q, STM32U535VCT6, STM32U535VCT6Q, STM32U535VEI6, STM32U535VEI6Q, STM32U535VET6, STM32U535VET6Q, STM32U545CET6, STM32U545CET6Q, STM32U545CEU6, STM32U545CEU6Q, STM32U545JEY6QTR, STM32U545NEY6QTR, STM32U545REI6, STM32U545REI6Q, STM32U545RET6, STM32U545RET6Q, STM32U545VEI6, STM32U545VEI6Q, STM32U545VET6, STM32U545VET6Q, STM32U595AIH6, STM32U595AIH6Q, STM32U595AJH6, STM32U595AJH6Q, STM32U595QII6, STM32U595QII6Q, STM32U595QJI6, STM32U595QJI6Q, STM32U595RIT6, STM32U595RIT6Q, STM32U595RJT6, STM32U595RJT6Q, STM32U595VIT6, STM32U595VIT6Q, STM32U595VJT6, STM32U595VJT6Q, STM32U595ZIT6, STM32U595ZIT6Q, STM32U595ZIY6QTR, STM32U595ZJT6, STM32U595ZJT6Q, STM32U595ZJY6QTR, STM32U599BJY6QTR, STM32U599NIH6Q, STM32U599NJH6Q, STM32U599VIT6Q, STM32U599VJT6, STM32U599VJT6Q, STM32U599ZIT6Q, STM32U599ZIY6QTR, STM32U599ZJT6Q, STM32U599ZJY6QTR, STM32U5A5AJH6, STM32U5A5AJH6Q, STM32U5A5QII3Q , STM32U5A5QJI6, STM32U5A5QJI6Q, STM32U5A5RJT6, STM32U5A5RJT6Q, STM32U5A5VJT6, STM32U5A5VJT6Q, STM32U5A5ZJT6, STM32U5A5ZJT6Q, STM32U5A5ZJY6QTR, STM32U5A9BJY6QTR, STM32U5A9J-DK, STM32U5A9NJH6Q, STM32U5A9VJT6Q, STM32U5A9ZJT6Q, STM32U5A9ZJY6QTR, STM32U5F7VIT6, STM32U5F7VIT6Q, STM32U5F7VJT6, STM32U5F7VJT6Q, STM32U5F9BJY6QTR, STM32U5F9NJH6Q, STM32U5F9VIT6Q, STM32U5F9VJT6Q, STM32U5F9ZIJ6QTR, STM32U5F9ZIT6Q, STM32U5F9ZJJ6QTR, STM32U5F9ZJT6Q, STM32U5G7VJT6, STM32U5G7VJT6Q, STM32U5G9BJY6QTR, STM32U5G9J-DK1, STM32U5G9J-DK2, STM32U5G9NJH6Q, STM32U5G9VJT6Q, STM32U5G9ZJJ6QTR, STM32U5G9ZJT6Q, STM32WB1MMCH6, STM32WBA50KEU6, STM32WBA50KEU6TR, STM32WBA50KGU6, STM32WBA50KGU6TR, STM32WBA52CEU6, STM32WBA52CEU6TR, STM32WBA52CEU7, STM32WBA52CEU7TR, STM32WBA52CGU6, STM32WBA52CGU6TR, STM32WBA52CGU6U, STM32WBA52CGU7, STM32WBA52CGU7TR, STM32WBA52KEU6, STM32WBA52KEU6TR, STM32WBA52KGU6, STM32WBA52KGU6TR, STM32WBA54CEU6, STM32WBA54CEU6TR, STM32WBA54CEU7, STM32WBA54CEU7TR, STM32WBA54CGU6, STM32WBA54CGU6TR, STM32WBA54CGU7, STM32WBA54CGU7TR, STM32WBA54KEU6, STM32WBA54KEU6TR, STM32WBA54KEU7, STM32WBA54KEU7TR, STM32WBA54KGU6, STM32WBA54KGU6TR, STM32WBA54KGU7, STM32WBA54KGU7TR, STM32WBA55CEU6, STM32WBA55CEU6TR, STM32WBA55CEU7, STM32WBA55CEU7TR, STM32WBA55CGU6, STM32WBA55CGU6TR, STM32WBA55CGU6U, STM32WBA55CGU7, STM32WBA55CGU7TR, STM32WBA55G-DK1, STM32WBA55HEF6, STM32WBA55HEF7, STM32WBA55HGF6, STM32WBA55HGF7, STM32WBA55UEI6, STM32WBA55UEI6TR, STM32WBA55UEI7, STM32WBA55UEI7TR, STM32WBA55UGI6, STM32WBA55UGI6TR, STM32WBA55UGI7, STM32WBA55UGI7TR, STM32WL5MOCH6, STM32WL5MOCH6TR]
2024-09-30 13:44:16,272 [INFO] ApiDb:668 - CubeFinder database Data Model version=2.1
2024-09-30 13:44:16,272 [INFO] ApiDb:669 - CubeFinder database Configuration version=3.0.39
2024-09-30 13:44:16,272 [INFO] ApiDb:670 - CubeFinder database generation date=2024-09-16 (1726485674)
2024-09-30 13:44:16,272 [INFO] ApiDb:671 - CubeFinder database FW Pack versions=[FP-ATR-ASTRA1_V2.0.0, FP-SNS-FLIGHT1_V5.0.2, FP-SNS-MOTENV1_V5.0.0, FP-SNS-MOTENVWB1_V1.4.0, FP-SNS-SMARTAG2_V1.2.0, FP-SNS-STBOX1_V2.0.0, STM32Cube_FW_C0_V1.2.0, STM32Cube_FW_F4_V1.28.1, STM32Cube_FW_F7_V1.17.2, STM32Cube_FW_G0_V1.6.2, STM32Cube_FW_G4_V1.6.0, STM32Cube_FW_H5_V1.3.0, STM32Cube_FW_H7RS_V1.1.0, STM32Cube_FW_H7_V1.11.2, STM32Cube_FW_L0_V1.12.2, STM32Cube_FW_L5_V1.5.1, STM32Cube_FW_U0_V1.1.0, STM32Cube_FW_U5_V1.6.0, STM32Cube_FW_WB0_V1.0.0, STM32Cube_FW_WBA_V1.4.1, STM32Cube_FW_WB_V1.20.0, STM32Cube_FW_WL_V1.3.0, X-CUBE-ALGOBUILD_V1.4.0, X-CUBE-ALS_V1.0.2, X-CUBE-AZRTOS-F4_V1.1.0, X-CUBE-AZRTOS-F7_V1.1.0, X-CUBE-AZRTOS-G0_V1.1.0, X-CUBE-AZRTOS-G4_V2.0.0, X-CUBE-AZRTOS-H7RS_V1.0.0, X-CUBE-AZRTOS-H7_V3.2.0, X-CUBE-AZRTOS-L4_V2.0.0, X-CUBE-AZRTOS-L5_V2.0.0, X-CUBE-AZRTOS-WB_V2.0.0, X-CUBE-AZRTOS-WL_V2.0.0, X-CUBE-BLE1_V7.0.0, X-CUBE-BLE2_V3.3.0, X-CUBE-BLEMGR_V3.1.0, X-CUBE-EEPRMA1_V5.1.0, X-CUBE-FREERTOS_V1.2.0, X-CUBE-GNSS1_V6.0.0, X-CUBE-MEMS1_V11.0.0, X-CUBE-NFC4_V3.0.0, X-CUBE-NFC7_V1.0.1, X-CUBE-SFXS2LP1_V4.0.0, X-CUBE-SUBG2_V5.0.0, X-CUBE-TOF1_V3.4.2]
2024-09-30 13:44:17,333 [INFO] ApiDb:240 - Found 483 in-development CPN: [B-G473E-ZEST1S, B-WB1M-WPAN1, B-WL5M-SUBG1, NUCLEO-C031C6, NUCLEO-H503RB, NUCLEO-H533RE, NUCLEO-H563ZI, NUCLEO-H7S3L8, NUCLEO-U031R8, NUCLEO-U083RC, NUCLEO-U545RE-Q, NUCLEO-U5A5ZJ-Q, NUCLEO-WBA52CG, NUCLEO-WBA55CG, STEVAL-PROTEUS1, STEVAL-SMARTAG2, STEVAL-STWINBX1, STM320518-EVAL, STM32C0116-DK, STM32C011D6Y3TR, STM32C011D6Y6TR, STM32C011F4P3, STM32C011F4P6, STM32C011F4U3, STM32C011F4U6TR, STM32C011F6P3, STM32C011F6P6, STM32C011F6U3, STM32C011F6U6TR, STM32C011J4M3, STM32C011J4M6, STM32C011J6M3, STM32C011J6M6, STM32C0316-DK, STM32C031C4T3, STM32C031C4T6, STM32C031C4U3, STM32C031C4U6, STM32C031C6T3, STM32C031C6T6, STM32C031C6U3, STM32C031C6U6, STM32C031F4P3, STM32C031F4P6, STM32C031F6P3, STM32C031F6P6, STM32C031G4U3, STM32C031G4U6, STM32C031G6U3, STM32C031G6U6, STM32C031K4T3, STM32C031K4T6, STM32C031K4U3, STM32C031K4U6, STM32C031K6T3, STM32C031K6T6, STM32C031K6U3, STM32C031K6U6, STM32G071K8TXN, STM32G071K8UXN, STM32G081GBU6N, STM32G081KBT6N, STM32G081KBUXN, STM32G0B1CCT6N, STM32G0B1KCT6, STM32G0B1NEY6TR, STM32G0B1RCT6N, STM32G0C1CCT6, STM32G0C1CCT6N, STM32G0C1CCU6N, STM32G0C1CET6N, STM32G0C1CEU6N, STM32G0C1KCT6, STM32G0C1NEY6TR, STM32G0C1RCI6N, STM32G0C1RCT6N, STM32G0C1REI6N, STM32G0C1RET6N, STM32G0C1VCI6, STM32G0C1VEI6, STM32G471CCT6, STM32G471CCU6, STM32G471CET3, STM32G471CET6, STM32G471CEU3, STM32G471CEU6, STM32G471MCT6, STM32G471MET3, STM32G471MET6, STM32G471MEY6TR, STM32G471QCT6, STM32G471QET3, STM32G471RCT6, STM32G471RET3, STM32G471RET6, STM32G471VCH6, STM32G471VCI6, STM32G471VCT6, STM32G471VEH3, STM32G471VEH6, STM32G471VEI3, STM32G471VEI6, STM32G471VET3, STM32G471VET6, STM32G474CCT6, STM32H503CBT6, STM32H503CBU6, STM32H503EBY6TR, STM32H503KBU6, STM32H503RBT6, STM32H523CCT6, STM32H523CCU6, STM32H523CET6, STM32H523CEU6, STM32H523HEY6TR, STM32H523RCT6, STM32H523RET6, STM32H523VCI6, STM32H523VCT6, STM32H523VEI6, STM32H523VET6, STM32H523ZCJ6, STM32H523ZCT6, STM32H523ZEJ6, STM32H523ZET6, STM32H533CET6, STM32H533CEU6, STM32H533HEY6TR, STM32H533RET6, STM32H533VEI6, STM32H533VET6, STM32H533ZEJ6, STM32H533ZET6, STM32H562AGI6, STM32H562AII6, STM32H562IGK6, STM32H562IGT6, STM32H562IIK6, STM32H562IIT6, STM32H562RGT6, STM32H562RGV6, STM32H562RIT6, STM32H562RIV6, STM32H562VGT6, STM32H562VIT6, STM32H562ZGT6, STM32H562ZIT6, STM32H563AGI6, STM32H563AII3Q, STM32H563AII6, STM32H563IGK6, STM32H563IGT6, STM32H563IIK3Q, STM32H563IIK6, STM32H563IIT3Q, STM32H563IIT6, STM32H563MIY3QTR, STM32H563RGT6, STM32H563RGV6, STM32H563RIT6, STM32H563RIV6, STM32H563VGT6, STM32H563VIT3Q, STM32H563VIT6, STM32H563ZGT6, STM32H563ZIT3Q, STM32H563ZIT6, STM32H573AII3Q, STM32H573AII6, STM32H573I-DK, STM32H573IIK3Q, STM32H573IIK6, STM32H573IIT3Q, STM32H573IIT6, STM32H573MIY3QTR, STM32H573RIT6, STM32H573RIV6, STM32H573VIT3Q, STM32H573VIT6, STM32H573ZIT3Q, STM32H573ZIT6, STM32H7R3A8I6, STM32H7R3I8K6, STM32H7R3I8T6, STM32H7R3L8H6, STM32H7R3L8H6H, STM32H7R3R8V6, STM32H7R3V8H6, STM32H7R3V8T6, STM32H7R3V8Y6, STM32H7R3Z8J6, STM32H7R3Z8T6, STM32H7R7A8I6, STM32H7R7I8K6, STM32H7R7I8T6, STM32H7R7L8H6, STM32H7R7L8H6H, STM32H7R7Z8J6, STM32H7S3A8I6, STM32H7S3I8K6, STM32H7S3I8T6, STM32H7S3L8H6, STM32H7S3L8H6H, STM32H7S3R8V6, STM32H7S3V8H6, STM32H7S3V8T6, STM32H7S3V8Y6, STM32H7S3Z8J6, STM32H7S3Z8T6, STM32H7S78-DK, STM32H7S7A8I6, STM32H7S7I8K6, STM32H7S7I8T6, STM32H7S7L8H6, STM32H7S7L8H6H, STM32H7S7Z8J6, STM32L4R5QGI6STR, STM32MP131AAE3, STM32MP131AAF3, STM32MP131AAG3, STM32MP131CAE3, STM32MP131CAF3, STM32MP131CAG3, STM32MP131DAE7, STM32MP131DAF7, STM32MP131DAG7, STM32MP131FAE7, STM32MP131FAF7, STM32MP131FAG7, STM32MP133AAE3, STM32MP133AAF3, STM32MP133AAG3, STM32MP133CAE3, STM32MP133CAF3, STM32MP133CAG3, STM32MP133DAE7, STM32MP133DAF7, STM32MP133DAG7, STM32MP133FAE7, STM32MP133FAF7, STM32MP133FAG7, STM32MP135AAE3, STM32MP135AAF3, STM32MP135AAG3, STM32MP135CAE3, STM32MP135CAF3, STM32MP135CAG3, STM32MP135DAE7, STM32MP135DAF7, STM32MP135DAG7, STM32MP135F-DK, STM32MP135FAE7, STM32MP135FAF7, STM32MP135FAF7T, STM32MP135FAF7U, STM32MP135FAG7, STM32U031C6T6, STM32U031C6U6, STM32U031C8T6, STM32U031C8U6, STM32U031F4P6, STM32U031F6P6, STM32U031F8P6, STM32U031G6Y6TR, STM32U031G8Y6TR, STM32U031K4U6, STM32U031K6U6, STM32U031K8U6, STM32U031R6I6, STM32U031R6T6, STM32U031R8I6, STM32U031R8T6, STM32U073C8T6, STM32U073C8U6, STM32U073CBT6, STM32U073CBU6, STM32U073CCT6, STM32U073CCU6, STM32U073H8Y6TR, STM32U073HBY6TR, STM32U073HCY6TR, STM32U073K8U6, STM32U073KBU6, STM32U073KCU6, STM32U073M8I6, STM32U073M8T6, STM32U073MBI6, STM32U073MBT6, STM32U073MCI6, STM32U073MCT6, STM32U073R8I6, STM32U073R8T6, STM32U073RBI6, STM32U073RBT6, STM32U073RCI6, STM32U073RCT6, STM32U083C-DK, STM32U083CCT6, STM32U083CCU6, STM32U083HCY6TR, STM32U083KCU6, STM32U083MCI6, STM32U083MCT6, STM32U083RCI6, STM32U083RCT6, STM32U535CBT6, STM32U535CBT6Q, STM32U535CBU6, STM32U535CBU6Q, STM32U535CCT6, STM32U535CCT6Q, STM32U535CCU6, STM32U535CCU6Q, STM32U535CET6, STM32U535CET6Q, STM32U535CEU6, STM32U535CEU6Q, STM32U535JEY6QTR, STM32U535NCY6QTR, STM32U535NEY6QTR, STM32U535RBI6, STM32U535RBI6Q, STM32U535RBT6, STM32U535RBT6Q, STM32U535RCI6, STM32U535RCI6Q, STM32U535RCT6, STM32U535RCT6Q, STM32U535REI6, STM32U535REI6Q, STM32U535RET6, STM32U535RET6Q, STM32U535VCI6, STM32U535VCI6Q, STM32U535VCT6, STM32U535VCT6Q, STM32U535VEI6, STM32U535VEI6Q, STM32U535VET6, STM32U535VET6Q, STM32U545CET6, STM32U545CET6Q, STM32U545CEU6, STM32U545CEU6Q, STM32U545JEY6QTR, STM32U545NEY6QTR, STM32U545REI6, STM32U545REI6Q, STM32U545RET6, STM32U545RET6Q, STM32U545VEI6, STM32U545VEI6Q, STM32U545VET6, STM32U545VET6Q, STM32U595AIH6, STM32U595AIH6Q, STM32U595AJH6, STM32U595AJH6Q, STM32U595QII6, STM32U595QII6Q, STM32U595QJI6, STM32U595QJI6Q, STM32U595RIT6, STM32U595RIT6Q, STM32U595RJT6, STM32U595RJT6Q, STM32U595VIT6, STM32U595VIT6Q, STM32U595VJT6, STM32U595VJT6Q, STM32U595ZIT6, STM32U595ZIT6Q, STM32U595ZIY6QTR, STM32U595ZJT6, STM32U595ZJT6Q, STM32U595ZJY6QTR, STM32U599BJY6QTR, STM32U599NIH6Q, STM32U599NJH6Q, STM32U599VIT6Q, STM32U599VJT6, STM32U599VJT6Q, STM32U599ZIT6Q, STM32U599ZIY6QTR, STM32U599ZJT6Q, STM32U599ZJY6QTR, STM32U5A5AJH6, STM32U5A5AJH6Q, STM32U5A5QII3Q , STM32U5A5QJI6, STM32U5A5QJI6Q, STM32U5A5RJT6, STM32U5A5RJT6Q, STM32U5A5VJT6, STM32U5A5VJT6Q, STM32U5A5ZJT6, STM32U5A5ZJT6Q, STM32U5A5ZJY6QTR, STM32U5A9BJY6QTR, STM32U5A9J-DK, STM32U5A9NJH6Q, STM32U5A9VJT6Q, STM32U5A9ZJT6Q, STM32U5A9ZJY6QTR, STM32U5F7VIT6, STM32U5F7VIT6Q, STM32U5F7VJT6, STM32U5F7VJT6Q, STM32U5F9BJY6QTR, STM32U5F9NJH6Q, STM32U5F9VIT6Q, STM32U5F9VJT6Q, STM32U5F9ZIJ6QTR, STM32U5F9ZIT6Q, STM32U5F9ZJJ6QTR, STM32U5F9ZJT6Q, STM32U5G7VJT6, STM32U5G7VJT6Q, STM32U5G9BJY6QTR, STM32U5G9J-DK1, STM32U5G9J-DK2, STM32U5G9NJH6Q, STM32U5G9VJT6Q, STM32U5G9ZJJ6QTR, STM32U5G9ZJT6Q, STM32WB1MMCH6, STM32WBA50KEU6, STM32WBA50KEU6TR, STM32WBA50KGU6, STM32WBA50KGU6TR, STM32WBA52CEU6, STM32WBA52CEU6TR, STM32WBA52CEU7, STM32WBA52CEU7TR, STM32WBA52CGU6, STM32WBA52CGU6TR, STM32WBA52CGU6U, STM32WBA52CGU7, STM32WBA52CGU7TR, STM32WBA52KEU6, STM32WBA52KEU6TR, STM32WBA52KGU6, STM32WBA52KGU6TR, STM32WBA54CEU6, STM32WBA54CEU6TR, STM32WBA54CEU7, STM32WBA54CEU7TR, STM32WBA54CGU6, STM32WBA54CGU6TR, STM32WBA54CGU7, STM32WBA54CGU7TR, STM32WBA54KEU6, STM32WBA54KEU6TR, STM32WBA54KEU7, STM32WBA54KEU7TR, STM32WBA54KGU6, STM32WBA54KGU6TR, STM32WBA54KGU7, STM32WBA54KGU7TR, STM32WBA55CEU6, STM32WBA55CEU6TR, STM32WBA55CEU7, STM32WBA55CEU7TR, STM32WBA55CGU6, STM32WBA55CGU6TR, STM32WBA55CGU6U, STM32WBA55CGU7, STM32WBA55CGU7TR, STM32WBA55G-DK1, STM32WBA55HEF6, STM32WBA55HEF7, STM32WBA55HGF6, STM32WBA55HGF7, STM32WBA55UEI6, STM32WBA55UEI6TR, STM32WBA55UEI7, STM32WBA55UEI7TR, STM32WBA55UGI6, STM32WBA55UGI6TR, STM32WBA55UGI7, STM32WBA55UGI7TR, STM32WL5MOCH6, STM32WL5MOCH6TR]
2024-09-30 13:44:17,336 [INFO] DbMcus:218 - Found 4204 MCUs, 4204 are supported
2024-09-30 13:44:17,337 [INFO] ApiDb:423 - Load user favorites file C:\Users\nicola.reat/.stm32cubeide/favorites.mcus.txt: 0 item(s)
2024-09-30 13:44:17,338 [INFO] ApiDb:427 - User favorites MCUs=[]
2024-09-30 13:44:17,338 [INFO] DbMcus:224 - Set 0 / 0 favorites MCUs
2024-09-30 13:44:17,564 [INFO] BoardInfo:889 - No configuration file found for board NUCLEO-WB05KZ
2024-09-30 13:44:17,565 [INFO] DbBoards:161 - Board is not supported: NUCLEO-WB05KZ
2024-09-30 13:44:17,565 [INFO] BoardInfo:889 - No configuration file found for board NUCLEO-WB07CC
2024-09-30 13:44:17,565 [INFO] DbBoards:161 - Board is not supported: NUCLEO-WB07CC
2024-09-30 13:44:17,567 [INFO] BoardInfo:889 - No configuration file found for board NUCLEO-WB09KE
2024-09-30 13:44:17,567 [INFO] DbBoards:161 - Board is not supported: NUCLEO-WB09KE
2024-09-30 13:44:17,574 [INFO] BoardInfo:889 - No configuration file found for board P-NUCLEO-WB55
2024-09-30 13:44:17,574 [INFO] DbBoards:161 - Kit is not supported: P-NUCLEO-WB55
2024-09-30 13:44:17,577 [INFO] BoardInfo:889 - No configuration file found for board STEVAL-BFA001V1B
2024-09-30 13:44:17,577 [INFO] DbBoards:161 - Kit is not supported: STEVAL-BFA001V1B
2024-09-30 13:44:17,578 [INFO] BoardInfo:889 - No configuration file found for board STEVAL-BFA001V2B
2024-09-30 13:44:17,578 [INFO] DbBoards:161 - Kit is not supported: STEVAL-BFA001V2B
2024-09-30 13:44:17,671 [INFO] BoardInfo:889 - No configuration file found for board STM32MP257F-DK
2024-09-30 13:44:17,672 [INFO] DbBoards:161 - Board is not supported: STM32MP257F-DK
2024-09-30 13:44:17,672 [INFO] BoardInfo:889 - No configuration file found for board STM32MP257F-EV1
2024-09-30 13:44:17,673 [INFO] DbBoards:161 - Board is not supported: STM32MP257F-EV1
2024-09-30 13:44:17,679 [INFO] DbBoards:168 - Found 200 boards, 192 are supported
2024-09-30 13:44:17,679 [INFO] DbBoards:169 - Found 200 boards, 8 of them is supported for  Bsp
2024-09-30 13:44:17,682 [INFO] ApiDb:423 - Load user favorites file C:\Users\nicola.reat/.stm32cubeide/favorites.boards.txt: 0 item(s)
2024-09-30 13:44:17,682 [INFO] ApiDb:427 - User favorites Boards=[]
2024-09-30 13:44:17,682 [INFO] DbBoards:198 - Set 0 / 0 favorites Boards
2024-09-30 13:44:17,683 [INFO] McuFinderGlobals:76 - Set McuFinderConnectedMode to true
2024-09-30 13:44:17,687 [INFO] MultiScanPanel:200 - Auto-refresh data requested => check proxy status ongoing
2024-09-30 13:44:17,688 [INFO] FinderPluginLoader:95 - Searching for filters in installed packs
2024-09-30 13:44:18,760 [INFO] LoadUrlFilesThread:185 - End of LoadServerUrlFiles without Thread
2024-09-30 13:44:18,782 [INFO] DetailPanel:341 - Set advertising image to C:/Users/nicola.reat/STM32Cube/Repository/\en.prom-stm32c071-usb-memories-mcu-finder.png
2024-09-30 13:44:30,860 [INFO] MainUpdater:2873 - connection check result : 10
2024-09-30 13:44:30,861 [INFO] MainUpdater:2873 - connection check result : 10
2024-09-30 13:44:30,879 [INFO] MicroXplorer:468 - Change Database Path : 
2024-09-30 13:44:30,879 [INFO] MicroXplorer:498 - Change Database Version : DB.6.0.111
2024-09-30 13:44:30,883 [WARN] ThirdParty:871 - waiting for thirdparty lock release [close project]
2024-09-30 13:44:30,883 [INFO] ThirdParty:873 - entering critical section [close project]
2024-09-30 13:44:30,885 [INFO] ThirdParty:883 - exiting critical section [close project]
2024-09-30 13:44:30,887 [INFO] PinOutPanel:1561 - setPackage(No Configuration,No Configuration)
2024-09-30 13:44:30,890 [INFO] UtilMem:75 - Begin LoadConfig() Used Memory: 381662784 Bytes (654311424)
2024-09-30 13:44:30,892 [INFO] MicroXplorer:468 - Change Database Path : 
2024-09-30 13:44:30,892 [INFO] MicroXplorer:498 - Change Database Version : DB.6.0.111
2024-09-30 13:44:30,892 [INFO] OpenFileManager:312 - Change cursor
2024-09-30 13:44:30,916 [INFO] Mcu:2021 - Initializing MCU STM32F446R(C-E)Tx STM32F446RETx STM32F446RET6
2024-09-30 13:44:32,228 [INFO] Context:663 - Trying to add GPIOservice into a context  which must be forbidden
2024-09-30 13:44:32,663 [INFO] RtosManager:555 - Registered RTOS mode: class=CMSIS, group=RTOS, mode=CMSIS_V1, owner=FREERTOS
2024-09-30 13:44:32,663 [INFO] RtosManager:555 - Registered RTOS mode: class=CMSIS, group=RTOS2, mode=CMSIS_V2, owner=FREERTOS
2024-09-30 13:44:32,663 [INFO] RtosManager:555 - Registered RTOS mode: class=RTOS, group=Core, mode=CMSIS_V1, owner=FREERTOS
2024-09-30 13:44:32,664 [INFO] RtosManager:555 - Registered RTOS mode: class=RTOS, group=Core, mode=CMSIS_V2, owner=FREERTOS
2024-09-30 13:44:32,664 [WARN] ModelIntegratedComponent:184 - Missing modes for component STMicroelectronics:FreeRTOS:0.0.1:STMicroelectronics:RTOS:FreeRTOS:Core:::10.2.0:
2024-09-30 13:44:32,678 [WARN] ModelIntegratedComponent:63 - No mode defined for component null
2024-09-30 13:44:32,678 [WARN] ModelIntegratedComponent:63 - No mode defined for component null
2024-09-30 13:44:32,678 [WARN] ModelIntegratedComponent:63 - No mode defined for component null
2024-09-30 13:44:32,678 [WARN] ModelIntegratedComponent:63 - No mode defined for component null
2024-09-30 13:44:32,678 [WARN] ModelIntegratedComponent:63 - No mode defined for component null
2024-09-30 13:44:32,678 [WARN] ModelIntegratedComponent:63 - No mode defined for component null
2024-09-30 13:44:32,678 [WARN] ModelIntegratedComponent:63 - No mode defined for component null
2024-09-30 13:44:32,678 [WARN] ModelIntegratedComponent:63 - No mode defined for component null
2024-09-30 13:44:32,678 [WARN] ModelIntegratedComponent:63 - No mode defined for component null
2024-09-30 13:44:32,678 [WARN] ModelIntegratedComponent:63 - No mode defined for component null
2024-09-30 13:44:32,678 [WARN] ModelIntegratedComponent:63 - No mode defined for component null
2024-09-30 13:44:32,678 [WARN] ModelIntegratedComponent:63 - No mode defined for component null
2024-09-30 13:44:32,678 [WARN] ModelIntegratedComponent:63 - No mode defined for component null
2024-09-30 13:44:32,678 [WARN] ModelIntegratedComponent:63 - No mode defined for component null
2024-09-30 13:44:32,678 [WARN] ModelIntegratedComponent:63 - No mode defined for component null
2024-09-30 13:44:32,678 [WARN] ModelIntegratedComponent:63 - No mode defined for component null
2024-09-30 13:44:32,678 [WARN] ModelIntegratedComponent:63 - No mode defined for component null
2024-09-30 13:44:32,678 [WARN] ModelIntegratedComponent:63 - No mode defined for component null
2024-09-30 13:44:32,678 [WARN] ModelIntegratedComponent:63 - No mode defined for component null
2024-09-30 13:44:32,678 [WARN] ModelIntegratedComponent:63 - No mode defined for component null
2024-09-30 13:44:32,678 [WARN] ModelIntegratedComponent:63 - No mode defined for component null
2024-09-30 13:44:32,678 [WARN] ModelIntegratedComponent:63 - No mode defined for component null
2024-09-30 13:44:32,678 [WARN] ModelIntegratedComponent:63 - No mode defined for component null
2024-09-30 13:44:32,678 [WARN] ModelIntegratedComponent:63 - No mode defined for component null
2024-09-30 13:44:32,678 [WARN] ModelIntegratedComponent:63 - No mode defined for component null
2024-09-30 13:44:32,678 [WARN] ModelIntegratedComponent:63 - No mode defined for component null
2024-09-30 13:44:32,678 [WARN] ModelIntegratedComponent:63 - No mode defined for component null
2024-09-30 13:44:32,678 [WARN] ModelIntegratedComponent:63 - No mode defined for component null
2024-09-30 13:44:32,679 [WARN] ModelIntegratedComponent:63 - No mode defined for component null
2024-09-30 13:44:32,679 [WARN] ModelIntegratedComponent:63 - No mode defined for component null
2024-09-30 13:44:32,679 [WARN] ModelIntegratedComponent:63 - No mode defined for component null
2024-09-30 13:44:32,679 [WARN] ModelIntegratedComponent:63 - No mode defined for component null
2024-09-30 13:44:32,679 [WARN] ModelIntegratedComponent:63 - No mode defined for component null
2024-09-30 13:44:32,679 [WARN] ModelIntegratedComponent:63 - No mode defined for component null
2024-09-30 13:44:32,761 [INFO] ThirdPartyModel:298 - Start build external matchings
2024-09-30 13:44:33,292 [INFO] ThirdPartyModel:316 - End build external matchings
2024-09-30 13:44:33,304 [INFO] ImportTextPane:194 - (OptionalMessage_ERROR) IP (RCC) : Invalid parameter (48MHZClocksFreq_Value)
2024-09-30 13:44:33,305 [INFO] ImportTextPane:194 - (OptionalMessage_ERROR) IP (RCC) : Invalid parameter (EthernetFreq_Value)
2024-09-30 13:44:33,306 [INFO] ImportTextPane:194 - (OptionalMessage_ERROR) IP (RCC) : Parameter (FLatency) has Id (AdvancedSettings) currently not set
2024-09-30 13:44:33,306 [INFO] ImportTextPane:194 - (OptionalMessage_ERROR) IP (RCC) : Invalid parameter (FamilyName)
2024-09-30 13:44:33,306 [INFO] ImportTextPane:194 - (OptionalMessage_ERROR) IP (RCC) : Invalid parameter (I2SClocksFreq_Value)
2024-09-30 13:44:33,306 [INFO] ImportTextPane:194 - (OptionalMessage_ERROR) IP (RCC) : Parameter (MCO2PinFreq_Value) has invalid value (180000000)
2024-09-30 13:44:33,307 [INFO] ImportTextPane:194 - (OptionalMessage_ERROR) IP (RCC) : Parameter (SDIOFreq_Value) has invalid value (180000000)
2024-09-30 13:44:33,307 [INFO] ImportTextPane:194 - (OptionalMessage_ERROR) IP (RCC) : Parameter (USBFreq_Value) has invalid value (180000000)
2024-09-30 13:44:33,307 [INFO] ImportTextPane:194 - (OptionalMessage_ERROR) IP (RCC) : Invalid parameter (VCOInputMFreq_Value)
2024-09-30 13:44:33,307 [INFO] ImportTextPane:194 - (OptionalMessage_ERROR) IP (RCC) : Invalid parameter (VcooutputI2S)
2024-09-30 13:44:33,618 [INFO] UtilMem:75 - End LoadConfig() Used Memory: 707896456 Bytes (823132160)
2024-09-30 13:44:33,698 [WARN] ThirdParty:833 - waiting for thirdparty lock release [change project]
2024-09-30 13:44:33,698 [INFO] ThirdParty:835 - entering critical section [change project]
2024-09-30 13:44:33,699 [INFO] ThirdParty:1030 - CMSIS Pack Vendor :STMicroelectronics USBPD 4.1
2024-09-30 13:44:33,699 [INFO] ThirdParty:1030 - CMSIS Pack Vendor :STMicroelectronics X-CUBE-AZRTOS-H7 3.3.0
2024-09-30 13:44:33,699 [INFO] ThirdParty:1030 - CMSIS Pack Vendor :STMicroelectronics X-CUBE-NFC9 1.0.0
2024-09-30 13:44:33,699 [INFO] ThirdParty:1030 - CMSIS Pack Vendor :STMicroelectronics X-CUBE-GNSS1 6.0.0
2024-09-30 13:44:33,699 [INFO] ThirdParty:1030 - CMSIS Pack Vendor :STMicroelectronics USB_HOST 2.0.0
2024-09-30 13:44:33,699 [INFO] ThirdParty:1030 - CMSIS Pack Vendor :STMicroelectronics FP-SNS-MOTENVWB1 1.4.0
2024-09-30 13:44:33,699 [INFO] ThirdParty:1030 - CMSIS Pack Vendor :STMicroelectronics X-CUBE-AZRTOS-F4 1.1.0
2024-09-30 13:44:33,699 [INFO] ThirdParty:1030 - CMSIS Pack Vendor :STMicroelectronics LIBJPEG 8.0.0
2024-09-30 13:44:33,699 [INFO] ThirdParty:1030 - CMSIS Pack Vendor :STMicroelectronics X-CUBE-SMBUS 2.1.0
2024-09-30 13:44:33,699 [INFO] ThirdParty:1030 - CMSIS Pack Vendor :STMicroelectronics USB_DEVICE 3.0.0
2024-09-30 13:44:33,699 [INFO] ThirdParty:1030 - CMSIS Pack Vendor :STMicroelectronics X-CUBE-TCPP 4.1.0
2024-09-30 13:44:33,699 [INFO] ThirdParty:1030 - CMSIS Pack Vendor :STMicroelectronics X-CUBE-ISPU 2.1.0
2024-09-30 13:44:33,699 [INFO] ThirdParty:1030 - CMSIS Pack Vendor :STMicroelectronics X-CUBE-FREERTOS 1.2.0
2024-09-30 13:44:33,699 [INFO] ThirdParty:1030 - CMSIS Pack Vendor :STMicroelectronics X-CUBE-AZRTOS-WB 2.0.0
2024-09-30 13:44:33,699 [INFO] ThirdParty:1030 - CMSIS Pack Vendor :STMicroelectronics X-CUBE-GNSS1 7.0.0
2024-09-30 13:44:33,699 [INFO] ThirdParty:1030 - CMSIS Pack Vendor :STMicroelectronics X-CUBE-TOUCHGFX 4.23.2
2024-09-30 13:44:33,699 [INFO] ThirdParty:1030 - CMSIS Pack Vendor :STMicroelectronics X-CUBE-AZRTOS-F7 1.1.0
2024-09-30 13:44:33,699 [INFO] ThirdParty:1030 - CMSIS Pack Vendor :STMicroelectronics X-CUBE-AZRTOS-L5 2.0.0
2024-09-30 13:44:33,699 [INFO] ThirdParty:1030 - CMSIS Pack Vendor :STMicroelectronics USB_DEVICE 2.0.0
2024-09-30 13:44:33,699 [INFO] ThirdParty:1030 - CMSIS Pack Vendor :STMicroelectronics X-CUBE-NFC6 3.1.0
2024-09-30 13:44:33,699 [INFO] ThirdParty:1030 - CMSIS Pack Vendor :STMicroelectronics FP-SNS-STBOX1 2.0.0
2024-09-30 13:44:33,699 [INFO] ThirdParty:1030 - CMSIS Pack Vendor :STMicroelectronics X-CUBE-ALGOBUILD 1.3.0
2024-09-30 13:44:33,699 [INFO] ThirdParty:1030 - CMSIS Pack Vendor :STMicroelectronics X-CUBE-MEMS1 11.0.0
2024-09-30 13:44:33,699 [INFO] ThirdParty:1030 - CMSIS Pack Vendor :STMicroelectronics FreeRTOS 0.0.1
2024-09-30 13:44:33,699 [INFO] ThirdParty:1030 - CMSIS Pack Vendor :STMicroelectronics X-CUBE-AZRTOS-G0 1.1.0
2024-09-30 13:44:33,699 [INFO] ThirdParty:1030 - CMSIS Pack Vendor :STMicroelectronics X-CUBE-SAFEA1 1.2.2
2024-09-30 13:44:33,699 [INFO] ThirdParty:1030 - CMSIS Pack Vendor :STMicroelectronics X-CUBE-NFC4 3.0.0
2024-09-30 13:44:33,699 [INFO] ThirdParty:1030 - CMSIS Pack Vendor :STMicroelectronics X-CUBE-DPower 1.2.0
2024-09-30 13:44:33,699 [INFO] ThirdParty:1030 - CMSIS Pack Vendor :STMicroelectronics X-CUBE-SUBG2 5.0.0
2024-09-30 13:44:33,699 [INFO] ThirdParty:1030 - CMSIS Pack Vendor :STMicroelectronics STM32_WPAN 1.0.0
2024-09-30 13:44:33,699 [INFO] ThirdParty:1030 - CMSIS Pack Vendor :wolfSSL I-CUBE-wolfMQTT 1.18.0
2024-09-30 13:44:33,699 [INFO] ThirdParty:1030 - CMSIS Pack Vendor :EmbeddedOffice I-CUBE-FS-RTOS 1.0.1
2024-09-30 13:44:33,700 [INFO] ThirdParty:1030 - CMSIS Pack Vendor :STMicroelectronics lwIP 2.0.3
2024-09-30 13:44:33,700 [INFO] ThirdParty:1030 - CMSIS Pack Vendor :STMicroelectronics FP-SNS-FLIGHT1 5.0.2
2024-09-30 13:44:33,700 [INFO] ThirdParty:1030 - CMSIS Pack Vendor :STMicroelectronics USB_HOST 1.0.0
2024-09-30 13:44:33,700 [INFO] ThirdParty:1030 - CMSIS Pack Vendor :STMicroelectronics X-CUBE-AI 9.0.0
2024-09-30 13:44:33,700 [INFO] ThirdParty:1030 - CMSIS Pack Vendor :STMicroelectronics X-CUBE-AZRTOS-G4 2.0.0
2024-09-30 13:44:33,700 [INFO] ThirdParty:1030 - CMSIS Pack Vendor :STMicroelectronics PDM2PCM 3.1.0
2024-09-30 13:44:33,700 [INFO] ThirdParty:1030 - CMSIS Pack Vendor :STMicroelectronics PDM2PCM 3.3.0
2024-09-30 13:44:33,700 [INFO] ThirdParty:1030 - CMSIS Pack Vendor :STMicroelectronics X-CUBE-DISPLAY 3.0.0
2024-09-30 13:44:33,700 [INFO] ThirdParty:1030 - CMSIS Pack Vendor :RealThread X-CUBE-RT-Thread_Nano 4.1.1
2024-09-30 13:44:33,700 [INFO] ThirdParty:1030 - CMSIS Pack Vendor :wolfSSL I-CUBE-wolfSSL 5.7.0
2024-09-30 13:44:33,700 [INFO] ThirdParty:1030 - CMSIS Pack Vendor :STMicroelectronics FP-SNS-MOTENVWB1 1.3.1
2024-09-30 13:44:33,700 [INFO] ThirdParty:1030 - CMSIS Pack Vendor :STMicroelectronics X-CUBE-BLE1 7.0.0
2024-09-30 13:44:33,700 [INFO] ThirdParty:1030 - CMSIS Pack Vendor :STMicroelectronics FP-ATR-SIGFOX1 3.2.0
2024-09-30 13:44:33,700 [INFO] ThirdParty:1030 - CMSIS Pack Vendor :STMicroelectronics X-CUBE-NFC10 1.0.0
2024-09-30 13:44:33,700 [INFO] ThirdParty:1030 - CMSIS Pack Vendor :STMicroelectronics X-CUBE-ISPU 2.0.0
2024-09-30 13:44:33,700 [INFO] ThirdParty:1030 - CMSIS Pack Vendor :STMicroelectronics X-CUBE-EEPRMA1 5.1.0
2024-09-30 13:44:33,700 [INFO] ThirdParty:1030 - CMSIS Pack Vendor :STMicroelectronics HAL Drivers 0.0.0
2024-09-30 13:44:33,700 [INFO] ThirdParty:1030 - CMSIS Pack Vendor :STMicroelectronics MBEDTLS 2.16.2
2024-09-30 13:44:33,700 [INFO] ThirdParty:1030 - CMSIS Pack Vendor :STMicroelectronics X-CUBE-ALS 1.0.2
2024-09-30 13:44:33,700 [INFO] ThirdParty:1030 - CMSIS Pack Vendor :emotas I-CUBE-CANOPEN 1.3.0
2024-09-30 13:44:33,700 [INFO] ThirdParty:1030 - CMSIS Pack Vendor :STMicroelectronics X-CUBE-MEMS1 10.0.0
2024-09-30 13:44:33,700 [INFO] ThirdParty:1030 - CMSIS Pack Vendor :STMicroelectronics X-CUBE-FREERTOS 1.1.0
2024-09-30 13:44:33,700 [INFO] ThirdParty:1030 - CMSIS Pack Vendor :STMicroelectronics X-CUBE-NFC7 1.0.1
2024-09-30 13:44:33,700 [INFO] ThirdParty:1030 - CMSIS Pack Vendor :STMicroelectronics MBEDTLS 2.14.1
2024-09-30 13:44:33,700 [INFO] ThirdParty:1030 - CMSIS Pack Vendor :STMicroelectronics X-CUBE-TOUCHGFX 4.24.0
2024-09-30 13:44:33,700 [INFO] ThirdParty:1030 - CMSIS Pack Vendor :ITTIA_DB I-CUBE-ITTIADB 8.9.0
2024-09-30 13:44:33,700 [INFO] ThirdParty:1030 - CMSIS Pack Vendor :wolfSSL I-CUBE-wolfTPM 3.2.0
2024-09-30 13:44:33,700 [INFO] ThirdParty:1030 - CMSIS Pack Vendor :STMicroelectronics X-CUBE-TOUCHGFX 4.24.1
2024-09-30 13:44:33,700 [INFO] ThirdParty:1030 - CMSIS Pack Vendor :portGmbH I-Cube-SoM-uGOAL 1.1.0
2024-09-30 13:44:33,700 [INFO] ThirdParty:1030 - CMSIS Pack Vendor :STMicroelectronics X-CUBE-ALS 1.0.1
2024-09-30 13:44:33,701 [INFO] ThirdParty:1030 - CMSIS Pack Vendor :STMicroelectronics X-CUBE-BLEMGR 3.1.0
2024-09-30 13:44:33,701 [INFO] ThirdParty:1030 - CMSIS Pack Vendor :STMicroelectronics ThreadX 1.0.0
2024-09-30 13:44:33,701 [INFO] ThirdParty:1030 - CMSIS Pack Vendor :STMicroelectronics FP-SNS-SMARTAG2 1.2.0
2024-09-30 13:44:33,701 [INFO] ThirdParty:1030 - CMSIS Pack Vendor :STMicroelectronics X-CUBE-AZRTOS-WL 2.0.0
2024-09-30 13:44:33,701 [INFO] ThirdParty:1030 - CMSIS Pack Vendor :SEGGER I-CUBE-embOS 1.3.1
2024-09-30 13:44:33,701 [INFO] ThirdParty:1030 - CMSIS Pack Vendor :STMicroelectronics X-CUBE-ALGOBUILD 1.4.0
2024-09-30 13:44:33,701 [INFO] ThirdParty:1030 - CMSIS Pack Vendor :STMicroelectronics FP-SNS-MOTENV1 5.0.0
2024-09-30 13:44:33,701 [INFO] ThirdParty:1030 - CMSIS Pack Vendor :STMicroelectronics USB_DEVICE 1.0.0
2024-09-30 13:44:33,701 [INFO] ThirdParty:1030 - CMSIS Pack Vendor :STMicroelectronics X-CUBE-AI 8.1.0
2024-09-30 13:44:33,701 [INFO] ThirdParty:1030 - CMSIS Pack Vendor :STMicroelectronics X-CUBE-AZRTOS-H7RS 1.0.0
2024-09-30 13:44:33,701 [INFO] ThirdParty:1030 - CMSIS Pack Vendor :wolfSSL I-CUBE-wolfMQTT 1.19.0
2024-09-30 13:44:33,701 [INFO] ThirdParty:1030 - CMSIS Pack Vendor :STMicroelectronics X-CUBE-AZRTOS-L4 2.0.0
2024-09-30 13:44:33,701 [INFO] ThirdParty:1030 - CMSIS Pack Vendor :STMicroelectronics ThreadX 0.0.2
2024-09-30 13:44:33,701 [INFO] ThirdParty:1030 - CMSIS Pack Vendor :WES I-CUBE-Cesium 1.3.0
2024-09-30 13:44:33,701 [INFO] ThirdParty:1030 - CMSIS Pack Vendor :STMicroelectronics FP-ATR-ASTRA1 2.0.0
2024-09-30 13:44:33,701 [INFO] ThirdParty:1030 - CMSIS Pack Vendor :STMicroelectronics lwIP 2.1.2
2024-09-30 13:44:33,701 [INFO] ThirdParty:1030 - CMSIS Pack Vendor :STMicroelectronics X-CUBE-SFXS2LP1 4.0.0
2024-09-30 13:44:33,701 [INFO] ThirdParty:1030 - CMSIS Pack Vendor :STMicroelectronics X-CUBE-BLE2 3.3.0
2024-09-30 13:44:33,701 [INFO] ThirdParty:1030 - CMSIS Pack Vendor :STMicroelectronics X-CUBE-TOF1 3.4.2
2024-09-30 13:44:33,701 [INFO] ThirdParty:1030 - CMSIS Pack Vendor :STMicroelectronics X-CUBE-TOF1 3.4.1
2024-09-30 13:44:33,701 [INFO] ThirdParty:1030 - CMSIS Pack Vendor :STMicroelectronics X-CUBE-AZRTOS-H7 3.2.0
2024-09-30 13:44:33,701 [INFO] ThirdParty:1030 - CMSIS Pack Vendor :Infineon AIROC-Wi-Fi-Bluetooth-STM32 1.6.0
2024-09-30 13:44:33,701 [INFO] ThirdParty:1030 - CMSIS Pack Vendor :STMicroelectronics PDM2PCM 3.2.0
2024-09-30 13:44:33,701 [INFO] ThirdParty:1030 - CMSIS Pack Vendor :wolfSSL I-CUBE-wolfSSH 1.4.17
2024-09-30 13:44:33,701 [INFO] ThirdParty:841 - exiting critical section [change project]
2024-09-30 13:44:34,177 [INFO] PinOutPanel:1561 - setPackage(No Configuration,No Configuration)
2024-09-30 13:44:34,178 [INFO] PinOutPanel:1561 - setPackage(STM32F446RETx,LQFP64)
2024-09-30 13:44:34,575 [INFO] UtilMem:75 - Before build in PCC Used Memory: 451876528 Bytes (823132160)
2024-09-30 13:44:35,580 [INFO] UtilMem:75 - After build in PCC Used Memory: 542457856 Bytes (823132160)
2024-09-30 13:44:35,614 [INFO] IPUIPlugin:80 - create IPUIPlugin
2024-09-30 13:44:35,614 [INFO] IPUIPlugin:80 - create IPUIPlugin
2024-09-30 13:44:35,614 [INFO] IPUIPlugin:80 - create IPUIPlugin
2024-09-30 13:44:35,614 [INFO] IPUIPlugin:80 - create IPUIPlugin
2024-09-30 13:44:35,614 [INFO] IPUIPlugin:80 - create IPUIPlugin
2024-09-30 13:44:35,614 [INFO] IPUIPlugin:80 - create IPUIPlugin
2024-09-30 13:44:35,614 [INFO] IPUIPlugin:80 - create IPUIPlugin
2024-09-30 13:44:35,614 [INFO] IPUIPlugin:80 - create IPUIPlugin
2024-09-30 13:44:35,614 [INFO] IPUIPlugin:80 - create IPUIPlugin
2024-09-30 13:44:35,615 [INFO] IPUIPlugin:80 - create IPUIPlugin
2024-09-30 13:44:35,615 [INFO] IPUIPlugin:80 - create IPUIPlugin
2024-09-30 13:44:35,615 [INFO] IPUIPlugin:80 - create IPUIPlugin
2024-09-30 13:44:35,615 [INFO] IPUIPlugin:80 - create IPUIPlugin
2024-09-30 13:44:35,615 [INFO] IPUIPlugin:80 - create IPUIPlugin
2024-09-30 13:44:35,615 [INFO] IPUIPlugin:80 - create IPUIPlugin
2024-09-30 13:44:35,615 [INFO] IPUIPlugin:80 - create IPUIPlugin
2024-09-30 13:44:35,615 [INFO] IPUIPlugin:80 - create IPUIPlugin
2024-09-30 13:44:35,615 [INFO] IPUIPlugin:80 - create IPUIPlugin
2024-09-30 13:44:35,615 [INFO] IPUIPlugin:80 - create IPUIPlugin
2024-09-30 13:44:35,615 [INFO] IPUIPlugin:80 - create IPUIPlugin
2024-09-30 13:44:35,615 [INFO] IPUIPlugin:80 - create IPUIPlugin
2024-09-30 13:44:35,615 [INFO] IPUIPlugin:80 - create IPUIPlugin
2024-09-30 13:44:35,615 [INFO] IPUIPlugin:80 - create IPUIPlugin
2024-09-30 13:44:35,616 [INFO] IPUIPlugin:80 - create IPUIPlugin
2024-09-30 13:44:35,616 [INFO] IPUIPlugin:80 - create IPUIPlugin
2024-09-30 13:44:35,616 [INFO] IPUIPlugin:80 - create IPUIPlugin
2024-09-30 13:44:35,616 [INFO] IPUIPlugin:80 - create IPUIPlugin
2024-09-30 13:44:35,616 [INFO] IPUIPlugin:80 - create IPUIPlugin
2024-09-30 13:44:35,616 [INFO] IPUIPlugin:80 - create IPUIPlugin
2024-09-30 13:44:35,617 [INFO] IPUIPlugin:80 - create IPUIPlugin
2024-09-30 13:44:35,617 [INFO] IPUIPlugin:80 - create IPUIPlugin
2024-09-30 13:44:35,617 [INFO] IPUIPlugin:80 - create IPUIPlugin
2024-09-30 13:44:35,617 [INFO] IPUIPlugin:80 - create IPUIPlugin
2024-09-30 13:44:35,617 [INFO] IPUIPlugin:80 - create IPUIPlugin
2024-09-30 13:44:35,617 [INFO] IPUIPlugin:80 - create IPUIPlugin
2024-09-30 13:44:35,618 [INFO] IPUIPlugin:80 - create IPUIPlugin
2024-09-30 13:44:35,618 [INFO] IPUIPlugin:80 - create IPUIPlugin
2024-09-30 13:44:35,618 [INFO] IPUIPlugin:80 - create IPUIPlugin
2024-09-30 13:44:35,618 [INFO] IPUIPlugin:80 - create IPUIPlugin
2024-09-30 13:44:35,618 [INFO] IPUIPlugin:80 - create IPUIPlugin
2024-09-30 13:44:35,618 [INFO] IPUIPlugin:80 - create IPUIPlugin
2024-09-30 13:44:35,618 [INFO] IPUIPlugin:80 - create IPUIPlugin
2024-09-30 13:44:35,619 [INFO] IPUIPlugin:80 - create IPUIPlugin
2024-09-30 13:44:35,619 [INFO] IPUIPlugin:80 - create IPUIPlugin
2024-09-30 13:44:35,619 [INFO] IPUIPlugin:80 - create IPUIPlugin
2024-09-30 13:44:35,619 [INFO] IPUIPlugin:80 - create IPUIPlugin
2024-09-30 13:44:35,619 [INFO] IPUIPlugin:80 - create IPUIPlugin
2024-09-30 13:44:35,620 [INFO] IPUIPlugin:80 - create IPUIPlugin
2024-09-30 13:44:35,620 [INFO] IPUIPlugin:80 - create IPUIPlugin
2024-09-30 13:44:35,620 [INFO] IPUIPlugin:80 - create IPUIPlugin
2024-09-30 13:44:35,620 [INFO] IPUIPlugin:80 - create IPUIPlugin
2024-09-30 13:44:35,620 [INFO] IPUIPlugin:80 - create IPUIPlugin
2024-09-30 13:44:35,621 [INFO] IPUIPlugin:80 - create IPUIPlugin
2024-09-30 13:44:35,621 [INFO] IPUIPlugin:80 - create IPUIPlugin
2024-09-30 13:44:35,621 [INFO] IPUIPlugin:80 - create IPUIPlugin
2024-09-30 13:44:35,621 [INFO] IPUIPlugin:80 - create IPUIPlugin
2024-09-30 13:44:35,621 [INFO] IPUIPlugin:80 - create IPUIPlugin
2024-09-30 13:44:35,622 [INFO] IPUIPlugin:80 - create IPUIPlugin
2024-09-30 13:44:35,622 [INFO] IPUIPlugin:80 - create IPUIPlugin
2024-09-30 13:44:35,622 [INFO] IPUIPlugin:80 - create IPUIPlugin
2024-09-30 13:44:35,762 [INFO] ApiDbMcu:508 - Load IP Config File for PDM2PCM
2024-09-30 13:44:35,769 [INFO] Can:71 - Can Add PropertyChangeListener com.st.microxplorer.plugins.ip.can.Can@2a7f9f1d
2024-09-30 13:44:35,957 [INFO] CADModel:165 - CPN selected for project levelSTM32F446RET6
2024-09-30 13:44:35,957 [INFO] CADModel:114 - Register for checkConnection events
2024-09-30 13:44:36,008 [INFO] OpenFileManager:343 - Restore cursor
2024-09-30 13:44:37,097 [INFO] UtilMem:75 - End SaveConfig() Used Memory: 632437104 Bytes (861929472)
2024-09-30 13:44:37,171 [INFO] UtilMem:75 - End SaveConfig() Used Memory: 678048112 Bytes (861929472)
2024-09-30 13:44:37,502 [INFO] BlockDiagram:2759 - set Specific Code input for plugin: CAN
2024-09-30 13:44:37,502 [INFO] BlockDiagram:2759 - set Specific Code input for plugin: SYS
2024-09-30 13:44:37,502 [INFO] BlockDiagram:2759 - set Specific Code input for plugin: RCC
2024-09-30 13:44:37,502 [INFO] BlockDiagram:2759 - set Specific Code input for plugin: NVIC
2024-09-30 13:44:37,502 [INFO] BlockDiagram:2759 - set Specific Code input for plugin: USART
2024-09-30 13:44:37,502 [INFO] BlockDiagram:2759 - set Specific Code input for plugin: GPIO
2024-09-30 13:44:37,510 [INFO] CodeGenerator:807 - code generatio: config db path: C:\ST\STM32CubeIDE_1.15.0\STM32CubeIDE\plugins\com.st.stm32cube.common.mx_6.11.1.202404110753\\db\
2024-09-30 13:44:37,714 [INFO] CodeEngine:255 - oldGeneratedFile, C:\Work\CAN_PDM\FW\CAN_PDM\Workspace\CAN_PDM\MXTmpFiles\license.tmp_save
2024-09-30 13:44:38,019 [INFO] CodeEngine:279 - Generated code: C:\Work\CAN_PDM\FW\CAN_PDM\Workspace\CAN_PDM\MXTmpFiles\license.tmp
2024-09-30 13:44:38,124 [INFO] CodeEngine:255 - oldGeneratedFile, C:\Work\CAN_PDM\FW\CAN_PDM\Workspace\CAN_PDM\Core\Src\gpio.c_save
2024-09-30 13:44:38,267 [INFO] CodeEngine:279 - Generated code: C:\Work\CAN_PDM\FW\CAN_PDM\Workspace\CAN_PDM\Core\Src\gpio.c
2024-09-30 13:44:38,282 [INFO] CodeEngine:255 - oldGeneratedFile, C:\Work\CAN_PDM\FW\CAN_PDM\Workspace\CAN_PDM\Core\Inc\gpio.h_save
2024-09-30 13:44:38,356 [INFO] CodeEngine:279 - Generated code: C:\Work\CAN_PDM\FW\CAN_PDM\Workspace\CAN_PDM\Core\Inc\gpio.h
2024-09-30 13:44:38,475 [INFO] CodeEngine:255 - oldGeneratedFile, C:\Work\CAN_PDM\FW\CAN_PDM\Workspace\CAN_PDM\Core\Src\can.c_save
2024-09-30 13:44:38,607 [INFO] CodeEngine:279 - Generated code: C:\Work\CAN_PDM\FW\CAN_PDM\Workspace\CAN_PDM\Core\Src\can.c
2024-09-30 13:44:38,621 [INFO] CodeEngine:255 - oldGeneratedFile, C:\Work\CAN_PDM\FW\CAN_PDM\Workspace\CAN_PDM\Core\Inc\can.h_save
2024-09-30 13:44:38,708 [INFO] CodeEngine:279 - Generated code: C:\Work\CAN_PDM\FW\CAN_PDM\Workspace\CAN_PDM\Core\Inc\can.h
2024-09-30 13:44:38,737 [INFO] CodeEngine:255 - oldGeneratedFile, C:\Work\CAN_PDM\FW\CAN_PDM\Workspace\CAN_PDM\Core\Src\usart.c_save
2024-09-30 13:44:38,847 [INFO] CodeEngine:279 - Generated code: C:\Work\CAN_PDM\FW\CAN_PDM\Workspace\CAN_PDM\Core\Src\usart.c
2024-09-30 13:44:38,861 [INFO] CodeEngine:255 - oldGeneratedFile, C:\Work\CAN_PDM\FW\CAN_PDM\Workspace\CAN_PDM\Core\Inc\usart.h_save
2024-09-30 13:44:38,942 [INFO] CodeEngine:279 - Generated code: C:\Work\CAN_PDM\FW\CAN_PDM\Workspace\CAN_PDM\Core\Inc\usart.h
2024-09-30 13:44:38,970 [INFO] CodeEngine:255 - oldGeneratedFile, C:\Work\CAN_PDM\FW\CAN_PDM\Workspace\CAN_PDM\Core\Src\stm32f4xx_it.c_save
2024-09-30 13:44:39,038 [INFO] CodeEngine:279 - Generated code: C:\Work\CAN_PDM\FW\CAN_PDM\Workspace\CAN_PDM\Core\Src\stm32f4xx_it.c
2024-09-30 13:44:39,049 [INFO] CodeEngine:255 - oldGeneratedFile, C:\Work\CAN_PDM\FW\CAN_PDM\Workspace\CAN_PDM\Core\Inc\stm32f4xx_it.h_save
2024-09-30 13:44:39,105 [INFO] CodeEngine:279 - Generated code: C:\Work\CAN_PDM\FW\CAN_PDM\Workspace\CAN_PDM\Core\Inc\stm32f4xx_it.h
2024-09-30 13:44:39,130 [INFO] CodeEngine:255 - oldGeneratedFile, C:\Work\CAN_PDM\FW\CAN_PDM\Workspace\CAN_PDM\Core\Src\stm32f4xx_hal_msp.c_save
2024-09-30 13:44:39,196 [INFO] CodeEngine:279 - Generated code: C:\Work\CAN_PDM\FW\CAN_PDM\Workspace\CAN_PDM\Core\Src\stm32f4xx_hal_msp.c
2024-09-30 13:44:39,207 [INFO] CodeEngine:255 - oldGeneratedFile, C:\Work\CAN_PDM\FW\CAN_PDM\Workspace\CAN_PDM\MXTmpFiles\system.tmp_save
2024-09-30 13:44:39,251 [INFO] CodeEngine:279 - Generated code: C:\Work\CAN_PDM\FW\CAN_PDM\Workspace\CAN_PDM\MXTmpFiles\system.tmp
2024-09-30 13:44:39,278 [INFO] CodeEngine:311 - oldGeneratedFile, C:\Work\CAN_PDM\FW\CAN_PDM\Workspace\CAN_PDM\Core\Inc\stm32f4xx_hal_conf.h_save
2024-09-30 13:44:39,334 [INFO] CodeEngine:335 - Generated code: C:\Work\CAN_PDM\FW\CAN_PDM\Workspace\CAN_PDM\Core\Inc\stm32f4xx_hal_conf.h
2024-09-30 13:44:39,378 [WARN] IPConfigManager:2982 - Warning: the RefConfig PLL2P_FOR_MCO is not available in your config.xml file
2024-09-30 13:44:39,396 [INFO] CodeEngine:255 - oldGeneratedFile, C:\Work\CAN_PDM\FW\CAN_PDM\Workspace\CAN_PDM\Core\Inc\main.h_save
2024-09-30 13:44:39,475 [INFO] CodeEngine:279 - Generated code: C:\Work\CAN_PDM\FW\CAN_PDM\Workspace\CAN_PDM\Core\Inc\main.h
2024-09-30 13:44:39,490 [INFO] CodeEngine:255 - oldGeneratedFile, C:\Work\CAN_PDM\FW\CAN_PDM\Workspace\CAN_PDM\Core\Src\main.c_save
2024-09-30 13:44:39,630 [INFO] CodeEngine:279 - Generated code: C:\Work\CAN_PDM\FW\CAN_PDM\Workspace\CAN_PDM\Core\Src\main.c
2024-09-30 13:44:40,134 [INFO] ProjectBuilder:3163 - Time for Copy HAL[1] : 323mS.
2024-09-30 13:44:40,141 [INFO] ProjectBuilder:4736 - Project Generator version: 4.3.0-B58
2024-09-30 13:44:40,181 [INFO] ConfigFileManager:1503 - The Die is : DIE421
2024-09-30 13:44:40,186 [INFO] ApiDbMcu:508 - Load IP Config File for FATFS
2024-09-30 13:44:40,189 [INFO] ApiDbMcu:508 - Load IP Config File for FREERTOS
2024-09-30 13:44:40,191 [INFO] ApiDbMcu:508 - Load IP Config File for LIBJPEG
2024-09-30 13:44:40,196 [INFO] ApiDbMcu:508 - Load IP Config File for MBEDTLS
2024-09-30 13:44:40,200 [INFO] ApiDbMcu:508 - Load IP Config File for USB_DEVICE
2024-09-30 13:44:40,202 [INFO] ApiDbMcu:508 - Load IP Config File for USB_HOST
2024-09-30 13:44:40,442 [INFO] LogOutputStream:77 - [STDOUT_REDIRECT] 
2024-09-30 13:44:43,169 [INFO] ProjectBuilder:5002 - Time for Generating toolchain IDE Files: 3028mS.
2024-09-30 13:44:43,172 [INFO] ProjectBuilder:3034 - Time for Copy CMSIS : 3mS.
2024-09-30 13:44:43,175 [INFO] ProjectBuilder:3034 - Time for Copy CMSIS : 0mS.
2024-09-30 13:44:43,839 [INFO] McuFinderGlobals:76 - Set McuFinderConnectedMode to true
2024-09-30 13:44:43,844 [INFO] ApiDb:448 - Save user favorites file C:\Users\nicola.reat/.stm32cubeide/favorites.mcus.txt: 0 item(s)
2024-09-30 13:44:43,845 [INFO] ApiDb:452 - User favorites MCUs=[]
2024-09-30 13:44:44,079 [ERROR] LogOutputStream:75 - [STDERR_REDIRECT] Exception in thread "AWT-EventQueue-0" java.awt.IllegalComponentStateException: Native resources unavailable
2024-09-30 13:44:44,080 [ERROR] LogOutputStream:75 - [STDERR_REDIRECT] 	at java.desktop/sun.awt.windows.WWindowPeer.getScreenImOn(Native Method)
2024-09-30 13:44:44,081 [ERROR] LogOutputStream:75 - [STDERR_REDIRECT] 	at java.desktop/sun.awt.windows.WWindowPeer.updateGC(WWindowPeer.java:566)
2024-09-30 13:44:44,083 [ERROR] LogOutputStream:75 - [STDERR_REDIRECT] 	at java.desktop/java.awt.event.InvocationEvent.dispatch(InvocationEvent.java:318)
2024-09-30 13:44:44,085 [ERROR] LogOutputStream:75 - [STDERR_REDIRECT] 	at java.desktop/java.awt.EventQueue.dispatchEventImpl(EventQueue.java:773)
2024-09-30 13:44:44,085 [ERROR] LogOutputStream:75 - [STDERR_REDIRECT] 	at java.desktop/java.awt.EventQueue$4.run(EventQueue.java:720)
2024-09-30 13:44:44,086 [ERROR] LogOutputStream:75 - [STDERR_REDIRECT] 	at java.desktop/java.awt.EventQueue$4.run(EventQueue.java:714)
2024-09-30 13:44:44,088 [ERROR] LogOutputStream:75 - [STDERR_REDIRECT] 	at java.base/java.security.AccessController.doPrivileged(AccessController.java:399)
2024-09-30 13:44:44,090 [ERROR] LogOutputStream:75 - [STDERR_REDIRECT] 	at java.base/java.security.ProtectionDomain$JavaSecurityAccessImpl.doIntersectionPrivilege(ProtectionDomain.java:86)
2024-09-30 13:44:44,091 [ERROR] LogOutputStream:75 - [STDERR_REDIRECT] 	at java.base/java.security.ProtectionDomain$JavaSecurityAccessImpl.doIntersectionPrivilege(ProtectionDomain.java:97)
2024-09-30 13:44:44,093 [ERROR] LogOutputStream:75 - [STDERR_REDIRECT] 	at java.desktop/java.awt.EventQueue$5.run(EventQueue.java:747)
2024-09-30 13:44:44,094 [ERROR] LogOutputStream:75 - [STDERR_REDIRECT] 	at java.desktop/java.awt.EventQueue$5.run(EventQueue.java:745)
2024-09-30 13:44:44,096 [ERROR] LogOutputStream:75 - [STDERR_REDIRECT] 	at java.base/java.security.AccessController.doPrivileged(AccessController.java:399)
2024-09-30 13:44:44,098 [ERROR] LogOutputStream:75 - [STDERR_REDIRECT] 	at java.base/java.security.ProtectionDomain$JavaSecurityAccessImpl.doIntersectionPrivilege(ProtectionDomain.java:86)
2024-09-30 13:44:44,099 [ERROR] LogOutputStream:75 - [STDERR_REDIRECT] 	at java.desktop/java.awt.EventQueue.dispatchEvent(EventQueue.java:744)
2024-09-30 13:44:44,101 [ERROR] LogOutputStream:75 - [STDERR_REDIRECT] 	at java.desktop/java.awt.EventDispatchThread.pumpOneEventForFilters(EventDispatchThread.java:203)
2024-09-30 13:44:44,105 [ERROR] LogOutputStream:75 - [STDERR_REDIRECT] 	at java.desktop/java.awt.EventDispatchThread.pumpEventsForFilter(EventDispatchThread.java:124)
2024-09-30 13:44:44,107 [ERROR] LogOutputStream:75 - [STDERR_REDIRECT] 	at java.desktop/java.awt.EventDispatchThread.pumpEventsForHierarchy(EventDispatchThread.java:113)
2024-09-30 13:44:44,110 [ERROR] LogOutputStream:75 - [STDERR_REDIRECT] 	at java.desktop/java.awt.EventDispatchThread.pumpEvents(EventDispatchThread.java:109)
2024-09-30 13:44:44,112 [ERROR] LogOutputStream:75 - [STDERR_REDIRECT] 	at java.desktop/java.awt.EventDispatchThread.pumpEvents(EventDispatchThread.java:101)
2024-09-30 13:44:44,115 [ERROR] LogOutputStream:75 - [STDERR_REDIRECT] 	at java.desktop/java.awt.EventDispatchThread.run(EventDispatchThread.java:90)
2024-09-30 13:45:02,671 [ERROR] LogOutputStream:75 - [STDERR_REDIRECT] Exception in thread "AWT-EventQueue-0" java.awt.IllegalComponentStateException: Native resources unavailable
2024-09-30 13:45:02,671 [ERROR] LogOutputStream:75 - [STDERR_REDIRECT] 	at java.desktop/sun.awt.windows.WWindowPeer.getScreenImOn(Native Method)
2024-09-30 13:45:02,672 [ERROR] LogOutputStream:75 - [STDERR_REDIRECT] 	at java.desktop/sun.awt.windows.WWindowPeer.updateGC(WWindowPeer.java:566)
2024-09-30 13:45:02,672 [ERROR] LogOutputStream:75 - [STDERR_REDIRECT] 	at java.desktop/java.awt.event.InvocationEvent.dispatch(InvocationEvent.java:318)
2024-09-30 13:45:02,673 [ERROR] LogOutputStream:75 - [STDERR_REDIRECT] 	at java.desktop/java.awt.EventQueue.dispatchEventImpl(EventQueue.java:773)
2024-09-30 13:45:02,673 [ERROR] LogOutputStream:75 - [STDERR_REDIRECT] 	at java.desktop/java.awt.EventQueue$4.run(EventQueue.java:720)
2024-09-30 13:45:02,674 [ERROR] LogOutputStream:75 - [STDERR_REDIRECT] 	at java.desktop/java.awt.EventQueue$4.run(EventQueue.java:714)
2024-09-30 13:45:02,674 [ERROR] LogOutputStream:75 - [STDERR_REDIRECT] 	at java.base/java.security.AccessController.doPrivileged(AccessController.java:399)
2024-09-30 13:45:02,675 [ERROR] LogOutputStream:75 - [STDERR_REDIRECT] 	at java.base/java.security.ProtectionDomain$JavaSecurityAccessImpl.doIntersectionPrivilege(ProtectionDomain.java:86)
2024-09-30 13:45:02,676 [ERROR] LogOutputStream:75 - [STDERR_REDIRECT] 	at java.base/java.security.ProtectionDomain$JavaSecurityAccessImpl.doIntersectionPrivilege(ProtectionDomain.java:97)
2024-09-30 13:45:02,677 [ERROR] LogOutputStream:75 - [STDERR_REDIRECT] 	at java.desktop/java.awt.EventQueue$5.run(EventQueue.java:747)
2024-09-30 13:45:02,679 [ERROR] LogOutputStream:75 - [STDERR_REDIRECT] 	at java.desktop/java.awt.EventQueue$5.run(EventQueue.java:745)
2024-09-30 13:45:02,679 [ERROR] LogOutputStream:75 - [STDERR_REDIRECT] 	at java.base/java.security.AccessController.doPrivileged(AccessController.java:399)
2024-09-30 13:45:02,680 [ERROR] LogOutputStream:75 - [STDERR_REDIRECT] 	at java.base/java.security.ProtectionDomain$JavaSecurityAccessImpl.doIntersectionPrivilege(ProtectionDomain.java:86)
2024-09-30 13:45:02,681 [ERROR] LogOutputStream:75 - [STDERR_REDIRECT] 	at java.desktop/java.awt.EventQueue.dispatchEvent(EventQueue.java:744)
2024-09-30 13:45:02,682 [ERROR] LogOutputStream:75 - [STDERR_REDIRECT] 	at java.desktop/java.awt.EventDispatchThread.pumpOneEventForFilters(EventDispatchThread.java:203)
2024-09-30 13:45:02,682 [ERROR] LogOutputStream:75 - [STDERR_REDIRECT] 	at java.desktop/java.awt.EventDispatchThread.pumpEventsForFilter(EventDispatchThread.java:124)
2024-09-30 13:45:02,683 [ERROR] LogOutputStream:75 - [STDERR_REDIRECT] 	at java.desktop/java.awt.EventDispatchThread.pumpEventsForHierarchy(EventDispatchThread.java:113)
2024-09-30 13:45:02,684 [ERROR] LogOutputStream:75 - [STDERR_REDIRECT] 	at java.desktop/java.awt.EventDispatchThread.pumpEvents(EventDispatchThread.java:109)
2024-09-30 13:45:02,684 [ERROR] LogOutputStream:75 - [STDERR_REDIRECT] 	at java.desktop/java.awt.EventDispatchThread.pumpEvents(EventDispatchThread.java:101)
2024-09-30 13:45:02,685 [ERROR] LogOutputStream:75 - [STDERR_REDIRECT] 	at java.desktop/java.awt.EventDispatchThread.run(EventDispatchThread.java:90)
2024-09-30 13:45:03,219 [ERROR] LogOutputStream:75 - [STDERR_REDIRECT] 
2024-09-30 13:45:08,367 [INFO] Activator:176 - 


2024-09-30 13:45:08,368 [INFO] Activator:177 - !SESSION log4j initialized
2024-09-30 13:45:12,769 [INFO] LogOutputStream:77 - [STDOUT_REDIRECT] 
2024-09-30 13:45:14,125 [INFO] ApplicationProperties:184 - Using Application install path: C:\ST\STM32CubeIDE_1.15.0\STM32CubeIDE\plugins\com.st.stm32cube.common.mx_6.11.1.202404110753
2024-09-30 13:45:14,134 [INFO] DbMcusXml:78 - Set database path to: C:\ST\STM32CubeIDE_1.15.0\STM32CubeIDE\plugins\com.st.stm32cube.common.mx_6.11.1.202404110753\\db\/mcu/
2024-09-30 13:45:14,134 [INFO] ApiDb:274 - Set plugin database path to: C:\ST\STM32CubeIDE_1.15.0\STM32CubeIDE\plugins\com.st.stm32cube.common.mx_6.11.1.202404110753\\db\/plugins/boardmanager/
2024-09-30 13:45:14,134 [WARN] ApiDb:259 - Overriding images path with different value:  => C:\ST\STM32CubeIDE_1.15.0\STM32CubeIDE\plugins\com.st.stm32cube.common.mx_6.11.1.202404110753\\db\/plugins/mcufinder/images/
2024-09-30 13:45:14,139 [INFO] ApiDb:250 - Set database path to: C:\Users\nicola.reat\.stmcufinder\plugins\mcufinder//mcu/
2024-09-30 13:45:14,140 [INFO] DbMcusAds:125 - Set database path to: C:\Users\nicola.reat\.stmcufinder\plugins\mcufinder//mcu/
2024-09-30 13:45:14,141 [INFO] CrossReferenceDbSqlite:203 - Set database path to: C:\Users\nicola.reat\.stmcufinder\plugins\mcufinder//mcu/cs/
2024-09-30 13:45:14,199 [INFO] RulesReader:64 - Compatibility file has been processed (297 Rules)
2024-09-30 13:45:14,525 [INFO] DbMcusXml:78 - Set database path to: C:\ST\STM32CubeIDE_1.15.0\STM32CubeIDE\plugins\com.st.stm32cube.common.mx_6.11.1.202404110753\\db\/mcu/
2024-09-30 13:45:14,525 [INFO] ApiDb:274 - Set plugin database path to: C:\ST\STM32CubeIDE_1.15.0\STM32CubeIDE\plugins\com.st.stm32cube.common.mx_6.11.1.202404110753\\db\/plugins/boardmanager/
2024-09-30 13:45:14,525 [INFO] ApiDb:261 - Set plugin images path to: C:\ST\STM32CubeIDE_1.15.0\STM32CubeIDE\plugins\com.st.stm32cube.common.mx_6.11.1.202404110753\\db\/plugins/mcufinder/images/
2024-09-30 13:45:14,526 [WARN] DbFile:41 - Overriding database path with different value: C:\Users\nicola.reat\.stmcufinder\plugins\mcufinder/ => C:\Users\nicola.reat\.stmcufinder\plugins\mcufinder
2024-09-30 13:45:14,526 [INFO] ApiDb:250 - Set database path to: C:\Users\nicola.reat\.stmcufinder\plugins\mcufinder//mcu/
2024-09-30 13:45:14,526 [WARN] DbFile:41 - Overriding database path with different value: C:\Users\nicola.reat\.stmcufinder\plugins\mcufinder/ => C:\Users\nicola.reat\.stmcufinder\plugins\mcufinder
2024-09-30 13:45:14,526 [INFO] DbMcusAds:125 - Set database path to: C:\Users\nicola.reat\.stmcufinder\plugins\mcufinder//mcu/
2024-09-30 13:45:14,526 [WARN] DbFile:41 - Overriding database path with different value: C:\Users\nicola.reat\.stmcufinder\plugins\mcufinder/ => C:\Users\nicola.reat\.stmcufinder\plugins\mcufinder
2024-09-30 13:45:14,526 [WARN] DbFile:41 - Overriding database path with different value: C:\Users\nicola.reat\.stmcufinder\plugins\mcufinder/ => C:\Users\nicola.reat\.stmcufinder\plugins\mcufinder
2024-09-30 13:45:14,526 [INFO] CrossReferenceDbSqlite:203 - Set database path to: C:\Users\nicola.reat\.stmcufinder\plugins\mcufinder//mcu/cs/
2024-09-30 13:45:14,711 [INFO] MainPanel:264 - HeapMemory: 268435456
2024-09-30 13:45:14,756 [INFO] DbMcusXml:78 - Set database path to: C:\ST\STM32CubeIDE_1.15.0\STM32CubeIDE\plugins\com.st.stm32cube.common.mx_6.11.1.202404110753\\db\/mcu/
2024-09-30 13:45:14,756 [INFO] ApiDb:274 - Set plugin database path to: C:\ST\STM32CubeIDE_1.15.0\STM32CubeIDE\plugins\com.st.stm32cube.common.mx_6.11.1.202404110753\\db\/plugins/boardmanager/
2024-09-30 13:45:14,756 [INFO] ApiDb:261 - Set plugin images path to: C:\ST\STM32CubeIDE_1.15.0\STM32CubeIDE\plugins\com.st.stm32cube.common.mx_6.11.1.202404110753\\db\/plugins/mcufinder/images/
2024-09-30 13:45:14,756 [WARN] DbFile:41 - Overriding database path with different value: C:\Users\nicola.reat\.stmcufinder\plugins\mcufinder/ => C:\Users\nicola.reat\.stmcufinder\plugins\mcufinder
2024-09-30 13:45:14,756 [INFO] ApiDb:250 - Set database path to: C:\Users\nicola.reat\.stmcufinder\plugins\mcufinder//mcu/
2024-09-30 13:45:14,756 [WARN] DbFile:41 - Overriding database path with different value: C:\Users\nicola.reat\.stmcufinder\plugins\mcufinder/ => C:\Users\nicola.reat\.stmcufinder\plugins\mcufinder
2024-09-30 13:45:14,756 [INFO] DbMcusAds:125 - Set database path to: C:\Users\nicola.reat\.stmcufinder\plugins\mcufinder//mcu/
2024-09-30 13:45:14,756 [WARN] DbFile:41 - Overriding database path with different value: C:\Users\nicola.reat\.stmcufinder\plugins\mcufinder/ => C:\Users\nicola.reat\.stmcufinder\plugins\mcufinder
2024-09-30 13:45:14,756 [WARN] DbFile:41 - Overriding database path with different value: C:\Users\nicola.reat\.stmcufinder\plugins\mcufinder/ => C:\Users\nicola.reat\.stmcufinder\plugins\mcufinder
2024-09-30 13:45:14,756 [INFO] CrossReferenceDbSqlite:203 - Set database path to: C:\Users\nicola.reat\.stmcufinder\plugins\mcufinder//mcu/cs/
2024-09-30 13:45:14,802 [INFO] ApplicationProperties:184 - Using Application install path: C:\ST\STM32CubeIDE_1.15.0\STM32CubeIDE\plugins\com.st.stm32cube.common.mx_6.11.1.202404110753
2024-09-30 13:45:14,802 [INFO] PluginManage:196 - Search for loadable plugins [exclusion list=, ]
2024-09-30 13:45:14,804 [INFO] PluginManage:310 - Check plugin analytics
2024-09-30 13:45:14,934 [INFO] AnalyticsPlugin:253 - Accepted Software Licenses: STM32CubeMX.6.11.1
2024-09-30 13:45:14,934 [INFO] AnalyticsPlugin:255 - Accepted CMSIS Pack Licenses: 
2024-09-30 13:45:14,935 [INFO] AnalyticsPlugin:257 - Accepted Firmware Licenses: FW.G0.1.6.0,FW.F4.1.28.0
2024-09-30 13:45:14,938 [INFO] PluginManage:359 - Loaded plugin analytics (category:tool,tabindex:-1)
2024-09-30 13:45:14,938 [INFO] PluginManage:310 - Check plugin cadmodel
2024-09-30 13:45:14,961 [INFO] CADModel:105 - Init CAD model plugin
2024-09-30 13:45:14,961 [INFO] PluginManage:359 - Loaded plugin cadmodel (category:power,tabindex:5)
2024-09-30 13:45:14,961 [INFO] PluginManage:310 - Check plugin clock
2024-09-30 13:45:14,968 [INFO] PluginManage:359 - Loaded plugin clock (category:base,tabindex:2)
2024-09-30 13:45:14,968 [INFO] PluginManage:310 - Check plugin ddr
2024-09-30 13:45:14,970 [INFO] PluginManage:359 - Loaded plugin ddr (category:tool,tabindex:6)
2024-09-30 13:45:14,970 [INFO] PluginManage:310 - Check plugin filemanager
2024-09-30 13:45:15,078 [INFO] PluginManage:359 - Loaded plugin filemanager (category:base,tabindex:10)
2024-09-30 13:45:15,078 [INFO] PluginManage:310 - Check plugin ipmanager
2024-09-30 13:45:15,117 [INFO] PluginManage:359 - Loaded plugin ipmanager (category:base,tabindex:5)
2024-09-30 13:45:15,117 [INFO] PluginManage:310 - Check plugin lpbam
2024-09-30 13:45:15,124 [INFO] PluginManage:359 - Loaded plugin lpbam (category:base,tabindex:0)
2024-09-30 13:45:15,124 [INFO] PluginManage:310 - Check plugin memorymap
2024-09-30 13:45:15,132 [INFO] PluginManage:359 - Loaded plugin memorymap (category:base,tabindex:4)
2024-09-30 13:45:15,132 [INFO] PluginManage:310 - Check plugin pinoutandconfiguration
2024-09-30 13:45:15,136 [INFO] PluginManage:359 - Loaded plugin pinoutandconfiguration (category:base,tabindex:1)
2024-09-30 13:45:15,136 [INFO] PluginManage:310 - Check plugin pinoutconfig
2024-09-30 13:45:15,205 [WARN] SupportedApi:132 - Cannot load RTOS API schema: s4s-elt-must-match.1: The content of 'definitions' must match (annotation?, (simpleType | complexType)?, (unique | key | keyref)*)). A problem was found starting at: attribute.
2024-09-30 13:45:15,282 [INFO] PluginManage:359 - Loaded plugin pinoutconfig (category:base,tabindex:0)
2024-09-30 13:45:15,282 [INFO] PluginManage:310 - Check plugin power
2024-09-30 13:45:15,288 [INFO] PluginManage:359 - Loaded plugin power (category:power,tabindex:4)
2024-09-30 13:45:15,288 [INFO] PluginManage:310 - Check plugin projectmanager
2024-09-30 13:45:15,299 [INFO] PluginManage:359 - Loaded plugin projectmanager (category:projectmanager,tabindex:3)
2024-09-30 13:45:15,299 [INFO] PluginManage:310 - Check plugin thirdparty
2024-09-30 13:45:15,386 [INFO] PluginManage:359 - Loaded plugin thirdparty (category:base,tabindex:-1)
2024-09-30 13:45:15,386 [INFO] PluginManage:310 - Check plugin tools
2024-09-30 13:45:15,386 [WARN] IntegrityCheckThread:84 - waiting for thirdparty lock release [integrity check]
2024-09-30 13:45:15,387 [INFO] IntegrityCheckThread:86 - entering critical section [integrity check]
2024-09-30 13:45:15,387 [INFO] ThirdPartyUpdaterWithRetryManager:70 - Updater plugin not ready yet. [1/15]
2024-09-30 13:45:15,389 [INFO] PluginManage:359 - Loaded plugin tools (category:base,tabindex:7)
2024-09-30 13:45:15,389 [INFO] PluginManage:310 - Check plugin tutovideos
2024-09-30 13:45:15,489 [INFO] PluginManage:359 - Loaded plugin tutovideos (category:base,tabindex:-1)
2024-09-30 13:45:15,490 [INFO] PluginManage:310 - Check plugin updater
2024-09-30 13:45:15,497 [INFO] PluginManage:359 - Loaded plugin updater (category:base,tabindex:12)
2024-09-30 13:45:15,497 [INFO] PluginManage:310 - Check plugin userauth
2024-09-30 13:45:15,501 [INFO] UserAuth:114 - Init User Auth plugin
2024-09-30 13:45:15,501 [INFO] PluginManage:359 - Loaded plugin userauth (category:base,tabindex:14)
2024-09-30 13:45:15,501 [INFO] PluginManage:283 - PluginManage : Loaded plugins [17]
2024-09-30 13:45:15,968 [INFO] PinOutPanel:1561 - setPackage(No Configuration,No Configuration)
2024-09-30 13:45:16,319 [INFO] CADModel:165 - CPN selected for project level
2024-09-30 13:45:16,320 [INFO] CADModel:114 - Register for checkConnection events
2024-09-30 13:45:16,331 [INFO] IPUIPlugin:80 - create IPUIPlugin
2024-09-30 13:45:16,331 [INFO] PluginManager:220 - loadIPPluginJar : add adc
2024-09-30 13:45:16,334 [INFO] IPUIPlugin:80 - create IPUIPlugin
2024-09-30 13:45:16,334 [INFO] PluginManager:220 - loadIPPluginJar : add aes
2024-09-30 13:45:16,337 [INFO] IPUIPlugin:80 - create IPUIPlugin
2024-09-30 13:45:16,337 [INFO] PluginManager:220 - loadIPPluginJar : add can
2024-09-30 13:45:16,339 [INFO] IPUIPlugin:80 - create IPUIPlugin
2024-09-30 13:45:16,339 [INFO] PluginManager:220 - loadIPPluginJar : add comp
2024-09-30 13:45:16,341 [INFO] IPUIPlugin:80 - create IPUIPlugin
2024-09-30 13:45:16,341 [INFO] PluginManager:220 - loadIPPluginJar : add cryp
2024-09-30 13:45:16,344 [INFO] IPUIPlugin:80 - create IPUIPlugin
2024-09-30 13:45:16,344 [INFO] PluginManager:220 - loadIPPluginJar : add dfsdm
2024-09-30 13:45:16,349 [INFO] IPUIPlugin:80 - create IPUIPlugin
2024-09-30 13:45:16,349 [INFO] PluginManager:220 - loadIPPluginJar : add dma
2024-09-30 13:45:16,352 [INFO] IPUIPlugin:80 - create IPUIPlugin
2024-09-30 13:45:16,352 [INFO] PluginManager:220 - loadIPPluginJar : add dma3
2024-09-30 13:45:16,354 [INFO] IPUIPlugin:80 - create IPUIPlugin
2024-09-30 13:45:16,354 [INFO] PluginManager:220 - loadIPPluginJar : add extmemmanager
2024-09-30 13:45:16,356 [INFO] IPUIPlugin:80 - create IPUIPlugin
2024-09-30 13:45:16,356 [INFO] PluginManager:220 - loadIPPluginJar : add fatfs
2024-09-30 13:45:16,360 [INFO] IPUIPlugin:80 - create IPUIPlugin
2024-09-30 13:45:16,360 [INFO] PluginManager:220 - loadIPPluginJar : add fmc
2024-09-30 13:45:16,364 [INFO] IPUIPlugin:80 - create IPUIPlugin
2024-09-30 13:45:16,364 [INFO] PluginManager:220 - loadIPPluginJar : add freertos
2024-09-30 13:45:16,365 [INFO] IPUIPlugin:80 - create IPUIPlugin
2024-09-30 13:45:16,366 [INFO] PluginManager:220 - loadIPPluginJar : add genericplugin
2024-09-30 13:45:16,369 [INFO] IPUIPlugin:80 - create IPUIPlugin
2024-09-30 13:45:16,369 [INFO] PluginManager:220 - loadIPPluginJar : add gfxmmu
2024-09-30 13:45:16,373 [INFO] IPUIPlugin:80 - create IPUIPlugin
2024-09-30 13:45:16,373 [INFO] PluginManager:220 - loadIPPluginJar : add gic
2024-09-30 13:45:16,376 [INFO] IPUIPlugin:80 - create IPUIPlugin
2024-09-30 13:45:16,376 [INFO] PluginManager:220 - loadIPPluginJar : add gpio
2024-09-30 13:45:16,379 [INFO] IPUIPlugin:80 - create IPUIPlugin
2024-09-30 13:45:16,379 [INFO] PluginManager:220 - loadIPPluginJar : add gtzc
2024-09-30 13:45:16,381 [INFO] IPUIPlugin:80 - create IPUIPlugin
2024-09-30 13:45:16,381 [INFO] PluginManager:220 - loadIPPluginJar : add hash
2024-09-30 13:45:16,383 [INFO] IPUIPlugin:80 - create IPUIPlugin
2024-09-30 13:45:16,383 [INFO] PluginManager:220 - loadIPPluginJar : add i2c
2024-09-30 13:45:16,386 [INFO] IPUIPlugin:80 - create IPUIPlugin
2024-09-30 13:45:16,386 [INFO] PluginManager:220 - loadIPPluginJar : add i2s
2024-09-30 13:45:16,388 [INFO] IPUIPlugin:80 - create IPUIPlugin
2024-09-30 13:45:16,388 [INFO] PluginManager:220 - loadIPPluginJar : add i3c
2024-09-30 13:45:16,391 [INFO] IPUIPlugin:80 - create IPUIPlugin
2024-09-30 13:45:16,391 [INFO] PluginManager:220 - loadIPPluginJar : add ipddr
2024-09-30 13:45:16,396 [INFO] IPUIPlugin:80 - create IPUIPlugin
2024-09-30 13:45:16,396 [INFO] PluginManager:220 - loadIPPluginJar : add linkedlist
2024-09-30 13:45:16,398 [INFO] IPUIPlugin:80 - create IPUIPlugin
2024-09-30 13:45:16,398 [INFO] PluginManager:220 - loadIPPluginJar : add lorawan
2024-09-30 13:45:16,401 [INFO] IPUIPlugin:80 - create IPUIPlugin
2024-09-30 13:45:16,401 [INFO] PluginManager:220 - loadIPPluginJar : add ltdc
2024-09-30 13:45:16,407 [INFO] IPUIPlugin:80 - create IPUIPlugin
2024-09-30 13:45:16,407 [INFO] PluginManager:220 - loadIPPluginJar : add mdma
2024-09-30 13:45:16,410 [INFO] IPUIPlugin:80 - create IPUIPlugin
2024-09-30 13:45:16,410 [INFO] PluginManager:220 - loadIPPluginJar : add nvic
2024-09-30 13:45:16,413 [INFO] IPUIPlugin:80 - create IPUIPlugin
2024-09-30 13:45:16,413 [INFO] PluginManager:220 - loadIPPluginJar : add opamp
2024-09-30 13:45:16,415 [INFO] IPUIPlugin:80 - create IPUIPlugin
2024-09-30 13:45:16,416 [INFO] PluginManager:220 - loadIPPluginJar : add openamp
2024-09-30 13:45:16,418 [INFO] IPUIPlugin:80 - create IPUIPlugin
2024-09-30 13:45:16,419 [INFO] PluginManager:220 - loadIPPluginJar : add pdm2pcm
2024-09-30 13:45:16,424 [INFO] IPUIPlugin:80 - create IPUIPlugin
2024-09-30 13:45:16,426 [INFO] PluginManager:220 - loadIPPluginJar : add plateformsettings
2024-09-30 13:45:16,427 [INFO] IPUIPlugin:80 - create IPUIPlugin
2024-09-30 13:45:16,427 [INFO] PluginManager:220 - loadIPPluginJar : add quadspi
2024-09-30 13:45:16,430 [INFO] IPUIPlugin:80 - create IPUIPlugin
2024-09-30 13:45:16,430 [INFO] PluginManager:220 - loadIPPluginJar : add resmgrutility
2024-09-30 13:45:16,433 [INFO] IPUIPlugin:80 - create IPUIPlugin
2024-09-30 13:45:16,433 [INFO] PluginManager:220 - loadIPPluginJar : add sai
2024-09-30 13:45:16,435 [INFO] IPUIPlugin:80 - create IPUIPlugin
2024-09-30 13:45:16,435 [INFO] PluginManager:220 - loadIPPluginJar : add spi
2024-09-30 13:45:16,438 [INFO] IPUIPlugin:80 - create IPUIPlugin
2024-09-30 13:45:16,439 [INFO] PluginManager:220 - loadIPPluginJar : add stm32_wpan
2024-09-30 13:45:16,440 [INFO] IPUIPlugin:80 - create IPUIPlugin
2024-09-30 13:45:16,440 [INFO] PluginManager:220 - loadIPPluginJar : add tim
2024-09-30 13:45:16,443 [INFO] IPUIPlugin:80 - create IPUIPlugin
2024-09-30 13:45:16,443 [INFO] PluginManager:220 - loadIPPluginJar : add touchsensing
2024-09-30 13:45:16,445 [INFO] IPUIPlugin:80 - create IPUIPlugin
2024-09-30 13:45:16,445 [INFO] PluginManager:220 - loadIPPluginJar : add tracer_emb
2024-09-30 13:45:16,447 [INFO] IPUIPlugin:80 - create IPUIPlugin
2024-09-30 13:45:16,447 [INFO] PluginManager:220 - loadIPPluginJar : add ts
2024-09-30 13:45:16,448 [INFO] IPUIPlugin:80 - create IPUIPlugin
2024-09-30 13:45:16,448 [INFO] PluginManager:220 - loadIPPluginJar : add tsc
2024-09-30 13:45:16,451 [INFO] IPUIPlugin:80 - create IPUIPlugin
2024-09-30 13:45:16,451 [INFO] PluginManager:220 - loadIPPluginJar : add ucpd
2024-09-30 13:45:16,453 [INFO] IPUIPlugin:80 - create IPUIPlugin
2024-09-30 13:45:16,453 [INFO] PluginManager:220 - loadIPPluginJar : add usart
2024-09-30 13:45:16,456 [INFO] IPUIPlugin:80 - create IPUIPlugin
2024-09-30 13:45:16,456 [INFO] PluginManager:220 - loadIPPluginJar : add usbx
2024-09-30 13:45:16,717 [INFO] CADModel:165 - CPN selected for project level
2024-09-30 13:45:16,717 [INFO] CADModel:114 - Register for checkConnection events
2024-09-30 13:45:16,718 [FATAL] Updater:308 - Updater called before beeing initialized
2024-09-30 13:45:16,718 [ERROR] CADModel:125 - Updater not yet initialized, retry later 
2024-09-30 13:45:16,813 [INFO] CADModel:165 - CPN selected for project level
2024-09-30 13:45:16,813 [INFO] CADModel:114 - Register for checkConnection events
2024-09-30 13:45:16,813 [FATAL] Updater:308 - Updater called before beeing initialized
2024-09-30 13:45:16,813 [ERROR] CADModel:125 - Updater not yet initialized, retry later 
2024-09-30 13:45:16,815 [FATAL] Updater:308 - Updater called before beeing initialized
2024-09-30 13:45:17,139 [FATAL] Updater:308 - Updater called before beeing initialized
2024-09-30 13:45:17,144 [INFO] DbMcusAds:53 - JSON generation date=Fri Sep 20 15:04:23 CEST 2024 (1726837463113)
2024-09-30 13:45:17,144 [FATAL] Updater:308 - Updater called before beeing initialized
2024-09-30 13:45:17,187 [WARN] DetailPanel:346 - Failed to get advertising image, set to default
2024-09-30 13:45:17,357 [FATAL] Updater:308 - Updater called before beeing initialized
2024-09-30 13:45:17,358 [FATAL] Updater:308 - Updater called before beeing initialized
2024-09-30 13:45:17,358 [FATAL] Updater:308 - Updater called before beeing initialized
2024-09-30 13:45:17,358 [WARN] DetailPanel:346 - Failed to get advertising image, set to default
2024-09-30 13:45:17,358 [FATAL] Updater:308 - Updater called before beeing initialized
2024-09-30 13:45:17,447 [ERROR] Updater:1120 - MainUpdater not yet initialized. External WinMGr cannot be set.
2024-09-30 13:45:17,449 [INFO] Updater:1056 - Updater Version found : 6.11.1
2024-09-30 13:45:17,461 [INFO] ApplicationProperties:184 - Using Application install path: C:\ST\STM32CubeIDE_1.15.0\STM32CubeIDE\plugins\com.st.stm32cube.common.mx_6.11.1.202404110753
2024-09-30 13:45:17,769 [INFO] MainUpdater:2873 - connection check result : 10
2024-09-30 13:45:17,770 [INFO] MainUpdater:290 - Updater Check For Update Now.
2024-09-30 13:45:17,770 [INFO] MicroXplorer:498 - Change Database Version : DB.6.0.111
2024-09-30 13:45:17,775 [INFO] McuFinderGlobals:63 - Set McuFinder mode to 2 (CubeIDE integrated)
2024-09-30 13:45:17,775 [INFO] UserAuth:179 - activating auth plugin
2024-09-30 13:45:17,777 [INFO] UserAuth:415 - Internet connection configuration mode: 1
2024-09-30 13:45:17,805 [INFO] JxBrowserEngine:152 - Initiate JxBrowser Engine with user profile folder
2024-09-30 13:45:17,939 [INFO] CheckServerUpdateThread:120 - End of CheckServer Thread
2024-09-30 13:45:18,551 [INFO] WebApp:161 - Instantiating new browser for Auth
2024-09-30 13:45:18,853 [WARN] PackLoader:240 - Cannot read IP mode file for STMicroelectronics.FP-SNS-MOTENVWB1.1.4.0
2024-09-30 13:45:18,863 [WARN] PackLoader:240 - Cannot read IP mode file for STMicroelectronics.X-CUBE-SMBUS.2.1.0
2024-09-30 13:45:18,869 [WARN] PackLoader:240 - Cannot read IP mode file for STMicroelectronics.X-CUBE-TOUCHGFX.4.23.2
2024-09-30 13:45:18,899 [WARN] PackLoader:240 - Cannot read IP mode file for STMicroelectronics.X-CUBE-AZRTOS-F7.1.1.0
2024-09-30 13:45:18,953 [WARN] PackLoader:240 - Cannot read IP mode file for STMicroelectronics.X-CUBE-MEMS1.11.0.0
2024-09-30 13:45:19,050 [WARN] PackLoader:240 - Cannot read IP mode file for STMicroelectronics.FP-SNS-FLIGHT1.5.0.2
2024-09-30 13:45:19,057 [WARN] PackLoader:240 - Cannot read IP mode file for STMicroelectronics.X-CUBE-DISPLAY.3.0.0
2024-09-30 13:45:19,067 [WARN] PackLoader:240 - Cannot read IP mode file for STMicroelectronics.X-CUBE-BLE1.7.0.0
2024-09-30 13:45:19,073 [WARN] PackLoader:240 - Cannot read IP mode file for STMicroelectronics.X-CUBE-NFC10.1.0.0
2024-09-30 13:45:19,080 [WARN] PackLoader:240 - Cannot read IP mode file for emotas.I-CUBE-CANOPEN.1.3.0
2024-09-30 13:45:19,088 [WARN] PackLoader:240 - Cannot read IP mode file for STMicroelectronics.X-CUBE-BLEMGR.3.1.0
2024-09-30 13:45:19,094 [WARN] PackLoader:240 - Cannot read IP mode file for STMicroelectronics.FP-SNS-SMARTAG2.1.2.0
2024-09-30 13:45:19,108 [INFO] LogOutputStream:77 - [STDOUT_REDIRECT] 1 : Invalid condition id : UX_CORESTACK_Condition cause : null
2024-09-30 13:45:19,109 [INFO] LogOutputStream:77 - [STDOUT_REDIRECT] 1 : Invalid condition id : UX_CORESTACK_Condition cause : null
2024-09-30 13:45:19,111 [INFO] LogOutputStream:77 - [STDOUT_REDIRECT] 1 : Invalid condition id : UX_CORESTACK_Condition cause : null
2024-09-30 13:45:19,114 [INFO] LogOutputStream:77 - [STDOUT_REDIRECT] 1 : Invalid condition id : UX_CORESTACK_Condition cause : null
2024-09-30 13:45:19,115 [INFO] LogOutputStream:77 - [STDOUT_REDIRECT] 1 : Invalid condition id : UX_CORESTACK_Condition cause : null
2024-09-30 13:45:19,118 [WARN] PackLoader:240 - Cannot read IP mode file for STMicroelectronics.X-CUBE-AZRTOS-WL.2.0.0
2024-09-30 13:45:19,126 [WARN] PackLoader:240 - Cannot read IP mode file for STMicroelectronics.FP-SNS-MOTENV1.5.0.0
2024-09-30 13:45:19,155 [WARN] PackLoader:240 - Cannot read IP mode file for wolfSSL.I-CUBE-wolfMQTT.1.19.0
2024-09-30 13:45:19,187 [WARN] PackLoader:240 - Cannot read IP mode file for WES.I-CUBE-Cesium.1.3.0
2024-09-30 13:45:19,194 [WARN] PackLoader:240 - Cannot read IP mode file for STMicroelectronics.X-CUBE-BLE2.3.3.0
2024-09-30 13:45:19,200 [WARN] PackLoader:240 - Cannot read IP mode file for STMicroelectronics.X-CUBE-NFC9.1.0.0
2024-09-30 13:45:19,207 [WARN] PackLoader:240 - Cannot read IP mode file for STMicroelectronics.X-CUBE-TCPP.4.1.0
2024-09-30 13:45:19,214 [WARN] PackLoader:240 - Cannot read IP mode file for STMicroelectronics.X-CUBE-ALGOBUILD.1.3.0
2024-09-30 13:45:19,226 [WARN] PackLoader:240 - Cannot read IP mode file for STMicroelectronics.X-CUBE-AZRTOS-G0.1.1.0
2024-09-30 13:45:19,233 [WARN] PackLoader:240 - Cannot read IP mode file for STMicroelectronics.X-CUBE-SAFEA1.1.2.2
2024-09-30 13:45:19,239 [WARN] PackLoader:240 - Cannot read IP mode file for STMicroelectronics.X-CUBE-NFC4.3.0.0
2024-09-30 13:45:19,243 [WARN] PackLoader:240 - Cannot read IP mode file for wolfSSL.I-CUBE-wolfMQTT.1.18.0
2024-09-30 13:45:19,255 [WARN] PackLoader:240 - Cannot read IP mode file for EmbeddedOffice.I-CUBE-FS-RTOS.1.0.1
2024-09-30 13:45:19,255 [ERROR] ConditionMgr:805 - Attr not supported : Dmpu
2024-09-30 13:45:19,255 [ERROR] ConditionMgr:805 - Attr not supported : Dmpu
2024-09-30 13:45:19,255 [ERROR] ConditionMgr:805 - Attr not supported : Dmpu
2024-09-30 13:45:19,255 [ERROR] ConditionMgr:805 - Attr not supported : Dmpu
2024-09-30 13:45:19,255 [ERROR] ConditionMgr:805 - Attr not supported : Dmpu
2024-09-30 13:45:19,255 [ERROR] ConditionMgr:805 - Attr not supported : Dmpu
2024-09-30 13:45:19,255 [ERROR] ConditionMgr:805 - Attr not supported : Dmpu
2024-09-30 13:45:19,256 [ERROR] ConditionMgr:805 - Attr not supported : Dmpu
2024-09-30 13:45:19,256 [ERROR] ConditionMgr:805 - Attr not supported : Dmpu
2024-09-30 13:45:19,256 [ERROR] ConditionMgr:805 - Attr not supported : Dmpu
2024-09-30 13:45:19,256 [ERROR] ConditionMgr:805 - Attr not supported : Dmpu
2024-09-30 13:45:19,256 [ERROR] ConditionMgr:805 - Attr not supported : Dmpu
2024-09-30 13:45:19,256 [ERROR] ConditionMgr:805 - Attr not supported : Dmpu
2024-09-30 13:45:19,256 [ERROR] ConditionMgr:805 - Attr not supported : Dmpu
2024-09-30 13:45:19,256 [ERROR] ConditionMgr:805 - Attr not supported : Dmpu
2024-09-30 13:45:19,256 [ERROR] ConditionMgr:805 - Attr not supported : Dmpu
2024-09-30 13:45:19,256 [ERROR] ConditionMgr:805 - Attr not supported : Dmpu
2024-09-30 13:45:19,256 [ERROR] ConditionMgr:805 - Attr not supported : Dmpu
2024-09-30 13:45:19,256 [ERROR] ConditionMgr:805 - Attr not supported : Dmpu
2024-09-30 13:45:19,256 [ERROR] ConditionMgr:805 - Attr not supported : Dmpu
2024-09-30 13:45:19,256 [ERROR] ConditionMgr:805 - Attr not supported : Dmpu
2024-09-30 13:45:19,256 [ERROR] ConditionMgr:805 - Attr not supported : Dmpu
2024-09-30 13:45:19,256 [ERROR] ConditionMgr:805 - Attr not supported : Dmpu
2024-09-30 13:45:19,256 [ERROR] ConditionMgr:805 - Attr not supported : Dmpu
2024-09-30 13:45:19,256 [ERROR] ConditionMgr:805 - Attr not supported : Dmpu
2024-09-30 13:45:19,256 [ERROR] ConditionMgr:805 - Attr not supported : Dmpu
2024-09-30 13:45:19,256 [ERROR] ConditionMgr:805 - Attr not supported : Dmpu
2024-09-30 13:45:19,256 [ERROR] ConditionMgr:805 - Attr not supported : Dmpu
2024-09-30 13:45:19,256 [ERROR] ConditionMgr:805 - Attr not supported : Dmpu
2024-09-30 13:45:19,256 [ERROR] ConditionMgr:805 - Attr not supported : Dmpu
2024-09-30 13:45:19,257 [ERROR] ConditionMgr:805 - Attr not supported : Dmpu
2024-09-30 13:45:19,257 [ERROR] ConditionMgr:805 - Attr not supported : Dmpu
2024-09-30 13:45:19,257 [ERROR] ConditionMgr:805 - Attr not supported : Dmpu
2024-09-30 13:45:19,257 [ERROR] ConditionMgr:805 - Attr not supported : Dmpu
2024-09-30 13:45:19,257 [ERROR] ConditionMgr:805 - Attr not supported : Dmpu
2024-09-30 13:45:19,257 [ERROR] ConditionMgr:805 - Attr not supported : Dmpu
2024-09-30 13:45:19,257 [ERROR] ConditionMgr:805 - Attr not supported : Dmpu
2024-09-30 13:45:19,257 [ERROR] ConditionMgr:805 - Attr not supported : Dmpu
2024-09-30 13:45:19,257 [ERROR] ConditionMgr:805 - Attr not supported : Dmpu
2024-09-30 13:45:19,257 [ERROR] ConditionMgr:805 - Attr not supported : Dmpu
2024-09-30 13:45:19,257 [ERROR] ConditionMgr:805 - Attr not supported : Dmpu
2024-09-30 13:45:19,257 [ERROR] ConditionMgr:805 - Attr not supported : Dmpu
2024-09-30 13:45:19,257 [ERROR] ConditionMgr:805 - Attr not supported : Dmpu
2024-09-30 13:45:19,257 [ERROR] ConditionMgr:805 - Attr not supported : Dmpu
2024-09-30 13:45:19,257 [ERROR] ConditionMgr:805 - Attr not supported : Dmpu
2024-09-30 13:45:19,257 [ERROR] ConditionMgr:805 - Attr not supported : Dmpu
2024-09-30 13:45:19,257 [ERROR] ConditionMgr:805 - Attr not supported : Dmpu
2024-09-30 13:45:19,257 [ERROR] ConditionMgr:805 - Attr not supported : Dmpu
2024-09-30 13:45:19,257 [ERROR] ConditionMgr:805 - Attr not supported : Dmpu
2024-09-30 13:45:19,258 [ERROR] ConditionMgr:805 - Attr not supported : Dmpu
2024-09-30 13:45:19,258 [ERROR] ConditionMgr:805 - Attr not supported : Dmpu
2024-09-30 13:45:19,258 [ERROR] ConditionMgr:805 - Attr not supported : Dmpu
2024-09-30 13:45:19,258 [ERROR] ConditionMgr:805 - Attr not supported : Dmpu
2024-09-30 13:45:19,258 [ERROR] ConditionMgr:805 - Attr not supported : Dmpu
2024-09-30 13:45:19,258 [ERROR] ConditionMgr:805 - Attr not supported : Dmpu
2024-09-30 13:45:19,258 [ERROR] ConditionMgr:805 - Attr not supported : Dmpu
2024-09-30 13:45:19,258 [ERROR] ConditionMgr:805 - Attr not supported : Dmpu
2024-09-30 13:45:19,258 [ERROR] ConditionMgr:805 - Attr not supported : Dmpu
2024-09-30 13:45:19,258 [ERROR] ConditionMgr:805 - Attr not supported : Dmpu
2024-09-30 13:45:19,258 [ERROR] ConditionMgr:805 - Attr not supported : Dmpu
2024-09-30 13:45:19,258 [ERROR] ConditionMgr:805 - Attr not supported : Dmpu
2024-09-30 13:45:19,258 [ERROR] ConditionMgr:805 - Attr not supported : Dmpu
2024-09-30 13:45:19,258 [ERROR] ConditionMgr:805 - Attr not supported : Dmpu
2024-09-30 13:45:19,258 [ERROR] ConditionMgr:805 - Attr not supported : Dmpu
2024-09-30 13:45:19,265 [WARN] PackLoader:240 - Cannot read IP mode file for RealThread.X-CUBE-RT-Thread_Nano.4.1.1
2024-09-30 13:45:19,271 [WARN] PackLoader:240 - Cannot read IP mode file for wolfSSL.I-CUBE-wolfSSL.5.7.0
2024-09-30 13:45:19,275 [WARN] PackLoader:240 - Cannot read IP mode file for STMicroelectronics.FP-ATR-SIGFOX1.3.2.0
2024-09-30 13:45:19,281 [WARN] PackLoader:240 - Cannot read IP mode file for STMicroelectronics.X-CUBE-EEPRMA1.5.1.0
2024-09-30 13:45:19,289 [WARN] PackLoader:240 - Cannot read IP mode file for ITTIA_DB.I-CUBE-ITTIADB.8.9.0
2024-09-30 13:45:19,308 [WARN] PackLoader:240 - Cannot read IP mode file for SEGGER.I-CUBE-embOS.1.3.1
2024-09-30 13:45:19,333 [WARN] PackLoader:240 - Cannot read IP mode file for STMicroelectronics.X-CUBE-ALGOBUILD.1.4.0
2024-09-30 13:45:19,340 [WARN] PackLoader:240 - Cannot read IP mode file for STMicroelectronics.X-CUBE-GNSS1.6.0.0
2024-09-30 13:45:19,352 [WARN] PackLoader:240 - Cannot read IP mode file for STMicroelectronics.X-CUBE-AZRTOS-F4.1.1.0
2024-09-30 13:45:19,359 [WARN] PackLoader:240 - Cannot read IP mode file for STMicroelectronics.X-CUBE-ISPU.2.1.0
2024-09-30 13:45:19,366 [WARN] PackLoader:240 - Cannot read IP mode file for STMicroelectronics.X-CUBE-FREERTOS.1.2.0
2024-09-30 13:45:19,377 [WARN] PackLoader:240 - Cannot read IP mode file for STMicroelectronics.X-CUBE-AZRTOS-L5.2.0.0
2024-09-30 13:45:19,386 [WARN] PackLoader:240 - Cannot read IP mode file for STMicroelectronics.X-CUBE-NFC6.3.1.0
2024-09-30 13:45:19,394 [WARN] PackLoader:240 - Cannot read IP mode file for STMicroelectronics.X-CUBE-DPower.1.2.0
2024-09-30 13:45:19,401 [WARN] PackLoader:240 - Cannot read IP mode file for STMicroelectronics.X-CUBE-AI.9.0.0
2024-09-30 13:45:19,408 [WARN] PackLoader:240 - Cannot read IP mode file for STMicroelectronics.X-CUBE-NFC7.1.0.1
2024-09-30 13:45:19,414 [WARN] PackLoader:240 - Cannot read IP mode file for wolfSSL.I-CUBE-wolfTPM.3.2.0
2024-09-30 13:45:19,418 [WARN] PackLoader:240 - Cannot read IP mode file for STMicroelectronics.X-CUBE-AI.8.1.0
2024-09-30 13:45:19,431 [WARN] ConditionMgr:438 - getConditionDescription Invalid condition id : LAN8742 Phy interface Condition cause : null
2024-09-30 13:45:19,431 [WARN] PackLoader:240 - Cannot read IP mode file for STMicroelectronics.X-CUBE-AZRTOS-L4.2.0.0
2024-09-30 13:45:19,432 [WARN] ConditionMgr:1039 - genDependencies : Invalid condition id : LAN8742 Phy interface Condition cause : null
2024-09-30 13:45:19,432 [WARN] ConditionMgr:1039 - genDependencies : Invalid condition id : LAN8742 Phy interface Condition cause : null
2024-09-30 13:45:19,432 [WARN] ConditionMgr:1039 - genDependencies : Invalid condition id : LAN8742 Phy interface Condition cause : null
2024-09-30 13:45:19,441 [WARN] PackLoader:240 - Cannot read IP mode file for STMicroelectronics.X-CUBE-SFXS2LP1.4.0.0
2024-09-30 13:45:19,455 [WARN] PackLoader:240 - Cannot read IP mode file for STMicroelectronics.X-CUBE-AZRTOS-H7.3.3.0
2024-09-30 13:45:19,467 [WARN] ConditionMgr:438 - getConditionDescription Invalid condition id : UX DEVICE CLASS RTOS Condition cause : null
2024-09-30 13:45:19,467 [WARN] ConditionMgr:438 - getConditionDescription Invalid condition id : UX DEVICE CLASS RTOS Condition cause : null
2024-09-30 13:45:19,469 [WARN] PackLoader:240 - Cannot read IP mode file for STMicroelectronics.X-CUBE-AZRTOS-WB.2.0.0
2024-09-30 13:45:19,469 [WARN] ConditionMgr:1039 - genDependencies : Invalid condition id : UX DEVICE CLASS RTOS Condition cause : null
2024-09-30 13:45:19,469 [WARN] ConditionMgr:1039 - genDependencies : Invalid condition id : UX DEVICE CLASS RTOS Condition cause : null
2024-09-30 13:45:19,469 [WARN] ConditionMgr:1039 - genDependencies : Invalid condition id : UX DEVICE CLASS RTOS Condition cause : null
2024-09-30 13:45:19,469 [WARN] ConditionMgr:1039 - genDependencies : Invalid condition id : UX DEVICE CLASS RTOS Condition cause : null
2024-09-30 13:45:19,469 [WARN] ConditionMgr:1039 - genDependencies : Invalid condition id : UX DEVICE CLASS RTOS Condition cause : null
2024-09-30 13:45:19,474 [WARN] PackLoader:240 - Cannot read IP mode file for STMicroelectronics.X-CUBE-GNSS1.7.0.0
2024-09-30 13:45:19,480 [WARN] PackLoader:240 - Cannot read IP mode file for STMicroelectronics.FP-SNS-STBOX1.2.0.0
2024-09-30 13:45:19,490 [WARN] PackLoader:240 - Cannot read IP mode file for STMicroelectronics.X-CUBE-SUBG2.5.0.0
2024-09-30 13:45:19,498 [INFO] WebApp:779 - Register for checkConnection events
2024-09-30 13:45:19,498 [INFO] WebApp:414 - Apply proxy settings
2024-09-30 13:45:19,499 [INFO] WebApp:499 - Chromium requires no authentication
2024-09-30 13:45:19,502 [WARN] PackLoader:240 - Cannot read IP mode file for STMicroelectronics.X-CUBE-AZRTOS-G4.2.0.0
2024-09-30 13:45:19,507 [WARN] PackLoader:240 - Cannot read IP mode file for STMicroelectronics.FP-SNS-MOTENVWB1.1.3.1
2024-09-30 13:45:19,512 [WARN] PackLoader:240 - Cannot read IP mode file for STMicroelectronics.X-CUBE-ISPU.2.0.0
2024-09-30 13:45:19,518 [WARN] PackLoader:240 - Cannot read IP mode file for STMicroelectronics.X-CUBE-ALS.1.0.2
2024-09-30 13:45:19,519 [INFO] WebApp:442 - Direct internet connection detected
2024-09-30 13:45:19,543 [WARN] PackLoader:240 - Cannot read IP mode file for STMicroelectronics.X-CUBE-MEMS1.10.0.0
2024-09-30 13:45:19,639 [WARN] PackLoader:240 - Cannot read IP mode file for STMicroelectronics.X-CUBE-FREERTOS.1.1.0
2024-09-30 13:45:19,642 [WARN] PackLoader:240 - Cannot read IP mode file for STMicroelectronics.X-CUBE-TOUCHGFX.4.24.0
2024-09-30 13:45:19,645 [WARN] PackLoader:240 - Cannot read IP mode file for STMicroelectronics.X-CUBE-TOUCHGFX.4.24.1
2024-09-30 13:45:19,653 [WARN] PackLoader:240 - Cannot read IP mode file for portGmbH.I-Cube-SoM-uGOAL.1.1.0
2024-09-30 13:45:19,656 [WARN] PackLoader:240 - Cannot read IP mode file for STMicroelectronics.X-CUBE-ALS.1.0.1
2024-09-30 13:45:19,672 [WARN] PackLoader:240 - Cannot read IP mode file for STMicroelectronics.X-CUBE-AZRTOS-H7RS.1.0.0
2024-09-30 13:45:19,682 [WARN] PackLoader:240 - Cannot read IP mode file for STMicroelectronics.FP-ATR-ASTRA1.2.0.0
2024-09-30 13:45:19,696 [WARN] PackLoader:240 - Cannot read IP mode file for STMicroelectronics.X-CUBE-TOF1.3.4.2
2024-09-30 13:45:19,712 [WARN] PackLoader:240 - Cannot read IP mode file for STMicroelectronics.X-CUBE-TOF1.3.4.1
2024-09-30 13:45:19,739 [WARN] PackLoader:240 - Cannot read IP mode file for STMicroelectronics.X-CUBE-AZRTOS-H7.3.2.0
2024-09-30 13:45:19,760 [WARN] PackLoader:240 - Cannot read IP mode file for Infineon.AIROC-Wi-Fi-Bluetooth-STM32.1.6.0
2024-09-30 13:45:19,766 [WARN] PackLoader:240 - Cannot read IP mode file for wolfSSL.I-CUBE-wolfSSH.1.4.17
2024-09-30 13:45:19,766 [INFO] ThirdParty:978 - Integrity check success = true
2024-09-30 13:45:19,767 [INFO] IntegrityCheckThread:100 - exiting critical section [integrity check]
2024-09-30 13:45:19,767 [INFO] IntegrityCheckThread:103 - End integrity checks thread
2024-09-30 13:45:20,020 [INFO] WebApp:192 - Starting web application
2024-09-30 13:45:20,021 [INFO] WebApp:544 - Web application path used C:\ST\STM32CubeIDE_1.15.0\STM32CubeIDE\plugins\com.st.stm32cube.common.mx_6.11.1.202404110753\db\plugins\mcufinder\reactClient1\index.html
