Change component parameters: Designator = "C1" ("C1"); Footprint = "CAPC3216X16M"; UniqueID = "\AHSVTMKR" ("\AHSVTMKR")
Change component parameters (AddParameter): Name = "Case"; Value = "1206"; VariantName = "[No Variations]"
Change component parameters (AddParameter): Name = "Manufacturer"; Value = "KEMET"; VariantName = "[No Variations]"
Change component parameters (AddParameter): Name = "PartNumber"; Value = "C1206C225K5RAC"; VariantName = "[No Variations]"
Change component parameters (AddParameter): Name = "Value"; Value = "2u2"; VariantName = "[No Variations]"
Change component parameters (AddParameter): Name = "Voltage"; Value = "50V"; VariantName = "[No Variations]"
Change component parameters: Designator = "C2" ("C2"); Footprint = "CAPC1608X09M"; UniqueID = "\PRICEJBH" ("\PRICEJBH")
Change component parameters (AddParameter): Name = "Case"; Value = "0606"; VariantName = "[No Variations]"
Change component parameters (AddParameter): Name = "Manufacturer"; Value = "KEMET"; VariantName = "[No Variations]"
Change component parameters (AddParameter): Name = "PartNumber"; Value = "C0603C104K5RACTU"; VariantName = "[No Variations]"
Change component parameters (AddParameter): Name = "Value"; Value = "100n"; VariantName = "[No Variations]"
Change component parameters (AddParameter): Name = "Voltage"; Value = "50V"; VariantName = "[No Variations]"
Change component parameters: Designator = "C3" ("C3"); Footprint = "CAPC3216X16M"; UniqueID = "\EHZEIPEX" ("\EHZEIPEX")
Change component parameters (AddParameter): Name = "Case"; Value = "1206"; VariantName = "[No Variations]"
Change component parameters (AddParameter): Name = "Manufacturer"; Value = "Samsung Electro-Mechanics"; VariantName = "[No Variations]"
Change component parameters (AddParameter): Name = "PartNumber"; Value = "CL31B106KBHNNNE"; VariantName = "[No Variations]"
Change component parameters (AddParameter): Name = "Value"; Value = "10u"; VariantName = "[No Variations]"
Change component parameters (AddParameter): Name = "Voltage"; Value = "50V"; VariantName = "[No Variations]"
Change component parameters: Designator = "C4" ("C4"); Footprint = "CAPC3216X16M"; UniqueID = "\BGATZKOX" ("\BGATZKOX")
Change component parameters (AddParameter): Name = "Case"; Value = "1206"; VariantName = "[No Variations]"
Change component parameters (AddParameter): Name = "Manufacturer"; Value = "Samsung Electro-Mechanics"; VariantName = "[No Variations]"
Change component parameters (AddParameter): Name = "PartNumber"; Value = "CL31B106KBHNNNE"; VariantName = "[No Variations]"
Change component parameters (AddParameter): Name = "Value"; Value = "10u"; VariantName = "[No Variations]"
Change component parameters (AddParameter): Name = "Voltage"; Value = "50V"; VariantName = "[No Variations]"
Change component parameters: Designator = "C5" ("C5"); Footprint = "CAPC3216X16M"; UniqueID = "\HWMPDHJX" ("\HWMPDHJX")
Change component parameters (AddParameter): Name = "Case"; Value = "1206"; VariantName = "[No Variations]"
Change component parameters (AddParameter): Name = "Manufacturer"; Value = "Samsung Electro-Mechanics"; VariantName = "[No Variations]"
Change component parameters (AddParameter): Name = "PartNumber"; Value = "CL31B106KBHNNNE"; VariantName = "[No Variations]"
Change component parameters (AddParameter): Name = "Value"; Value = "10u"; VariantName = "[No Variations]"
Change component parameters (AddParameter): Name = "Voltage"; Value = "50V"; VariantName = "[No Variations]"
Change component parameters: Designator = "C6" ("C6"); Footprint = "CAPC3216X16M"; UniqueID = "\TYSQVNKM" ("\TYSQVNKM")
Change component parameters (AddParameter): Name = "Case"; Value = "1206"; VariantName = "[No Variations]"
Change component parameters (AddParameter): Name = "Manufacturer"; Value = "Samsung Electro-Mechanics"; VariantName = "[No Variations]"
Change component parameters (AddParameter): Name = "PartNumber"; Value = "CL31B106KBHNNNE"; VariantName = "[No Variations]"
Change component parameters (AddParameter): Name = "Value"; Value = "10u"; VariantName = "[No Variations]"
Change component parameters (AddParameter): Name = "Voltage"; Value = "50V"; VariantName = "[No Variations]"
Change component parameters: Designator = "C7" ("C7"); Footprint = "CAPC1608X09M"; UniqueID = "\NLRFACHW" ("\NLRFACHW")
Change component parameters (AddParameter): Name = "Case"; Value = "0603"; VariantName = "[No Variations]"
Change component parameters (AddParameter): Name = "Manufacturer"; Value = "KEMET"; VariantName = "[No Variations]"
Change component parameters (AddParameter): Name = "PartNumber"; Value = "C0603C105K8RACTU"; VariantName = "[No Variations]"
Change component parameters (AddParameter): Name = "Value"; Value = "1u"; VariantName = "[No Variations]"
Change component parameters (AddParameter): Name = "Voltage"; Value = "10V"; VariantName = "[No Variations]"
Change component parameters: Designator = "C8" ("C8"); Footprint = "CAPC1608X09M"; UniqueID = "\ZGXGJTTD" ("\ZGXGJTTD")
Change component parameters (AddParameter): Name = "Case"; Value = "0603"; VariantName = "[No Variations]"
Change component parameters (AddParameter): Name = "Manufacturer"; Value = "KEMET"; VariantName = "[No Variations]"
Change component parameters (AddParameter): Name = "PartNumber"; Value = "C0603C105K8RACTU"; VariantName = "[No Variations]"
Change component parameters (AddParameter): Name = "Value"; Value = "1u"; VariantName = "[No Variations]"
Change component parameters (AddParameter): Name = "Voltage"; Value = "10V"; VariantName = "[No Variations]"
Change component parameters: Designator = "C9" ("C9"); Footprint = "CAPC3216X16M"; UniqueID = "\FVUGDUQF" ("\FVUGDUQF")
Change component parameters (AddParameter): Name = "Case"; Value = "1206"; VariantName = "[No Variations]"
Change component parameters (AddParameter): Name = "Manufacturer"; Value = "Samsung Electro-Mechanics"; VariantName = "[No Variations]"
Change component parameters (AddParameter): Name = "PartNumber"; Value = "CL31B106KBHNNNE"; VariantName = "[No Variations]"
Change component parameters (AddParameter): Name = "Value"; Value = "10u"; VariantName = "[No Variations]"
Change component parameters (AddParameter): Name = "Voltage"; Value = "50V"; VariantName = "[No Variations]"
Change component parameters: Designator = "C10" ("C10"); Footprint = "CAPC1608X09M"; UniqueID = "\HICUJHWB" ("\HICUJHWB")
Change component parameters (AddParameter): Name = "Case"; Value = "0603"; VariantName = "[No Variations]"
Change component parameters (AddParameter): Name = "Manufacturer"; Value = "KEMET"; VariantName = "[No Variations]"
Change component parameters (AddParameter): Name = "PartNumber"; Value = "C0603C104K5RACTU"; VariantName = "[No Variations]"
Change component parameters (AddParameter): Name = "Value"; Value = "100n"; VariantName = "[No Variations]"
Change component parameters (AddParameter): Name = "Voltage"; Value = "50V"; VariantName = "[No Variations]"
Change component parameters: Designator = "C11" ("C11"); Footprint = "CAPC3216X16M"; UniqueID = "\QGMVEAUR" ("\QGMVEAUR")
Change component parameters (AddParameter): Name = "Case"; Value = "1206"; VariantName = "[No Variations]"
Change component parameters (AddParameter): Name = "Manufacturer"; Value = "Samsung Electro-Mechanics"; VariantName = "[No Variations]"
Change component parameters (AddParameter): Name = "PartNumber"; Value = "CL31B106KBHNNNE"; VariantName = "[No Variations]"
Change component parameters (AddParameter): Name = "Value"; Value = "10u"; VariantName = "[No Variations]"
Change component parameters (AddParameter): Name = "Voltage"; Value = "50V"; VariantName = "[No Variations]"
Change component parameters: Designator = "C12" ("C12"); Footprint = "CAPC1608X09M"; UniqueID = "\JHSNBFKO" ("\JHSNBFKO")
Change component parameters (AddParameter): Name = "Case"; Value = "0603"; VariantName = "[No Variations]"
Change component parameters (AddParameter): Name = "Manufacturer"; Value = "KEMET"; VariantName = "[No Variations]"
Change component parameters (AddParameter): Name = "PartNumber"; Value = "C0603C104K5RACTU"; VariantName = "[No Variations]"
Change component parameters (AddParameter): Name = "Value"; Value = "100n"; VariantName = "[No Variations]"
Change component parameters (AddParameter): Name = "Voltage"; Value = "50V"; VariantName = "[No Variations]"
Change component parameters: Designator = "C13" ("C13"); Footprint = "CAPC3216X16M"; UniqueID = "\VIISXWTO" ("\VIISXWTO")
Change component parameters (AddParameter): Name = "Case"; Value = "1206"; VariantName = "[No Variations]"
Change component parameters (AddParameter): Name = "Manufacturer"; Value = "Samsung Electro-Mechanics"; VariantName = "[No Variations]"
Change component parameters (AddParameter): Name = "PartNumber"; Value = "CL31B106KBHNNNE"; VariantName = "[No Variations]"
Change component parameters (AddParameter): Name = "Value"; Value = "10u"; VariantName = "[No Variations]"
Change component parameters (AddParameter): Name = "Voltage"; Value = "50V"; VariantName = "[No Variations]"
Change component parameters: Designator = "C14" ("C14"); Footprint = "CAPC1608X09M"; UniqueID = "\WHXXZSHB" ("\WHXXZSHB")
Change component parameters (AddParameter): Name = "Case"; Value = "0603"; VariantName = "[No Variations]"
Change component parameters (AddParameter): Name = "Manufacturer"; Value = "KEMET"; VariantName = "[No Variations]"
Change component parameters (AddParameter): Name = "PartNumber"; Value = "C0603C104K5RACTU"; VariantName = "[No Variations]"
Change component parameters (AddParameter): Name = "Value"; Value = "100n"; VariantName = "[No Variations]"
Change component parameters (AddParameter): Name = "Voltage"; Value = "50V"; VariantName = "[No Variations]"
Change component parameters: Designator = "C15" ("C15"); Footprint = "CAPC3216X16M"; UniqueID = "\ROBUXNXD" ("\ROBUXNXD")
Change component parameters (AddParameter): Name = "Case"; Value = "1206"; VariantName = "[No Variations]"
Change component parameters (AddParameter): Name = "Manufacturer"; Value = "Samsung Electro-Mechanics"; VariantName = "[No Variations]"
Change component parameters (AddParameter): Name = "PartNumber"; Value = "CL31B106KBHNNNE"; VariantName = "[No Variations]"
Change component parameters (AddParameter): Name = "Value"; Value = "10u"; VariantName = "[No Variations]"
Change component parameters (AddParameter): Name = "Voltage"; Value = "50V"; VariantName = "[No Variations]"
Change component parameters: Designator = "C16" ("C16"); Footprint = "CAPC1608X09M"; UniqueID = "\PEXVOSHH" ("\PEXVOSHH")
Change component parameters (AddParameter): Name = "Case"; Value = "0603"; VariantName = "[No Variations]"
Change component parameters (AddParameter): Name = "Manufacturer"; Value = "KEMET"; VariantName = "[No Variations]"
Change component parameters (AddParameter): Name = "PartNumber"; Value = "C0603C104K5RACTU"; VariantName = "[No Variations]"
Change component parameters (AddParameter): Name = "Value"; Value = "100n"; VariantName = "[No Variations]"
Change component parameters (AddParameter): Name = "Voltage"; Value = "50V"; VariantName = "[No Variations]"
Change component parameters: Designator = "C17" ("C17"); Footprint = "CAPC1608X09M"; UniqueID = "\ZDORHBMS" ("\ZDORHBMS")
Change component parameters (AddParameter): Name = "Case"; Value = "0603"; VariantName = "[No Variations]"
Change component parameters (AddParameter): Name = "Manufacturer"; Value = "KEMET"; VariantName = "[No Variations]"
Change component parameters (AddParameter): Name = "PartNumber"; Value = "C0603C104K5RACTU"; VariantName = "[No Variations]"
Change component parameters (AddParameter): Name = "Value"; Value = "100n"; VariantName = "[No Variations]"
Change component parameters (AddParameter): Name = "Voltage"; Value = "50V"; VariantName = "[No Variations]"
Change component parameters: Designator = "C18" ("C18"); Footprint = "CAPC1608X09M"; UniqueID = "\WULDCCHS" ("\WULDCCHS")
Change component parameters (AddParameter): Name = "Case"; Value = "0603"; VariantName = "[No Variations]"
Change component parameters (AddParameter): Name = "Manufacturer"; Value = "KEMET"; VariantName = "[No Variations]"
Change component parameters (AddParameter): Name = "PartNumber"; Value = "C0603C105K8RACTU"; VariantName = "[No Variations]"
Change component parameters (AddParameter): Name = "Value"; Value = "1u"; VariantName = "[No Variations]"
Change component parameters (AddParameter): Name = "Voltage"; Value = "10V"; VariantName = "[No Variations]"
Change component parameters: Designator = "C19" ("C19"); Footprint = "CAPC1608X09M"; UniqueID = "\UJHAIJYI" ("\UJHAIJYI")
Change component parameters (AddParameter): Name = "Case"; Value = "0603"; VariantName = "[No Variations]"
Change component parameters (AddParameter): Name = "Manufacturer"; Value = "YAGEO"; VariantName = "[No Variations]"
Change component parameters (AddParameter): Name = "PartNumber"; Value = "CC0603FRNPO0BN270"; VariantName = "[No Variations]"
Change component parameters (AddParameter): Name = "Value"; Value = "27p"; VariantName = "[No Variations]"
Change component parameters (AddParameter): Name = "Voltage"; Value = "100V"; VariantName = "[No Variations]"
Change component parameters: Designator = "C20" ("C20"); Footprint = "CAPC1608X09M"; UniqueID = "\PKBNPNYI" ("\PKBNPNYI")
Change component parameters (AddParameter): Name = "Case"; Value = "0603"; VariantName = "[No Variations]"
Change component parameters (AddParameter): Name = "Manufacturer"; Value = "YAGEO"; VariantName = "[No Variations]"
Change component parameters (AddParameter): Name = "PartNumber"; Value = "CC0603FRNPO0BN270"; VariantName = "[No Variations]"
Change component parameters (AddParameter): Name = "Value"; Value = "27p"; VariantName = "[No Variations]"
Change component parameters (AddParameter): Name = "Voltage"; Value = "100V"; VariantName = "[No Variations]"
Change component parameters: Designator = "C21" ("C21"); Footprint = "CAPC1608X09M"; UniqueID = "\KXAABJKE" ("\KXAABJKE")
Change component parameters (AddParameter): Name = "Case"; Value = "0603"; VariantName = "[No Variations]"
Change component parameters (AddParameter): Name = "Manufacturer"; Value = "KEMET"; VariantName = "[No Variations]"
Change component parameters (AddParameter): Name = "PartNumber"; Value = "C0603C104K5RACTU"; VariantName = "[No Variations]"
Change component parameters (AddParameter): Name = "Value"; Value = "100n"; VariantName = "[No Variations]"
Change component parameters (AddParameter): Name = "Voltage"; Value = "50V"; VariantName = "[No Variations]"
Change component parameters: Designator = "C22" ("C22"); Footprint = "CAPC2012X14N"; UniqueID = "\NJMOARVS" ("\NJMOARVS")
Change component parameters (AddParameter): Name = "Case"; Value = "0805"; VariantName = "[No Variations]"
Change component parameters (AddParameter): Name = "Manufacturer"; Value = "KEMET"; VariantName = "[No Variations]"
Change component parameters (AddParameter): Name = "PartNumber"; Value = "C1206C475K5RACTU"; VariantName = "[No Variations]"
Change component parameters (AddParameter): Name = "Value"; Value = "4u7"; VariantName = "[No Variations]"
Change component parameters (AddParameter): Name = "Voltage"; Value = "50V"; VariantName = "[No Variations]"
Change component parameters: Designator = "C23" ("C23"); Footprint = "CAPC1608X09M"; UniqueID = "\NCNCFLLP" ("\NCNCFLLP")
Change component parameters (AddParameter): Name = "Case"; Value = "0603"; VariantName = "[No Variations]"
Change component parameters (AddParameter): Name = "Manufacturer"; Value = "KEMET"; VariantName = "[No Variations]"
Change component parameters (AddParameter): Name = "PartNumber"; Value = "C0603C104K5RACTU"; VariantName = "[No Variations]"
Change component parameters (AddParameter): Name = "Value"; Value = "100n"; VariantName = "[No Variations]"
Change component parameters (AddParameter): Name = "Voltage"; Value = "50V"; VariantName = "[No Variations]"
Change component parameters: Designator = "C24" ("C24"); Footprint = "CAPC1608X09M"; UniqueID = "\FFGGKCNH" ("\FFGGKCNH")
Change component parameters (AddParameter): Name = "Case"; Value = "0603"; VariantName = "[No Variations]"
Change component parameters (AddParameter): Name = "Manufacturer"; Value = "KEMET"; VariantName = "[No Variations]"
Change component parameters (AddParameter): Name = "PartNumber"; Value = "C0603C104K5RACTU"; VariantName = "[No Variations]"
Change component parameters (AddParameter): Name = "Value"; Value = "100n"; VariantName = "[No Variations]"
Change component parameters (AddParameter): Name = "Voltage"; Value = "50V"; VariantName = "[No Variations]"
Change component parameters: Designator = "C25" ("C25"); Footprint = "CAPC1608X09M"; UniqueID = "\AXCNLPXW" ("\AXCNLPXW")
Change component parameters (AddParameter): Name = "Case"; Value = "0603"; VariantName = "[No Variations]"
Change component parameters (AddParameter): Name = "Manufacturer"; Value = "KEMET"; VariantName = "[No Variations]"
Change component parameters (AddParameter): Name = "PartNumber"; Value = "C0603C104K5RACTU"; VariantName = "[No Variations]"
Change component parameters (AddParameter): Name = "Value"; Value = "100n"; VariantName = "[No Variations]"
Change component parameters (AddParameter): Name = "Voltage"; Value = "50V"; VariantName = "[No Variations]"
Change component parameters: Designator = "C26" ("C26"); Footprint = "CAPC1608X09M"; UniqueID = "\ZEDIWIYW" ("\ZEDIWIYW")
Change component parameters (AddParameter): Name = "Case"; Value = "0603"; VariantName = "[No Variations]"
Change component parameters (AddParameter): Name = "Manufacturer"; Value = "YAGEO"; VariantName = "[No Variations]"
Change component parameters (AddParameter): Name = "PartNumber"; Value = "CC0603KRX7R9BB473"; VariantName = "[No Variations]"
Change component parameters (AddParameter): Name = "Value"; Value = "47n"; VariantName = "[No Variations]"
Change component parameters (AddParameter): Name = "Voltage"; Value = "50V"; VariantName = "[No Variations]"
Change component parameters: Designator = "C27" ("C27"); Footprint = "CAPC1608X09M"; UniqueID = "\GSKBREZQ" ("\GSKBREZQ")
Change component parameters (AddParameter): Name = "Case"; Value = "0603"; VariantName = "[No Variations]"
Change component parameters (AddParameter): Name = "Manufacturer"; Value = "KEMET"; VariantName = "[No Variations]"
Change component parameters (AddParameter): Name = "PartNumber"; Value = "C0603C104K5RACTU"; VariantName = "[No Variations]"
Change component parameters (AddParameter): Name = "Value"; Value = "100n"; VariantName = "[No Variations]"
Change component parameters (AddParameter): Name = "Voltage"; Value = "50V"; VariantName = "[No Variations]"
Change component parameters: Designator = "C28" ("C28"); Footprint = "CAPC1608X09M"; UniqueID = "\ZLTKCXEZ" ("\ZLTKCXEZ")
Change component parameters (AddParameter): Name = "Case"; Value = "0603"; VariantName = "[No Variations]"
Change component parameters (AddParameter): Name = "Manufacturer"; Value = "KEMET"; VariantName = "[No Variations]"
Change component parameters (AddParameter): Name = "PartNumber"; Value = "C0603C104K5RACTU"; VariantName = "[No Variations]"
Change component parameters (AddParameter): Name = "Value"; Value = "100n"; VariantName = "[No Variations]"
Change component parameters (AddParameter): Name = "Voltage"; Value = "50V"; VariantName = "[No Variations]"
Change component parameters: Designator = "C29" ("C29"); Footprint = "CAPC1608X09M"; UniqueID = "\MLXWGROX" ("\MLXWGROX")
Change component parameters (AddParameter): Name = "Case"; Value = "0603"; VariantName = "[No Variations]"
Change component parameters (AddParameter): Name = "Manufacturer"; Value = "KEMET"; VariantName = "[No Variations]"
Change component parameters (AddParameter): Name = "PartNumber"; Value = "C0603C473M5RACTU"; VariantName = "[No Variations]"
Change component parameters (AddParameter): Name = "Value"; Value = "47n"; VariantName = "[No Variations]"
Change component parameters (AddParameter): Name = "Voltage"; Value = "50V"; VariantName = "[No Variations]"
Change component parameters: Designator = "C30" ("C30"); Footprint = "CAPC1608X09M"; UniqueID = "\JNBXELRP" ("\JNBXELRP")
Change component parameters (AddParameter): Name = "Case"; Value = "0603"; VariantName = "[No Variations]"
Change component parameters (AddParameter): Name = "Manufacturer"; Value = "KEMET"; VariantName = "[No Variations]"
Change component parameters (AddParameter): Name = "PartNumber"; Value = "C0603C104K5RACTU"; VariantName = "[No Variations]"
Change component parameters (AddParameter): Name = "Value"; Value = "100n"; VariantName = "[No Variations]"
Change component parameters (AddParameter): Name = "Voltage"; Value = "50V"; VariantName = "[No Variations]"
Change component parameters: Designator = "C31" ("C31"); Footprint = "CAPC1608X09M"; UniqueID = "\PIESTQLN" ("\PIESTQLN")
Change component parameters (AddParameter): Name = "Case"; Value = "0603"; VariantName = "[No Variations]"
Change component parameters (AddParameter): Name = "Manufacturer"; Value = "KEMET"; VariantName = "[No Variations]"
Change component parameters (AddParameter): Name = "PartNumber"; Value = "C0603C103M5RACTM"; VariantName = "[No Variations]"
Change component parameters (AddParameter): Name = "Value"; Value = "10n"; VariantName = "[No Variations]"
Change component parameters (AddParameter): Name = "Voltage"; Value = "50V"; VariantName = "[No Variations]"
Change component parameters: Designator = "C32" ("C32"); Footprint = "CAPC1608X09M"; UniqueID = "\IYXDZDFY" ("\IYXDZDFY")
Change component parameters (AddParameter): Name = "Case"; Value = "0603"; VariantName = "[No Variations]"
Change component parameters (AddParameter): Name = "Manufacturer"; Value = "KEMET"; VariantName = "[No Variations]"
Change component parameters (AddParameter): Name = "PartNumber"; Value = "C0603C221J5RACTU"; VariantName = "[No Variations]"
Change component parameters (AddParameter): Name = "Value"; Value = "220p"; VariantName = "[No Variations]"
Change component parameters (AddParameter): Name = "Voltage"; Value = "50V"; VariantName = "[No Variations]"
Change component parameters: Designator = "C33" ("C33"); Footprint = "CAPC1608X09M"; UniqueID = "\IYJDDYJP" ("\IYJDDYJP")
Change component parameters (AddParameter): Name = "Case"; Value = "0603"; VariantName = "[No Variations]"
Change component parameters (AddParameter): Name = "Manufacturer"; Value = "KEMET"; VariantName = "[No Variations]"
Change component parameters (AddParameter): Name = "PartNumber"; Value = "C0603C473M5RACTU"; VariantName = "[No Variations]"
Change component parameters (AddParameter): Name = "Value"; Value = "47n"; VariantName = "[No Variations]"
Change component parameters (AddParameter): Name = "Voltage"; Value = "50V"; VariantName = "[No Variations]"
Change component parameters: Designator = "C34" ("C34"); Footprint = "CAPC1608X09M"; UniqueID = "\GVMHLGFV" ("\GVMHLGFV")
Change component parameters (AddParameter): Name = "Case"; Value = "0603"; VariantName = "[No Variations]"
Change component parameters (AddParameter): Name = "Manufacturer"; Value = "KEMET"; VariantName = "[No Variations]"
Change component parameters (AddParameter): Name = "PartNumber"; Value = "C0603C104K5RACTU"; VariantName = "[No Variations]"
Change component parameters (AddParameter): Name = "Value"; Value = "100n"; VariantName = "[No Variations]"
Change component parameters (AddParameter): Name = "Voltage"; Value = "50V"; VariantName = "[No Variations]"
Change component parameters: Designator = "C35" ("C35"); Footprint = "CAPC1608X09M"; UniqueID = "\DMBCONAS" ("\DMBCONAS")
Change component parameters (AddParameter): Name = "Case"; Value = "0603"; VariantName = "[No Variations]"
Change component parameters (AddParameter): Name = "Manufacturer"; Value = "KEMET"; VariantName = "[No Variations]"
Change component parameters (AddParameter): Name = "PartNumber"; Value = "C0603C103M5RACTM"; VariantName = "[No Variations]"
Change component parameters (AddParameter): Name = "Value"; Value = "10n"; VariantName = "[No Variations]"
Change component parameters (AddParameter): Name = "Voltage"; Value = "50V"; VariantName = "[No Variations]"
Change component parameters: Designator = "C36" ("C36"); Footprint = "CAPC1608X09M"; UniqueID = "\UHWVPIHR" ("\UHWVPIHR")
Change component parameters (AddParameter): Name = "Case"; Value = "0603"; VariantName = "[No Variations]"
Change component parameters (AddParameter): Name = "Manufacturer"; Value = "KEMET"; VariantName = "[No Variations]"
Change component parameters (AddParameter): Name = "PartNumber"; Value = "C0603C221J5RACTU"; VariantName = "[No Variations]"
Change component parameters (AddParameter): Name = "Value"; Value = "220p"; VariantName = "[No Variations]"
Change component parameters (AddParameter): Name = "Voltage"; Value = "50V"; VariantName = "[No Variations]"
Change component parameters: Designator = "C37" ("C37"); Footprint = "CAPC1608X09M"; UniqueID = "\GSYGELBL" ("\GSYGELBL")
Change component parameters (AddParameter): Name = "Case"; Value = "0603"; VariantName = "[No Variations]"
Change component parameters (AddParameter): Name = "Manufacturer"; Value = "KEMET"; VariantName = "[No Variations]"
Change component parameters (AddParameter): Name = "PartNumber"; Value = "C0603C473M5RACTU"; VariantName = "[No Variations]"
Change component parameters (AddParameter): Name = "Value"; Value = "47n"; VariantName = "[No Variations]"
Change component parameters (AddParameter): Name = "Voltage"; Value = "50V"; VariantName = "[No Variations]"
Change component parameters: Designator = "C38" ("C38"); Footprint = "CAPC1608X09M"; UniqueID = "\RGZZTXBL" ("\RGZZTXBL")
Change component parameters (AddParameter): Name = "Case"; Value = "0603"; VariantName = "[No Variations]"
Change component parameters (AddParameter): Name = "Manufacturer"; Value = "KEMET"; VariantName = "[No Variations]"
Change component parameters (AddParameter): Name = "PartNumber"; Value = "C0603C104K5RACTU"; VariantName = "[No Variations]"
Change component parameters (AddParameter): Name = "Value"; Value = "100n"; VariantName = "[No Variations]"
Change component parameters (AddParameter): Name = "Voltage"; Value = "50V"; VariantName = "[No Variations]"
Change component parameters: Designator = "C39" ("C39"); Footprint = "CAPC1608X09M"; UniqueID = "\JCVWTAXU" ("\JCVWTAXU")
Change component parameters (AddParameter): Name = "Case"; Value = "0603"; VariantName = "[No Variations]"
Change component parameters (AddParameter): Name = "Manufacturer"; Value = "KEMET"; VariantName = "[No Variations]"
Change component parameters (AddParameter): Name = "PartNumber"; Value = "C0603C103M5RACTM"; VariantName = "[No Variations]"
Change component parameters (AddParameter): Name = "Value"; Value = "10n"; VariantName = "[No Variations]"
Change component parameters (AddParameter): Name = "Voltage"; Value = "50V"; VariantName = "[No Variations]"
Change component parameters: Designator = "C40" ("C40"); Footprint = "CAPC1608X09M"; UniqueID = "\BJBZCZNE" ("\BJBZCZNE")
Change component parameters (AddParameter): Name = "Case"; Value = "0603"; VariantName = "[No Variations]"
Change component parameters (AddParameter): Name = "Manufacturer"; Value = "KEMET"; VariantName = "[No Variations]"
Change component parameters (AddParameter): Name = "PartNumber"; Value = "C0603C221J5RACTU"; VariantName = "[No Variations]"
Change component parameters (AddParameter): Name = "Value"; Value = "220p"; VariantName = "[No Variations]"
Change component parameters (AddParameter): Name = "Voltage"; Value = "50V"; VariantName = "[No Variations]"
Change component parameters: Designator = "C41" ("C41"); Footprint = "CAPC1608X09M"; UniqueID = "\YGCROHDN" ("\YGCROHDN")
Change component parameters (AddParameter): Name = "Case"; Value = "0603"; VariantName = "[No Variations]"
Change component parameters (AddParameter): Name = "Manufacturer"; Value = "KEMET"; VariantName = "[No Variations]"
Change component parameters (AddParameter): Name = "PartNumber"; Value = "C0603C473M5RACTU"; VariantName = "[No Variations]"
Change component parameters (AddParameter): Name = "Value"; Value = "47n"; VariantName = "[No Variations]"
Change component parameters (AddParameter): Name = "Voltage"; Value = "50V"; VariantName = "[No Variations]"
Change component parameters: Designator = "C42" ("C42"); Footprint = "CAPC1608X09M"; UniqueID = "\LHMHXMAX" ("\LHMHXMAX")
Change component parameters (AddParameter): Name = "Case"; Value = "0603"; VariantName = "[No Variations]"
Change component parameters (AddParameter): Name = "Manufacturer"; Value = "KEMET"; VariantName = "[No Variations]"
Change component parameters (AddParameter): Name = "PartNumber"; Value = "C0603C104K5RACTU"; VariantName = "[No Variations]"
Change component parameters (AddParameter): Name = "Value"; Value = "100n"; VariantName = "[No Variations]"
Change component parameters (AddParameter): Name = "Voltage"; Value = "50V"; VariantName = "[No Variations]"
Change component parameters: Designator = "C43" ("C43"); Footprint = "CAPC1608X09M"; UniqueID = "\YUDIDCVS" ("\YUDIDCVS")
Change component parameters (AddParameter): Name = "Case"; Value = "0603"; VariantName = "[No Variations]"
Change component parameters (AddParameter): Name = "Manufacturer"; Value = "KEMET"; VariantName = "[No Variations]"
Change component parameters (AddParameter): Name = "PartNumber"; Value = "C0603C103M5RACTM"; VariantName = "[No Variations]"
Change component parameters (AddParameter): Name = "Value"; Value = "10n"; VariantName = "[No Variations]"
Change component parameters (AddParameter): Name = "Voltage"; Value = "50V"; VariantName = "[No Variations]"
Change component parameters: Designator = "C44" ("C44"); Footprint = "CAPC1608X09M"; UniqueID = "\NJVTHMZE" ("\NJVTHMZE")
Change component parameters (AddParameter): Name = "Case"; Value = "0603"; VariantName = "[No Variations]"
Change component parameters (AddParameter): Name = "Manufacturer"; Value = "KEMET"; VariantName = "[No Variations]"
Change component parameters (AddParameter): Name = "PartNumber"; Value = "C0603C221J5RACTU"; VariantName = "[No Variations]"
Change component parameters (AddParameter): Name = "Value"; Value = "220p"; VariantName = "[No Variations]"
Change component parameters (AddParameter): Name = "Voltage"; Value = "50V"; VariantName = "[No Variations]"
Change component parameters: Designator = "C47" ("C47"); Footprint = "CAPC1608X09M"; UniqueID = "\ZWWREQXY" ("\ZWWREQXY")
Change component parameters (AddParameter): Name = "Case"; Value = "0603"; VariantName = "[No Variations]"
Change component parameters (AddParameter): Name = "Manufacturer"; Value = "KEMET"; VariantName = "[No Variations]"
Change component parameters (AddParameter): Name = "PartNumber"; Value = "C0603C104K5RACTU"; VariantName = "[No Variations]"
Change component parameters (AddParameter): Name = "Value"; Value = "100n"; VariantName = "[No Variations]"
Change component parameters (AddParameter): Name = "Voltage"; Value = "50V"; VariantName = "[No Variations]"
Change component parameters: Designator = "C48" ("C48"); Footprint = "CAPC1608X09M"; UniqueID = "\GXANFXMG" ("\GXANFXMG")
Change component parameters (AddParameter): Name = "Case"; Value = "0603"; VariantName = "[No Variations]"
Change component parameters (AddParameter): Name = "Manufacturer"; Value = "KEMET"; VariantName = "[No Variations]"
Change component parameters (AddParameter): Name = "PartNumber"; Value = "C0603C104K5RACTU"; VariantName = "[No Variations]"
Change component parameters (AddParameter): Name = "Value"; Value = "100n"; VariantName = "[No Variations]"
Change component parameters (AddParameter): Name = "Voltage"; Value = "50V"; VariantName = "[No Variations]"
Change component parameters: Designator = "C51" ("C51"); Footprint = "CAPC1608X09M"; UniqueID = "\OHXXJVRJ" ("\OHXXJVRJ")
Change component parameters (AddParameter): Name = "Case"; Value = "0603"; VariantName = "[No Variations]"
Change component parameters (AddParameter): Name = "Manufacturer"; Value = "KEMET"; VariantName = "[No Variations]"
Change component parameters (AddParameter): Name = "PartNumber"; Value = "C0603C104K5RACTU"; VariantName = "[No Variations]"
Change component parameters (AddParameter): Name = "Value"; Value = "100n"; VariantName = "[No Variations]"
Change component parameters (AddParameter): Name = "Voltage"; Value = "50V"; VariantName = "[No Variations]"
Change component parameters: Designator = "C52" ("C52"); Footprint = "CAPC1608X09M"; UniqueID = "\NVVXONUI" ("\NVVXONUI")
Change component parameters (AddParameter): Name = "Case"; Value = "0603"; VariantName = "[No Variations]"
Change component parameters (AddParameter): Name = "Manufacturer"; Value = "KEMET"; VariantName = "[No Variations]"
Change component parameters (AddParameter): Name = "PartNumber"; Value = "C0603C104K5RACTU"; VariantName = "[No Variations]"
Change component parameters (AddParameter): Name = "Value"; Value = "100n"; VariantName = "[No Variations]"
Change component parameters (AddParameter): Name = "Voltage"; Value = "50V"; VariantName = "[No Variations]"
Change component parameters: Designator = "C53" ("C53"); Footprint = "CAPC1608X09M"; UniqueID = "\MLQBIGFN" ("\MLQBIGFN")
Change component parameters (AddParameter): Name = "Case"; Value = "0603"; VariantName = "[No Variations]"
Change component parameters (AddParameter): Name = "Manufacturer"; Value = "KEMET"; VariantName = "[No Variations]"
Change component parameters (AddParameter): Name = "PartNumber"; Value = "C0603C103K1RACTU"; VariantName = "[No Variations]"
Change component parameters (AddParameter): Name = "Value"; Value = "10n"; VariantName = "[No Variations]"
Change component parameters (AddParameter): Name = "Voltage"; Value = "100V"; VariantName = "[No Variations]"
Change component parameters: Designator = "C54" ("C54"); Footprint = "CAPC1608X09M"; UniqueID = "\UOCWUWIU" ("\UOCWUWIU")
Change component parameters (AddParameter): Name = "Case"; Value = "0603"; VariantName = "[No Variations]"
Change component parameters (AddParameter): Name = "Manufacturer"; Value = "KEMET"; VariantName = "[No Variations]"
Change component parameters (AddParameter): Name = "PartNumber"; Value = "C0603C103K1RACTU"; VariantName = "[No Variations]"
Change component parameters (AddParameter): Name = "Value"; Value = "10n"; VariantName = "[No Variations]"
Change component parameters (AddParameter): Name = "Voltage"; Value = "100V"; VariantName = "[No Variations]"
Change component parameters: Designator = "C55" ("C55"); Footprint = "CAPC1608X09M"; UniqueID = "\IGILPLZD" ("\IGILPLZD")
Change component parameters (AddParameter): Name = "Case"; Value = "0603"; VariantName = "[No Variations]"
Change component parameters (AddParameter): Name = "Manufacturer"; Value = "KEMET"; VariantName = "[No Variations]"
Change component parameters (AddParameter): Name = "PartNumber"; Value = "C0603C103K1RACTU"; VariantName = "[No Variations]"
Change component parameters (AddParameter): Name = "Value"; Value = "10n"; VariantName = "[No Variations]"
Change component parameters (AddParameter): Name = "Voltage"; Value = "100V"; VariantName = "[No Variations]"
Change component parameters: Designator = "C56" ("C56"); Footprint = "CAPC1608X09M"; UniqueID = "\PBWYIYEB" ("\PBWYIYEB")
Change component parameters (AddParameter): Name = "Case"; Value = "0603"; VariantName = "[No Variations]"
Change component parameters (AddParameter): Name = "Manufacturer"; Value = "KEMET"; VariantName = "[No Variations]"
Change component parameters (AddParameter): Name = "PartNumber"; Value = "C0603C103K1RACTU"; VariantName = "[No Variations]"
Change component parameters (AddParameter): Name = "Value"; Value = "10n"; VariantName = "[No Variations]"
Change component parameters (AddParameter): Name = "Voltage"; Value = "100V"; VariantName = "[No Variations]"
Change component parameters: Designator = "C57" ("C57"); Footprint = "CAPC1608X09M"; UniqueID = "\QUWGVMFD" ("\QUWGVMFD")
Change component parameters (AddParameter): Name = "Case"; Value = "0603"; VariantName = "[No Variations]"
Change component parameters (AddParameter): Name = "Manufacturer"; Value = "KEMET"; VariantName = "[No Variations]"
Change component parameters (AddParameter): Name = "PartNumber"; Value = "C0603C104K5RACTU"; VariantName = "[No Variations]"
Change component parameters (AddParameter): Name = "Value"; Value = "100n"; VariantName = "[No Variations]"
Change component parameters (AddParameter): Name = "Voltage"; Value = "50V"; VariantName = "[No Variations]"
Change component parameters: Designator = "C58" ("C58"); Footprint = "CAPC1608X09M"; UniqueID = "\YFKKSJBR" ("\YFKKSJBR")
Change component parameters (AddParameter): Name = "Case"; Value = "0603"; VariantName = "[No Variations]"
Change component parameters (AddParameter): Name = "Manufacturer"; Value = "KEMET"; VariantName = "[No Variations]"
Change component parameters (AddParameter): Name = "PartNumber"; Value = "C0603C104K5RACTU"; VariantName = "[No Variations]"
Change component parameters (AddParameter): Name = "Value"; Value = "100n"; VariantName = "[No Variations]"
Change component parameters (AddParameter): Name = "Voltage"; Value = "50V"; VariantName = "[No Variations]"
Change component parameters: Designator = "C59" ("C59"); Footprint = "CAPC1608X09M"; UniqueID = "\WJPJQKPT" ("\WJPJQKPT")
Change component parameters (AddParameter): Name = "Case"; Value = "0603"; VariantName = "[No Variations]"
Change component parameters (AddParameter): Name = "Manufacturer"; Value = "KEMET"; VariantName = "[No Variations]"
Change component parameters (AddParameter): Name = "PartNumber"; Value = "C0603C105K8RACTU"; VariantName = "[No Variations]"
Change component parameters (AddParameter): Name = "Value"; Value = "1u"; VariantName = "[No Variations]"
Change component parameters (AddParameter): Name = "Voltage"; Value = "10V"; VariantName = "[No Variations]"
Change component parameters: Designator = "C60" ("C60"); Footprint = "CAPC1608X09M"; UniqueID = "\FFSDDAOL" ("\FFSDDAOL")
Change component parameters (AddParameter): Name = "Case"; Value = "0603"; VariantName = "[No Variations]"
Change component parameters (AddParameter): Name = "Manufacturer"; Value = "KEMET"; VariantName = "[No Variations]"
Change component parameters (AddParameter): Name = "PartNumber"; Value = "C0603C105K8RACTU"; VariantName = "[No Variations]"
Change component parameters (AddParameter): Name = "Value"; Value = "1u"; VariantName = "[No Variations]"
Change component parameters (AddParameter): Name = "Voltage"; Value = "10V"; VariantName = "[No Variations]"
Change component parameters: Designator = "C61" ("C61"); Footprint = "CAPC1608X09M"; UniqueID = "\KRKLHDFU" ("\KRKLHDFU")
Change component parameters (AddParameter): Name = "Case"; Value = "0603"; VariantName = "[No Variations]"
Change component parameters (AddParameter): Name = "Manufacturer"; Value = "KEMET"; VariantName = "[No Variations]"
Change component parameters (AddParameter): Name = "PartNumber"; Value = "C0603C473M5RACTU"; VariantName = "[No Variations]"
Change component parameters (AddParameter): Name = "Value"; Value = "47n"; VariantName = "[No Variations]"
Change component parameters (AddParameter): Name = "Voltage"; Value = "50V"; VariantName = "[No Variations]"
Change component parameters: Designator = "C62" ("C62"); Footprint = "CAPC1608X09M"; UniqueID = "\RDPENJZP" ("\RDPENJZP")
Change component parameters (AddParameter): Name = "Case"; Value = "0603"; VariantName = "[No Variations]"
Change component parameters (AddParameter): Name = "Manufacturer"; Value = "KEMET"; VariantName = "[No Variations]"
Change component parameters (AddParameter): Name = "PartNumber"; Value = "C0603C104K5RACTU"; VariantName = "[No Variations]"
Change component parameters (AddParameter): Name = "Value"; Value = "100n"; VariantName = "[No Variations]"
Change component parameters (AddParameter): Name = "Voltage"; Value = "50V"; VariantName = "[No Variations]"
Change component parameters: Designator = "C63" ("C63"); Footprint = "CAPC1608X09M"; UniqueID = "\IQMMXGXX" ("\IQMMXGXX")
Change component parameters (AddParameter): Name = "Case"; Value = "0603"; VariantName = "[No Variations]"
Change component parameters (AddParameter): Name = "Manufacturer"; Value = "KEMET"; VariantName = "[No Variations]"
Change component parameters (AddParameter): Name = "PartNumber"; Value = "C0603C103M5RACTM"; VariantName = "[No Variations]"
Change component parameters (AddParameter): Name = "Value"; Value = "10n"; VariantName = "[No Variations]"
Change component parameters (AddParameter): Name = "Voltage"; Value = "50V"; VariantName = "[No Variations]"
Change component parameters: Designator = "C64" ("C64"); Footprint = "CAPC1608X09M"; UniqueID = "\GIHDWQBF" ("\GIHDWQBF")
Change component parameters (AddParameter): Name = "Case"; Value = "0603"; VariantName = "[No Variations]"
Change component parameters (AddParameter): Name = "Manufacturer"; Value = "KEMET"; VariantName = "[No Variations]"
Change component parameters (AddParameter): Name = "PartNumber"; Value = "C0603C103M5RACTM"; VariantName = "[No Variations]"
Change component parameters (AddParameter): Name = "Value"; Value = "10n"; VariantName = "[No Variations]"
Change component parameters (AddParameter): Name = "Voltage"; Value = "50V"; VariantName = "[No Variations]"
Change component parameters: Designator = "C65" ("C65"); Footprint = "CAPC1608X09M"; UniqueID = "\DJSAWDSH" ("\DJSAWDSH")
Change component parameters (AddParameter): Name = "Case"; Value = "0603"; VariantName = "[No Variations]"
Change component parameters (AddParameter): Name = "Manufacturer"; Value = "KEMET"; VariantName = "[No Variations]"
Change component parameters (AddParameter): Name = "PartNumber"; Value = "C0603C221J5RACTU"; VariantName = "[No Variations]"
Change component parameters (AddParameter): Name = "Value"; Value = "220p"; VariantName = "[No Variations]"
Change component parameters (AddParameter): Name = "Voltage"; Value = "50V"; VariantName = "[No Variations]"
Change component parameters: Designator = "C66" ("C66"); Footprint = "CAPC1608X09M"; UniqueID = "\HXLUSPUI" ("\HXLUSPUI")
Change component parameters (AddParameter): Name = "Case"; Value = "0603"; VariantName = "[No Variations]"
Change component parameters (AddParameter): Name = "Manufacturer"; Value = "KEMET"; VariantName = "[No Variations]"
Change component parameters (AddParameter): Name = "PartNumber"; Value = "C0603C473M5RACTU"; VariantName = "[No Variations]"
Change component parameters (AddParameter): Name = "Value"; Value = "47n"; VariantName = "[No Variations]"
Change component parameters (AddParameter): Name = "Voltage"; Value = "50V"; VariantName = "[No Variations]"
Change component parameters: Designator = "C67" ("C67"); Footprint = "CAPC1608X09M"; UniqueID = "\HFYWNKHJ" ("\HFYWNKHJ")
Change component parameters (AddParameter): Name = "Case"; Value = "0603"; VariantName = "[No Variations]"
Change component parameters (AddParameter): Name = "Manufacturer"; Value = "KEMET"; VariantName = "[No Variations]"
Change component parameters (AddParameter): Name = "PartNumber"; Value = "C0603C104K5RACTU"; VariantName = "[No Variations]"
Change component parameters (AddParameter): Name = "Value"; Value = "100n"; VariantName = "[No Variations]"
Change component parameters (AddParameter): Name = "Voltage"; Value = "50V"; VariantName = "[No Variations]"
Change component parameters: Designator = "C68" ("C68"); Footprint = "CAPC1608X09M"; UniqueID = "\LAQIPZGH" ("\LAQIPZGH")
Change component parameters (AddParameter): Name = "Case"; Value = "0603"; VariantName = "[No Variations]"
Change component parameters (AddParameter): Name = "Manufacturer"; Value = "KEMET"; VariantName = "[No Variations]"
Change component parameters (AddParameter): Name = "PartNumber"; Value = "C0603C103M5RACTM"; VariantName = "[No Variations]"
Change component parameters (AddParameter): Name = "Value"; Value = "10n"; VariantName = "[No Variations]"
Change component parameters (AddParameter): Name = "Voltage"; Value = "50V"; VariantName = "[No Variations]"
Change component parameters: Designator = "C69" ("C69"); Footprint = "CAPC1608X09M"; UniqueID = "\NQIOIXCJ" ("\NQIOIXCJ")
Change component parameters (AddParameter): Name = "Case"; Value = "0603"; VariantName = "[No Variations]"
Change component parameters (AddParameter): Name = "Manufacturer"; Value = "KEMET"; VariantName = "[No Variations]"
Change component parameters (AddParameter): Name = "PartNumber"; Value = "C0603C103M5RACTM"; VariantName = "[No Variations]"
Change component parameters (AddParameter): Name = "Value"; Value = "10n"; VariantName = "[No Variations]"
Change component parameters (AddParameter): Name = "Voltage"; Value = "50V"; VariantName = "[No Variations]"
Change component parameters: Designator = "C70" ("C70"); Footprint = "CAPC1608X09M"; UniqueID = "\FFAYCWZV" ("\FFAYCWZV")
Change component parameters (AddParameter): Name = "Case"; Value = "0603"; VariantName = "[No Variations]"
Change component parameters (AddParameter): Name = "Manufacturer"; Value = "KEMET"; VariantName = "[No Variations]"
Change component parameters (AddParameter): Name = "PartNumber"; Value = "C0603C221J5RACTU"; VariantName = "[No Variations]"
Change component parameters (AddParameter): Name = "Value"; Value = "220p"; VariantName = "[No Variations]"
Change component parameters (AddParameter): Name = "Voltage"; Value = "50V"; VariantName = "[No Variations]"
Change component parameters: Designator = "C71" ("C71"); Footprint = "CAPC1608X09M"; UniqueID = "\VWIMVYUI" ("\VWIMVYUI")
Change component parameters (AddParameter): Name = "Case"; Value = "0603"; VariantName = "[No Variations]"
Change component parameters (AddParameter): Name = "Manufacturer"; Value = "KEMET"; VariantName = "[No Variations]"
Change component parameters (AddParameter): Name = "PartNumber"; Value = "C0603C473M5RACTU"; VariantName = "[No Variations]"
Change component parameters (AddParameter): Name = "Value"; Value = "47n"; VariantName = "[No Variations]"
Change component parameters (AddParameter): Name = "Voltage"; Value = "50V"; VariantName = "[No Variations]"
Change component parameters: Designator = "C72" ("C72"); Footprint = "CAPC1608X09M"; UniqueID = "\YLRBBJVS" ("\YLRBBJVS")
Change component parameters (AddParameter): Name = "Case"; Value = "0603"; VariantName = "[No Variations]"
Change component parameters (AddParameter): Name = "Manufacturer"; Value = "KEMET"; VariantName = "[No Variations]"
Change component parameters (AddParameter): Name = "PartNumber"; Value = "C0603C104K5RACTU"; VariantName = "[No Variations]"
Change component parameters (AddParameter): Name = "Value"; Value = "100n"; VariantName = "[No Variations]"
Change component parameters (AddParameter): Name = "Voltage"; Value = "50V"; VariantName = "[No Variations]"
Change component parameters: Designator = "C73" ("C73"); Footprint = "CAPC1608X09M"; UniqueID = "\NXIDDJGT" ("\NXIDDJGT")
Change component parameters (AddParameter): Name = "Case"; Value = "0603"; VariantName = "[No Variations]"
Change component parameters (AddParameter): Name = "Manufacturer"; Value = "KEMET"; VariantName = "[No Variations]"
Change component parameters (AddParameter): Name = "PartNumber"; Value = "C0603C103M5RACTM"; VariantName = "[No Variations]"
Change component parameters (AddParameter): Name = "Value"; Value = "10n"; VariantName = "[No Variations]"
Change component parameters (AddParameter): Name = "Voltage"; Value = "50V"; VariantName = "[No Variations]"
Change component parameters: Designator = "C74" ("C74"); Footprint = "CAPC1608X09M"; UniqueID = "\OCZNDBEB" ("\OCZNDBEB")
Change component parameters (AddParameter): Name = "Case"; Value = "0603"; VariantName = "[No Variations]"
Change component parameters (AddParameter): Name = "Manufacturer"; Value = "KEMET"; VariantName = "[No Variations]"
Change component parameters (AddParameter): Name = "PartNumber"; Value = "C0603C221J5RACTU"; VariantName = "[No Variations]"
Change component parameters (AddParameter): Name = "Value"; Value = "220p"; VariantName = "[No Variations]"
Change component parameters (AddParameter): Name = "Voltage"; Value = "50V"; VariantName = "[No Variations]"
Change component parameters: Designator = "D3" ("D3"); Footprint = "ONSC-SMB-2"; UniqueID = "\FPQZREBM" ("\FPQZREBM")
Change component parameters (AddParameter): Name = "Case"; Value = "SMB-2"; VariantName = "[No Variations]"
Change component parameters (AddParameter): Name = "Manufacturer"; Value = "Littelfuse"; VariantName = "[No Variations]"
Change component parameters (AddParameter): Name = "PartNumber"; Value = "SZ1SMB20CAT3G"; VariantName = "[No Variations]"
Change component parameters (AddParameter): Name = "Value"; Value = "SZ1SMB20CAT3G"; VariantName = "[No Variations]"
Change component parameters (AddParameter): Name = "Voltage"; Value = "20V"; VariantName = "[No Variations]"
Change component parameters: Designator = "D5" ("D5"); Footprint = "SOT95P240X120-3N"; UniqueID = "\OAGKQISE" ("\OAGKQISE")
Change component parameters (AddParameter): Name = "Case"; Value = "SOT23-3"; VariantName = "[No Variations]"
Change component parameters (AddParameter): Name = "Manufacturer"; Value = "Littelfuse"; VariantName = "[No Variations]"
Change component parameters (AddParameter): Name = "PartNumber"; Value = "SM712-02HTG"; VariantName = "[No Variations]"
Change component parameters (AddParameter): Name = "Value"; Value = "SM712-02HTG"; VariantName = "[No Variations]"
Change component parameters: Designator = "D6" ("D6"); Footprint = "SOT65P210X100-3N - AC"; UniqueID = "\XMFGTNKQ" ("\XMFGTNKQ")
Change component parameters (AddParameter): Name = "Case"; Value = "SOT-323-3"; VariantName = "[No Variations]"
Change component parameters (AddParameter): Name = "Manufacturer"; Value = "NEXPERIA"; VariantName = "[No Variations]"
Change component parameters (AddParameter): Name = "PartNumber"; Value = "BZX84W-C4V7-QX"; VariantName = "[No Variations]"
Change component parameters (AddParameter): Name = "Value"; Value = "5V"; VariantName = "[No Variations]"
Change component parameters: Designator = "D7" ("D7"); Footprint = "SOT65P210X100-3N - AC"; UniqueID = "\LYLHPUUI" ("\LYLHPUUI")
Change component parameters (AddParameter): Name = "Case"; Value = "SOT-323-3"; VariantName = "[No Variations]"
Change component parameters (AddParameter): Name = "Manufacturer"; Value = "Nexperia"; VariantName = "[No Variations]"
Change component parameters (AddParameter): Name = "PartNumber"; Value = "BZX84W-C4V7-QX"; VariantName = "[No Variations]"
Change component parameters (AddParameter): Name = "Value"; Value = "5V"; VariantName = "[No Variations]"
Change component parameters: Designator = "D8" ("D8"); Footprint = "SOT65P210X100-3N - AC"; UniqueID = "\FDYNDMHQ" ("\FDYNDMHQ")
Change component parameters (AddParameter): Name = "Case"; Value = "SOT-323-3"; VariantName = "[No Variations]"
Change component parameters (AddParameter): Name = "Manufacturer"; Value = "Nexperia"; VariantName = "[No Variations]"
Change component parameters (AddParameter): Name = "PartNumber"; Value = "BZX84W-C4V7-QX"; VariantName = "[No Variations]"
Change component parameters (AddParameter): Name = "Value"; Value = "5V"; VariantName = "[No Variations]"
Change component parameters: Designator = "D9" ("D9"); Footprint = "SOT65P210X100-3N - AC"; UniqueID = "\XMPRLXVH" ("\XMPRLXVH")
Change component parameters (AddParameter): Name = "Case"; Value = "SOT-323-3"; VariantName = "[No Variations]"
Change component parameters (AddParameter): Name = "Manufacturer"; Value = "Nexperia"; VariantName = "[No Variations]"
Change component parameters (AddParameter): Name = "PartNumber"; Value = "BZX84W-C4V7-QX"; VariantName = "[No Variations]"
Change component parameters (AddParameter): Name = "Value"; Value = "5V"; VariantName = "[No Variations]"
Change component parameters: Designator = "D10" ("D10"); Footprint = "SOT95P280X145-5N"; UniqueID = "\LIGWJSBW" ("\LIGWJSBW")
Change component parameters (AddParameter): Name = "Case"; Value = "SOT-23-5"; VariantName = "[No Variations]"
Change component parameters (AddParameter): Name = "Manufacturer"; Value = "Littelfuse"; VariantName = "[No Variations]"
Change component parameters (AddParameter): Name = "PartNumber"; Value = "SP0504BAHTG"; VariantName = "[No Variations]"
Change component parameters (AddParameter): Name = "Value"; Value = "SP0504BAHTG"; VariantName = "[No Variations]"
Change component parameters: Designator = "D11" ("D11"); Footprint = "SOT65P210X100-3N - AC"; UniqueID = "\KQTYVAEJ" ("\KQTYVAEJ")
Change component parameters (AddParameter): Name = "Case"; Value = "SOT-323-3"; VariantName = "[No Variations]"
Change component parameters (AddParameter): Name = "Manufacturer"; Value = "Nexperia"; VariantName = "[No Variations]"
Change component parameters (AddParameter): Name = "PartNumber"; Value = "BZX84W-C4V7-QX"; VariantName = "[No Variations]"
Change component parameters (AddParameter): Name = "Value"; Value = "5V"; VariantName = "[No Variations]"
Change component parameters: Designator = "D12" ("D12"); Footprint = "SOT65P210X100-3N - AC"; UniqueID = "\BFSBKZCE" ("\BFSBKZCE")
Change component parameters (AddParameter): Name = "Case"; Value = "SOT-323-3"; VariantName = "[No Variations]"
Change component parameters (AddParameter): Name = "Manufacturer"; Value = "Nexperia"; VariantName = "[No Variations]"
Change component parameters (AddParameter): Name = "PartNumber"; Value = "BZX84W-C4V7-QX"; VariantName = "[No Variations]"
Change component parameters (AddParameter): Name = "Value"; Value = "5V"; VariantName = "[No Variations]"
Change component parameters: Designator = "D13" ("D13"); Footprint = "SOT95P240X120-3N"; UniqueID = "\SYLZRSSE" ("\SYLZRSSE")
Change component parameters (AddParameter): Name = "Case"; Value = "SOT23-3"; VariantName = "[No Variations]"
Change component parameters (AddParameter): Name = "Manufacturer"; Value = "Littelfuse"; VariantName = "[No Variations]"
Change component parameters (AddParameter): Name = "PartNumber"; Value = "SM712-02HTG"; VariantName = "[No Variations]"
Change component parameters (AddParameter): Name = "Value"; Value = "SM712-02HTG"; VariantName = "[No Variations]"
Change component parameters: Designator = "D14" ("D14"); Footprint = "SOT65P210X100-3N - AC"; UniqueID = "\KDJFKZPF" ("\KDJFKZPF")
Change component parameters (AddParameter): Name = "Case"; Value = "SOT-323-3"; VariantName = "[No Variations]"
Change component parameters (AddParameter): Name = "Manufacturer"; Value = "Nexperia"; VariantName = "[No Variations]"
Change component parameters (AddParameter): Name = "PartNumber"; Value = "BZX84W-C4V7-QX"; VariantName = "[No Variations]"
Change component parameters (AddParameter): Name = "Value"; Value = "5V"; VariantName = "[No Variations]"
Change component parameters: Designator = "DL1" ("DL1"); Footprint = "LED0603"; UniqueID = "\NUJAJGAZ" ("\NUJAJGAZ")
Change component parameters (AddParameter): Name = "Case"; Value = "0603"; VariantName = "[No Variations]"
Change component parameters (AddParameter): Name = "Manufacturer"; Value = "Wurth Elektronik"; VariantName = "[No Variations]"
Change component parameters (AddParameter): Name = "PartNumber"; Value = "150060GS75000"; VariantName = "[No Variations]"
Change component parameters (AddParameter): Name = "Value"; Value = "150060GS75000"; VariantName = "[No Variations]"
Change component parameters: Designator = "DL2" ("DL2"); Footprint = "LED0603"; UniqueID = "\UYMJDFBK" ("\UYMJDFBK")
Change component parameters (AddParameter): Name = "Case"; Value = "0603"; VariantName = "[No Variations]"
Change component parameters (AddParameter): Name = "Manufacturer"; Value = "Wurth Elektronik"; VariantName = "[No Variations]"
Change component parameters (AddParameter): Name = "PartNumber"; Value = "150060GS75000"; VariantName = "[No Variations]"
Change component parameters (AddParameter): Name = "Value"; Value = "150060GS75000"; VariantName = "[No Variations]"
Change component parameters: Designator = "DL3" ("DL3"); Footprint = "LED0603"; UniqueID = "\BYABAVXR" ("\BYABAVXR")
Change component parameters (AddParameter): Name = "Case"; Value = "0603"; VariantName = "[No Variations]"
Change component parameters (AddParameter): Name = "Manufacturer"; Value = "Wurth Elektronik"; VariantName = "[No Variations]"
Change component parameters (AddParameter): Name = "PartNumber"; Value = "150060BS75000"; VariantName = "[No Variations]"
Change component parameters (AddParameter): Name = "Value"; Value = "150060BS75000"; VariantName = "[No Variations]"
Change component parameters: Designator = "DL5" ("DL5"); Footprint = "LED0603"; UniqueID = "\AGBPDOZE" ("\AGBPDOZE")
Change component parameters (AddParameter): Name = "Case"; Value = "0603"; VariantName = "[No Variations]"
Change component parameters (AddParameter): Name = "Manufacturer"; Value = "Wurth Elektronik"; VariantName = "[No Variations]"
Change component parameters (AddParameter): Name = "PartNumber"; Value = "150060RS75000"; VariantName = "[No Variations]"
Change component parameters (AddParameter): Name = "Value"; Value = "150060RS75000"; VariantName = "[No Variations]"
Change component parameters: Designator = "DL16" ("DL16"); Footprint = "LED0603"; UniqueID = "\YKJNMGFE" ("\YKJNMGFE")
Change component parameters (AddParameter): Name = "Case"; Value = "0603"; VariantName = "[No Variations]"
Change component parameters (AddParameter): Name = "Manufacturer"; Value = "Wurth Elektronik"; VariantName = "[No Variations]"
Change component parameters (AddParameter): Name = "PartNumber"; Value = "150060BS55040"; VariantName = "[No Variations]"
Change component parameters (AddParameter): Name = "Value"; Value = "150060BS55040"; VariantName = "[No Variations]"
Change component parameters: Designator = "DL17" ("DL17"); Footprint = "LED0603"; UniqueID = "\YCWVCZQY" ("\YCWVCZQY")
Change component parameters (AddParameter): Name = "Case"; Value = "0603"; VariantName = "[No Variations]"
Change component parameters (AddParameter): Name = "Manufacturer"; Value = "Wurth Elektronik"; VariantName = "[No Variations]"
Change component parameters (AddParameter): Name = "PartNumber"; Value = "150060BS55040"; VariantName = "[No Variations]"
Change component parameters (AddParameter): Name = "Value"; Value = "150060BS55040"; VariantName = "[No Variations]"
Change component parameters: Designator = "DL18" ("DL18"); Footprint = "LED0603"; UniqueID = "\TAQMMCXP" ("\TAQMMCXP")
Change component parameters (AddParameter): Name = "Case"; Value = "0603"; VariantName = "[No Variations]"
Change component parameters (AddParameter): Name = "Manufacturer"; Value = "Wurth Elektronik"; VariantName = "[No Variations]"
Change component parameters (AddParameter): Name = "PartNumber"; Value = "150060BS55040"; VariantName = "[No Variations]"
Change component parameters (AddParameter): Name = "Value"; Value = "150060BS55040"; VariantName = "[No Variations]"
Change component parameters: Designator = "DL19" ("DL19"); Footprint = "LED0603"; UniqueID = "\ENEUIIQL" ("\ENEUIIQL")
Change component parameters (AddParameter): Name = "Case"; Value = "0603"; VariantName = "[No Variations]"
Change component parameters (AddParameter): Name = "Manufacturer"; Value = "Wurth Elektronik"; VariantName = "[No Variations]"
Change component parameters (AddParameter): Name = "PartNumber"; Value = "150060BS55040"; VariantName = "[No Variations]"
Change component parameters (AddParameter): Name = "Value"; Value = "150060BS55040"; VariantName = "[No Variations]"
Change component parameters: Designator = "J1" ("J1"); Footprint = "SAMTEC_FTSH-105-X-X-DV-007-P-X"; UniqueID = "\ATLGRNTD" ("\ATLGRNTD")
Change component parameters (AddParameter): Name = "Manufacturer"; Value = "Samtech"; VariantName = "[No Variations]"
Change component parameters (AddParameter): Name = "PartNumber"; Value = "FTSH-105-01-L-DV-007-K"; VariantName = "[No Variations]"
Change component parameters (AddParameter): Name = "Value"; Value = "FTSH-105-01-L-DV-007-K"; VariantName = "[No Variations]"
Change component parameters: Designator = "J3" ("J3"); Footprint = "GCT-USB4105-GF-A"; UniqueID = "\YCJBQQFU" ("\YCJBQQFU")
Change component parameters (AddParameter): Name = "Case"; Value = "USB-C"; VariantName = "[No Variations]"
Change component parameters (AddParameter): Name = "Manufacturer"; Value = "GCT"; VariantName = "[No Variations]"
Change component parameters (AddParameter): Name = "PartNumber"; Value = "USB4105-GF-A"; VariantName = "[No Variations]"
Change component parameters (AddParameter): Name = "Value"; Value = "USB4105-GF-A"; VariantName = "[No Variations]"
Change component parameters: Designator = "L1" ("L1"); Footprint = "BOURNS_SDE0805A"; UniqueID = "\JWHOVHYU" ("\JWHOVHYU")
Change component parameters (AddParameter): Name = "Case"; Value = "SDE0805A"; VariantName = "[No Variations]"
Change component parameters (AddParameter): Name = "Manufacturer"; Value = "BOURNS"; VariantName = "[No Variations]"
Change component parameters (AddParameter): Name = "PartNumber"; Value = "SDE0805A-180M"; VariantName = "[No Variations]"
Change component parameters (AddParameter): Name = "Value"; Value = "18u"; VariantName = "[No Variations]"
Change component parameters: Designator = "L3" ("L3"); Footprint = "INDC1608X09N"; UniqueID = "\JEUOIEJX" ("\JEUOIEJX")
Change component parameters (AddParameter): Name = "Case"; Value = "0603"; VariantName = "[No Variations]"
Change component parameters (AddParameter): Name = "Manufacturer"; Value = "Murata"; VariantName = "[No Variations]"
Change component parameters (AddParameter): Name = "PartNumber"; Value = "BLM18HB331SN1D"; VariantName = "[No Variations]"
Change component parameters (AddParameter): Name = "Value"; Value = "BLM18HB331SN1D"; VariantName = "[No Variations]"
Change component parameters: Designator = "L4" ("L4"); Footprint = "INDC1608X09N"; UniqueID = "\KHJSBVFN" ("\KHJSBVFN")
Change component parameters (AddParameter): Name = "Case"; Value = "0603"; VariantName = "[No Variations]"
Change component parameters (AddParameter): Name = "Manufacturer"; Value = "Murata"; VariantName = "[No Variations]"
Change component parameters (AddParameter): Name = "PartNumber"; Value = "BLM18HB331SN1D"; VariantName = "[No Variations]"
Change component parameters (AddParameter): Name = "Value"; Value = "BLM18HB331SN1D"; VariantName = "[No Variations]"
Change component parameters: Designator = "R1" ("R1"); Footprint = "RESC1608X06M"; UniqueID = "\VVBPLMIZ" ("\VVBPLMIZ")
Change component parameters (AddParameter): Name = "Case"; Value = "0603"; VariantName = "[No Variations]"
Change component parameters (AddParameter): Name = "Manufacturer"; Value = "Vishay"; VariantName = "[No Variations]"
Change component parameters (AddParameter): Name = "PartNumber"; Value = "CRCW060388K7FKEAC"; VariantName = "[No Variations]"
Change component parameters (AddParameter): Name = "Value"; Value = "88K7"; VariantName = "[No Variations]"
Change component parameters: Designator = "R2" ("R2"); Footprint = "RESC1608X06M"; UniqueID = "\GWXRRMFN" ("\GWXRRMFN")
Change component parameters (AddParameter): Name = "Case"; Value = "0603"; VariantName = "[No Variations]"
Change component parameters (AddParameter): Name = "Manufacturer"; Value = "Vishay"; VariantName = "[No Variations]"
Change component parameters (AddParameter): Name = "PartNumber"; Value = "RC0603FR-071K3L"; VariantName = "[No Variations]"
Change component parameters (AddParameter): Name = "Value"; Value = "1K3"; VariantName = "[No Variations]"
Change component parameters: Designator = "R3" ("R3"); Footprint = "RESC1608X06M"; UniqueID = "\PLNIFFBK" ("\PLNIFFBK")
Change component parameters (AddParameter): Name = "Case"; Value = "0603"; VariantName = "[No Variations]"
Change component parameters (AddParameter): Name = "Manufacturer"; Value = "YAGEO"; VariantName = "[No Variations]"
Change component parameters (AddParameter): Name = "PartNumber"; Value = "AC0603FR-0710KL"; VariantName = "[No Variations]"
Change component parameters (AddParameter): Name = "Value"; Value = "10K"; VariantName = "[No Variations]"
Change component parameters: Designator = "R4" ("R4"); Footprint = "RESC1608X06M"; UniqueID = "\SROXCQCK" ("\SROXCQCK")
Change component parameters (AddParameter): Name = "Case"; Value = "0603"; VariantName = "[No Variations]"
Change component parameters (AddParameter): Name = "Manufacturer"; Value = "YAGEO"; VariantName = "[No Variations]"
Change component parameters (AddParameter): Name = "PartNumber"; Value = "AC0603FR-0710KL"; VariantName = "[No Variations]"
Change component parameters (AddParameter): Name = "Value"; Value = "10K"; VariantName = "[No Variations]"
Change component parameters: Designator = "R5" ("R5"); Footprint = "RESC1608X06M"; UniqueID = "\BXCWOWBE" ("\BXCWOWBE")
Change component parameters (AddParameter): Name = "Case"; Value = "0603"; VariantName = "[No Variations]"
Change component parameters (AddParameter): Name = "Manufacturer"; Value = "Vishay"; VariantName = "[No Variations]"
Change component parameters (AddParameter): Name = "PartNumber"; Value = "CRCW060322K1FKEA"; VariantName = "[No Variations]"
Change component parameters (AddParameter): Name = "Value"; Value = "22K1"; VariantName = "[No Variations]"
Change component parameters: Designator = "R6" ("R6"); Footprint = "RESC1608X06M"; UniqueID = "\PLOBWKBG" ("\PLOBWKBG")
Change component parameters (AddParameter): Name = "Case"; Value = "0603"; VariantName = "[No Variations]"
Change component parameters (AddParameter): Name = "Manufacturer"; Value = "Vishay"; VariantName = "[No Variations]"
Change component parameters (AddParameter): Name = "PartNumber"; Value = "RC0603FR-07560RL"; VariantName = "[No Variations]"
Change component parameters (AddParameter): Name = "Value"; Value = "560R"; VariantName = "[No Variations]"
Change component parameters: Designator = "R7" ("R7"); Footprint = "RESC1608X06M"; UniqueID = "\DIUTNWPN" ("\DIUTNWPN")
Change component parameters (AddParameter): Name = "Case"; Value = "0603"; VariantName = "[No Variations]"
Change component parameters (AddParameter): Name = "Manufacturer"; Value = "YAGEO"; VariantName = "[No Variations]"
Change component parameters (AddParameter): Name = "PartNumber"; Value = "RC0603JR-070RL"; VariantName = "[No Variations]"
Change component parameters (AddParameter): Name = "Value"; Value = "0R"; VariantName = "[No Variations]"
Change component parameters: Designator = "R8" ("R8"); Footprint = "RESC1608X06M"; UniqueID = "\CUCPMFSK" ("\CUCPMFSK")
Change component parameters (AddParameter): Name = "Case"; Value = "0603"; VariantName = "[No Variations]"
Change component parameters (AddParameter): Name = "Manufacturer"; Value = "Vishay"; VariantName = "[No Variations]"
Change component parameters (AddParameter): Name = "PartNumber"; Value = "RC0603FR-07560RL"; VariantName = "[No Variations]"
Change component parameters (AddParameter): Name = "Value"; Value = "560R"; VariantName = "[No Variations]"
Change component parameters: Designator = "R9" ("R9"); Footprint = "RESC1608X06M"; UniqueID = "\AUTPWIMF" ("\AUTPWIMF")
Change component parameters (AddParameter): Name = "Case"; Value = "0603"; VariantName = "[No Variations]"
Change component parameters (AddParameter): Name = "Manufacturer"; Value = "YAGEO"; VariantName = "[No Variations]"
Change component parameters (AddParameter): Name = "PartNumber"; Value = "AC0603FR-0710KL"; VariantName = "[No Variations]"
Change component parameters (AddParameter): Name = "Value"; Value = "10K"; VariantName = "[No Variations]"
Change component parameters: Designator = "R10" ("R10"); Footprint = "RESC1608X06M"; UniqueID = "\BVWTRGGI" ("\BVWTRGGI")
Change component parameters (AddParameter): Name = "Case"; Value = "0603"; VariantName = "[No Variations]"
Change component parameters (AddParameter): Name = "Manufacturer"; Value = "Vishay"; VariantName = "[No Variations]"
Change component parameters (AddParameter): Name = "PartNumber"; Value = "CRCW060351K0FKEA"; VariantName = "[No Variations]"
Change component parameters (AddParameter): Name = "Value"; Value = "51K"; VariantName = "[No Variations]"
Change component parameters: Designator = "R11" ("R11"); Footprint = "RESC1608X06M"; UniqueID = "\DCZYDVFM" ("\DCZYDVFM")
Change component parameters (AddParameter): Name = "Case"; Value = "0603"; VariantName = "[No Variations]"
Change component parameters (AddParameter): Name = "Manufacturer"; Value = "YAGEO"; VariantName = "[No Variations]"
Change component parameters (AddParameter): Name = "PartNumber"; Value = "RC0603JR-070RL"; VariantName = "[No Variations]"
Change component parameters (AddParameter): Name = "Value"; Value = "0R"; VariantName = "[No Variations]"
Change component parameters: Designator = "R12" ("R12"); Footprint = "RESC1608X06M"; UniqueID = "\HQQTXIWG" ("\HQQTXIWG")
Change component parameters (AddParameter): Name = "Case"; Value = "0603"; VariantName = "[No Variations]"
Change component parameters (AddParameter): Name = "Manufacturer"; Value = "Vishay"; VariantName = "[No Variations]"
Change component parameters (AddParameter): Name = "PartNumber"; Value = "CRCW06037K50FKEA"; VariantName = "[No Variations]"
Change component parameters (AddParameter): Name = "Value"; Value = "7K5"; VariantName = "[No Variations]"
Change component parameters: Designator = "R13" ("R13"); Footprint = "RESC1608X06M"; UniqueID = "\QYNBMULF" ("\QYNBMULF")
Change component parameters (AddParameter): Name = "Case"; Value = "0603"; VariantName = "[No Variations]"
Change component parameters (AddParameter): Name = "Manufacturer"; Value = "Vishay"; VariantName = "[No Variations]"
Change component parameters (AddParameter): Name = "PartNumber"; Value = "CRCW0603120RFKEA"; VariantName = "[No Variations]"
Change component parameters (AddParameter): Name = "Value"; Value = "120R"; VariantName = "[No Variations]"
Change component parameters: Designator = "R14" ("R14"); Footprint = "RESC1608X06M"; UniqueID = "\HPLPPCAS" ("\HPLPPCAS")
Change component parameters (AddParameter): Name = "Case"; Value = "0603"; VariantName = "[No Variations]"
Change component parameters (AddParameter): Name = "Manufacturer"; Value = "YAGEO"; VariantName = "[No Variations]"
Change component parameters (AddParameter): Name = "PartNumber"; Value = "AC0603FR-0710KL"; VariantName = "[No Variations]"
Change component parameters (AddParameter): Name = "Value"; Value = "10K"; VariantName = "[No Variations]"
Change component parameters: Designator = "R15" ("R15"); Footprint = "RESC1608X06M"; UniqueID = "\CKRSBGIH" ("\CKRSBGIH")
Change component parameters (AddParameter): Name = "Case"; Value = "0603"; VariantName = "[No Variations]"
Change component parameters (AddParameter): Name = "Manufacturer"; Value = "YAGEO"; VariantName = "[No Variations]"
Change component parameters (AddParameter): Name = "PartNumber"; Value = "AC0603FR-0710KL"; VariantName = "[No Variations]"
Change component parameters (AddParameter): Name = "Value"; Value = "10K"; VariantName = "[No Variations]"
Change component parameters: Designator = "R16" ("R16"); Footprint = "RESC1608X06M"; UniqueID = "\SCNOXBNG" ("\SCNOXBNG")
Change component parameters (AddParameter): Name = "Case"; Value = "0603"; VariantName = "[No Variations]"
Change component parameters (AddParameter): Name = "Manufacturer"; Value = "Vishay"; VariantName = "[No Variations]"
Change component parameters (AddParameter): Name = "PartNumber"; Value = "RC0603FR-071K3L"; VariantName = "[No Variations]"
Change component parameters (AddParameter): Name = "Value"; Value = "1K3"; VariantName = "[No Variations]"
Change component parameters: Designator = "R17" ("R17"); Footprint = "RESC1608X06M"; UniqueID = "\TJTNSLDL" ("\TJTNSLDL")
Change component parameters (AddParameter): Name = "Case"; Value = "0603"; VariantName = "[No Variations]"
Change component parameters (AddParameter): Name = "Manufacturer"; Value = "Vishay"; VariantName = "[No Variations]"
Change component parameters (AddParameter): Name = "PartNumber"; Value = "RC0603FR-071K3L"; VariantName = "[No Variations]"
Change component parameters (AddParameter): Name = "Value"; Value = "1K3"; VariantName = "[No Variations]"
Change component parameters: Designator = "R18" ("R18"); Footprint = "RESC1608X06M"; UniqueID = "\VBHYLJBA" ("\VBHYLJBA")
Change component parameters (AddParameter): Name = "Case"; Value = "0603"; VariantName = "[No Variations]"
Change component parameters (AddParameter): Name = "Manufacturer"; Value = "YAGEO"; VariantName = "[No Variations]"
Change component parameters (AddParameter): Name = "PartNumber"; Value = "AC0603FR-0710KL"; VariantName = "[No Variations]"
Change component parameters (AddParameter): Name = "Value"; Value = "10K"; VariantName = "[No Variations]"
Change component parameters: Designator = "R19" ("R19"); Footprint = "RESC1608X06M"; UniqueID = "\QCRVYSIO" ("\QCRVYSIO")
Change component parameters (AddParameter): Name = "Case"; Value = "0603"; VariantName = "[No Variations]"
Change component parameters (AddParameter): Name = "Manufacturer"; Value = "YAGEO"; VariantName = "[No Variations]"
Change component parameters (AddParameter): Name = "PartNumber"; Value = "AC0603FR-0710KL"; VariantName = "[No Variations]"
Change component parameters (AddParameter): Name = "Value"; Value = "10K"; VariantName = "[No Variations]"
Change component parameters: Designator = "R20" ("R20"); Footprint = "RESC2012X06N"; UniqueID = "\HJSNZUNN" ("\HJSNZUNN")
Change component parameters (AddParameter): Name = "Case"; Value = "0805"; VariantName = "[No Variations]"
Change component parameters (AddParameter): Name = "Manufacturer"; Value = "Vishay"; VariantName = "[No Variations]"
Change component parameters (AddParameter): Name = "PartNumber"; Value = "CRCW080547R0FKEA"; VariantName = "[No Variations]"
Change component parameters (AddParameter): Name = "Value"; Value = "47R"; VariantName = "[No Variations]"
Change component parameters: Designator = "R21" ("R21"); Footprint = "RESC1608X06M"; UniqueID = "\QQVMUWHA" ("\QQVMUWHA")
Change component parameters (AddParameter): Name = "Case"; Value = "0603"; VariantName = "[No Variations]"
Change component parameters (AddParameter): Name = "Manufacturer"; Value = "YAGEO"; VariantName = "[No Variations]"
Change component parameters (AddParameter): Name = "PartNumber"; Value = "RC0603FR-074K7L"; VariantName = "[No Variations]"
Change component parameters (AddParameter): Name = "Value"; Value = "4K7"; VariantName = "[No Variations]"
Change component parameters: Designator = "R22" ("R22"); Footprint = "RESC1608X06M"; UniqueID = "\CUDHNIXV" ("\CUDHNIXV")
Change component parameters (AddParameter): Name = "Case"; Value = "0603"; VariantName = "[No Variations]"
Change component parameters (AddParameter): Name = "Manufacturer"; Value = "YAGEO"; VariantName = "[No Variations]"
Change component parameters (AddParameter): Name = "PartNumber"; Value = "RC0603FR-074K7L"; VariantName = "[No Variations]"
Change component parameters (AddParameter): Name = "Value"; Value = "4K7"; VariantName = "[No Variations]"
Change component parameters: Designator = "R23" ("R23"); Footprint = "RESC1608X06M"; UniqueID = "\TUBZKKAE" ("\TUBZKKAE")
Change component parameters (AddParameter): Name = "Case"; Value = "0603"; VariantName = "[No Variations]"
Change component parameters (AddParameter): Name = "Manufacturer"; Value = "YAGEO"; VariantName = "[No Variations]"
Change component parameters (AddParameter): Name = "PartNumber"; Value = "RC0603FR-074K7L"; VariantName = "[No Variations]"
Change component parameters (AddParameter): Name = "Value"; Value = "4K7"; VariantName = "[No Variations]"
Change component parameters: Designator = "R24" ("R24"); Footprint = "RESC1608X06M"; UniqueID = "\ILRFJUMP" ("\ILRFJUMP")
Change component parameters (AddParameter): Name = "Case"; Value = "0603"; VariantName = "[No Variations]"
Change component parameters (AddParameter): Name = "Manufacturer"; Value = "YAGEO"; VariantName = "[No Variations]"
Change component parameters (AddParameter): Name = "PartNumber"; Value = "RC0603FR-074K7L"; VariantName = "[No Variations]"
Change component parameters (AddParameter): Name = "Value"; Value = "4K7"; VariantName = "[No Variations]"
Change component parameters: Designator = "R25" ("R25"); Footprint = "RESC1608X06M"; UniqueID = "\EAHSTYRG" ("\EAHSTYRG")
Change component parameters (AddParameter): Name = "Case"; Value = "0603"; VariantName = "[No Variations]"
Change component parameters (AddParameter): Name = "Manufacturer"; Value = "Vishay"; VariantName = "[No Variations]"
Change component parameters (AddParameter): Name = "PartNumber"; Value = "CRCW06031K20FKEA"; VariantName = "[No Variations]"
Change component parameters (AddParameter): Name = "Value"; Value = "1K2"; VariantName = "[No Variations]"
Change component parameters: Designator = "R26" ("R26"); Footprint = "RESC2012X06N"; UniqueID = "\LSRDOIII" ("\LSRDOIII")
Change component parameters (AddParameter): Name = "Case"; Value = "0805"; VariantName = "[No Variations]"
Change component parameters (AddParameter): Name = "Manufacturer"; Value = "Vishay"; VariantName = "[No Variations]"
Change component parameters (AddParameter): Name = "PartNumber"; Value = "CRCW080547R0FKEA"; VariantName = "[No Variations]"
Change component parameters (AddParameter): Name = "Value"; Value = "47R"; VariantName = "[No Variations]"
Change component parameters: Designator = "R27" ("R27"); Footprint = "RESC1608X06M"; UniqueID = "\UUVEBDJJ" ("\UUVEBDJJ")
Change component parameters (AddParameter): Name = "Case"; Value = "0603"; VariantName = "[No Variations]"
Change component parameters (AddParameter): Name = "Manufacturer"; Value = "YAGEO"; VariantName = "[No Variations]"
Change component parameters (AddParameter): Name = "PartNumber"; Value = "RC0603FR-074K7L"; VariantName = "[No Variations]"
Change component parameters (AddParameter): Name = "Value"; Value = "4K7"; VariantName = "[No Variations]"
Change component parameters: Designator = "R28" ("R28"); Footprint = "RESC1608X06M"; UniqueID = "\WASJVQBS" ("\WASJVQBS")
Change component parameters (AddParameter): Name = "Case"; Value = "0603"; VariantName = "[No Variations]"
Change component parameters (AddParameter): Name = "Manufacturer"; Value = "YAGEO"; VariantName = "[No Variations]"
Change component parameters (AddParameter): Name = "PartNumber"; Value = "RC0603FR-074K7L"; VariantName = "[No Variations]"
Change component parameters (AddParameter): Name = "Value"; Value = "4K7"; VariantName = "[No Variations]"
Change component parameters: Designator = "R29" ("R29"); Footprint = "RESC1608X06M"; UniqueID = "\MMVMRTNG" ("\MMVMRTNG")
Change component parameters (AddParameter): Name = "Case"; Value = "0603"; VariantName = "[No Variations]"
Change component parameters (AddParameter): Name = "Manufacturer"; Value = "YAGEO"; VariantName = "[No Variations]"
Change component parameters (AddParameter): Name = "PartNumber"; Value = "RC0603FR-074K7L"; VariantName = "[No Variations]"
Change component parameters (AddParameter): Name = "Value"; Value = "4K7"; VariantName = "[No Variations]"
Change component parameters: Designator = "R30" ("R30"); Footprint = "RESC1608X06M"; UniqueID = "\DFEBENZM" ("\DFEBENZM")
Change component parameters (AddParameter): Name = "Case"; Value = "0603"; VariantName = "[No Variations]"
Change component parameters (AddParameter): Name = "Manufacturer"; Value = "YAGEO"; VariantName = "[No Variations]"
Change component parameters (AddParameter): Name = "PartNumber"; Value = "RC0603FR-074K7L"; VariantName = "[No Variations]"
Change component parameters (AddParameter): Name = "Value"; Value = "4K7"; VariantName = "[No Variations]"
Change component parameters: Designator = "R31" ("R31"); Footprint = "RESC1608X06M"; UniqueID = "\LGMKBHEB" ("\LGMKBHEB")
Change component parameters (AddParameter): Name = "Case"; Value = "0603"; VariantName = "[No Variations]"
Change component parameters (AddParameter): Name = "Manufacturer"; Value = "Vishay"; VariantName = "[No Variations]"
Change component parameters (AddParameter): Name = "PartNumber"; Value = "CRCW06031K20FKEA"; VariantName = "[No Variations]"
Change component parameters (AddParameter): Name = "Value"; Value = "1K2"; VariantName = "[No Variations]"
Change component parameters: Designator = "R32" ("R32"); Footprint = "RESC1608X06M"; UniqueID = "\BKAHJKEZ" ("\BKAHJKEZ")
Change component parameters (AddParameter): Name = "Case"; Value = "0603"; VariantName = "[No Variations]"
Change component parameters (AddParameter): Name = "Manufacturer"; Value = "YAGEO"; VariantName = "[No Variations]"
Change component parameters (AddParameter): Name = "PartNumber"; Value = "AC0603FR-0710KL"; VariantName = "[No Variations]"
Change component parameters (AddParameter): Name = "Value"; Value = "10K"; VariantName = "[No Variations]"
Change component parameters: Designator = "R33" ("R33"); Footprint = "RESC1608X06M"; UniqueID = "\XGXPVCOE" ("\XGXPVCOE")
Change component parameters (AddParameter): Name = "Case"; Value = "0603"; VariantName = "[No Variations]"
Change component parameters (AddParameter): Name = "Manufacturer"; Value = "YAGEO"; VariantName = "[No Variations]"
Change component parameters (AddParameter): Name = "PartNumber"; Value = "AC0603FR-0710KL"; VariantName = "[No Variations]"
Change component parameters (AddParameter): Name = "Value"; Value = "10K"; VariantName = "[No Variations]"
Change component parameters: Designator = "R34" ("R34"); Footprint = "RESC2012X06N"; UniqueID = "\ZEPKIDIP" ("\ZEPKIDIP")
Change component parameters (AddParameter): Name = "Case"; Value = "0805"; VariantName = "[No Variations]"
Change component parameters (AddParameter): Name = "Manufacturer"; Value = "Vishay"; VariantName = "[No Variations]"
Change component parameters (AddParameter): Name = "PartNumber"; Value = "CRCW080547R0FKEA"; VariantName = "[No Variations]"
Change component parameters (AddParameter): Name = "Value"; Value = "47R"; VariantName = "[No Variations]"
Change component parameters: Designator = "R35" ("R35"); Footprint = "RESC1608X06M"; UniqueID = "\JXJBOOSE" ("\JXJBOOSE")
Change component parameters (AddParameter): Name = "Case"; Value = "0603"; VariantName = "[No Variations]"
Change component parameters (AddParameter): Name = "Manufacturer"; Value = "YAGEO"; VariantName = "[No Variations]"
Change component parameters (AddParameter): Name = "PartNumber"; Value = "RC0603FR-074K7L"; VariantName = "[No Variations]"
Change component parameters (AddParameter): Name = "Value"; Value = "4K7"; VariantName = "[No Variations]"
Change component parameters: Designator = "R36" ("R36"); Footprint = "RESC1608X06M"; UniqueID = "\QDHFAFJY" ("\QDHFAFJY")
Change component parameters (AddParameter): Name = "Case"; Value = "0603"; VariantName = "[No Variations]"
Change component parameters (AddParameter): Name = "Manufacturer"; Value = "YAGEO"; VariantName = "[No Variations]"
Change component parameters (AddParameter): Name = "PartNumber"; Value = "RC0603FR-074K7L"; VariantName = "[No Variations]"
Change component parameters (AddParameter): Name = "Value"; Value = "4K7"; VariantName = "[No Variations]"
Change component parameters: Designator = "R37" ("R37"); Footprint = "RESC1608X06M"; UniqueID = "\YNPBHAID" ("\YNPBHAID")
Change component parameters (AddParameter): Name = "Case"; Value = "0603"; VariantName = "[No Variations]"
Change component parameters (AddParameter): Name = "Manufacturer"; Value = "YAGEO"; VariantName = "[No Variations]"
Change component parameters (AddParameter): Name = "PartNumber"; Value = "RC0603FR-074K7L"; VariantName = "[No Variations]"
Change component parameters (AddParameter): Name = "Value"; Value = "4K7"; VariantName = "[No Variations]"
Change component parameters: Designator = "R38" ("R38"); Footprint = "RESC1608X06M"; UniqueID = "\FHWAXRRT" ("\FHWAXRRT")
Change component parameters (AddParameter): Name = "Case"; Value = "0603"; VariantName = "[No Variations]"
Change component parameters (AddParameter): Name = "Manufacturer"; Value = "YAGEO"; VariantName = "[No Variations]"
Change component parameters (AddParameter): Name = "PartNumber"; Value = "RC0603FR-074K7L"; VariantName = "[No Variations]"
Change component parameters (AddParameter): Name = "Value"; Value = "4K7"; VariantName = "[No Variations]"
Change component parameters: Designator = "R39" ("R39"); Footprint = "RESC1608X06M"; UniqueID = "\EGQABQRD" ("\EGQABQRD")
Change component parameters (AddParameter): Name = "Case"; Value = "0603"; VariantName = "[No Variations]"
Change component parameters (AddParameter): Name = "Manufacturer"; Value = "Vishay"; VariantName = "[No Variations]"
Change component parameters (AddParameter): Name = "PartNumber"; Value = "CRCW06031K20FKEA"; VariantName = "[No Variations]"
Change component parameters (AddParameter): Name = "Value"; Value = "1K2"; VariantName = "[No Variations]"
Change component parameters: Designator = "R40" ("R40"); Footprint = "RESC2012X06N"; UniqueID = "\FZTNMOBE" ("\FZTNMOBE")
Change component parameters (AddParameter): Name = "Case"; Value = "0805"; VariantName = "[No Variations]"
Change component parameters (AddParameter): Name = "Manufacturer"; Value = "Vishay"; VariantName = "[No Variations]"
Change component parameters (AddParameter): Name = "PartNumber"; Value = "CRCW080547R0FKEA"; VariantName = "[No Variations]"
Change component parameters (AddParameter): Name = "Value"; Value = "47R"; VariantName = "[No Variations]"
Change component parameters: Designator = "R41" ("R41"); Footprint = "RESC1608X06M"; UniqueID = "\WMKFHJFJ" ("\WMKFHJFJ")
Change component parameters (AddParameter): Name = "Case"; Value = "0603"; VariantName = "[No Variations]"
Change component parameters (AddParameter): Name = "Manufacturer"; Value = "YAGEO"; VariantName = "[No Variations]"
Change component parameters (AddParameter): Name = "PartNumber"; Value = "RC0603FR-074K7L"; VariantName = "[No Variations]"
Change component parameters (AddParameter): Name = "Value"; Value = "4K7"; VariantName = "[No Variations]"
Change component parameters: Designator = "R42" ("R42"); Footprint = "RESC1608X06M"; UniqueID = "\ZOUPSWDB" ("\ZOUPSWDB")
Change component parameters (AddParameter): Name = "Case"; Value = "0603"; VariantName = "[No Variations]"
Change component parameters (AddParameter): Name = "Manufacturer"; Value = "YAGEO"; VariantName = "[No Variations]"
Change component parameters (AddParameter): Name = "PartNumber"; Value = "RC0603FR-074K7L"; VariantName = "[No Variations]"
Change component parameters (AddParameter): Name = "Value"; Value = "4K7"; VariantName = "[No Variations]"
Change component parameters: Designator = "R43" ("R43"); Footprint = "RESC1608X06M"; UniqueID = "\QABBAHWI" ("\QABBAHWI")
Change component parameters (AddParameter): Name = "Case"; Value = "0603"; VariantName = "[No Variations]"
Change component parameters (AddParameter): Name = "Manufacturer"; Value = "YAGEO"; VariantName = "[No Variations]"
Change component parameters (AddParameter): Name = "PartNumber"; Value = "RC0603FR-074K7L"; VariantName = "[No Variations]"
Change component parameters (AddParameter): Name = "Value"; Value = "4K7"; VariantName = "[No Variations]"
Change component parameters: Designator = "R44" ("R44"); Footprint = "RESC1608X06M"; UniqueID = "\EGOPKGHT" ("\EGOPKGHT")
Change component parameters (AddParameter): Name = "Case"; Value = "0603"; VariantName = "[No Variations]"
Change component parameters (AddParameter): Name = "Manufacturer"; Value = "YAGEO"; VariantName = "[No Variations]"
Change component parameters (AddParameter): Name = "PartNumber"; Value = "RC0603FR-074K7L"; VariantName = "[No Variations]"
Change component parameters (AddParameter): Name = "Value"; Value = "4K7"; VariantName = "[No Variations]"
Change component parameters: Designator = "R45" ("R45"); Footprint = "RESC1608X06M"; UniqueID = "\OGHKSGWU" ("\OGHKSGWU")
Change component parameters (AddParameter): Name = "Case"; Value = "0603"; VariantName = "[No Variations]"
Change component parameters (AddParameter): Name = "Manufacturer"; Value = "Vishay"; VariantName = "[No Variations]"
Change component parameters (AddParameter): Name = "PartNumber"; Value = "CRCW06031K20FKEA"; VariantName = "[No Variations]"
Change component parameters (AddParameter): Name = "Value"; Value = "1K2"; VariantName = "[No Variations]"
Change component parameters: Designator = "R46" ("R46"); Footprint = "RESC1608X06M"; UniqueID = "\EZRESNIF" ("\EZRESNIF")
Change component parameters (AddParameter): Name = "Case"; Value = "0603"; VariantName = "[No Variations]"
Change component parameters (AddParameter): Name = "Manufacturer"; Value = "YAGEO"; VariantName = "[No Variations]"
Change component parameters (AddParameter): Name = "PartNumber"; Value = "AC0603FR-0710KL"; VariantName = "[No Variations]"
Change component parameters (AddParameter): Name = "Value"; Value = "10K"; VariantName = "[No Variations]"
Change component parameters: Designator = "R47" ("R47"); Footprint = "RESC1608X06M"; UniqueID = "\KAJCBTJA" ("\KAJCBTJA")
Change component parameters (AddParameter): Name = "Case"; Value = "0603"; VariantName = "[No Variations]"
Change component parameters (AddParameter): Name = "Manufacturer"; Value = "YAGEO"; VariantName = "[No Variations]"
Change component parameters (AddParameter): Name = "PartNumber"; Value = "AC0603FR-0710KL"; VariantName = "[No Variations]"
Change component parameters (AddParameter): Name = "Value"; Value = "10K"; VariantName = "[No Variations]"
Change component parameters: Designator = "R48" ("R48"); Footprint = "RESC1608X06M"; UniqueID = "\ZKAJOODS" ("\ZKAJOODS")
Change component parameters (AddParameter): Name = "Case"; Value = "0603"; VariantName = "[No Variations]"
Change component parameters (AddParameter): Name = "Manufacturer"; Value = "YAGEO"; VariantName = "[No Variations]"
Change component parameters (AddParameter): Name = "PartNumber"; Value = "RC0603JR-070RL"; VariantName = "[No Variations]"
Change component parameters (AddParameter): Name = "Value"; Value = "0R"; VariantName = "[No Variations]"
Change component parameters: Designator = "R49" ("R49"); Footprint = "RESC1608X06M"; UniqueID = "\NHWVWYXW" ("\NHWVWYXW")
Change component parameters (AddParameter): Name = "Case"; Value = "0603"; VariantName = "[No Variations]"
Change component parameters (AddParameter): Name = "Manufacturer"; Value = "YAGEO"; VariantName = "[No Variations]"
Change component parameters (AddParameter): Name = "PartNumber"; Value = "RC0603JR-070RL"; VariantName = "[No Variations]"
Change component parameters (AddParameter): Name = "Value"; Value = "0R"; VariantName = "[No Variations]"
Change component parameters: Designator = "R50" ("R50"); Footprint = "RESC1608X06M"; UniqueID = "\KYMTTEMK" ("\KYMTTEMK")
Change component parameters (AddParameter): Name = "Case"; Value = "0603"; VariantName = "[No Variations]"
Change component parameters (AddParameter): Name = "Manufacturer"; Value = "YAGEO"; VariantName = "[No Variations]"
Change component parameters (AddParameter): Name = "PartNumber"; Value = "RC0603JR-070RL"; VariantName = "[No Variations]"
Change component parameters (AddParameter): Name = "Value"; Value = "0R"; VariantName = "[No Variations]"
Change component parameters: Designator = "R51" ("R51"); Footprint = "RESC1608X06M"; UniqueID = "\OFPXSOQJ" ("\OFPXSOQJ")
Change component parameters (AddParameter): Name = "Case"; Value = "0603"; VariantName = "[No Variations]"
Change component parameters (AddParameter): Name = "Manufacturer"; Value = "YAGEO"; VariantName = "[No Variations]"
Change component parameters (AddParameter): Name = "PartNumber"; Value = "RC0603JR-070RL"; VariantName = "[No Variations]"
Change component parameters (AddParameter): Name = "Value"; Value = "0R"; VariantName = "[No Variations]"
Change component parameters: Designator = "R54" ("R54"); Footprint = "RESC1608X06M"; UniqueID = "\BGFDSHMO" ("\BGFDSHMO")
Change component parameters (AddParameter): Name = "Case"; Value = "0603"; VariantName = "[No Variations]"
Change component parameters (AddParameter): Name = "Manufacturer"; Value = "YAGEO"; VariantName = "[No Variations]"
Change component parameters (AddParameter): Name = "PartNumber"; Value = "RC0603JR-070RL"; VariantName = "[No Variations]"
Change component parameters (AddParameter): Name = "Value"; Value = "0R"; VariantName = "[No Variations]"
Change component parameters: Designator = "R55" ("R55"); Footprint = "RESC1608X06M"; UniqueID = "\BNBKCLPG" ("\BNBKCLPG")
Change component parameters (AddParameter): Name = "Case"; Value = "0603"; VariantName = "[No Variations]"
Change component parameters (AddParameter): Name = "Manufacturer"; Value = "YAGEO"; VariantName = "[No Variations]"
Change component parameters (AddParameter): Name = "PartNumber"; Value = "RC0603JR-070RL"; VariantName = "[No Variations]"
Change component parameters (AddParameter): Name = "Value"; Value = "0R"; VariantName = "[No Variations]"
Change component parameters: Designator = "R58" ("R58"); Footprint = "RESC1608X06M"; UniqueID = "\SLOGUGGA" ("\SLOGUGGA")
Change component parameters (AddParameter): Name = "Case"; Value = "0603"; VariantName = "[No Variations]"
Change component parameters (AddParameter): Name = "Manufacturer"; Value = "YAGEO"; VariantName = "[No Variations]"
Change component parameters (AddParameter): Name = "PartNumber"; Value = "AC0603FR-0710KL"; VariantName = "[No Variations]"
Change component parameters (AddParameter): Name = "Value"; Value = "10K"; VariantName = "[No Variations]"
Change component parameters: Designator = "R59" ("R59"); Footprint = "RESC1608X06M"; UniqueID = "\ZQOULLTL" ("\ZQOULLTL")
Change component parameters (AddParameter): Name = "Case"; Value = "0603"; VariantName = "[No Variations]"
Change component parameters (AddParameter): Name = "Manufacturer"; Value = "YAGEO"; VariantName = "[No Variations]"
Change component parameters (AddParameter): Name = "PartNumber"; Value = "AC0603FR-0710KL"; VariantName = "[No Variations]"
Change component parameters (AddParameter): Name = "Value"; Value = "10K"; VariantName = "[No Variations]"
Change component parameters: Designator = "R60" ("R60"); Footprint = "RESC1608X06M"; UniqueID = "\QNXYXCHH" ("\QNXYXCHH")
Change component parameters (AddParameter): Name = "Case"; Value = "0603"; VariantName = "[No Variations]"
Change component parameters (AddParameter): Name = "Manufacturer"; Value = "YAGEO"; VariantName = "[No Variations]"
Change component parameters (AddParameter): Name = "PartNumber"; Value = "RC0603JR-070RL"; VariantName = "[No Variations]"
Change component parameters (AddParameter): Name = "Value"; Value = "0R"; VariantName = "[No Variations]"
Change component parameters: Designator = "R61" ("R61"); Footprint = "RESC1608X06M"; UniqueID = "\RWJIGAGZ" ("\RWJIGAGZ")
Change component parameters (AddParameter): Name = "Case"; Value = "0603"; VariantName = "[No Variations]"
Change component parameters (AddParameter): Name = "Manufacturer"; Value = "YAGEO"; VariantName = "[No Variations]"
Change component parameters (AddParameter): Name = "PartNumber"; Value = "RC0603JR-070RL"; VariantName = "[No Variations]"
Change component parameters (AddParameter): Name = "Value"; Value = "0R"; VariantName = "[No Variations]"
Change component parameters: Designator = "R62" ("R62"); Footprint = "RESC1608X06M"; UniqueID = "\ZPVPBHFA" ("\ZPVPBHFA")
Change component parameters (AddParameter): Name = "Case"; Value = "0603"; VariantName = "[No Variations]"
Change component parameters (AddParameter): Name = "Manufacturer"; Value = "YAGEO"; VariantName = "[No Variations]"
Change component parameters (AddParameter): Name = "PartNumber"; Value = "AC0603FR-0710KL"; VariantName = "[No Variations]"
Change component parameters (AddParameter): Name = "Value"; Value = "10K"; VariantName = "[No Variations]"
Change component parameters: Designator = "R63" ("R63"); Footprint = "RESC1608X06M"; UniqueID = "\KRXZBGVC" ("\KRXZBGVC")
Change component parameters (AddParameter): Name = "Case"; Value = "0603"; VariantName = "[No Variations]"
Change component parameters (AddParameter): Name = "Manufacturer"; Value = "YAGEO"; VariantName = "[No Variations]"
Change component parameters (AddParameter): Name = "PartNumber"; Value = "AC0603FR-0710KL"; VariantName = "[No Variations]"
Change component parameters (AddParameter): Name = "Value"; Value = "10K"; VariantName = "[No Variations]"
Change component parameters: Designator = "R64" ("R64"); Footprint = "RESC1608X06M"; UniqueID = "\IFTQGMXJ" ("\IFTQGMXJ")
Change component parameters (AddParameter): Name = "Case"; Value = "0603"; VariantName = "[No Variations]"
Change component parameters (AddParameter): Name = "Manufacturer"; Value = "YAGEO"; VariantName = "[No Variations]"
Change component parameters (AddParameter): Name = "PartNumber"; Value = "RC0603JR-070RL"; VariantName = "[No Variations]"
Change component parameters (AddParameter): Name = "Value"; Value = "0R"; VariantName = "[No Variations]"
Change component parameters: Designator = "R65" ("R65"); Footprint = "RESC1608X06M"; UniqueID = "\WFHXIOGF" ("\WFHXIOGF")
Change component parameters (AddParameter): Name = "Case"; Value = "0603"; VariantName = "[No Variations]"
Change component parameters (AddParameter): Name = "Manufacturer"; Value = "YAGEO"; VariantName = "[No Variations]"
Change component parameters (AddParameter): Name = "PartNumber"; Value = "RC0603JR-070RL"; VariantName = "[No Variations]"
Change component parameters (AddParameter): Name = "Value"; Value = "0R"; VariantName = "[No Variations]"
Change component parameters: Designator = "R66" ("R66"); Footprint = "RESC1608X06M"; UniqueID = "\VARTNMAV" ("\VARTNMAV")
Change component parameters (AddParameter): Name = "Case"; Value = "0603"; VariantName = "[No Variations]"
Change component parameters (AddParameter): Name = "Manufacturer"; Value = "YAGEO"; VariantName = "[No Variations]"
Change component parameters (AddParameter): Name = "PartNumber"; Value = "RC0603JR-070RL"; VariantName = "[No Variations]"
Change component parameters (AddParameter): Name = "Value"; Value = "0R"; VariantName = "[No Variations]"
Change component parameters: Designator = "R67" ("R67"); Footprint = "RESC1608X06M"; UniqueID = "\OFKYPYHL" ("\OFKYPYHL")
Change component parameters (AddParameter): Name = "Case"; Value = "0603"; VariantName = "[No Variations]"
Change component parameters (AddParameter): Name = "Manufacturer"; Value = "YAGEO"; VariantName = "[No Variations]"
Change component parameters (AddParameter): Name = "PartNumber"; Value = "RC0603JR-070RL"; VariantName = "[No Variations]"
Change component parameters (AddParameter): Name = "Value"; Value = "0R"; VariantName = "[No Variations]"
Change component parameters: Designator = "R70" ("R70"); Footprint = "RESC1608X06M"; UniqueID = "\ZHVLMHJR" ("\ZHVLMHJR")
Change component parameters (AddParameter): Name = "Case"; Value = "0603"; VariantName = "[No Variations]"
Change component parameters (AddParameter): Name = "Manufacturer"; Value = "YAGEO"; VariantName = "[No Variations]"
Change component parameters (AddParameter): Name = "PartNumber"; Value = "RC0603JR-070RL"; VariantName = "[No Variations]"
Change component parameters (AddParameter): Name = "Value"; Value = "0R"; VariantName = "[No Variations]"
Change component parameters: Designator = "R71" ("R71"); Footprint = "RESC1608X06M"; UniqueID = "\JECETZLV" ("\JECETZLV")
Change component parameters (AddParameter): Name = "Case"; Value = "0603"; VariantName = "[No Variations]"
Change component parameters (AddParameter): Name = "Manufacturer"; Value = "YAGEO"; VariantName = "[No Variations]"
Change component parameters (AddParameter): Name = "PartNumber"; Value = "RC0603JR-070RL"; VariantName = "[No Variations]"
Change component parameters (AddParameter): Name = "Value"; Value = "0R"; VariantName = "[No Variations]"
Change component parameters: Designator = "R74" ("R74"); Footprint = "RESC1608X06M"; UniqueID = "\CYAMJUCS" ("\CYAMJUCS")
Change component parameters (AddParameter): Name = "Case"; Value = "0603"; VariantName = "[No Variations]"
Change component parameters (AddParameter): Name = "Manufacturer"; Value = "YAGEO"; VariantName = "[No Variations]"
Change component parameters (AddParameter): Name = "PartNumber"; Value = "AC0603FR-0710KL"; VariantName = "[No Variations]"
Change component parameters (AddParameter): Name = "Value"; Value = "10K"; VariantName = "[No Variations]"
Change component parameters: Designator = "R75" ("R75"); Footprint = "RESC1608X06M"; UniqueID = "\FSUDAKWR" ("\FSUDAKWR")
Change component parameters (AddParameter): Name = "Case"; Value = "0603"; VariantName = "[No Variations]"
Change component parameters (AddParameter): Name = "Manufacturer"; Value = "YAGEO"; VariantName = "[No Variations]"
Change component parameters (AddParameter): Name = "PartNumber"; Value = "AC0603FR-0710KL"; VariantName = "[No Variations]"
Change component parameters (AddParameter): Name = "Value"; Value = "10K"; VariantName = "[No Variations]"
Change component parameters: Designator = "R76" ("R76"); Footprint = "RESC1608X06M"; UniqueID = "\DRMJVCBG" ("\DRMJVCBG")
Change component parameters (AddParameter): Name = "Case"; Value = "0603"; VariantName = "[No Variations]"
Change component parameters (AddParameter): Name = "Manufacturer"; Value = "YAGEO"; VariantName = "[No Variations]"
Change component parameters (AddParameter): Name = "PartNumber"; Value = "RC0603JR-070RL"; VariantName = "[No Variations]"
Change component parameters (AddParameter): Name = "Value"; Value = "0R"; VariantName = "[No Variations]"
Change component parameters: Designator = "R77" ("R77"); Footprint = "RESC1608X06M"; UniqueID = "\MDGABVOL" ("\MDGABVOL")
Change component parameters (AddParameter): Name = "Case"; Value = "0603"; VariantName = "[No Variations]"
Change component parameters (AddParameter): Name = "Manufacturer"; Value = "YAGEO"; VariantName = "[No Variations]"
Change component parameters (AddParameter): Name = "PartNumber"; Value = "RC0603JR-070RL"; VariantName = "[No Variations]"
Change component parameters (AddParameter): Name = "Value"; Value = "0R"; VariantName = "[No Variations]"
Change component parameters: Designator = "R78" ("R78"); Footprint = "RESC1608X06M"; UniqueID = "\RETMBFPL" ("\RETMBFPL")
Change component parameters (AddParameter): Name = "Case"; Value = "0603"; VariantName = "[No Variations]"
Change component parameters (AddParameter): Name = "Manufacturer"; Value = "YAGEO"; VariantName = "[No Variations]"
Change component parameters (AddParameter): Name = "PartNumber"; Value = "AC0603FR-0710KL"; VariantName = "[No Variations]"
Change component parameters (AddParameter): Name = "Value"; Value = "10K"; VariantName = "[No Variations]"
Change component parameters: Designator = "R79" ("R79"); Footprint = "RESC1608X06M"; UniqueID = "\EBFVEKRI" ("\EBFVEKRI")
Change component parameters (AddParameter): Name = "Case"; Value = "0603"; VariantName = "[No Variations]"
Change component parameters (AddParameter): Name = "Manufacturer"; Value = "YAGEO"; VariantName = "[No Variations]"
Change component parameters (AddParameter): Name = "PartNumber"; Value = "AC0603FR-0710KL"; VariantName = "[No Variations]"
Change component parameters (AddParameter): Name = "Value"; Value = "10K"; VariantName = "[No Variations]"
Change component parameters: Designator = "R80" ("R80"); Footprint = "RESC1608X06M"; UniqueID = "\RKCGLLGO" ("\RKCGLLGO")
Change component parameters (AddParameter): Name = "Case"; Value = "0603"; VariantName = "[No Variations]"
Change component parameters (AddParameter): Name = "Manufacturer"; Value = "YAGEO"; VariantName = "[No Variations]"
Change component parameters (AddParameter): Name = "PartNumber"; Value = "RC0603FR-074K7L"; VariantName = "[No Variations]"
Change component parameters (AddParameter): Name = "Value"; Value = "4K7"; VariantName = "[No Variations]"
Change component parameters: Designator = "R81" ("R81"); Footprint = "RESC1608X06M"; UniqueID = "\THDSQYTE" ("\THDSQYTE")
Change component parameters (AddParameter): Name = "Case"; Value = "0603"; VariantName = "[No Variations]"
Change component parameters (AddParameter): Name = "Manufacturer"; Value = "YAGEO"; VariantName = "[No Variations]"
Change component parameters (AddParameter): Name = "PartNumber"; Value = "RC0603FR-074K7L"; VariantName = "[No Variations]"
Change component parameters (AddParameter): Name = "Value"; Value = "4K7"; VariantName = "[No Variations]"
Change component parameters: Designator = "R82" ("R82"); Footprint = "RESC1608X06M"; UniqueID = "\ZJXFZXIC" ("\ZJXFZXIC")
Change component parameters (AddParameter): Name = "Case"; Value = "0603"; VariantName = "[No Variations]"
Change component parameters (AddParameter): Name = "Manufacturer"; Value = "YAGEO"; VariantName = "[No Variations]"
Change component parameters (AddParameter): Name = "PartNumber"; Value = "RC0603FR-074K7L"; VariantName = "[No Variations]"
Change component parameters (AddParameter): Name = "Value"; Value = "4K7"; VariantName = "[No Variations]"
Change component parameters: Designator = "R83" ("R83"); Footprint = "RESC1608X06M"; UniqueID = "\NLNGDQTB" ("\NLNGDQTB")
Change component parameters (AddParameter): Name = "Case"; Value = "0603"; VariantName = "[No Variations]"
Change component parameters (AddParameter): Name = "Manufacturer"; Value = "YAGEO"; VariantName = "[No Variations]"
Change component parameters (AddParameter): Name = "PartNumber"; Value = "RC0603FR-074K7L"; VariantName = "[No Variations]"
Change component parameters (AddParameter): Name = "Value"; Value = "4K7"; VariantName = "[No Variations]"
Change component parameters: Designator = "R84" ("R84"); Footprint = "RESC1608X06M"; UniqueID = "\DUJNDNFI" ("\DUJNDNFI")
Change component parameters (AddParameter): Name = "Case"; Value = "0603"; VariantName = "[No Variations]"
Change component parameters (AddParameter): Name = "Manufacturer"; Value = "YAGEO"; VariantName = "[No Variations]"
Change component parameters (AddParameter): Name = "PartNumber"; Value = "AC0603FR-0710KL"; VariantName = "[No Variations]"
Change component parameters (AddParameter): Name = "Value"; Value = "10K"; VariantName = "[No Variations]"
Change component parameters: Designator = "R85" ("R85"); Footprint = "RESC1608X06M"; UniqueID = "\BEZDSWOV" ("\BEZDSWOV")
Change component parameters (AddParameter): Name = "Case"; Value = "0603"; VariantName = "[No Variations]"
Change component parameters (AddParameter): Name = "Manufacturer"; Value = "YAGEO"; VariantName = "[No Variations]"
Change component parameters (AddParameter): Name = "PartNumber"; Value = "AC0603FR-0710KL"; VariantName = "[No Variations]"
Change component parameters (AddParameter): Name = "Value"; Value = "10K"; VariantName = "[No Variations]"
Change component parameters: Designator = "R86" ("R86"); Footprint = "RESC1608X06M"; UniqueID = "\ENDUZUYO" ("\ENDUZUYO")
Change component parameters (AddParameter): Name = "Case"; Value = "0603"; VariantName = "[No Variations]"
Change component parameters (AddParameter): Name = "Manufacturer"; Value = "YAGEO"; VariantName = "[No Variations]"
Change component parameters (AddParameter): Name = "PartNumber"; Value = "AC0603FR-0710KL"; VariantName = "[No Variations]"
Change component parameters (AddParameter): Name = "Value"; Value = "10K"; VariantName = "[No Variations]"
Change component parameters: Designator = "R87" ("R87"); Footprint = "RESC1608X06M"; UniqueID = "\IPPFBRFK" ("\IPPFBRFK")
Change component parameters (AddParameter): Name = "Case"; Value = "0603"; VariantName = "[No Variations]"
Change component parameters (AddParameter): Name = "Manufacturer"; Value = "YAGEO"; VariantName = "[No Variations]"
Change component parameters (AddParameter): Name = "PartNumber"; Value = "AC0603FR-0710KL"; VariantName = "[No Variations]"
Change component parameters (AddParameter): Name = "Value"; Value = "10K"; VariantName = "[No Variations]"
Change component parameters: Designator = "R88" ("R88"); Footprint = "RESC1608X06M"; UniqueID = "\HCIMKOUU" ("\HCIMKOUU")
Change component parameters (AddParameter): Name = "Case"; Value = "0603"; VariantName = "[No Variations]"
Change component parameters (AddParameter): Name = "Manufacturer"; Value = "YAGEO"; VariantName = "[No Variations]"
Change component parameters (AddParameter): Name = "PartNumber"; Value = "RC0603FR-074K7L"; VariantName = "[No Variations]"
Change component parameters (AddParameter): Name = "Value"; Value = "4K7"; VariantName = "[No Variations]"
Change component parameters: Designator = "R89" ("R89"); Footprint = "RESC1608X06M"; UniqueID = "\DLJVWMKO" ("\DLJVWMKO")
Change component parameters (AddParameter): Name = "Case"; Value = "0603"; VariantName = "[No Variations]"
Change component parameters (AddParameter): Name = "Manufacturer"; Value = "YAGEO"; VariantName = "[No Variations]"
Change component parameters (AddParameter): Name = "PartNumber"; Value = "RC0603FR-074K7L"; VariantName = "[No Variations]"
Change component parameters (AddParameter): Name = "Value"; Value = "4K7"; VariantName = "[No Variations]"
Change component parameters: Designator = "R90" ("R90"); Footprint = "RESC1608X06M"; UniqueID = "\ZQOIAHHQ" ("\ZQOIAHHQ")
Change component parameters (AddParameter): Name = "Case"; Value = "0603"; VariantName = "[No Variations]"
Change component parameters (AddParameter): Name = "Manufacturer"; Value = "YAGEO"; VariantName = "[No Variations]"
Change component parameters (AddParameter): Name = "PartNumber"; Value = "RC0603FR-074K7L"; VariantName = "[No Variations]"
Change component parameters (AddParameter): Name = "Value"; Value = "4K7"; VariantName = "[No Variations]"
Change component parameters: Designator = "R91" ("R91"); Footprint = "RESC1608X06M"; UniqueID = "\JUVQXMHJ" ("\JUVQXMHJ")
Change component parameters (AddParameter): Name = "Case"; Value = "0603"; VariantName = "[No Variations]"
Change component parameters (AddParameter): Name = "Manufacturer"; Value = "YAGEO"; VariantName = "[No Variations]"
Change component parameters (AddParameter): Name = "PartNumber"; Value = "RC0603FR-074K7L"; VariantName = "[No Variations]"
Change component parameters (AddParameter): Name = "Value"; Value = "4K7"; VariantName = "[No Variations]"
Change component parameters: Designator = "R92" ("R92"); Footprint = "RESC1608X06M"; UniqueID = "\WDGFWKJI" ("\WDGFWKJI")
Change component parameters (AddParameter): Name = "Case"; Value = "0603"; VariantName = "[No Variations]"
Change component parameters (AddParameter): Name = "Manufacturer"; Value = "YAGEO"; VariantName = "[No Variations]"
Change component parameters (AddParameter): Name = "PartNumber"; Value = "AC0603FR-0710KL"; VariantName = "[No Variations]"
Change component parameters (AddParameter): Name = "Value"; Value = "10K"; VariantName = "[No Variations]"
Change component parameters: Designator = "R93" ("R93"); Footprint = "RESC1608X06M"; UniqueID = "\CHBSXOMD" ("\CHBSXOMD")
Change component parameters (AddParameter): Name = "Case"; Value = "0603"; VariantName = "[No Variations]"
Change component parameters (AddParameter): Name = "Manufacturer"; Value = "YAGEO"; VariantName = "[No Variations]"
Change component parameters (AddParameter): Name = "PartNumber"; Value = "AC0603FR-0710KL"; VariantName = "[No Variations]"
Change component parameters (AddParameter): Name = "Value"; Value = "10K"; VariantName = "[No Variations]"
Change component parameters: Designator = "R94" ("R94"); Footprint = "RESC1608X06M"; UniqueID = "\NFEBUHLD" ("\NFEBUHLD")
Change component parameters (AddParameter): Name = "Case"; Value = "0603"; VariantName = "[No Variations]"
Change component parameters (AddParameter): Name = "Manufacturer"; Value = "Vishay"; VariantName = "[No Variations]"
Change component parameters (AddParameter): Name = "PartNumber"; Value = "CRCW06034K70FKEB"; VariantName = "[No Variations]"
Change component parameters (AddParameter): Name = "Value"; Value = "4K7"; VariantName = "[No Variations]"
Change component parameters: Designator = "R95" ("R95"); Footprint = "RESC1608X06M"; UniqueID = "\FEVBSZUS" ("\FEVBSZUS")
Change component parameters (AddParameter): Name = "Case"; Value = "0603"; VariantName = "[No Variations]"
Change component parameters (AddParameter): Name = "Manufacturer"; Value = "Vishay"; VariantName = "[No Variations]"
Change component parameters (AddParameter): Name = "PartNumber"; Value = "CRCW06034K70FKEB"; VariantName = "[No Variations]"
Change component parameters (AddParameter): Name = "Value"; Value = "4K7"; VariantName = "[No Variations]"
Change component parameters: Designator = "R99" ("R99"); Footprint = "RESC1608X06M"; UniqueID = "\YTOQOAQS" ("\YTOQOAQS")
Change component parameters (AddParameter): Name = "Case"; Value = "0603"; VariantName = "[No Variations]"
Change component parameters (AddParameter): Name = "Manufacturer"; Value = "Vishay"; VariantName = "[No Variations]"
Change component parameters (AddParameter): Name = "PartNumber"; Value = "RC0603FR-07560RL"; VariantName = "[No Variations]"
Change component parameters (AddParameter): Name = "Value"; Value = "560R"; VariantName = "[No Variations]"
Change component parameters: Designator = "R100" ("R100"); Footprint = "RESC1608X06M"; UniqueID = "\FGHIOSXS" ("\FGHIOSXS")
Change component parameters (AddParameter): Name = "Case"; Value = "0603"; VariantName = "[No Variations]"
Change component parameters (AddParameter): Name = "Manufacturer"; Value = "Vishay"; VariantName = "[No Variations]"
Change component parameters (AddParameter): Name = "PartNumber"; Value = "RC0603FR-071K3L"; VariantName = "[No Variations]"
Change component parameters (AddParameter): Name = "Value"; Value = "1K3"; VariantName = "[No Variations]"
Change component parameters: Designator = "R101" ("R101"); Footprint = "RESC1608X06M"; UniqueID = "\TCCGSJFC" ("\TCCGSJFC")
Change component parameters (AddParameter): Name = "Case"; Value = "0603"; VariantName = "[No Variations]"
Change component parameters (AddParameter): Name = "Manufacturer"; Value = "Vishay"; VariantName = "[No Variations]"
Change component parameters (AddParameter): Name = "PartNumber"; Value = "RC0603FR-071K3L"; VariantName = "[No Variations]"
Change component parameters (AddParameter): Name = "Value"; Value = "1K3"; VariantName = "[No Variations]"
Change component parameters: Designator = "R102" ("R102"); Footprint = "RESC1608X06M"; UniqueID = "\TRTGUKXJ" ("\TRTGUKXJ")
Change component parameters (AddParameter): Name = "Case"; Value = "0603"; VariantName = "[No Variations]"
Change component parameters (AddParameter): Name = "Manufacturer"; Value = "YAGEO"; VariantName = "[No Variations]"
Change component parameters (AddParameter): Name = "PartNumber"; Value = "AC0603FR-0710KL"; VariantName = "[No Variations]"
Change component parameters (AddParameter): Name = "Value"; Value = "10K"; VariantName = "[No Variations]"
Change component parameters: Designator = "R103" ("R103"); Footprint = "RESC1608X06M"; UniqueID = "\UKYWNGNR" ("\UKYWNGNR")
Change component parameters (AddParameter): Name = "Case"; Value = "0603"; VariantName = "[No Variations]"
Change component parameters (AddParameter): Name = "Manufacturer"; Value = "YAGEO"; VariantName = "[No Variations]"
Change component parameters (AddParameter): Name = "PartNumber"; Value = "AC0603FR-0710KL"; VariantName = "[No Variations]"
Change component parameters (AddParameter): Name = "Value"; Value = "10K"; VariantName = "[No Variations]"
Change component parameters: Designator = "R104" ("R104"); Footprint = "RESC1608X06M"; UniqueID = "\AFXOJUFB" ("\AFXOJUFB")
Change component parameters (AddParameter): Name = "Case"; Value = "0603"; VariantName = "[No Variations]"
Change component parameters (AddParameter): Name = "Manufacturer"; Value = "YAGEO"; VariantName = "[No Variations]"
Change component parameters (AddParameter): Name = "PartNumber"; Value = "AC0603FR-0710KL"; VariantName = "[No Variations]"
Change component parameters (AddParameter): Name = "Value"; Value = "10K"; VariantName = "[No Variations]"
Change component parameters: Designator = "R105" ("R105"); Footprint = "RESC2012X06N"; UniqueID = "\NMWLLCKX" ("\NMWLLCKX")
Change component parameters (AddParameter): Name = "Case"; Value = "0805"; VariantName = "[No Variations]"
Change component parameters (AddParameter): Name = "Manufacturer"; Value = "Vishay"; VariantName = "[No Variations]"
Change component parameters (AddParameter): Name = "PartNumber"; Value = "CRCW080547R0FKEA"; VariantName = "[No Variations]"
Change component parameters (AddParameter): Name = "Value"; Value = "47R"; VariantName = "[No Variations]"
Change component parameters: Designator = "R106" ("R106"); Footprint = "RESC1608X06M"; UniqueID = "\XCBRYUTE" ("\XCBRYUTE")
Change component parameters (AddParameter): Name = "Case"; Value = "0603"; VariantName = "[No Variations]"
Change component parameters (AddParameter): Name = "Manufacturer"; Value = "YAGEO"; VariantName = "[No Variations]"
Change component parameters (AddParameter): Name = "PartNumber"; Value = "RC0603FR-074K7L"; VariantName = "[No Variations]"
Change component parameters (AddParameter): Name = "Value"; Value = "4K7"; VariantName = "[No Variations]"
Change component parameters: Designator = "R107" ("R107"); Footprint = "RESC1608X06M"; UniqueID = "\KIXAXPEF" ("\KIXAXPEF")
Change component parameters (AddParameter): Name = "Case"; Value = "0603"; VariantName = "[No Variations]"
Change component parameters (AddParameter): Name = "Manufacturer"; Value = "YAGEO"; VariantName = "[No Variations]"
Change component parameters (AddParameter): Name = "PartNumber"; Value = "RC0603FR-074K7L"; VariantName = "[No Variations]"
Change component parameters (AddParameter): Name = "Value"; Value = "4K7"; VariantName = "[No Variations]"
Change component parameters: Designator = "R108" ("R108"); Footprint = "RESC1608X06M"; UniqueID = "\BPKAGCDK" ("\BPKAGCDK")
Change component parameters (AddParameter): Name = "Case"; Value = "0603"; VariantName = "[No Variations]"
Change component parameters (AddParameter): Name = "Manufacturer"; Value = "YAGEO"; VariantName = "[No Variations]"
Change component parameters (AddParameter): Name = "PartNumber"; Value = "RC0603FR-074K7L"; VariantName = "[No Variations]"
Change component parameters (AddParameter): Name = "Value"; Value = "4K7"; VariantName = "[No Variations]"
Change component parameters: Designator = "R109" ("R109"); Footprint = "RESC1608X06M"; UniqueID = "\YUAZMJPE" ("\YUAZMJPE")
Change component parameters (AddParameter): Name = "Case"; Value = "0603"; VariantName = "[No Variations]"
Change component parameters (AddParameter): Name = "Manufacturer"; Value = "YAGEO"; VariantName = "[No Variations]"
Change component parameters (AddParameter): Name = "PartNumber"; Value = "RC0603FR-074K7L"; VariantName = "[No Variations]"
Change component parameters (AddParameter): Name = "Value"; Value = "4K7"; VariantName = "[No Variations]"
Change component parameters: Designator = "R110" ("R110"); Footprint = "RESC1608X06M"; UniqueID = "\SCROCJTE" ("\SCROCJTE")
Change component parameters (AddParameter): Name = "Case"; Value = "0603"; VariantName = "[No Variations]"
Change component parameters (AddParameter): Name = "Manufacturer"; Value = "YAGEO"; VariantName = "[No Variations]"
Change component parameters (AddParameter): Name = "PartNumber"; Value = "RC0603FR-074K7L"; VariantName = "[No Variations]"
Change component parameters (AddParameter): Name = "Value"; Value = "4K7"; VariantName = "[No Variations]"
Change component parameters: Designator = "R111" ("R111"); Footprint = "RESC1608X06M"; UniqueID = "\HZMBZQTR" ("\HZMBZQTR")
Change component parameters (AddParameter): Name = "Case"; Value = "0603"; VariantName = "[No Variations]"
Change component parameters (AddParameter): Name = "Manufacturer"; Value = "YAGEO"; VariantName = "[No Variations]"
Change component parameters (AddParameter): Name = "PartNumber"; Value = "RC0603FR-074K7L"; VariantName = "[No Variations]"
Change component parameters (AddParameter): Name = "Value"; Value = "4K7"; VariantName = "[No Variations]"
Change component parameters: Designator = "R112" ("R112"); Footprint = "RESC1608X06M"; UniqueID = "\UECFQFGC" ("\UECFQFGC")
Change component parameters (AddParameter): Name = "Case"; Value = "0603"; VariantName = "[No Variations]"
Change component parameters (AddParameter): Name = "Manufacturer"; Value = "Vishay"; VariantName = "[No Variations]"
Change component parameters (AddParameter): Name = "PartNumber"; Value = "CRCW06031K20FKEA"; VariantName = "[No Variations]"
Change component parameters (AddParameter): Name = "Value"; Value = "1K2"; VariantName = "[No Variations]"
Change component parameters: Designator = "R113" ("R113"); Footprint = "RESC1608X06M"; UniqueID = "\QPBMHBQU" ("\QPBMHBQU")
Change component parameters (AddParameter): Name = "Case"; Value = "0603"; VariantName = "[No Variations]"
Change component parameters (AddParameter): Name = "Manufacturer"; Value = "YAGEO"; VariantName = "[No Variations]"
Change component parameters (AddParameter): Name = "PartNumber"; Value = "AC0603FR-0710KL"; VariantName = "[No Variations]"
Change component parameters (AddParameter): Name = "Value"; Value = "10K"; VariantName = "[No Variations]"
Change component parameters: Designator = "R114" ("R114"); Footprint = "RESC1608X06M"; UniqueID = "\CVGPDESC" ("\CVGPDESC")
Change component parameters (AddParameter): Name = "Case"; Value = "0603"; VariantName = "[No Variations]"
Change component parameters (AddParameter): Name = "Manufacturer"; Value = "YAGEO"; VariantName = "[No Variations]"
Change component parameters (AddParameter): Name = "PartNumber"; Value = "AC0603FR-0710KL"; VariantName = "[No Variations]"
Change component parameters (AddParameter): Name = "Value"; Value = "10K"; VariantName = "[No Variations]"
Change component parameters: Designator = "R115" ("R115"); Footprint = "RESC1608X06M"; UniqueID = "\WDQBLPLO" ("\WDQBLPLO")
Change component parameters (AddParameter): Name = "Case"; Value = "0603"; VariantName = "[No Variations]"
Change component parameters (AddParameter): Name = "Manufacturer"; Value = "YAGEO"; VariantName = "[No Variations]"
Change component parameters (AddParameter): Name = "PartNumber"; Value = "AC0603FR-0710KL"; VariantName = "[No Variations]"
Change component parameters (AddParameter): Name = "Value"; Value = "10K"; VariantName = "[No Variations]"
Change component parameters: Designator = "R116" ("R116"); Footprint = "RESC2012X06N"; UniqueID = "\TRAZRFPJ" ("\TRAZRFPJ")
Change component parameters (AddParameter): Name = "Case"; Value = "0805"; VariantName = "[No Variations]"
Change component parameters (AddParameter): Name = "Manufacturer"; Value = "Vishay"; VariantName = "[No Variations]"
Change component parameters (AddParameter): Name = "PartNumber"; Value = "CRCW080547R0FKEA"; VariantName = "[No Variations]"
Change component parameters (AddParameter): Name = "Value"; Value = "47R"; VariantName = "[No Variations]"
Change component parameters: Designator = "R117" ("R117"); Footprint = "RESC1608X06M"; UniqueID = "\WOUCRHTF" ("\WOUCRHTF")
Change component parameters (AddParameter): Name = "Case"; Value = "0603"; VariantName = "[No Variations]"
Change component parameters (AddParameter): Name = "Manufacturer"; Value = "YAGEO"; VariantName = "[No Variations]"
Change component parameters (AddParameter): Name = "PartNumber"; Value = "RC0603FR-074K7L"; VariantName = "[No Variations]"
Change component parameters (AddParameter): Name = "Value"; Value = "4K7"; VariantName = "[No Variations]"
Change component parameters: Designator = "R118" ("R118"); Footprint = "RESC1608X06M"; UniqueID = "\ECCSNWMV" ("\ECCSNWMV")
Change component parameters (AddParameter): Name = "Case"; Value = "0603"; VariantName = "[No Variations]"
Change component parameters (AddParameter): Name = "Manufacturer"; Value = "YAGEO"; VariantName = "[No Variations]"
Change component parameters (AddParameter): Name = "PartNumber"; Value = "RC0603FR-074K7L"; VariantName = "[No Variations]"
Change component parameters (AddParameter): Name = "Value"; Value = "4K7"; VariantName = "[No Variations]"
Change component parameters: Designator = "R119" ("R119"); Footprint = "RESC1608X06M"; UniqueID = "\HYQVUPJX" ("\HYQVUPJX")
Change component parameters (AddParameter): Name = "Case"; Value = "0603"; VariantName = "[No Variations]"
Change component parameters (AddParameter): Name = "Manufacturer"; Value = "YAGEO"; VariantName = "[No Variations]"
Change component parameters (AddParameter): Name = "PartNumber"; Value = "RC0603FR-074K7L"; VariantName = "[No Variations]"
Change component parameters (AddParameter): Name = "Value"; Value = "4K7"; VariantName = "[No Variations]"
Change component parameters: Designator = "R120" ("R120"); Footprint = "RESC1608X06M"; UniqueID = "\VIXKSCLU" ("\VIXKSCLU")
Change component parameters (AddParameter): Name = "Case"; Value = "0603"; VariantName = "[No Variations]"
Change component parameters (AddParameter): Name = "Manufacturer"; Value = "YAGEO"; VariantName = "[No Variations]"
Change component parameters (AddParameter): Name = "PartNumber"; Value = "RC0603FR-074K7L"; VariantName = "[No Variations]"
Change component parameters (AddParameter): Name = "Value"; Value = "4K7"; VariantName = "[No Variations]"
Change component parameters: Designator = "R121" ("R121"); Footprint = "RESC1608X06M"; UniqueID = "\FBTXCXHH" ("\FBTXCXHH")
Change component parameters (AddParameter): Name = "Case"; Value = "0603"; VariantName = "[No Variations]"
Change component parameters (AddParameter): Name = "Manufacturer"; Value = "YAGEO"; VariantName = "[No Variations]"
Change component parameters (AddParameter): Name = "PartNumber"; Value = "RC0603FR-074K7L"; VariantName = "[No Variations]"
Change component parameters (AddParameter): Name = "Value"; Value = "4K7"; VariantName = "[No Variations]"
Change component parameters: Designator = "R122" ("R122"); Footprint = "RESC1608X06M"; UniqueID = "\SDMQKMPB" ("\SDMQKMPB")
Change component parameters (AddParameter): Name = "Case"; Value = "0603"; VariantName = "[No Variations]"
Change component parameters (AddParameter): Name = "Manufacturer"; Value = "YAGEO"; VariantName = "[No Variations]"
Change component parameters (AddParameter): Name = "PartNumber"; Value = "RC0603FR-074K7L"; VariantName = "[No Variations]"
Change component parameters (AddParameter): Name = "Value"; Value = "4K7"; VariantName = "[No Variations]"
Change component parameters: Designator = "R123" ("R123"); Footprint = "RESC1608X06M"; UniqueID = "\SYXDIMPE" ("\SYXDIMPE")
Change component parameters (AddParameter): Name = "Case"; Value = "0603"; VariantName = "[No Variations]"
Change component parameters (AddParameter): Name = "Manufacturer"; Value = "Vishay"; VariantName = "[No Variations]"
Change component parameters (AddParameter): Name = "PartNumber"; Value = "CRCW06031K20FKEA"; VariantName = "[No Variations]"
Change component parameters (AddParameter): Name = "Value"; Value = "1K2"; VariantName = "[No Variations]"
Change component parameters: Designator = "R124" ("R124"); Footprint = "RESC1608X06M"; UniqueID = "\MTOMUUCE" ("\MTOMUUCE")
Change component parameters (AddParameter): Name = "Case"; Value = "0603"; VariantName = "[No Variations]"
Change component parameters (AddParameter): Name = "Manufacturer"; Value = "Vishay"; VariantName = "[No Variations]"
Change component parameters (AddParameter): Name = "PartNumber"; Value = "RC0603FR-071K3L"; VariantName = "[No Variations]"
Change component parameters (AddParameter): Name = "Value"; Value = "1K3"; VariantName = "[No Variations]"
Change component parameters: Designator = "R125" ("R125"); Footprint = "RESC1608X06M"; UniqueID = "\YTGGLSKR" ("\YTGGLSKR")
Change component parameters (AddParameter): Name = "Case"; Value = "0603"; VariantName = "[No Variations]"
Change component parameters (AddParameter): Name = "Manufacturer"; Value = "Vishay"; VariantName = "[No Variations]"
Change component parameters (AddParameter): Name = "PartNumber"; Value = "RC0603FR-071K3L"; VariantName = "[No Variations]"
Change component parameters (AddParameter): Name = "Value"; Value = "1K3"; VariantName = "[No Variations]"
Change component parameters: Designator = "R126" ("R126"); Footprint = "RESC1608X06M"; UniqueID = "\QIGCKQFN" ("\QIGCKQFN")
Change component parameters (AddParameter): Name = "Case"; Value = "0603"; VariantName = "[No Variations]"
Change component parameters (AddParameter): Name = "Manufacturer"; Value = "Vishay"; VariantName = "[No Variations]"
Change component parameters (AddParameter): Name = "PartNumber"; Value = "RC0603FR-071K3L"; VariantName = "[No Variations]"
Change component parameters (AddParameter): Name = "Value"; Value = "1K3"; VariantName = "[No Variations]"
Change component parameters: Designator = "R127" ("R127"); Footprint = "RESC1608X06M"; UniqueID = "\GHFPCFNZ" ("\GHFPCFNZ")
Change component parameters (AddParameter): Name = "Case"; Value = "0603"; VariantName = "[No Variations]"
Change component parameters (AddParameter): Name = "Manufacturer"; Value = "Vishay"; VariantName = "[No Variations]"
Change component parameters (AddParameter): Name = "PartNumber"; Value = "RC0603FR-071K3L"; VariantName = "[No Variations]"
Change component parameters (AddParameter): Name = "Value"; Value = "1K3"; VariantName = "[No Variations]"
Change component parameters: Designator = "R128" ("R128"); Footprint = "RESC1608X06M"; UniqueID = "\UTWYFSNR" ("\UTWYFSNR")
Change component parameters (AddParameter): Name = "Case"; Value = "0603"; VariantName = "[No Variations]"
Change component parameters (AddParameter): Name = "Manufacturer"; Value = "Vishay"; VariantName = "[No Variations]"
Change component parameters (AddParameter): Name = "PartNumber"; Value = "RC0603FR-071K3L"; VariantName = "[No Variations]"
Change component parameters (AddParameter): Name = "Value"; Value = "1K3"; VariantName = "[No Variations]"
Change component parameters: Designator = "R129" ("R129"); Footprint = "RESC1608X06M"; UniqueID = "\QBBKMGMA" ("\QBBKMGMA")
Change component parameters (AddParameter): Name = "Case"; Value = "0603"; VariantName = "[No Variations]"
Change component parameters (AddParameter): Name = "Manufacturer"; Value = "Vishay"; VariantName = "[No Variations]"
Change component parameters (AddParameter): Name = "PartNumber"; Value = "RC0603FR-071K3L"; VariantName = "[No Variations]"
Change component parameters (AddParameter): Name = "Value"; Value = "1K3"; VariantName = "[No Variations]"
Change component parameters: Designator = "R130" ("R130"); Footprint = "RESC1608X06M"; UniqueID = "\XOUHONST" ("\XOUHONST")
Change component parameters (AddParameter): Name = "Case"; Value = "0603"; VariantName = "[No Variations]"
Change component parameters (AddParameter): Name = "Manufacturer"; Value = "Vishay"; VariantName = "[No Variations]"
Change component parameters (AddParameter): Name = "PartNumber"; Value = "RC0603FR-071K3L"; VariantName = "[No Variations]"
Change component parameters (AddParameter): Name = "Value"; Value = "1K3"; VariantName = "[No Variations]"
Change component parameters: Designator = "R131" ("R131"); Footprint = "RESC1608X06M"; UniqueID = "\VIZINAQX" ("\VIZINAQX")
Change component parameters (AddParameter): Name = "Case"; Value = "0603"; VariantName = "[No Variations]"
Change component parameters (AddParameter): Name = "Manufacturer"; Value = "Vishay"; VariantName = "[No Variations]"
Change component parameters (AddParameter): Name = "PartNumber"; Value = "RC0603FR-071K3L"; VariantName = "[No Variations]"
Change component parameters (AddParameter): Name = "Value"; Value = "1K3"; VariantName = "[No Variations]"
Change component parameters: Designator = "R132" ("R132"); Footprint = "RESC1608X06M"; UniqueID = "\IQYMHRHP" ("\IQYMHRHP")
Change component parameters (AddParameter): Name = "Case"; Value = "0603"; VariantName = "[No Variations]"
Change component parameters (AddParameter): Name = "Manufacturer"; Value = "Vishay"; VariantName = "[No Variations]"
Change component parameters (AddParameter): Name = "PartNumber"; Value = "RC0603FR-071K3L"; VariantName = "[No Variations]"
Change component parameters (AddParameter): Name = "Value"; Value = "1K3"; VariantName = "[No Variations]"
Change component parameters: Designator = "R133" ("R133"); Footprint = "RESC1608X06M"; UniqueID = "\PBEDONDG" ("\PBEDONDG")
Change component parameters (AddParameter): Name = "Case"; Value = "0603"; VariantName = "[No Variations]"
Change component parameters (AddParameter): Name = "Manufacturer"; Value = "Vishay"; VariantName = "[No Variations]"
Change component parameters (AddParameter): Name = "PartNumber"; Value = "RC0603FR-071K3L"; VariantName = "[No Variations]"
Change component parameters (AddParameter): Name = "Value"; Value = "1K3"; VariantName = "[No Variations]"
Change component parameters: Designator = "R134" ("R134"); Footprint = "RESC1608X06M"; UniqueID = "\VKBVYMPU" ("\VKBVYMPU")
Change component parameters (AddParameter): Name = "Case"; Value = "0603"; VariantName = "[No Variations]"
Change component parameters (AddParameter): Name = "Manufacturer"; Value = "Vishay"; VariantName = "[No Variations]"
Change component parameters (AddParameter): Name = "PartNumber"; Value = "RC0603FR-071K3L"; VariantName = "[No Variations]"
Change component parameters (AddParameter): Name = "Value"; Value = "1K3"; VariantName = "[No Variations]"
Change component parameters: Designator = "R135" ("R135"); Footprint = "RESC1608X06M"; UniqueID = "\NBBPTJEZ" ("\NBBPTJEZ")
Change component parameters (AddParameter): Name = "Case"; Value = "0603"; VariantName = "[No Variations]"
Change component parameters (AddParameter): Name = "Manufacturer"; Value = "Vishay"; VariantName = "[No Variations]"
Change component parameters (AddParameter): Name = "PartNumber"; Value = "RC0603FR-071K3L"; VariantName = "[No Variations]"
Change component parameters (AddParameter): Name = "Value"; Value = "1K3"; VariantName = "[No Variations]"
Change component parameters: Designator = "R136" ("R136"); Footprint = "RESC1608X06M"; UniqueID = "\GVYHMWPZ" ("\GVYHMWPZ")
Change component parameters (AddParameter): Name = "Case"; Value = "0603"; VariantName = "[No Variations]"
Change component parameters (AddParameter): Name = "Manufacturer"; Value = "Vishay"; VariantName = "[No Variations]"
Change component parameters (AddParameter): Name = "PartNumber"; Value = "RC0603FR-071K3L"; VariantName = "[No Variations]"
Change component parameters (AddParameter): Name = "Value"; Value = "1K3"; VariantName = "[No Variations]"
Change component parameters: Designator = "R137" ("R137"); Footprint = "RESC1608X06M"; UniqueID = "\RVDDNAFV" ("\RVDDNAFV")
Change component parameters (AddParameter): Name = "Case"; Value = "0603"; VariantName = "[No Variations]"
Change component parameters (AddParameter): Name = "Manufacturer"; Value = "Vishay"; VariantName = "[No Variations]"
Change component parameters (AddParameter): Name = "PartNumber"; Value = "RC0603FR-071K3L"; VariantName = "[No Variations]"
Change component parameters (AddParameter): Name = "Value"; Value = "1K3"; VariantName = "[No Variations]"
Change component parameters: Designator = "R138" ("R138"); Footprint = "RESC1608X06M"; UniqueID = "\XRLHNYAZ" ("\XRLHNYAZ")
Change component parameters (AddParameter): Name = "Case"; Value = "0603"; VariantName = "[No Variations]"
Change component parameters (AddParameter): Name = "Manufacturer"; Value = "Vishay"; VariantName = "[No Variations]"
Change component parameters (AddParameter): Name = "PartNumber"; Value = "RC0603FR-071K3L"; VariantName = "[No Variations]"
Change component parameters (AddParameter): Name = "Value"; Value = "1K3"; VariantName = "[No Variations]"
Change component parameters: Designator = "R139" ("R139"); Footprint = "RESC1608X06M"; UniqueID = "\OHGONXZB" ("\OHGONXZB")
Change component parameters (AddParameter): Name = "Case"; Value = "0603"; VariantName = "[No Variations]"
Change component parameters (AddParameter): Name = "Manufacturer"; Value = "Vishay"; VariantName = "[No Variations]"
Change component parameters (AddParameter): Name = "PartNumber"; Value = "RC0603FR-071K3L"; VariantName = "[No Variations]"
Change component parameters (AddParameter): Name = "Value"; Value = "1K3"; VariantName = "[No Variations]"
Change component parameters: Designator = "R140" ("R140"); Footprint = "RESC1608X06M"; UniqueID = "\JMNKNSSN" ("\JMNKNSSN")
Change component parameters (AddParameter): Name = "Case"; Value = "0603"; VariantName = "[No Variations]"
Change component parameters (AddParameter): Name = "Manufacturer"; Value = "Vishay"; VariantName = "[No Variations]"
Change component parameters (AddParameter): Name = "PartNumber"; Value = "RC0603FR-071K3L"; VariantName = "[No Variations]"
Change component parameters (AddParameter): Name = "Value"; Value = "1K3"; VariantName = "[No Variations]"
Change component parameters: Designator = "R141" ("R141"); Footprint = "RESC1608X06M"; UniqueID = "\AKUNIEAX" ("\AKUNIEAX")
Change component parameters (AddParameter): Name = "Case"; Value = "0603"; VariantName = "[No Variations]"
Change component parameters (AddParameter): Name = "Manufacturer"; Value = "Vishay"; VariantName = "[No Variations]"
Change component parameters (AddParameter): Name = "PartNumber"; Value = "RC0603FR-071K3L"; VariantName = "[No Variations]"
Change component parameters (AddParameter): Name = "Value"; Value = "1K3"; VariantName = "[No Variations]"
Change component parameters: Designator = "R142" ("R142"); Footprint = "RESC1608X06M"; UniqueID = "\GDKTZCWT" ("\GDKTZCWT")
Change component parameters (AddParameter): Name = "Case"; Value = "0603"; VariantName = "[No Variations]"
Change component parameters (AddParameter): Name = "Manufacturer"; Value = "Vishay"; VariantName = "[No Variations]"
Change component parameters (AddParameter): Name = "PartNumber"; Value = "RC0603FR-07560RL"; VariantName = "[No Variations]"
Change component parameters (AddParameter): Name = "Value"; Value = "560R"; VariantName = "[No Variations]"
Change component parameters: Designator = "R143" ("R143"); Footprint = "RESC1608X06M"; UniqueID = "\ZECVAVKA" ("\ZECVAVKA")
Change component parameters (AddParameter): Name = "Case"; Value = "0603"; VariantName = "[No Variations]"
Change component parameters (AddParameter): Name = "Manufacturer"; Value = "Vishay"; VariantName = "[No Variations]"
Change component parameters (AddParameter): Name = "PartNumber"; Value = "RC0603FR-07560RL"; VariantName = "[No Variations]"
Change component parameters (AddParameter): Name = "Value"; Value = "560R"; VariantName = "[No Variations]"
Change component parameters: Designator = "R144" ("R144"); Footprint = "RESC1608X06M"; UniqueID = "\EZOORWWE" ("\EZOORWWE")
Change component parameters (AddParameter): Name = "Case"; Value = "0603"; VariantName = "[No Variations]"
Change component parameters (AddParameter): Name = "Manufacturer"; Value = "Vishay"; VariantName = "[No Variations]"
Change component parameters (AddParameter): Name = "PartNumber"; Value = "RC0603FR-07560RL"; VariantName = "[No Variations]"
Change component parameters (AddParameter): Name = "Value"; Value = "560R"; VariantName = "[No Variations]"
Change component parameters: Designator = "R145" ("R145"); Footprint = "RESC1608X06M"; UniqueID = "\RABQJXHM" ("\RABQJXHM")
Change component parameters (AddParameter): Name = "Case"; Value = "0603"; VariantName = "[No Variations]"
Change component parameters (AddParameter): Name = "Manufacturer"; Value = "Vishay"; VariantName = "[No Variations]"
Change component parameters (AddParameter): Name = "PartNumber"; Value = "RC0603FR-07560RL"; VariantName = "[No Variations]"
Change component parameters (AddParameter): Name = "Value"; Value = "560R"; VariantName = "[No Variations]"
Change component parameters: Designator = "R146" ("R146"); Footprint = "RESC1608X06M"; UniqueID = "\QMQRKQXQ" ("\QMQRKQXQ")
Change component parameters (AddParameter): Name = "Case"; Value = "0603"; VariantName = "[No Variations]"
Change component parameters (AddParameter): Name = "Manufacturer"; Value = "YAGEO"; VariantName = "[No Variations]"
Change component parameters (AddParameter): Name = "PartNumber"; Value = "RC0603JR-070RL"; VariantName = "[No Variations]"
Change component parameters (AddParameter): Name = "Value"; Value = "0R"; VariantName = "[No Variations]"
Change component parameters: Designator = "R147" ("R147"); Footprint = "RESC1608X06M"; UniqueID = "\QNFIGYCP" ("\QNFIGYCP")
Change component parameters (AddParameter): Name = "Case"; Value = "0603"; VariantName = "[No Variations]"
Change component parameters (AddParameter): Name = "Manufacturer"; Value = "YAGEO"; VariantName = "[No Variations]"
Change component parameters (AddParameter): Name = "PartNumber"; Value = "RC0603JR-070RL"; VariantName = "[No Variations]"
Change component parameters (AddParameter): Name = "Value"; Value = "0R"; VariantName = "[No Variations]"
Change component parameters: Designator = "R148" ("R148"); Footprint = "RESC1608X06M"; UniqueID = "\CQWSKGQE" ("\CQWSKGQE")
Change component parameters (AddParameter): Name = "Case"; Value = "0603"; VariantName = "[No Variations]"
Change component parameters (AddParameter): Name = "Manufacturer"; Value = "Vishay"; VariantName = "[No Variations]"
Change component parameters (AddParameter): Name = "PartNumber"; Value = "CRCW06035K10FKEC"; VariantName = "[No Variations]"
Change component parameters (AddParameter): Name = "Value"; Value = "62K"; VariantName = "[No Variations]"
Change component parameters: Designator = "R149" ("R149"); Footprint = "RESC1608X06M"; UniqueID = "\ALVEYBTX" ("\ALVEYBTX")
Change component parameters (AddParameter): Name = "Case"; Value = "0603"; VariantName = "[No Variations]"
Change component parameters (AddParameter): Name = "Manufacturer"; Value = "Vishay"; VariantName = "[No Variations]"
Change component parameters (AddParameter): Name = "PartNumber"; Value = "CRCW06035K10FKEC"; VariantName = "[No Variations]"
Change component parameters (AddParameter): Name = "Value"; Value = "120K"; VariantName = "[No Variations]"
Change component parameters: Designator = "R150" ("R150"); Footprint = "RESC1608X06M"; UniqueID = "\TSUCFCKS" ("\TSUCFCKS")
Change component parameters (AddParameter): Name = "Case"; Value = "0603"; VariantName = "[No Variations]"
Change component parameters (AddParameter): Name = "Manufacturer"; Value = "Vishay"; VariantName = "[No Variations]"
Change component parameters (AddParameter): Name = "PartNumber"; Value = "CRCW06035K10FKEC"; VariantName = "[No Variations]"
Change component parameters (AddParameter): Name = "Value"; Value = "5K1"; VariantName = "[No Variations]"
Change component parameters: Designator = "R151" ("R151"); Footprint = "RESC1608X06M"; UniqueID = "\YMJXRHWZ" ("\YMJXRHWZ")
Change component parameters (AddParameter): Name = "Case"; Value = "0603"; VariantName = "[No Variations]"
Change component parameters (AddParameter): Name = "Manufacturer"; Value = "Vishay"; VariantName = "[No Variations]"
Change component parameters (AddParameter): Name = "PartNumber"; Value = "CRCW06035K10FKEC"; VariantName = "[No Variations]"
Change component parameters (AddParameter): Name = "Value"; Value = "5K1"; VariantName = "[No Variations]"
Change component parameters: Designator = "R152" ("R152"); Footprint = "RESC1608X06M"; UniqueID = "\FFHQSMUT" ("\FFHQSMUT")
Change component parameters (AddParameter): Name = "Case"; Value = "0603"; VariantName = "[No Variations]"
Change component parameters (AddParameter): Name = "Manufacturer"; Value = "YAGEO"; VariantName = "[No Variations]"
Change component parameters (AddParameter): Name = "PartNumber"; Value = "AC0603FR-0710KL"; VariantName = "[No Variations]"
Change component parameters (AddParameter): Name = "Value"; Value = "10K"; VariantName = "[No Variations]"
Change component parameters: Designator = "R153" ("R153"); Footprint = "RESC2012X06N"; UniqueID = "\KHTJKZJX" ("\KHTJKZJX")
Change component parameters (AddParameter): Name = "Case"; Value = "0805"; VariantName = "[No Variations]"
Change component parameters (AddParameter): Name = "Manufacturer"; Value = "Vishay"; VariantName = "[No Variations]"
Change component parameters (AddParameter): Name = "PartNumber"; Value = "CRCW080547R0FKEA"; VariantName = "[No Variations]"
Change component parameters (AddParameter): Name = "Value"; Value = "47R"; VariantName = "[No Variations]"
Change component parameters: Designator = "R154" ("R154"); Footprint = "RESC1608X06M"; UniqueID = "\RGJAWKUM" ("\RGJAWKUM")
Change component parameters (AddParameter): Name = "Case"; Value = "0603"; VariantName = "[No Variations]"
Change component parameters (AddParameter): Name = "Manufacturer"; Value = "YAGEO"; VariantName = "[No Variations]"
Change component parameters (AddParameter): Name = "PartNumber"; Value = "RC0603FR-074K7L"; VariantName = "[No Variations]"
Change component parameters (AddParameter): Name = "Value"; Value = "4K7"; VariantName = "[No Variations]"
Change component parameters: Designator = "R155" ("R155"); Footprint = "RESC1608X06M"; UniqueID = "\WPSDYKEJ" ("\WPSDYKEJ")
Change component parameters (AddParameter): Name = "Case"; Value = "0603"; VariantName = "[No Variations]"
Change component parameters (AddParameter): Name = "Manufacturer"; Value = "YAGEO"; VariantName = "[No Variations]"
Change component parameters (AddParameter): Name = "PartNumber"; Value = "RC0603FR-074K7L"; VariantName = "[No Variations]"
Change component parameters (AddParameter): Name = "Value"; Value = "4K7"; VariantName = "[No Variations]"
Change component parameters: Designator = "R156" ("R156"); Footprint = "RESC1608X06M"; UniqueID = "\ALBEJEMU" ("\ALBEJEMU")
Change component parameters (AddParameter): Name = "Case"; Value = "0603"; VariantName = "[No Variations]"
Change component parameters (AddParameter): Name = "Manufacturer"; Value = "YAGEO"; VariantName = "[No Variations]"
Change component parameters (AddParameter): Name = "PartNumber"; Value = "RC0603FR-074K7L"; VariantName = "[No Variations]"
Change component parameters (AddParameter): Name = "Value"; Value = "4K7"; VariantName = "[No Variations]"
Change component parameters: Designator = "R157" ("R157"); Footprint = "RESC1608X06M"; UniqueID = "\RRWNHCWC" ("\RRWNHCWC")
Change component parameters (AddParameter): Name = "Case"; Value = "0603"; VariantName = "[No Variations]"
Change component parameters (AddParameter): Name = "Manufacturer"; Value = "YAGEO"; VariantName = "[No Variations]"
Change component parameters (AddParameter): Name = "PartNumber"; Value = "RC0603FR-074K7L"; VariantName = "[No Variations]"
Change component parameters (AddParameter): Name = "Value"; Value = "4K7"; VariantName = "[No Variations]"
Change component parameters: Designator = "R158" ("R158"); Footprint = "RESC1608X06M"; UniqueID = "\LWSPOMKQ" ("\LWSPOMKQ")
Change component parameters (AddParameter): Name = "Case"; Value = "0603"; VariantName = "[No Variations]"
Change component parameters (AddParameter): Name = "Manufacturer"; Value = "Vishay"; VariantName = "[No Variations]"
Change component parameters (AddParameter): Name = "PartNumber"; Value = "CRCW06031K20FKEA"; VariantName = "[No Variations]"
Change component parameters (AddParameter): Name = "Value"; Value = "1K2"; VariantName = "[No Variations]"
Change component parameters: Designator = "U2" ("U2"); Footprint = "SOT95P280X145-5N"; UniqueID = "\PCTOFJQM" ("\PCTOFJQM")
Change component parameters (AddParameter): Name = "Case"; Value = "SOT-23-5"; VariantName = "[No Variations]"
Change component parameters (AddParameter): Name = "Manufacturer"; Value = "Texas Instruments"; VariantName = "[No Variations]"
Change component parameters (AddParameter): Name = "PartNumber"; Value = "TLV75533PDBVR"; VariantName = "[No Variations]"
Change component parameters (AddParameter): Name = "Value"; Value = "TLV75533PDBVR"; VariantName = "[No Variations]"
Change component parameters: Designator = "U3" ("U3"); Footprint = "STM-LQFP64_M"; UniqueID = "\YRAVGMKC" ("\YRAVGMKC")
Change component parameters (AddParameter): Name = "Manufacturer"; Value = "ST"; VariantName = "[No Variations]"
Change component parameters (AddParameter): Name = "PartNumber"; Value = "STM32F446RET6"; VariantName = "[No Variations]"
Change component parameters: Designator = "U4" ("U4"); Footprint = "SON65P300X300X100-9N-D"; UniqueID = "\FEFBXKFK" ("\FEFBXKFK")
Change component parameters (AddParameter): Name = "Case"; Value = "HVSON-8"; VariantName = "[No Variations]"
Change component parameters (AddParameter): Name = "Manufacturer"; Value = "NXP Semiconductors"; VariantName = "[No Variations]"
Change component parameters (AddParameter): Name = "PartNumber"; Value = "TJA1051TK/3,118"; VariantName = "[No Variations]"
Change component parameters (AddParameter): Name = "Value"; Value = "TJA1051TK/3,118"; VariantName = "[No Variations]"
Change component parameters: Designator = "U9" ("U9"); Footprint = "SOT95P280X145-5N"; UniqueID = "\JFBIYUTC" ("\JFBIYUTC")
Change component parameters (AddParameter): Name = "Case"; Value = "SOT23-5"; VariantName = "[No Variations]"
Change component parameters (AddParameter): Name = "Manufacturer"; Value = "Texas Instrument"; VariantName = "[No Variations]"
Change component parameters (AddParameter): Name = "PartNumber"; Value = "TLV9001IDBVR"; VariantName = "[No Variations]"
Change component parameters (AddParameter): Name = "Value"; Value = "TLV9001IDBVR"; VariantName = "[No Variations]"
Change component parameters: Designator = "U10" ("U10"); Footprint = "SOT95P280X145-5N"; UniqueID = "\GOFFXRHC" ("\GOFFXRHC")
Change component parameters (AddParameter): Name = "Case"; Value = "SOT23-5"; VariantName = "[No Variations]"
Change component parameters (AddParameter): Name = "Manufacturer"; Value = "Texas Instrument"; VariantName = "[No Variations]"
Change component parameters (AddParameter): Name = "PartNumber"; Value = "TLV9001IDBVR"; VariantName = "[No Variations]"
Change component parameters (AddParameter): Name = "Value"; Value = "TLV9001IDBVR"; VariantName = "[No Variations]"
Change component parameters: Designator = "U11" ("U11"); Footprint = "SOT95P280X145-5N"; UniqueID = "\OQTJIZRY" ("\OQTJIZRY")
Change component parameters (AddParameter): Name = "Case"; Value = "SOT23-5"; VariantName = "[No Variations]"
Change component parameters (AddParameter): Name = "Manufacturer"; Value = "Texas Instrument"; VariantName = "[No Variations]"
Change component parameters (AddParameter): Name = "PartNumber"; Value = "TLV9001IDBVR"; VariantName = "[No Variations]"
Change component parameters (AddParameter): Name = "Value"; Value = "TLV9001IDBVR"; VariantName = "[No Variations]"
Change component parameters: Designator = "U12" ("U12"); Footprint = "SOT95P280X145-5N"; UniqueID = "\NUVGXLRT" ("\NUVGXLRT")
Change component parameters (AddParameter): Name = "Case"; Value = "SOT23-5"; VariantName = "[No Variations]"
Change component parameters (AddParameter): Name = "Manufacturer"; Value = "Texas Instrument"; VariantName = "[No Variations]"
Change component parameters (AddParameter): Name = "PartNumber"; Value = "TLV9001IDBVR"; VariantName = "[No Variations]"
Change component parameters (AddParameter): Name = "Value"; Value = "TLV9001IDBVR"; VariantName = "[No Variations]"
Change component parameters: Designator = "U13" ("U13"); Footprint = "SOIC127P600X175-8N"; UniqueID = "\JHKOLWPX" ("\JHKOLWPX")
Change component parameters (AddParameter): Name = "Manufacturer"; Value = "Infineon Technologies"; VariantName = "[No Variations]"
Change component parameters (AddParameter): Name = "PartNumber"; Value = "FM24CL16B-GTR"; VariantName = "[No Variations]"
Change component parameters (AddParameter): Name = "Value"; Value = "FM24CL16B-GTR"; VariantName = "[No Variations]"
Change component parameters: Designator = "U15" ("U15"); Footprint = "MCHP-MSOP-MS8_N"; UniqueID = "\EFFQZHHN" ("\EFFQZHHN")
Change component parameters (AddParameter): Name = "Case"; Value = "MSOP-8"; VariantName = "[No Variations]"
Change component parameters (AddParameter): Name = "Manufacturer"; Value = "Microchip"; VariantName = "[No Variations]"
Change component parameters (AddParameter): Name = "PartNumber"; Value = "MCP9808-E/MS"; VariantName = "[No Variations]"
Change component parameters (AddParameter): Name = "Value"; Value = "MCP9808-E/MS"; VariantName = "[No Variations]"
