Added Component: Designator=C1(CAPC3216X16M)
Add component (AddParameter): Name = "Case"; Value = "1206"; VariantName = "[No Variations]"
Add component (AddParameter): Name = "Manufacturer"; Value = "KEMET"; VariantName = "[No Variations]"
Add component (AddParameter): Name = "PartNumber"; Value = "C1206C225K5RAC"; VariantName = "[No Variations]"
Add component (AddParameter): Name = "SMD/PTH"; Value = "SMD"; VariantName = "[No Variations]"
Add component (AddParameter): Name = "Value"; Value = "2u2"; VariantName = "[No Variations]"
Add component (AddParameter): Name = "Voltage"; Value = "50V"; VariantName = "[No Variations]"
Added Component: Designator=C2(CAPC1608X09M)
Add component (AddParameter): Name = "Case"; Value = "0606"; VariantName = "[No Variations]"
Add component (AddParameter): Name = "Manufacturer"; Value = "KEMET"; VariantName = "[No Variations]"
Add component (AddParameter): Name = "PartNumber"; Value = "C0603C104K5RACTU"; VariantName = "[No Variations]"
Add component (AddParameter): Name = "SMD/PTH"; Value = "SMD"; VariantName = "[No Variations]"
Add component (AddParameter): Name = "Value"; Value = "100n"; VariantName = "[No Variations]"
Add component (AddParameter): Name = "Voltage"; Value = "50V"; VariantName = "[No Variations]"
Added Component: Designator=C3(CAPC3216X16M)
Add component (AddParameter): Name = "Case"; Value = "1206"; VariantName = "[No Variations]"
Add component (AddParameter): Name = "Manufacturer"; Value = "KEMET"; VariantName = "[No Variations]"
Add component (AddParameter): Name = "PartNumber"; Value = "GCJ31CR71A106MA13L"; VariantName = "[No Variations]"
Add component (AddParameter): Name = "SMD/PTH"; Value = "SMD"; VariantName = "[No Variations]"
Add component (AddParameter): Name = "Value"; Value = "10u"; VariantName = "[No Variations]"
Add component (AddParameter): Name = "Voltage"; Value = "10V"; VariantName = "[No Variations]"
Added Component: Designator=C4(CAPC3216X16M)
Add component (AddParameter): Name = "Case"; Value = "1206"; VariantName = "[No Variations]"
Add component (AddParameter): Name = "Manufacturer"; Value = "KEMET"; VariantName = "[No Variations]"
Add component (AddParameter): Name = "PartNumber"; Value = "GCJ31CR71A106MA13L"; VariantName = "[No Variations]"
Add component (AddParameter): Name = "SMD/PTH"; Value = "SMD"; VariantName = "[No Variations]"
Add component (AddParameter): Name = "Value"; Value = "10u"; VariantName = "[No Variations]"
Add component (AddParameter): Name = "Voltage"; Value = "10V"; VariantName = "[No Variations]"
Added Component: Designator=C5(CAPC3216X16M)
Add component (AddParameter): Name = "Case"; Value = "1206"; VariantName = "[No Variations]"
Add component (AddParameter): Name = "Manufacturer"; Value = "KEMET"; VariantName = "[No Variations]"
Add component (AddParameter): Name = "PartNumber"; Value = "GCJ31CR71A106MA13L"; VariantName = "[No Variations]"
Add component (AddParameter): Name = "SMD/PTH"; Value = "SMD"; VariantName = "[No Variations]"
Add component (AddParameter): Name = "Value"; Value = "10u"; VariantName = "[No Variations]"
Add component (AddParameter): Name = "Voltage"; Value = "10V"; VariantName = "[No Variations]"
Added Component: Designator=C6(CAPC3216X16M)
Add component (AddParameter): Name = "Case"; Value = "1206"; VariantName = "[No Variations]"
Add component (AddParameter): Name = "Manufacturer"; Value = "KEMET"; VariantName = "[No Variations]"
Add component (AddParameter): Name = "PartNumber"; Value = "GCJ31CR71A106MA13L"; VariantName = "[No Variations]"
Add component (AddParameter): Name = "SMD/PTH"; Value = "SMD"; VariantName = "[No Variations]"
Add component (AddParameter): Name = "Value"; Value = "10u"; VariantName = "[No Variations]"
Add component (AddParameter): Name = "Voltage"; Value = "10V"; VariantName = "[No Variations]"
Added Component: Designator=C7(CAPC1608X09M)
Add component (AddParameter): Name = "Case"; Value = "0603"; VariantName = "[No Variations]"
Add component (AddParameter): Name = "Manufacturer"; Value = "KEMET"; VariantName = "[No Variations]"
Add component (AddParameter): Name = "PartNumber"; Value = "C0603C105K8RACTU"; VariantName = "[No Variations]"
Add component (AddParameter): Name = "SMD/PTH"; Value = "SMD"; VariantName = "[No Variations]"
Add component (AddParameter): Name = "Value"; Value = "1u"; VariantName = "[No Variations]"
Add component (AddParameter): Name = "Voltage"; Value = "10V"; VariantName = "[No Variations]"
Added Component: Designator=C8(CAPC1608X09M)
Add component (AddParameter): Name = "Case"; Value = "0603"; VariantName = "[No Variations]"
Add component (AddParameter): Name = "Manufacturer"; Value = "KEMET"; VariantName = "[No Variations]"
Add component (AddParameter): Name = "PartNumber"; Value = "C0603C105K8RACTU"; VariantName = "[No Variations]"
Add component (AddParameter): Name = "SMD/PTH"; Value = "SMD"; VariantName = "[No Variations]"
Add component (AddParameter): Name = "Value"; Value = "1u"; VariantName = "[No Variations]"
Add component (AddParameter): Name = "Voltage"; Value = "10V"; VariantName = "[No Variations]"
Added Component: Designator=C9(CAPC3216X16M)
Add component (AddParameter): Name = "Case"; Value = "1206"; VariantName = "[No Variations]"
Add component (AddParameter): Name = "Manufacturer"; Value = "KEMET"; VariantName = "[No Variations]"
Add component (AddParameter): Name = "PartNumber"; Value = "GCJ31CR71A106MA13L"; VariantName = "[No Variations]"
Add component (AddParameter): Name = "SMD/PTH"; Value = "SMD"; VariantName = "[No Variations]"
Add component (AddParameter): Name = "Value"; Value = "10u"; VariantName = "[No Variations]"
Add component (AddParameter): Name = "Voltage"; Value = "10V"; VariantName = "[No Variations]"
Added Component: Designator=C10(CAPC1608X09M)
Add component (AddParameter): Name = "Case"; Value = "0603"; VariantName = "[No Variations]"
Add component (AddParameter): Name = "Manufacturer"; Value = "KEMET"; VariantName = "[No Variations]"
Add component (AddParameter): Name = "PartNumber"; Value = "C0603C104K5RACTU"; VariantName = "[No Variations]"
Add component (AddParameter): Name = "SMD/PTH"; Value = "SMD"; VariantName = "[No Variations]"
Add component (AddParameter): Name = "Value"; Value = "100n"; VariantName = "[No Variations]"
Add component (AddParameter): Name = "Voltage"; Value = "10V"; VariantName = "[No Variations]"
Added Component: Designator=C11(CAPC3216X16M)
Add component (AddParameter): Name = "Case"; Value = "1206"; VariantName = "[No Variations]"
Add component (AddParameter): Name = "Manufacturer"; Value = "KEMET"; VariantName = "[No Variations]"
Add component (AddParameter): Name = "PartNumber"; Value = "GCJ31CR71A106MA13L"; VariantName = "[No Variations]"
Add component (AddParameter): Name = "SMD/PTH"; Value = "SMD"; VariantName = "[No Variations]"
Add component (AddParameter): Name = "Value"; Value = "10u"; VariantName = "[No Variations]"
Add component (AddParameter): Name = "Voltage"; Value = "10V"; VariantName = "[No Variations]"
Added Component: Designator=C12(CAPC1608X09M)
Add component (AddParameter): Name = "Case"; Value = "0603"; VariantName = "[No Variations]"
Add component (AddParameter): Name = "Manufacturer"; Value = "KEMET"; VariantName = "[No Variations]"
Add component (AddParameter): Name = "PartNumber"; Value = "C0603C104K5RACTU"; VariantName = "[No Variations]"
Add component (AddParameter): Name = "SMD/PTH"; Value = "SMD"; VariantName = "[No Variations]"
Add component (AddParameter): Name = "Value"; Value = "100n"; VariantName = "[No Variations]"
Add component (AddParameter): Name = "Voltage"; Value = "10V"; VariantName = "[No Variations]"
Added Component: Designator=C13(CAPC3216X16M)
Add component (AddParameter): Name = "Case"; Value = "1206"; VariantName = "[No Variations]"
Add component (AddParameter): Name = "Manufacturer"; Value = "KEMET"; VariantName = "[No Variations]"
Add component (AddParameter): Name = "PartNumber"; Value = "GCJ31CR71A106MA13L"; VariantName = "[No Variations]"
Add component (AddParameter): Name = "SMD/PTH"; Value = "SMD"; VariantName = "[No Variations]"
Add component (AddParameter): Name = "Value"; Value = "10u"; VariantName = "[No Variations]"
Add component (AddParameter): Name = "Voltage"; Value = "10V"; VariantName = "[No Variations]"
Added Component: Designator=C14(CAPC1608X09M)
Add component (AddParameter): Name = "Case"; Value = "0603"; VariantName = "[No Variations]"
Add component (AddParameter): Name = "Manufacturer"; Value = "KEMET"; VariantName = "[No Variations]"
Add component (AddParameter): Name = "PartNumber"; Value = "C0603C104K5RACTU"; VariantName = "[No Variations]"
Add component (AddParameter): Name = "SMD/PTH"; Value = "SMD"; VariantName = "[No Variations]"
Add component (AddParameter): Name = "Value"; Value = "100n"; VariantName = "[No Variations]"
Add component (AddParameter): Name = "Voltage"; Value = "10V"; VariantName = "[No Variations]"
Added Component: Designator=C15(CAPC3216X16M)
Add component (AddParameter): Name = "Case"; Value = "1206"; VariantName = "[No Variations]"
Add component (AddParameter): Name = "Manufacturer"; Value = "KEMET"; VariantName = "[No Variations]"
Add component (AddParameter): Name = "PartNumber"; Value = "GCJ31CR71A106MA13L"; VariantName = "[No Variations]"
Add component (AddParameter): Name = "SMD/PTH"; Value = "SMD"; VariantName = "[No Variations]"
Add component (AddParameter): Name = "Value"; Value = "10u"; VariantName = "[No Variations]"
Add component (AddParameter): Name = "Voltage"; Value = "10V"; VariantName = "[No Variations]"
Added Component: Designator=C16(CAPC1608X09M)
Add component (AddParameter): Name = "Case"; Value = "0603"; VariantName = "[No Variations]"
Add component (AddParameter): Name = "Manufacturer"; Value = "KEMET"; VariantName = "[No Variations]"
Add component (AddParameter): Name = "PartNumber"; Value = "C0603C104K5RACTU"; VariantName = "[No Variations]"
Add component (AddParameter): Name = "SMD/PTH"; Value = "SMD"; VariantName = "[No Variations]"
Add component (AddParameter): Name = "Value"; Value = "100n"; VariantName = "[No Variations]"
Add component (AddParameter): Name = "Voltage"; Value = "10V"; VariantName = "[No Variations]"
Added Component: Designator=C17(CAPC1608X09M)
Add component (AddParameter): Name = "Case"; Value = "0603"; VariantName = "[No Variations]"
Add component (AddParameter): Name = "Manufacturer"; Value = "KEMET"; VariantName = "[No Variations]"
Add component (AddParameter): Name = "PartNumber"; Value = "C0603C104K5RACTU"; VariantName = "[No Variations]"
Add component (AddParameter): Name = "SMD/PTH"; Value = "SMD"; VariantName = "[No Variations]"
Add component (AddParameter): Name = "Value"; Value = "100n"; VariantName = "[No Variations]"
Add component (AddParameter): Name = "Voltage"; Value = "10V"; VariantName = "[No Variations]"
Added Component: Designator=C18(CAPC1608X09M)
Add component (AddParameter): Name = "Case"; Value = "0603"; VariantName = "[No Variations]"
Add component (AddParameter): Name = "Manufacturer"; Value = "KEMET"; VariantName = "[No Variations]"
Add component (AddParameter): Name = "PartNumber"; Value = "C0603C105K8RACTU"; VariantName = "[No Variations]"
Add component (AddParameter): Name = "SMD/PTH"; Value = "SMD"; VariantName = "[No Variations]"
Add component (AddParameter): Name = "Value"; Value = "1u"; VariantName = "[No Variations]"
Add component (AddParameter): Name = "Voltage"; Value = "10V"; VariantName = "[No Variations]"
Added Component: Designator=C19(CAPC1608X09M)
Add component (AddParameter): Name = "Case"; Value = "0603"; VariantName = "[No Variations]"
Add component (AddParameter): Name = "Manufacturer"; Value = "Murata"; VariantName = "[No Variations]"
Add component (AddParameter): Name = "PartNumber"; Value = "GCM1885C2A270FA16D"; VariantName = "[No Variations]"
Add component (AddParameter): Name = "SMD/PTH"; Value = "SMD"; VariantName = "[No Variations]"
Add component (AddParameter): Name = "Value"; Value = "27p"; VariantName = "[No Variations]"
Add component (AddParameter): Name = "Voltage"; Value = "100V"; VariantName = "[No Variations]"
Added Component: Designator=C20(CAPC1608X09M)
Add component (AddParameter): Name = "Case"; Value = "0603"; VariantName = "[No Variations]"
Add component (AddParameter): Name = "Manufacturer"; Value = "Murata"; VariantName = "[No Variations]"
Add component (AddParameter): Name = "PartNumber"; Value = "GCM1885C2A270FA16D"; VariantName = "[No Variations]"
Add component (AddParameter): Name = "SMD/PTH"; Value = "SMD"; VariantName = "[No Variations]"
Add component (AddParameter): Name = "Value"; Value = "27p"; VariantName = "[No Variations]"
Add component (AddParameter): Name = "Voltage"; Value = "100V"; VariantName = "[No Variations]"
Added Component: Designator=C21(CAPC1608X09M)
Add component (AddParameter): Name = "Case"; Value = "0603"; VariantName = "[No Variations]"
Add component (AddParameter): Name = "Manufacturer"; Value = "KEMET"; VariantName = "[No Variations]"
Add component (AddParameter): Name = "PartNumber"; Value = "C0603C104K5RACTU"; VariantName = "[No Variations]"
Add component (AddParameter): Name = "SMD/PTH"; Value = "SMD"; VariantName = "[No Variations]"
Add component (AddParameter): Name = "Value"; Value = "100n"; VariantName = "[No Variations]"
Add component (AddParameter): Name = "Voltage"; Value = "10V"; VariantName = "[No Variations]"
Added Component: Designator=C22(CAPC2012X14N)
Add component (AddParameter): Name = "Case"; Value = "0805"; VariantName = "[No Variations]"
Add component (AddParameter): Name = "Manufacturer"; Value = "KEMET"; VariantName = "[No Variations]"
Add component (AddParameter): Name = "PartNumber"; Value = "C1206C475K5RACTU"; VariantName = "[No Variations]"
Add component (AddParameter): Name = "SMD/PTH"; Value = "SMD"; VariantName = "[No Variations]"
Add component (AddParameter): Name = "Value"; Value = "4u7"; VariantName = "[No Variations]"
Add component (AddParameter): Name = "Voltage"; Value = "50V"; VariantName = "[No Variations]"
Added Component: Designator=C23(CAPC1608X09M)
Add component (AddParameter): Name = "Case"; Value = "0603"; VariantName = "[No Variations]"
Add component (AddParameter): Name = "Manufacturer"; Value = "KEMET"; VariantName = "[No Variations]"
Add component (AddParameter): Name = "PartNumber"; Value = "C0603C104K5RACTU"; VariantName = "[No Variations]"
Add component (AddParameter): Name = "SMD/PTH"; Value = "SMD"; VariantName = "[No Variations]"
Add component (AddParameter): Name = "Value"; Value = "100n"; VariantName = "[No Variations]"
Add component (AddParameter): Name = "Voltage"; Value = "10V"; VariantName = "[No Variations]"
Added Component: Designator=C24(CAPC1608X09M)
Add component (AddParameter): Name = "Case"; Value = "0603"; VariantName = "[No Variations]"
Add component (AddParameter): Name = "Manufacturer"; Value = "KEMET"; VariantName = "[No Variations]"
Add component (AddParameter): Name = "PartNumber"; Value = "C0603C104K5RACTU"; VariantName = "[No Variations]"
Add component (AddParameter): Name = "SMD/PTH"; Value = "SMD"; VariantName = "[No Variations]"
Add component (AddParameter): Name = "Value"; Value = "100n"; VariantName = "[No Variations]"
Add component (AddParameter): Name = "Voltage"; Value = "10V"; VariantName = "[No Variations]"
Added Component: Designator=C25(CAPC1608X09M)
Add component (AddParameter): Name = "Case"; Value = "0603"; VariantName = "[No Variations]"
Add component (AddParameter): Name = "Manufacturer"; Value = "KEMET"; VariantName = "[No Variations]"
Add component (AddParameter): Name = "PartNumber"; Value = "C0603C104K5RACTU"; VariantName = "[No Variations]"
Add component (AddParameter): Name = "SMD/PTH"; Value = "SMD"; VariantName = "[No Variations]"
Add component (AddParameter): Name = "Value"; Value = "100n"; VariantName = "[No Variations]"
Add component (AddParameter): Name = "Voltage"; Value = "10V"; VariantName = "[No Variations]"
Added Component: Designator=C26(CAPC1608X09M)
Add component (AddParameter): Name = "Case"; Value = "0603"; VariantName = "[No Variations]"
Add component (AddParameter): Name = "Manufacturer"; Value = "KEMET"; VariantName = "[No Variations]"
Add component (AddParameter): Name = "PartNumber"; Value = "C0603X473K5RAC3316"; VariantName = "[No Variations]"
Add component (AddParameter): Name = "SMD/PTH"; Value = "SMD"; VariantName = "[No Variations]"
Add component (AddParameter): Name = "Value"; Value = "47n"; VariantName = "[No Variations]"
Add component (AddParameter): Name = "Voltage"; Value = "50V"; VariantName = "[No Variations]"
Added Component: Designator=C27(CAPC1608X09M)
Add component (AddParameter): Name = "Case"; Value = "0603"; VariantName = "[No Variations]"
Add component (AddParameter): Name = "Manufacturer"; Value = "KEMET"; VariantName = "[No Variations]"
Add component (AddParameter): Name = "PartNumber"; Value = "C0603C104K5RACTU"; VariantName = "[No Variations]"
Add component (AddParameter): Name = "SMD/PTH"; Value = "SMD"; VariantName = "[No Variations]"
Add component (AddParameter): Name = "Value"; Value = "100n"; VariantName = "[No Variations]"
Add component (AddParameter): Name = "Voltage"; Value = "10V"; VariantName = "[No Variations]"
Added Component: Designator=C28(CAPC1608X09M)
Add component (AddParameter): Name = "Case"; Value = "0603"; VariantName = "[No Variations]"
Add component (AddParameter): Name = "Manufacturer"; Value = "KEMET"; VariantName = "[No Variations]"
Add component (AddParameter): Name = "PartNumber"; Value = "C0603C104K5RACTU"; VariantName = "[No Variations]"
Add component (AddParameter): Name = "SMD/PTH"; Value = "SMD"; VariantName = "[No Variations]"
Add component (AddParameter): Name = "Value"; Value = "100n"; VariantName = "[No Variations]"
Add component (AddParameter): Name = "Voltage"; Value = "10V"; VariantName = "[No Variations]"
Added Component: Designator=C29(CAPC1608X09M)
Add component (AddParameter): Name = "Case"; Value = "0603"; VariantName = "[No Variations]"
Add component (AddParameter): Name = "Manufacturer"; Value = ""; VariantName = "[No Variations]"
Add component (AddParameter): Name = "PartNumber"; Value = ""; VariantName = "[No Variations]"
Add component (AddParameter): Name = "Value"; Value = "47n"; VariantName = "[No Variations]"
Add component (AddParameter): Name = "Voltage"; Value = "Voltage"; VariantName = "[No Variations]"
Added Component: Designator=C30(CAPC1608X09M)
Add component (AddParameter): Name = "Case"; Value = "0603"; VariantName = "[No Variations]"
Add component (AddParameter): Name = "Manufacturer"; Value = "KEMET"; VariantName = "[No Variations]"
Add component (AddParameter): Name = "PartNumber"; Value = "C0603C104K5RACTU"; VariantName = "[No Variations]"
Add component (AddParameter): Name = "SMD/PTH"; Value = "SMD"; VariantName = "[No Variations]"
Add component (AddParameter): Name = "Value"; Value = "100n"; VariantName = "[No Variations]"
Add component (AddParameter): Name = "Voltage"; Value = "10V"; VariantName = "[No Variations]"
Added Component: Designator=C31(CAPC3216X16M)
Add component (AddParameter): Name = "Case"; Value = "1206"; VariantName = "[No Variations]"
Add component (AddParameter): Name = "Manufacturer"; Value = ""; VariantName = "[No Variations]"
Add component (AddParameter): Name = "PartNumber"; Value = ""; VariantName = "[No Variations]"
Add component (AddParameter): Name = "Value"; Value = "10n"; VariantName = "[No Variations]"
Add component (AddParameter): Name = "Voltage"; Value = "Voltage"; VariantName = "[No Variations]"
Added Component: Designator=C32(CAPC1608X09M)
Add component (AddParameter): Name = "Case"; Value = "0603"; VariantName = "[No Variations]"
Add component (AddParameter): Name = "Manufacturer"; Value = ""; VariantName = "[No Variations]"
Add component (AddParameter): Name = "PartNumber"; Value = ""; VariantName = "[No Variations]"
Add component (AddParameter): Name = "Value"; Value = "220p"; VariantName = "[No Variations]"
Add component (AddParameter): Name = "Voltage"; Value = "Voltage"; VariantName = "[No Variations]"
Added Component: Designator=C33(CAPC1608X09M)
Add component (AddParameter): Name = "Case"; Value = "0603"; VariantName = "[No Variations]"
Add component (AddParameter): Name = "Manufacturer"; Value = ""; VariantName = "[No Variations]"
Add component (AddParameter): Name = "PartNumber"; Value = ""; VariantName = "[No Variations]"
Add component (AddParameter): Name = "Value"; Value = "47n"; VariantName = "[No Variations]"
Add component (AddParameter): Name = "Voltage"; Value = "Voltage"; VariantName = "[No Variations]"
Added Component: Designator=C34(CAPC1608X09M)
Add component (AddParameter): Name = "Case"; Value = "0603"; VariantName = "[No Variations]"
Add component (AddParameter): Name = "Manufacturer"; Value = "KEMET"; VariantName = "[No Variations]"
Add component (AddParameter): Name = "PartNumber"; Value = "C0603C104K5RACTU"; VariantName = "[No Variations]"
Add component (AddParameter): Name = "SMD/PTH"; Value = "SMD"; VariantName = "[No Variations]"
Add component (AddParameter): Name = "Value"; Value = "100n"; VariantName = "[No Variations]"
Add component (AddParameter): Name = "Voltage"; Value = "10V"; VariantName = "[No Variations]"
Added Component: Designator=C35(CAPC3216X16M)
Add component (AddParameter): Name = "Case"; Value = "1206"; VariantName = "[No Variations]"
Add component (AddParameter): Name = "Manufacturer"; Value = ""; VariantName = "[No Variations]"
Add component (AddParameter): Name = "PartNumber"; Value = ""; VariantName = "[No Variations]"
Add component (AddParameter): Name = "Value"; Value = "10n"; VariantName = "[No Variations]"
Add component (AddParameter): Name = "Voltage"; Value = "Voltage"; VariantName = "[No Variations]"
Added Component: Designator=C36(CAPC1608X09M)
Add component (AddParameter): Name = "Case"; Value = "0603"; VariantName = "[No Variations]"
Add component (AddParameter): Name = "Manufacturer"; Value = ""; VariantName = "[No Variations]"
Add component (AddParameter): Name = "PartNumber"; Value = ""; VariantName = "[No Variations]"
Add component (AddParameter): Name = "Value"; Value = "220p"; VariantName = "[No Variations]"
Add component (AddParameter): Name = "Voltage"; Value = "Voltage"; VariantName = "[No Variations]"
Added Component: Designator=C37(CAPC1608X09M)
Add component (AddParameter): Name = "Case"; Value = "0603"; VariantName = "[No Variations]"
Add component (AddParameter): Name = "Manufacturer"; Value = ""; VariantName = "[No Variations]"
Add component (AddParameter): Name = "PartNumber"; Value = ""; VariantName = "[No Variations]"
Add component (AddParameter): Name = "Value"; Value = "47n"; VariantName = "[No Variations]"
Add component (AddParameter): Name = "Voltage"; Value = "Voltage"; VariantName = "[No Variations]"
Added Component: Designator=C38(CAPC1608X09M)
Add component (AddParameter): Name = "Case"; Value = "0603"; VariantName = "[No Variations]"
Add component (AddParameter): Name = "Manufacturer"; Value = "KEMET"; VariantName = "[No Variations]"
Add component (AddParameter): Name = "PartNumber"; Value = "C0603C104K5RACTU"; VariantName = "[No Variations]"
Add component (AddParameter): Name = "SMD/PTH"; Value = "SMD"; VariantName = "[No Variations]"
Add component (AddParameter): Name = "Value"; Value = "100n"; VariantName = "[No Variations]"
Add component (AddParameter): Name = "Voltage"; Value = "10V"; VariantName = "[No Variations]"
Added Component: Designator=C39(CAPC3216X16M)
Add component (AddParameter): Name = "Case"; Value = "1206"; VariantName = "[No Variations]"
Add component (AddParameter): Name = "Manufacturer"; Value = ""; VariantName = "[No Variations]"
Add component (AddParameter): Name = "PartNumber"; Value = ""; VariantName = "[No Variations]"
Add component (AddParameter): Name = "Value"; Value = "10n"; VariantName = "[No Variations]"
Add component (AddParameter): Name = "Voltage"; Value = "Voltage"; VariantName = "[No Variations]"
Added Component: Designator=C40(CAPC1608X09M)
Add component (AddParameter): Name = "Case"; Value = "0603"; VariantName = "[No Variations]"
Add component (AddParameter): Name = "Manufacturer"; Value = ""; VariantName = "[No Variations]"
Add component (AddParameter): Name = "PartNumber"; Value = ""; VariantName = "[No Variations]"
Add component (AddParameter): Name = "Value"; Value = "220p"; VariantName = "[No Variations]"
Add component (AddParameter): Name = "Voltage"; Value = "Voltage"; VariantName = "[No Variations]"
Added Component: Designator=C41(CAPC1608X09M)
Add component (AddParameter): Name = "Case"; Value = "0603"; VariantName = "[No Variations]"
Add component (AddParameter): Name = "Manufacturer"; Value = ""; VariantName = "[No Variations]"
Add component (AddParameter): Name = "PartNumber"; Value = ""; VariantName = "[No Variations]"
Add component (AddParameter): Name = "Value"; Value = "47n"; VariantName = "[No Variations]"
Add component (AddParameter): Name = "Voltage"; Value = "Voltage"; VariantName = "[No Variations]"
Added Component: Designator=C42(CAPC1608X09M)
Add component (AddParameter): Name = "Case"; Value = "0603"; VariantName = "[No Variations]"
Add component (AddParameter): Name = "Manufacturer"; Value = "KEMET"; VariantName = "[No Variations]"
Add component (AddParameter): Name = "PartNumber"; Value = "C0603C104K5RACTU"; VariantName = "[No Variations]"
Add component (AddParameter): Name = "SMD/PTH"; Value = "SMD"; VariantName = "[No Variations]"
Add component (AddParameter): Name = "Value"; Value = "100n"; VariantName = "[No Variations]"
Add component (AddParameter): Name = "Voltage"; Value = "10V"; VariantName = "[No Variations]"
Added Component: Designator=C43(CAPC3216X16M)
Add component (AddParameter): Name = "Case"; Value = "1206"; VariantName = "[No Variations]"
Add component (AddParameter): Name = "Manufacturer"; Value = ""; VariantName = "[No Variations]"
Add component (AddParameter): Name = "PartNumber"; Value = ""; VariantName = "[No Variations]"
Add component (AddParameter): Name = "Value"; Value = "10n"; VariantName = "[No Variations]"
Add component (AddParameter): Name = "Voltage"; Value = "Voltage"; VariantName = "[No Variations]"
Added Component: Designator=C44(CAPC1608X09M)
Add component (AddParameter): Name = "Case"; Value = "0603"; VariantName = "[No Variations]"
Add component (AddParameter): Name = "Manufacturer"; Value = ""; VariantName = "[No Variations]"
Add component (AddParameter): Name = "PartNumber"; Value = ""; VariantName = "[No Variations]"
Add component (AddParameter): Name = "Value"; Value = "220p"; VariantName = "[No Variations]"
Add component (AddParameter): Name = "Voltage"; Value = "Voltage"; VariantName = "[No Variations]"
Added Component: Designator=C45(CAPC1608X09M)
Add component (AddParameter): Name = "Case"; Value = "0603"; VariantName = "[No Variations]"
Add component (AddParameter): Name = "PartNumber"; Value = ""; VariantName = "[No Variations]"
Add component (AddParameter): Name = "Value"; Value = ""; VariantName = "[No Variations]"
Added Component: Designator=C46(CAPC1608X09M)
Add component (AddParameter): Name = "Case"; Value = "0603"; VariantName = "[No Variations]"
Add component (AddParameter): Name = "PartNumber"; Value = ""; VariantName = "[No Variations]"
Add component (AddParameter): Name = "Value"; Value = ""; VariantName = "[No Variations]"
Added Component: Designator=C47(CAPC1608X09M)
Add component (AddParameter): Name = "Case"; Value = "0603"; VariantName = "[No Variations]"
Add component (AddParameter): Name = "Manufacturer"; Value = "KEMET"; VariantName = "[No Variations]"
Add component (AddParameter): Name = "PartNumber"; Value = "C0603C104K5RACTU"; VariantName = "[No Variations]"
Add component (AddParameter): Name = "SMD/PTH"; Value = "SMD"; VariantName = "[No Variations]"
Add component (AddParameter): Name = "Value"; Value = "100n"; VariantName = "[No Variations]"
Add component (AddParameter): Name = "Voltage"; Value = "10V"; VariantName = "[No Variations]"
Added Component: Designator=C48(CAPC1608X09M)
Add component (AddParameter): Name = "Case"; Value = "0603"; VariantName = "[No Variations]"
Add component (AddParameter): Name = "Manufacturer"; Value = "KEMET"; VariantName = "[No Variations]"
Add component (AddParameter): Name = "PartNumber"; Value = "C0603C104K5RACTU"; VariantName = "[No Variations]"
Add component (AddParameter): Name = "SMD/PTH"; Value = "SMD"; VariantName = "[No Variations]"
Add component (AddParameter): Name = "Value"; Value = "100n"; VariantName = "[No Variations]"
Add component (AddParameter): Name = "Voltage"; Value = "10V"; VariantName = "[No Variations]"
Added Component: Designator=C49(CAPC1608X09M)
Add component (AddParameter): Name = "Case"; Value = "0603"; VariantName = "[No Variations]"
Add component (AddParameter): Name = "PartNumber"; Value = ""; VariantName = "[No Variations]"
Add component (AddParameter): Name = "Value"; Value = ""; VariantName = "[No Variations]"
Added Component: Designator=C50(CAPC1608X09M)
Add component (AddParameter): Name = "Case"; Value = "0603"; VariantName = "[No Variations]"
Add component (AddParameter): Name = "PartNumber"; Value = ""; VariantName = "[No Variations]"
Add component (AddParameter): Name = "Value"; Value = ""; VariantName = "[No Variations]"
Added Component: Designator=C51(CAPC1608X09M)
Add component (AddParameter): Name = "Case"; Value = "0603"; VariantName = "[No Variations]"
Add component (AddParameter): Name = "Manufacturer"; Value = "KEMET"; VariantName = "[No Variations]"
Add component (AddParameter): Name = "PartNumber"; Value = "C0603C104K5RACTU"; VariantName = "[No Variations]"
Add component (AddParameter): Name = "SMD/PTH"; Value = "SMD"; VariantName = "[No Variations]"
Add component (AddParameter): Name = "Value"; Value = "100n"; VariantName = "[No Variations]"
Add component (AddParameter): Name = "Voltage"; Value = "10V"; VariantName = "[No Variations]"
Added Component: Designator=C52(CAPC1608X09M)
Add component (AddParameter): Name = "Case"; Value = "0603"; VariantName = "[No Variations]"
Add component (AddParameter): Name = "Manufacturer"; Value = "KEMET"; VariantName = "[No Variations]"
Add component (AddParameter): Name = "PartNumber"; Value = "C0603C104K5RACTU"; VariantName = "[No Variations]"
Add component (AddParameter): Name = "SMD/PTH"; Value = "SMD"; VariantName = "[No Variations]"
Add component (AddParameter): Name = "Value"; Value = "100n"; VariantName = "[No Variations]"
Add component (AddParameter): Name = "Voltage"; Value = "10V"; VariantName = "[No Variations]"
Added Component: Designator=C53(CAPC1608X09M)
Add component (AddParameter): Name = "Case"; Value = "0603"; VariantName = "[No Variations]"
Add component (AddParameter): Name = "Manufacturer"; Value = "KEMET"; VariantName = "[No Variations]"
Add component (AddParameter): Name = "PartNumber"; Value = "C0603C103K1RACTU"; VariantName = "[No Variations]"
Add component (AddParameter): Name = "SMD/PTH"; Value = "SMD"; VariantName = "[No Variations]"
Add component (AddParameter): Name = "Value"; Value = "10n"; VariantName = "[No Variations]"
Add component (AddParameter): Name = "Voltage"; Value = "100V"; VariantName = "[No Variations]"
Added Component: Designator=C54(CAPC1608X09M)
Add component (AddParameter): Name = "Case"; Value = "0603"; VariantName = "[No Variations]"
Add component (AddParameter): Name = "Manufacturer"; Value = "KEMET"; VariantName = "[No Variations]"
Add component (AddParameter): Name = "PartNumber"; Value = "C0603C103K1RACTU"; VariantName = "[No Variations]"
Add component (AddParameter): Name = "SMD/PTH"; Value = "SMD"; VariantName = "[No Variations]"
Add component (AddParameter): Name = "Value"; Value = "10n"; VariantName = "[No Variations]"
Add component (AddParameter): Name = "Voltage"; Value = "100V"; VariantName = "[No Variations]"
Added Component: Designator=C55(CAPC1608X09M)
Add component (AddParameter): Name = "Case"; Value = "0603"; VariantName = "[No Variations]"
Add component (AddParameter): Name = "Manufacturer"; Value = "KEMET"; VariantName = "[No Variations]"
Add component (AddParameter): Name = "PartNumber"; Value = "C0603C103K1RACTU"; VariantName = "[No Variations]"
Add component (AddParameter): Name = "SMD/PTH"; Value = "SMD"; VariantName = "[No Variations]"
Add component (AddParameter): Name = "Value"; Value = "10n"; VariantName = "[No Variations]"
Add component (AddParameter): Name = "Voltage"; Value = "100V"; VariantName = "[No Variations]"
Added Component: Designator=C56(CAPC1608X09M)
Add component (AddParameter): Name = "Case"; Value = "0603"; VariantName = "[No Variations]"
Add component (AddParameter): Name = "Manufacturer"; Value = "KEMET"; VariantName = "[No Variations]"
Add component (AddParameter): Name = "PartNumber"; Value = "C0603C103K1RACTU"; VariantName = "[No Variations]"
Add component (AddParameter): Name = "SMD/PTH"; Value = "SMD"; VariantName = "[No Variations]"
Add component (AddParameter): Name = "Value"; Value = "10n"; VariantName = "[No Variations]"
Add component (AddParameter): Name = "Voltage"; Value = "100V"; VariantName = "[No Variations]"
Added Component: Designator=C57(CAPC1608X09M)
Add component (AddParameter): Name = "Case"; Value = "0603"; VariantName = "[No Variations]"
Add component (AddParameter): Name = "Manufacturer"; Value = "KEMET"; VariantName = "[No Variations]"
Add component (AddParameter): Name = "PartNumber"; Value = "C0603C104K5RACTU"; VariantName = "[No Variations]"
Add component (AddParameter): Name = "SMD/PTH"; Value = "SMD"; VariantName = "[No Variations]"
Add component (AddParameter): Name = "Value"; Value = "100n"; VariantName = "[No Variations]"
Add component (AddParameter): Name = "Voltage"; Value = "10V"; VariantName = "[No Variations]"
Added Component: Designator=C58(CAPC1608X09M)
Add component (AddParameter): Name = "Case"; Value = "0603"; VariantName = "[No Variations]"
Add component (AddParameter): Name = "Manufacturer"; Value = "KEMET"; VariantName = "[No Variations]"
Add component (AddParameter): Name = "PartNumber"; Value = "C0603C104K5RACTU"; VariantName = "[No Variations]"
Add component (AddParameter): Name = "SMD/PTH"; Value = "SMD"; VariantName = "[No Variations]"
Add component (AddParameter): Name = "Value"; Value = "100n"; VariantName = "[No Variations]"
Add component (AddParameter): Name = "Voltage"; Value = "10V"; VariantName = "[No Variations]"
Added Component: Designator=C59(CAPC1608X09M)
Add component (AddParameter): Name = "Case"; Value = "0603"; VariantName = "[No Variations]"
Add component (AddParameter): Name = "Manufacturer"; Value = "KEMET"; VariantName = "[No Variations]"
Add component (AddParameter): Name = "PartNumber"; Value = "C0603C105K8RACTU"; VariantName = "[No Variations]"
Add component (AddParameter): Name = "SMD/PTH"; Value = "SMD"; VariantName = "[No Variations]"
Add component (AddParameter): Name = "Value"; Value = "1u"; VariantName = "[No Variations]"
Add component (AddParameter): Name = "Voltage"; Value = "10V"; VariantName = "[No Variations]"
Added Component: Designator=C60(CAPC1608X09M)
Add component (AddParameter): Name = "Case"; Value = "0603"; VariantName = "[No Variations]"
Add component (AddParameter): Name = "Manufacturer"; Value = "KEMET"; VariantName = "[No Variations]"
Add component (AddParameter): Name = "PartNumber"; Value = "C0603C105K8RACTU"; VariantName = "[No Variations]"
Add component (AddParameter): Name = "SMD/PTH"; Value = "SMD"; VariantName = "[No Variations]"
Add component (AddParameter): Name = "Value"; Value = "1u"; VariantName = "[No Variations]"
Add component (AddParameter): Name = "Voltage"; Value = "10V"; VariantName = "[No Variations]"
Added Component: Designator=C61(CAPC1608X09M)
Add component (AddParameter): Name = "Case"; Value = "0603"; VariantName = "[No Variations]"
Add component (AddParameter): Name = "Manufacturer"; Value = ""; VariantName = "[No Variations]"
Add component (AddParameter): Name = "PartNumber"; Value = ""; VariantName = "[No Variations]"
Add component (AddParameter): Name = "Value"; Value = "47n"; VariantName = "[No Variations]"
Add component (AddParameter): Name = "Voltage"; Value = "Voltage"; VariantName = "[No Variations]"
Added Component: Designator=C62(CAPC1608X09M)
Add component (AddParameter): Name = "Case"; Value = "0603"; VariantName = "[No Variations]"
Add component (AddParameter): Name = "Manufacturer"; Value = "KEMET"; VariantName = "[No Variations]"
Add component (AddParameter): Name = "PartNumber"; Value = "C0603C104K5RACTU"; VariantName = "[No Variations]"
Add component (AddParameter): Name = "SMD/PTH"; Value = "SMD"; VariantName = "[No Variations]"
Add component (AddParameter): Name = "Value"; Value = "100n"; VariantName = "[No Variations]"
Add component (AddParameter): Name = "Voltage"; Value = "10V"; VariantName = "[No Variations]"
Added Component: Designator=C63(CAPC3216X16M)
Add component (AddParameter): Name = "Case"; Value = "1206"; VariantName = "[No Variations]"
Add component (AddParameter): Name = "Manufacturer"; Value = ""; VariantName = "[No Variations]"
Add component (AddParameter): Name = "PartNumber"; Value = ""; VariantName = "[No Variations]"
Add component (AddParameter): Name = "Value"; Value = "10n"; VariantName = "[No Variations]"
Add component (AddParameter): Name = "Voltage"; Value = "Voltage"; VariantName = "[No Variations]"
Added Component: Designator=C64(CAPC3216X16M)
Add component (AddParameter): Name = "Case"; Value = "1206"; VariantName = "[No Variations]"
Add component (AddParameter): Name = "Manufacturer"; Value = ""; VariantName = "[No Variations]"
Add component (AddParameter): Name = "PartNumber"; Value = ""; VariantName = "[No Variations]"
Add component (AddParameter): Name = "Value"; Value = "10n"; VariantName = "[No Variations]"
Add component (AddParameter): Name = "Voltage"; Value = "Voltage"; VariantName = "[No Variations]"
Added Component: Designator=C65(CAPC1608X09M)
Add component (AddParameter): Name = "Case"; Value = "0603"; VariantName = "[No Variations]"
Add component (AddParameter): Name = "Manufacturer"; Value = ""; VariantName = "[No Variations]"
Add component (AddParameter): Name = "PartNumber"; Value = ""; VariantName = "[No Variations]"
Add component (AddParameter): Name = "Value"; Value = "220p"; VariantName = "[No Variations]"
Add component (AddParameter): Name = "Voltage"; Value = "Voltage"; VariantName = "[No Variations]"
Added Component: Designator=C66(CAPC1608X09M)
Add component (AddParameter): Name = "Case"; Value = "0603"; VariantName = "[No Variations]"
Add component (AddParameter): Name = "Manufacturer"; Value = ""; VariantName = "[No Variations]"
Add component (AddParameter): Name = "PartNumber"; Value = ""; VariantName = "[No Variations]"
Add component (AddParameter): Name = "Value"; Value = "47n"; VariantName = "[No Variations]"
Add component (AddParameter): Name = "Voltage"; Value = "Voltage"; VariantName = "[No Variations]"
Added Component: Designator=C67(CAPC1608X09M)
Add component (AddParameter): Name = "Case"; Value = "0603"; VariantName = "[No Variations]"
Add component (AddParameter): Name = "Manufacturer"; Value = "KEMET"; VariantName = "[No Variations]"
Add component (AddParameter): Name = "PartNumber"; Value = "C0603C104K5RACTU"; VariantName = "[No Variations]"
Add component (AddParameter): Name = "SMD/PTH"; Value = "SMD"; VariantName = "[No Variations]"
Add component (AddParameter): Name = "Value"; Value = "100n"; VariantName = "[No Variations]"
Add component (AddParameter): Name = "Voltage"; Value = "10V"; VariantName = "[No Variations]"
Added Component: Designator=C68(CAPC3216X16M)
Add component (AddParameter): Name = "Case"; Value = "1206"; VariantName = "[No Variations]"
Add component (AddParameter): Name = "Manufacturer"; Value = ""; VariantName = "[No Variations]"
Add component (AddParameter): Name = "PartNumber"; Value = ""; VariantName = "[No Variations]"
Add component (AddParameter): Name = "Value"; Value = "10n"; VariantName = "[No Variations]"
Add component (AddParameter): Name = "Voltage"; Value = "Voltage"; VariantName = "[No Variations]"
Added Component: Designator=C69(CAPC3216X16M)
Add component (AddParameter): Name = "Case"; Value = "1206"; VariantName = "[No Variations]"
Add component (AddParameter): Name = "Manufacturer"; Value = ""; VariantName = "[No Variations]"
Add component (AddParameter): Name = "PartNumber"; Value = ""; VariantName = "[No Variations]"
Add component (AddParameter): Name = "Value"; Value = "10n"; VariantName = "[No Variations]"
Add component (AddParameter): Name = "Voltage"; Value = "Voltage"; VariantName = "[No Variations]"
Added Component: Designator=C70(CAPC1608X09M)
Add component (AddParameter): Name = "Case"; Value = "0603"; VariantName = "[No Variations]"
Add component (AddParameter): Name = "Manufacturer"; Value = ""; VariantName = "[No Variations]"
Add component (AddParameter): Name = "PartNumber"; Value = ""; VariantName = "[No Variations]"
Add component (AddParameter): Name = "Value"; Value = "220p"; VariantName = "[No Variations]"
Add component (AddParameter): Name = "Voltage"; Value = "Voltage"; VariantName = "[No Variations]"
Added Component: Designator=C71(CAPC1608X09M)
Add component (AddParameter): Name = "Case"; Value = "0603"; VariantName = "[No Variations]"
Add component (AddParameter): Name = "Manufacturer"; Value = ""; VariantName = "[No Variations]"
Add component (AddParameter): Name = "PartNumber"; Value = ""; VariantName = "[No Variations]"
Add component (AddParameter): Name = "Value"; Value = "47n"; VariantName = "[No Variations]"
Add component (AddParameter): Name = "Voltage"; Value = "Voltage"; VariantName = "[No Variations]"
Added Component: Designator=C72(CAPC1608X09M)
Add component (AddParameter): Name = "Case"; Value = "0603"; VariantName = "[No Variations]"
Add component (AddParameter): Name = "Manufacturer"; Value = "KEMET"; VariantName = "[No Variations]"
Add component (AddParameter): Name = "PartNumber"; Value = "C0603C104K5RACTU"; VariantName = "[No Variations]"
Add component (AddParameter): Name = "SMD/PTH"; Value = "SMD"; VariantName = "[No Variations]"
Add component (AddParameter): Name = "Value"; Value = "100n"; VariantName = "[No Variations]"
Add component (AddParameter): Name = "Voltage"; Value = "10V"; VariantName = "[No Variations]"
Added Component: Designator=C73(CAPC3216X16M)
Add component (AddParameter): Name = "Case"; Value = "1206"; VariantName = "[No Variations]"
Add component (AddParameter): Name = "Manufacturer"; Value = ""; VariantName = "[No Variations]"
Add component (AddParameter): Name = "PartNumber"; Value = ""; VariantName = "[No Variations]"
Add component (AddParameter): Name = "Value"; Value = "10n"; VariantName = "[No Variations]"
Add component (AddParameter): Name = "Voltage"; Value = "Voltage"; VariantName = "[No Variations]"
Added Component: Designator=C74(CAPC1608X09M)
Add component (AddParameter): Name = "Case"; Value = "0603"; VariantName = "[No Variations]"
Add component (AddParameter): Name = "Manufacturer"; Value = ""; VariantName = "[No Variations]"
Add component (AddParameter): Name = "PartNumber"; Value = ""; VariantName = "[No Variations]"
Add component (AddParameter): Name = "Value"; Value = "220p"; VariantName = "[No Variations]"
Add component (AddParameter): Name = "Voltage"; Value = "Voltage"; VariantName = "[No Variations]"
Added Component: Designator=D1(SODFL360X130-2M -AC)
Add component (AddParameter): Name = "Case"; Value = "SOD123"; VariantName = "[No Variations]"
Add component (AddParameter): Name = "Manufacturer"; Value = "Nexperia"; VariantName = "[No Variations]"
Add component (AddParameter): Name = "PartNumber"; Value = "PMEG4010EGWX"; VariantName = "[No Variations]"
Add component (AddParameter): Name = "Value"; Value = "PMEG4010EGWX"; VariantName = "[No Variations]"
Added Component: Designator=D2(SODFL360X130-2M -AC)
Add component (AddParameter): Name = "Case"; Value = "SOD123"; VariantName = "[No Variations]"
Add component (AddParameter): Name = "Manufacturer"; Value = "Nexperia"; VariantName = "[No Variations]"
Add component (AddParameter): Name = "PartNumber"; Value = "PMEG4010EGWX"; VariantName = "[No Variations]"
Add component (AddParameter): Name = "Value"; Value = "PMEG4010EGWX"; VariantName = "[No Variations]"
Added Component: Designator=D3(ONSC-SMB-2)
Add component (AddParameter): Name = "Case"; Value = "SMB-2"; VariantName = "[No Variations]"
Add component (AddParameter): Name = "Manufacturer"; Value = "Littelfuse"; VariantName = "[No Variations]"
Add component (AddParameter): Name = "PartNumber"; Value = "SZ1SMB20CAT3G"; VariantName = "[No Variations]"
Add component (AddParameter): Name = "SMD/PTH"; Value = "SMD"; VariantName = "[No Variations]"
Add component (AddParameter): Name = "Value"; Value = "SZ1SMB20CAT3G"; VariantName = "[No Variations]"
Add component (AddParameter): Name = "Voltage"; Value = "20V"; VariantName = "[No Variations]"
Added Component: Designator=D4(SOT65P210X100-3N - AC)
Add component (AddParameter): Name = "Case"; Value = "SOT323"; VariantName = "[No Variations]"
Add component (AddParameter): Name = "Manufacturer"; Value = "Nexperia"; VariantName = "[No Variations]"
Add component (AddParameter): Name = "PartNumber"; Value = "BZX84W-C4V7-QX"; VariantName = "[No Variations]"
Add component (AddParameter): Name = "Value"; Value = "4V7"; VariantName = "[No Variations]"
Added Component: Designator=D5(SOT95P240X120-3N)
Add component (AddParameter): Name = "Case"; Value = "SOT23-3"; VariantName = "[No Variations]"
Add component (AddParameter): Name = "Manufacturer"; Value = "Littelfuse"; VariantName = "[No Variations]"
Add component (AddParameter): Name = "PartNumber"; Value = "SM712-02HTG"; VariantName = "[No Variations]"
Add component (AddParameter): Name = "SMD/PTH"; Value = "SMD"; VariantName = "[No Variations]"
Add component (AddParameter): Name = "Value"; Value = "SM712-02HTG"; VariantName = "[No Variations]"
Added Component: Designator=D6(SOT65P210X100-3N - AC)
Add component (AddParameter): Name = "Case"; Value = ""; VariantName = "[No Variations]"
Add component (AddParameter): Name = "Manufacturer"; Value = ""; VariantName = "[No Variations]"
Add component (AddParameter): Name = "PartNumber"; Value = ""; VariantName = "[No Variations]"
Add component (AddParameter): Name = "Value"; Value = "5V"; VariantName = "[No Variations]"
Added Component: Designator=D7(SOT65P210X100-3N - AC)
Add component (AddParameter): Name = "Case"; Value = ""; VariantName = "[No Variations]"
Add component (AddParameter): Name = "Manufacturer"; Value = ""; VariantName = "[No Variations]"
Add component (AddParameter): Name = "PartNumber"; Value = ""; VariantName = "[No Variations]"
Add component (AddParameter): Name = "Value"; Value = "5V"; VariantName = "[No Variations]"
Added Component: Designator=D8(SOT65P210X100-3N - AC)
Add component (AddParameter): Name = "Case"; Value = ""; VariantName = "[No Variations]"
Add component (AddParameter): Name = "Manufacturer"; Value = ""; VariantName = "[No Variations]"
Add component (AddParameter): Name = "PartNumber"; Value = ""; VariantName = "[No Variations]"
Add component (AddParameter): Name = "Value"; Value = "5V"; VariantName = "[No Variations]"
Added Component: Designator=D9(SOT65P210X100-3N - AC)
Add component (AddParameter): Name = "Case"; Value = ""; VariantName = "[No Variations]"
Add component (AddParameter): Name = "Manufacturer"; Value = ""; VariantName = "[No Variations]"
Add component (AddParameter): Name = "PartNumber"; Value = ""; VariantName = "[No Variations]"
Add component (AddParameter): Name = "Value"; Value = "5V"; VariantName = "[No Variations]"
Added Component: Designator=D10(SOT95P280X145-5N)
Add component (AddParameter): Name = "Manufacturer"; Value = "Littelfuse"; VariantName = "[No Variations]"
Add component (AddParameter): Name = "Value"; Value = "SP0504BAHTG"; VariantName = "[No Variations]"
Added Component: Designator=D11(SOT65P210X100-3N - AC)
Add component (AddParameter): Name = "Case"; Value = ""; VariantName = "[No Variations]"
Add component (AddParameter): Name = "Manufacturer"; Value = ""; VariantName = "[No Variations]"
Add component (AddParameter): Name = "PartNumber"; Value = ""; VariantName = "[No Variations]"
Add component (AddParameter): Name = "Value"; Value = "5V"; VariantName = "[No Variations]"
Added Component: Designator=D12(SOT65P210X100-3N - AC)
Add component (AddParameter): Name = "Case"; Value = ""; VariantName = "[No Variations]"
Add component (AddParameter): Name = "Manufacturer"; Value = ""; VariantName = "[No Variations]"
Add component (AddParameter): Name = "PartNumber"; Value = ""; VariantName = "[No Variations]"
Add component (AddParameter): Name = "Value"; Value = "5V"; VariantName = "[No Variations]"
Added Component: Designator=D13(SOT95P240X120-3N)
Add component (AddParameter): Name = "Case"; Value = "SOT23-3"; VariantName = "[No Variations]"
Add component (AddParameter): Name = "Manufacturer"; Value = ""; VariantName = "[No Variations]"
Add component (AddParameter): Name = "PartNumber"; Value = ""; VariantName = "[No Variations]"
Add component (AddParameter): Name = "Value"; Value = "SM712-02HTG"; VariantName = "[No Variations]"
Added Component: Designator=D14(SOT65P210X100-3N - AC)
Add component (AddParameter): Name = "Case"; Value = ""; VariantName = "[No Variations]"
Add component (AddParameter): Name = "Manufacturer"; Value = ""; VariantName = "[No Variations]"
Add component (AddParameter): Name = "PartNumber"; Value = ""; VariantName = "[No Variations]"
Add component (AddParameter): Name = "Value"; Value = "5V"; VariantName = "[No Variations]"
Added Component: Designator=DL1(LED0603)
Add component (AddParameter): Name = "Case"; Value = "0603"; VariantName = "[No Variations]"
Add component (AddParameter): Name = "Manufacturer"; Value = "Wurth Elektronik"; VariantName = "[No Variations]"
Add component (AddParameter): Name = "PartNumber"; Value = "150060VS75000"; VariantName = "[No Variations]"
Add component (AddParameter): Name = "SMD/PTH"; Value = "SMD"; VariantName = "[No Variations]"
Add component (AddParameter): Name = "Value"; Value = "150060VS75000"; VariantName = "[No Variations]"
Added Component: Designator=DL2(LED0603)
Add component (AddParameter): Name = "Case"; Value = "0603"; VariantName = "[No Variations]"
Add component (AddParameter): Name = "Manufacturer"; Value = "Wurth Elektronik"; VariantName = "[No Variations]"
Add component (AddParameter): Name = "PartNumber"; Value = "150060VS75000"; VariantName = "[No Variations]"
Add component (AddParameter): Name = "SMD/PTH"; Value = "SMD"; VariantName = "[No Variations]"
Add component (AddParameter): Name = "Value"; Value = "150060VS75000"; VariantName = "[No Variations]"
Added Component: Designator=DL3(LED0603)
Add component (AddParameter): Name = "Case"; Value = "0603"; VariantName = "[No Variations]"
Add component (AddParameter): Name = "Manufacturer"; Value = "Wurth Elektronik"; VariantName = "[No Variations]"
Add component (AddParameter): Name = "PartNumber"; Value = "150060BS75000"; VariantName = "[No Variations]"
Add component (AddParameter): Name = "SMD/PTH"; Value = "SMD"; VariantName = "[No Variations]"
Add component (AddParameter): Name = "Value"; Value = "150060BS75000"; VariantName = "[No Variations]"
Added Component: Designator=DL4(WURTH-SBTW_3528)
Add component (AddParameter): Name = "Case"; Value = "3528"; VariantName = "[No Variations]"
Add component (AddParameter): Name = "Manufacturer"; Value = "Wurth"; VariantName = "[No Variations]"
Add component (AddParameter): Name = "PartNumber"; Value = "150141YB73100"; VariantName = "[No Variations]"
Add component (AddParameter): Name = "Value"; Value = "150141YB73100"; VariantName = "[No Variations]"
Added Component: Designator=DL5(LED0603)
Add component (AddParameter): Name = "Case"; Value = ""; VariantName = "[No Variations]"
Add component (AddParameter): Name = "Manufacturer"; Value = ""; VariantName = "[No Variations]"
Add component (AddParameter): Name = "PartNumber"; Value = ""; VariantName = "[No Variations]"
Add component (AddParameter): Name = "Value"; Value = "Value"; VariantName = "[No Variations]"
Added Component: Designator=DL6(WURTH-SBTW_3528)
Add component (AddParameter): Name = "Case"; Value = "3528"; VariantName = "[No Variations]"
Add component (AddParameter): Name = "Manufacturer"; Value = "Wurth"; VariantName = "[No Variations]"
Add component (AddParameter): Name = "PartNumber"; Value = "150141YB73100"; VariantName = "[No Variations]"
Add component (AddParameter): Name = "Value"; Value = "150141YB73100"; VariantName = "[No Variations]"
Added Component: Designator=DL7(WURTH-SBTW_3528)
Add component (AddParameter): Name = "Case"; Value = "3528"; VariantName = "[No Variations]"
Add component (AddParameter): Name = "Manufacturer"; Value = "Wurth"; VariantName = "[No Variations]"
Add component (AddParameter): Name = "PartNumber"; Value = "150141RV73100"; VariantName = "[No Variations]"
Add component (AddParameter): Name = "Value"; Value = "150141RV73100"; VariantName = "[No Variations]"
Added Component: Designator=DL8(WURTH-SBTW_3528)
Add component (AddParameter): Name = "Case"; Value = "3528"; VariantName = "[No Variations]"
Add component (AddParameter): Name = "Manufacturer"; Value = "Wurth"; VariantName = "[No Variations]"
Add component (AddParameter): Name = "PartNumber"; Value = "150141RV73100"; VariantName = "[No Variations]"
Add component (AddParameter): Name = "Value"; Value = "150141RV73100"; VariantName = "[No Variations]"
Added Component: Designator=DL9(WURTH-SBTW_3528)
Add component (AddParameter): Name = "Case"; Value = "3528"; VariantName = "[No Variations]"
Add component (AddParameter): Name = "Manufacturer"; Value = "Wurth"; VariantName = "[No Variations]"
Add component (AddParameter): Name = "PartNumber"; Value = "150141RV73100"; VariantName = "[No Variations]"
Add component (AddParameter): Name = "Value"; Value = "150141RV73100"; VariantName = "[No Variations]"
Added Component: Designator=DL10(WURTH-SBTW_3528)
Add component (AddParameter): Name = "Case"; Value = "3528"; VariantName = "[No Variations]"
Add component (AddParameter): Name = "Manufacturer"; Value = "Wurth"; VariantName = "[No Variations]"
Add component (AddParameter): Name = "PartNumber"; Value = "150141RV73100"; VariantName = "[No Variations]"
Add component (AddParameter): Name = "Value"; Value = "150141RV73100"; VariantName = "[No Variations]"
Added Component: Designator=DL11(WURTH-SBTW_3528)
Add component (AddParameter): Name = "Case"; Value = "3528"; VariantName = "[No Variations]"
Add component (AddParameter): Name = "Manufacturer"; Value = "Wurth"; VariantName = "[No Variations]"
Add component (AddParameter): Name = "PartNumber"; Value = "150141RV73100"; VariantName = "[No Variations]"
Add component (AddParameter): Name = "Value"; Value = "150141RV73100"; VariantName = "[No Variations]"
Added Component: Designator=DL12(WURTH-SBTW_3528)
Add component (AddParameter): Name = "Case"; Value = "3528"; VariantName = "[No Variations]"
Add component (AddParameter): Name = "Manufacturer"; Value = "Wurth"; VariantName = "[No Variations]"
Add component (AddParameter): Name = "PartNumber"; Value = "150141RV73100"; VariantName = "[No Variations]"
Add component (AddParameter): Name = "Value"; Value = "150141RV73100"; VariantName = "[No Variations]"
Added Component: Designator=DL13(WURTH-SBTW_3528)
Add component (AddParameter): Name = "Case"; Value = "3528"; VariantName = "[No Variations]"
Add component (AddParameter): Name = "Manufacturer"; Value = "Wurth"; VariantName = "[No Variations]"
Add component (AddParameter): Name = "PartNumber"; Value = "150141RV73100"; VariantName = "[No Variations]"
Add component (AddParameter): Name = "Value"; Value = "150141RV73100"; VariantName = "[No Variations]"
Added Component: Designator=DL14(WURTH-SBTW_3528)
Add component (AddParameter): Name = "Case"; Value = "3528"; VariantName = "[No Variations]"
Add component (AddParameter): Name = "Manufacturer"; Value = "Wurth"; VariantName = "[No Variations]"
Add component (AddParameter): Name = "PartNumber"; Value = "150141RV73100"; VariantName = "[No Variations]"
Add component (AddParameter): Name = "Value"; Value = "150141RV73100"; VariantName = "[No Variations]"
Added Component: Designator=DL15(WURTH-SBTW_3528)
Add component (AddParameter): Name = "Case"; Value = "3528"; VariantName = "[No Variations]"
Add component (AddParameter): Name = "Manufacturer"; Value = "Wurth"; VariantName = "[No Variations]"
Add component (AddParameter): Name = "PartNumber"; Value = "150141RV73100"; VariantName = "[No Variations]"
Add component (AddParameter): Name = "Value"; Value = "150141RV73100"; VariantName = "[No Variations]"
Added Component: Designator=DL16(LED0603)
Add component (AddParameter): Name = "Case"; Value = "0603"; VariantName = "[No Variations]"
Add component (AddParameter): Name = "Manufacturer"; Value = "Wurth Elektronik"; VariantName = "[No Variations]"
Add component (AddParameter): Name = "PartNumber"; Value = "150060BS75000"; VariantName = "[No Variations]"
Add component (AddParameter): Name = "SMD/PTH"; Value = "SMD"; VariantName = "[No Variations]"
Add component (AddParameter): Name = "Value"; Value = "150060BS75000"; VariantName = "[No Variations]"
Added Component: Designator=DL17(LED0603)
Add component (AddParameter): Name = "Case"; Value = "0603"; VariantName = "[No Variations]"
Add component (AddParameter): Name = "Manufacturer"; Value = "Wurth Elektronik"; VariantName = "[No Variations]"
Add component (AddParameter): Name = "PartNumber"; Value = "150060BS75000"; VariantName = "[No Variations]"
Add component (AddParameter): Name = "SMD/PTH"; Value = "SMD"; VariantName = "[No Variations]"
Add component (AddParameter): Name = "Value"; Value = "150060BS75000"; VariantName = "[No Variations]"
Added Component: Designator=DL18(LED0603)
Add component (AddParameter): Name = "Case"; Value = "0603"; VariantName = "[No Variations]"
Add component (AddParameter): Name = "Manufacturer"; Value = "Wurth Elektronik"; VariantName = "[No Variations]"
Add component (AddParameter): Name = "PartNumber"; Value = "150060BS75000"; VariantName = "[No Variations]"
Add component (AddParameter): Name = "SMD/PTH"; Value = "SMD"; VariantName = "[No Variations]"
Add component (AddParameter): Name = "Value"; Value = "150060BS75000"; VariantName = "[No Variations]"
Added Component: Designator=DL19(LED0603)
Add component (AddParameter): Name = "Case"; Value = "0603"; VariantName = "[No Variations]"
Add component (AddParameter): Name = "Manufacturer"; Value = "Wurth Elektronik"; VariantName = "[No Variations]"
Add component (AddParameter): Name = "PartNumber"; Value = "150060BS75000"; VariantName = "[No Variations]"
Add component (AddParameter): Name = "SMD/PTH"; Value = "SMD"; VariantName = "[No Variations]"
Add component (AddParameter): Name = "Value"; Value = "150060BS75000"; VariantName = "[No Variations]"
Added Component: Designator=J1(SAMTEC_FTSH-105-X-X-DV-007-P-X)
Add component (AddParameter): Name = "Value"; Value = "FTSH-105-01-L-DV-007-K"; VariantName = "[No Variations]"
Added Component: Designator=J2(MOLEX_0477450100)
Add component (AddParameter): Name = "Manufacturer"; Value = "Molex"; VariantName = "[No Variations]"
Add component (AddParameter): Name = "PartNumber"; Value = "0477450100"; VariantName = "[No Variations]"
Add component (AddParameter): Name = "Value"; Value = "477450100"; VariantName = "[No Variations]"
Added Component: Designator=J3(GCT-USB4105-GF-A)
Add component (AddParameter): Name = "Manufacturer"; Value = "GCT"; VariantName = "[No Variations]"
Add component (AddParameter): Name = "PartNumber"; Value = "USB4105-GF-A"; VariantName = "[No Variations]"
Add component (AddParameter): Name = "Value"; Value = "USB4105-GF-A"; VariantName = "[No Variations]"
Added Component: Designator=L1(BOURNS_SDE0805A)
Add component (AddParameter): Name = "Manufacturer"; Value = "BOURNS"; VariantName = "[No Variations]"
Add component (AddParameter): Name = "PartNumber"; Value = "SDE0805A-180M"; VariantName = "[No Variations]"
Add component (AddParameter): Name = "Value"; Value = "18u"; VariantName = "[No Variations]"
Added Component: Designator=L2(INDC1608X09N)
Add component (AddParameter): Name = "Case"; Value = "0603"; VariantName = "[No Variations]"
Add component (AddParameter): Name = "Manufacturer"; Value = "TDK"; VariantName = "[No Variations]"
Add component (AddParameter): Name = "PartNumber"; Value = "MMZ1608R601ATD25"; VariantName = "[No Variations]"
Add component (AddParameter): Name = "Value"; Value = "600 R"; VariantName = "[No Variations]"
Added Component: Designator=L3(INDC1608X09N)
Add component (AddParameter): Name = "Case"; Value = "0603"; VariantName = "[No Variations]"
Add component (AddParameter): Name = "Manufacturer"; Value = "Murata"; VariantName = "[No Variations]"
Add component (AddParameter): Name = "PartNumber"; Value = "BLM18HB331SN1D"; VariantName = "[No Variations]"
Add component (AddParameter): Name = "SMD/PTH"; Value = "SMD"; VariantName = "[No Variations]"
Add component (AddParameter): Name = "Value"; Value = "BLM18HB331SN1D"; VariantName = "[No Variations]"
Added Component: Designator=L4(INDC1608X09N)
Add component (AddParameter): Name = "Case"; Value = "0603"; VariantName = "[No Variations]"
Add component (AddParameter): Name = "Manufacturer"; Value = "Murata"; VariantName = "[No Variations]"
Add component (AddParameter): Name = "PartNumber"; Value = "BLM18HB331SN1D"; VariantName = "[No Variations]"
Add component (AddParameter): Name = "SMD/PTH"; Value = "SMD"; VariantName = "[No Variations]"
Add component (AddParameter): Name = "Value"; Value = "BLM18HB331SN1D"; VariantName = "[No Variations]"
Added Component: Designator=MP1(WURTH_74651195)
Add component (AddParameter): Name = "Manufacturer"; Value = "Wurth Electronics"; VariantName = "[No Variations]"
Add component (AddParameter): Name = "PartNumber"; Value = "74651195R"; VariantName = "[No Variations]"
Add component (AddParameter): Name = "Value"; Value = "74651195R"; VariantName = "[No Variations]"
Added Component: Designator=MP2(WURTH_74651195)
Add component (AddParameter): Name = "Manufacturer"; Value = "Wurth Electronics"; VariantName = "[No Variations]"
Add component (AddParameter): Name = "PartNumber"; Value = "74651195R"; VariantName = "[No Variations]"
Add component (AddParameter): Name = "Value"; Value = "74651195R"; VariantName = "[No Variations]"
Added Component: Designator=R1(RESC1608X06M)
Add component (AddParameter): Name = "Case"; Value = "0603"; VariantName = "[No Variations]"
Add component (AddParameter): Name = "Manufacturer"; Value = "Vishay"; VariantName = "[No Variations]"
Add component (AddParameter): Name = "PartNumber"; Value = "CRCW060388K7FKEAC"; VariantName = "[No Variations]"
Add component (AddParameter): Name = "SMD/PTH"; Value = "SMD"; VariantName = "[No Variations]"
Add component (AddParameter): Name = "Value"; Value = "88K7"; VariantName = "[No Variations]"
Added Component: Designator=R2(RESC1608X06M)
Add component (AddParameter): Name = "Case"; Value = "0603"; VariantName = "[No Variations]"
Add component (AddParameter): Name = "Manufacturer"; Value = "Vishay"; VariantName = "[No Variations]"
Add component (AddParameter): Name = "PartNumber"; Value = "RC0603FR-071K3L"; VariantName = "[No Variations]"
Add component (AddParameter): Name = "SMD/PTH"; Value = "SMD"; VariantName = "[No Variations]"
Add component (AddParameter): Name = "Value"; Value = "1K3"; VariantName = "[No Variations]"
Added Component: Designator=R3(RESC1608X06M)
Add component (AddParameter): Name = "Case"; Value = "0603"; VariantName = "[No Variations]"
Add component (AddParameter): Name = "Manufacturer"; Value = "Vishay"; VariantName = "[No Variations]"
Add component (AddParameter): Name = "PartNumber"; Value = "CRCW060310K0FKEA"; VariantName = "[No Variations]"
Add component (AddParameter): Name = "SMD/PTH"; Value = "SMD"; VariantName = "[No Variations]"
Add component (AddParameter): Name = "Value"; Value = "10K"; VariantName = "[No Variations]"
Added Component: Designator=R4(RESC1608X06M)
Add component (AddParameter): Name = "Case"; Value = "0603"; VariantName = "[No Variations]"
Add component (AddParameter): Name = "Manufacturer"; Value = "Vishay"; VariantName = "[No Variations]"
Add component (AddParameter): Name = "PartNumber"; Value = "CRCW060310K0FKEA"; VariantName = "[No Variations]"
Add component (AddParameter): Name = "SMD/PTH"; Value = "SMD"; VariantName = "[No Variations]"
Add component (AddParameter): Name = "Value"; Value = "10K"; VariantName = "[No Variations]"
Added Component: Designator=R5(RESC1608X06M)
Add component (AddParameter): Name = "Case"; Value = "0603"; VariantName = "[No Variations]"
Add component (AddParameter): Name = "Manufacturer"; Value = "Vishay"; VariantName = "[No Variations]"
Add component (AddParameter): Name = "PartNumber"; Value = "CRCW060322K1FKEA"; VariantName = "[No Variations]"
Add component (AddParameter): Name = "SMD/PTH"; Value = "SMD"; VariantName = "[No Variations]"
Add component (AddParameter): Name = "Value"; Value = "22K1"; VariantName = "[No Variations]"
Added Component: Designator=R6(RESC1608X06M)
Add component (AddParameter): Name = "Case"; Value = "0603"; VariantName = "[No Variations]"
Add component (AddParameter): Name = "Manufacturer"; Value = "Vishay"; VariantName = "[No Variations]"
Add component (AddParameter): Name = "PartNumber"; Value = "RC0603FR-07560RL"; VariantName = "[No Variations]"
Add component (AddParameter): Name = "SMD/PTH"; Value = "SMD"; VariantName = "[No Variations]"
Add component (AddParameter): Name = "Value"; Value = "560R"; VariantName = "[No Variations]"
Added Component: Designator=R7(RESC1608X06M)
Add component (AddParameter): Name = "Case"; Value = "0603"; VariantName = "[No Variations]"
Add component (AddParameter): Name = "Manufacturer"; Value = "Vishay"; VariantName = "[No Variations]"
Add component (AddParameter): Name = "PartNumber"; Value = "CRCW06030000Z0EAC"; VariantName = "[No Variations]"
Add component (AddParameter): Name = "Value"; Value = "0R"; VariantName = "[No Variations]"
Added Component: Designator=R8(RESC1608X06M)
Add component (AddParameter): Name = "Case"; Value = "0603"; VariantName = "[No Variations]"
Add component (AddParameter): Name = "Manufacturer"; Value = "Vishay"; VariantName = "[No Variations]"
Add component (AddParameter): Name = "PartNumber"; Value = "RC0603FR-07560RL"; VariantName = "[No Variations]"
Add component (AddParameter): Name = "SMD/PTH"; Value = "SMD"; VariantName = "[No Variations]"
Add component (AddParameter): Name = "Value"; Value = "560R"; VariantName = "[No Variations]"
Added Component: Designator=R9(RESC1608X06M)
Add component (AddParameter): Name = "Case"; Value = "0603"; VariantName = "[No Variations]"
Add component (AddParameter): Name = "Manufacturer"; Value = "Vishay"; VariantName = "[No Variations]"
Add component (AddParameter): Name = "PartNumber"; Value = "CRCW060310K0FKEA"; VariantName = "[No Variations]"
Add component (AddParameter): Name = "SMD/PTH"; Value = "SMD"; VariantName = "[No Variations]"
Add component (AddParameter): Name = "Value"; Value = "10K"; VariantName = "[No Variations]"
Added Component: Designator=R10(RESC1608X06M)
Add component (AddParameter): Name = "Case"; Value = "0603"; VariantName = "[No Variations]"
Add component (AddParameter): Name = "Manufacturer"; Value = "Vishay"; VariantName = "[No Variations]"
Add component (AddParameter): Name = "PartNumber"; Value = "CRCW060351K0FKEA"; VariantName = "[No Variations]"
Add component (AddParameter): Name = "SMD/PTH"; Value = "SMD"; VariantName = "[No Variations]"
Add component (AddParameter): Name = "Value"; Value = "51K"; VariantName = "[No Variations]"
Added Component: Designator=R11(RESC1608X06M)
Add component (AddParameter): Name = "Case"; Value = "0603"; VariantName = "[No Variations]"
Add component (AddParameter): Name = "Manufacturer"; Value = "Vishay"; VariantName = "[No Variations]"
Add component (AddParameter): Name = "PartNumber"; Value = "CRCW06030000Z0EAC"; VariantName = "[No Variations]"
Add component (AddParameter): Name = "Value"; Value = "0R"; VariantName = "[No Variations]"
Added Component: Designator=R12(RESC1608X06M)
Add component (AddParameter): Name = "Case"; Value = "0603"; VariantName = "[No Variations]"
Add component (AddParameter): Name = "Manufacturer"; Value = "Vishay"; VariantName = "[No Variations]"
Add component (AddParameter): Name = "PartNumber"; Value = "CRCW06037K50FKEA"; VariantName = "[No Variations]"
Add component (AddParameter): Name = "SMD/PTH"; Value = "SMD"; VariantName = "[No Variations]"
Add component (AddParameter): Name = "Value"; Value = "7K5"; VariantName = "[No Variations]"
Added Component: Designator=R13(RESC1608X06M)
Add component (AddParameter): Name = "Case"; Value = "0603"; VariantName = "[No Variations]"
Add component (AddParameter): Name = "Manufacturer"; Value = "Vishay"; VariantName = "[No Variations]"
Add component (AddParameter): Name = "PartNumber"; Value = "CRCW0603120RFKEA"; VariantName = "[No Variations]"
Add component (AddParameter): Name = "SMD/PTH"; Value = "SMD"; VariantName = "[No Variations]"
Add component (AddParameter): Name = "Value"; Value = "120R"; VariantName = "[No Variations]"
Added Component: Designator=R14(RESC1608X06M)
Add component (AddParameter): Name = "Case"; Value = "0603"; VariantName = "[No Variations]"
Add component (AddParameter): Name = "Manufacturer"; Value = ""; VariantName = "[No Variations]"
Add component (AddParameter): Name = "PartNumber"; Value = ""; VariantName = "[No Variations]"
Add component (AddParameter): Name = "SMD/PTH"; Value = ""; VariantName = "[No Variations]"
Add component (AddParameter): Name = "Value"; Value = "1K"; VariantName = "[No Variations]"
Added Component: Designator=R15(RESC1608X06M)
Add component (AddParameter): Name = "Case"; Value = "0603"; VariantName = "[No Variations]"
Add component (AddParameter): Name = "Manufacturer"; Value = "Vishay"; VariantName = "[No Variations]"
Add component (AddParameter): Name = "PartNumber"; Value = "CRCW060310K0FKEA"; VariantName = "[No Variations]"
Add component (AddParameter): Name = "SMD/PTH"; Value = "SMD"; VariantName = "[No Variations]"
Add component (AddParameter): Name = "Value"; Value = "10K"; VariantName = "[No Variations]"
Added Component: Designator=R16(RESC1608X06M)
Add component (AddParameter): Name = "Case"; Value = "0603"; VariantName = "[No Variations]"
Add component (AddParameter): Name = "Manufacturer"; Value = "Vishay"; VariantName = "[No Variations]"
Add component (AddParameter): Name = "PartNumber"; Value = "RC0603FR-071K3L"; VariantName = "[No Variations]"
Add component (AddParameter): Name = "SMD/PTH"; Value = "SMD"; VariantName = "[No Variations]"
Add component (AddParameter): Name = "Value"; Value = "1K3"; VariantName = "[No Variations]"
Added Component: Designator=R17(RESC1608X06M)
Add component (AddParameter): Name = "Case"; Value = "0603"; VariantName = "[No Variations]"
Add component (AddParameter): Name = "Manufacturer"; Value = "Vishay"; VariantName = "[No Variations]"
Add component (AddParameter): Name = "PartNumber"; Value = "RC0603FR-071K3L"; VariantName = "[No Variations]"
Add component (AddParameter): Name = "SMD/PTH"; Value = "SMD"; VariantName = "[No Variations]"
Add component (AddParameter): Name = "Value"; Value = "1K3"; VariantName = "[No Variations]"
Added Component: Designator=R18(RESC1608X06M)
Add component (AddParameter): Name = "Case"; Value = "0603"; VariantName = "[No Variations]"
Add component (AddParameter): Name = "Manufacturer"; Value = "Vishay"; VariantName = "[No Variations]"
Add component (AddParameter): Name = "PartNumber"; Value = "CRCW060310K0FKEA"; VariantName = "[No Variations]"
Add component (AddParameter): Name = "SMD/PTH"; Value = "SMD"; VariantName = "[No Variations]"
Add component (AddParameter): Name = "Value"; Value = "10K"; VariantName = "[No Variations]"
Added Component: Designator=R19(RESC1608X06M)
Add component (AddParameter): Name = "Case"; Value = "0603"; VariantName = "[No Variations]"
Add component (AddParameter): Name = "Manufacturer"; Value = "Vishay"; VariantName = "[No Variations]"
Add component (AddParameter): Name = "PartNumber"; Value = "CRCW060310K0FKEA"; VariantName = "[No Variations]"
Add component (AddParameter): Name = "SMD/PTH"; Value = "SMD"; VariantName = "[No Variations]"
Add component (AddParameter): Name = "Value"; Value = "10K"; VariantName = "[No Variations]"
Added Component: Designator=R20(RESC3216X07N)
Add component (AddParameter): Name = "Case"; Value = "1206"; VariantName = "[No Variations]"
Add component (AddParameter): Name = "Manufacturer"; Value = ""; VariantName = "[No Variations]"
Add component (AddParameter): Name = "Value"; Value = "47R"; VariantName = "[No Variations]"
Added Component: Designator=R21(RESC1608X06M)
Add component (AddParameter): Name = "Case"; Value = "0603"; VariantName = "[No Variations]"
Add component (AddParameter): Name = "Manufacturer"; Value = "Vishay"; VariantName = "[No Variations]"
Add component (AddParameter): Name = "PartNumber"; Value = "CRCW06034K70FKEB"; VariantName = "[No Variations]"
Add component (AddParameter): Name = "SMD/PTH"; Value = "SMD"; VariantName = "[No Variations]"
Add component (AddParameter): Name = "Value"; Value = "4K7"; VariantName = "[No Variations]"
Added Component: Designator=R22(RESC1608X06M)
Add component (AddParameter): Name = "Case"; Value = "0603"; VariantName = "[No Variations]"
Add component (AddParameter): Name = "Manufacturer"; Value = "Vishay"; VariantName = "[No Variations]"
Add component (AddParameter): Name = "PartNumber"; Value = "CRCW06034K70FKEB"; VariantName = "[No Variations]"
Add component (AddParameter): Name = "Value"; Value = "4K7"; VariantName = "[No Variations]"
Added Component: Designator=R23(RESC1608X06M)
Add component (AddParameter): Name = "Case"; Value = "0603"; VariantName = "[No Variations]"
Add component (AddParameter): Name = "Manufacturer"; Value = "Vishay"; VariantName = "[No Variations]"
Add component (AddParameter): Name = "PartNumber"; Value = "CRCW06034K70FKEB"; VariantName = "[No Variations]"
Add component (AddParameter): Name = "Value"; Value = "4K7"; VariantName = "[No Variations]"
Added Component: Designator=R24(RESC1608X06M)
Add component (AddParameter): Name = "Case"; Value = "0603"; VariantName = "[No Variations]"
Add component (AddParameter): Name = "Manufacturer"; Value = "Vishay"; VariantName = "[No Variations]"
Add component (AddParameter): Name = "PartNumber"; Value = "CRCW06034K70FKEB"; VariantName = "[No Variations]"
Add component (AddParameter): Name = "Value"; Value = "4K7"; VariantName = "[No Variations]"
Added Component: Designator=R25(RESC1608X06M)
Add component (AddParameter): Name = "Case"; Value = "0603"; VariantName = "[No Variations]"
Add component (AddParameter): Name = "Manufacturer"; Value = "Vishay"; VariantName = "[No Variations]"
Add component (AddParameter): Name = "Value"; Value = "1K2"; VariantName = "[No Variations]"
Added Component: Designator=R26(RESC3216X07N)
Add component (AddParameter): Name = "Case"; Value = "1206"; VariantName = "[No Variations]"
Add component (AddParameter): Name = "Manufacturer"; Value = ""; VariantName = "[No Variations]"
Add component (AddParameter): Name = "Value"; Value = "47R"; VariantName = "[No Variations]"
Added Component: Designator=R27(RESC1608X06M)
Add component (AddParameter): Name = "Case"; Value = "0603"; VariantName = "[No Variations]"
Add component (AddParameter): Name = "Manufacturer"; Value = "Vishay"; VariantName = "[No Variations]"
Add component (AddParameter): Name = "PartNumber"; Value = "CRCW06034K70FKEB"; VariantName = "[No Variations]"
Add component (AddParameter): Name = "SMD/PTH"; Value = "SMD"; VariantName = "[No Variations]"
Add component (AddParameter): Name = "Value"; Value = "4K7"; VariantName = "[No Variations]"
Added Component: Designator=R28(RESC1608X06M)
Add component (AddParameter): Name = "Case"; Value = "0603"; VariantName = "[No Variations]"
Add component (AddParameter): Name = "Manufacturer"; Value = "Vishay"; VariantName = "[No Variations]"
Add component (AddParameter): Name = "PartNumber"; Value = "CRCW06034K70FKEB"; VariantName = "[No Variations]"
Add component (AddParameter): Name = "Value"; Value = "4K7"; VariantName = "[No Variations]"
Added Component: Designator=R29(RESC1608X06M)
Add component (AddParameter): Name = "Case"; Value = "0603"; VariantName = "[No Variations]"
Add component (AddParameter): Name = "Manufacturer"; Value = "Vishay"; VariantName = "[No Variations]"
Add component (AddParameter): Name = "PartNumber"; Value = "CRCW06034K70FKEB"; VariantName = "[No Variations]"
Add component (AddParameter): Name = "Value"; Value = "4K7"; VariantName = "[No Variations]"
Added Component: Designator=R30(RESC1608X06M)
Add component (AddParameter): Name = "Case"; Value = "0603"; VariantName = "[No Variations]"
Add component (AddParameter): Name = "Manufacturer"; Value = "Vishay"; VariantName = "[No Variations]"
Add component (AddParameter): Name = "PartNumber"; Value = "CRCW06034K70FKEB"; VariantName = "[No Variations]"
Add component (AddParameter): Name = "Value"; Value = "4K7"; VariantName = "[No Variations]"
Added Component: Designator=R31(RESC1608X06M)
Add component (AddParameter): Name = "Case"; Value = "0603"; VariantName = "[No Variations]"
Add component (AddParameter): Name = "Manufacturer"; Value = "Vishay"; VariantName = "[No Variations]"
Add component (AddParameter): Name = "Value"; Value = "1K2"; VariantName = "[No Variations]"
Added Component: Designator=R32(RESC1608X06M)
Add component (AddParameter): Name = "Case"; Value = "0603"; VariantName = "[No Variations]"
Add component (AddParameter): Name = "Manufacturer"; Value = "Vishay"; VariantName = "[No Variations]"
Add component (AddParameter): Name = "PartNumber"; Value = "CRCW060310K0FKEA"; VariantName = "[No Variations]"
Add component (AddParameter): Name = "SMD/PTH"; Value = "SMD"; VariantName = "[No Variations]"
Add component (AddParameter): Name = "Value"; Value = "10K"; VariantName = "[No Variations]"
Added Component: Designator=R33(RESC1608X06M)
Add component (AddParameter): Name = "Case"; Value = "0603"; VariantName = "[No Variations]"
Add component (AddParameter): Name = "Manufacturer"; Value = "Vishay"; VariantName = "[No Variations]"
Add component (AddParameter): Name = "PartNumber"; Value = "CRCW060310K0FKEA"; VariantName = "[No Variations]"
Add component (AddParameter): Name = "SMD/PTH"; Value = "SMD"; VariantName = "[No Variations]"
Add component (AddParameter): Name = "Value"; Value = "10K"; VariantName = "[No Variations]"
Added Component: Designator=R34(RESC3216X07N)
Add component (AddParameter): Name = "Case"; Value = "1206"; VariantName = "[No Variations]"
Add component (AddParameter): Name = "Manufacturer"; Value = ""; VariantName = "[No Variations]"
Add component (AddParameter): Name = "Value"; Value = "47R"; VariantName = "[No Variations]"
Added Component: Designator=R35(RESC1608X06M)
Add component (AddParameter): Name = "Case"; Value = "0603"; VariantName = "[No Variations]"
Add component (AddParameter): Name = "Manufacturer"; Value = "Vishay"; VariantName = "[No Variations]"
Add component (AddParameter): Name = "PartNumber"; Value = "CRCW06034K70FKEB"; VariantName = "[No Variations]"
Add component (AddParameter): Name = "SMD/PTH"; Value = "SMD"; VariantName = "[No Variations]"
Add component (AddParameter): Name = "Value"; Value = "4K7"; VariantName = "[No Variations]"
Added Component: Designator=R36(RESC1608X06M)
Add component (AddParameter): Name = "Case"; Value = "0603"; VariantName = "[No Variations]"
Add component (AddParameter): Name = "Manufacturer"; Value = "Vishay"; VariantName = "[No Variations]"
Add component (AddParameter): Name = "PartNumber"; Value = "CRCW06034K70FKEB"; VariantName = "[No Variations]"
Add component (AddParameter): Name = "Value"; Value = "4K7"; VariantName = "[No Variations]"
Added Component: Designator=R37(RESC1608X06M)
Add component (AddParameter): Name = "Case"; Value = "0603"; VariantName = "[No Variations]"
Add component (AddParameter): Name = "Manufacturer"; Value = "Vishay"; VariantName = "[No Variations]"
Add component (AddParameter): Name = "PartNumber"; Value = "CRCW06034K70FKEB"; VariantName = "[No Variations]"
Add component (AddParameter): Name = "Value"; Value = "4K7"; VariantName = "[No Variations]"
Added Component: Designator=R38(RESC1608X06M)
Add component (AddParameter): Name = "Case"; Value = "0603"; VariantName = "[No Variations]"
Add component (AddParameter): Name = "Manufacturer"; Value = "Vishay"; VariantName = "[No Variations]"
Add component (AddParameter): Name = "PartNumber"; Value = "CRCW06034K70FKEB"; VariantName = "[No Variations]"
Add component (AddParameter): Name = "Value"; Value = "4K7"; VariantName = "[No Variations]"
Added Component: Designator=R39(RESC1608X06M)
Add component (AddParameter): Name = "Case"; Value = "0603"; VariantName = "[No Variations]"
Add component (AddParameter): Name = "Manufacturer"; Value = "Vishay"; VariantName = "[No Variations]"
Add component (AddParameter): Name = "Value"; Value = "1K2"; VariantName = "[No Variations]"
Added Component: Designator=R40(RESC3216X07N)
Add component (AddParameter): Name = "Case"; Value = "1206"; VariantName = "[No Variations]"
Add component (AddParameter): Name = "Manufacturer"; Value = ""; VariantName = "[No Variations]"
Add component (AddParameter): Name = "Value"; Value = "47R"; VariantName = "[No Variations]"
Added Component: Designator=R41(RESC1608X06M)
Add component (AddParameter): Name = "Case"; Value = "0603"; VariantName = "[No Variations]"
Add component (AddParameter): Name = "Manufacturer"; Value = "Vishay"; VariantName = "[No Variations]"
Add component (AddParameter): Name = "PartNumber"; Value = "CRCW06034K70FKEB"; VariantName = "[No Variations]"
Add component (AddParameter): Name = "SMD/PTH"; Value = "SMD"; VariantName = "[No Variations]"
Add component (AddParameter): Name = "Value"; Value = "4K7"; VariantName = "[No Variations]"
Added Component: Designator=R42(RESC1608X06M)
Add component (AddParameter): Name = "Case"; Value = "0603"; VariantName = "[No Variations]"
Add component (AddParameter): Name = "Manufacturer"; Value = "Vishay"; VariantName = "[No Variations]"
Add component (AddParameter): Name = "PartNumber"; Value = "CRCW06034K70FKEB"; VariantName = "[No Variations]"
Add component (AddParameter): Name = "Value"; Value = "4K7"; VariantName = "[No Variations]"
Added Component: Designator=R43(RESC1608X06M)
Add component (AddParameter): Name = "Case"; Value = "0603"; VariantName = "[No Variations]"
Add component (AddParameter): Name = "Manufacturer"; Value = "Vishay"; VariantName = "[No Variations]"
Add component (AddParameter): Name = "PartNumber"; Value = "CRCW06034K70FKEB"; VariantName = "[No Variations]"
Add component (AddParameter): Name = "Value"; Value = "4K7"; VariantName = "[No Variations]"
Added Component: Designator=R44(RESC1608X06M)
Add component (AddParameter): Name = "Case"; Value = "0603"; VariantName = "[No Variations]"
Add component (AddParameter): Name = "Manufacturer"; Value = "Vishay"; VariantName = "[No Variations]"
Add component (AddParameter): Name = "PartNumber"; Value = "CRCW06034K70FKEB"; VariantName = "[No Variations]"
Add component (AddParameter): Name = "Value"; Value = "4K7"; VariantName = "[No Variations]"
Added Component: Designator=R45(RESC1608X06M)
Add component (AddParameter): Name = "Case"; Value = "0603"; VariantName = "[No Variations]"
Add component (AddParameter): Name = "Manufacturer"; Value = "Vishay"; VariantName = "[No Variations]"
Add component (AddParameter): Name = "Value"; Value = "1K2"; VariantName = "[No Variations]"
Added Component: Designator=R46(RESC1608X06M)
Add component (AddParameter): Name = "Case"; Value = "0603"; VariantName = "[No Variations]"
Add component (AddParameter): Name = "Manufacturer"; Value = "Vishay"; VariantName = "[No Variations]"
Add component (AddParameter): Name = "PartNumber"; Value = "CRCW060310K0FKEA"; VariantName = "[No Variations]"
Add component (AddParameter): Name = "Value"; Value = "10K"; VariantName = "[No Variations]"
Added Component: Designator=R47(RESC1608X06M)
Add component (AddParameter): Name = "Case"; Value = "0603"; VariantName = "[No Variations]"
Add component (AddParameter): Name = "Manufacturer"; Value = "Vishay"; VariantName = "[No Variations]"
Add component (AddParameter): Name = "PartNumber"; Value = "CRCW060310K0FKEA"; VariantName = "[No Variations]"
Add component (AddParameter): Name = "Value"; Value = "10K"; VariantName = "[No Variations]"
Added Component: Designator=R48(RESC1608X06M)
Add component (AddParameter): Name = "Case"; Value = "0603"; VariantName = "[No Variations]"
Add component (AddParameter): Name = "Manufacturer"; Value = "Vishay"; VariantName = "[No Variations]"
Add component (AddParameter): Name = "PartNumber"; Value = "CRCW06030000Z0EAC"; VariantName = "[No Variations]"
Add component (AddParameter): Name = "Value"; Value = "0R"; VariantName = "[No Variations]"
Added Component: Designator=R49(RESC1608X06M)
Add component (AddParameter): Name = "Case"; Value = "0603"; VariantName = "[No Variations]"
Add component (AddParameter): Name = "Manufacturer"; Value = "Vishay"; VariantName = "[No Variations]"
Add component (AddParameter): Name = "PartNumber"; Value = "CRCW06030000Z0EAC"; VariantName = "[No Variations]"
Add component (AddParameter): Name = "Value"; Value = "0R"; VariantName = "[No Variations]"
Added Component: Designator=R50(RESC1608X06M)
Add component (AddParameter): Name = "Case"; Value = "0603"; VariantName = "[No Variations]"
Add component (AddParameter): Name = "Manufacturer"; Value = "Vishay"; VariantName = "[No Variations]"
Add component (AddParameter): Name = "PartNumber"; Value = "CRCW06030000Z0EAC"; VariantName = "[No Variations]"
Add component (AddParameter): Name = "Value"; Value = "0R"; VariantName = "[No Variations]"
Added Component: Designator=R51(RESC1608X06M)
Add component (AddParameter): Name = "Case"; Value = "0603"; VariantName = "[No Variations]"
Add component (AddParameter): Name = "Manufacturer"; Value = "Vishay"; VariantName = "[No Variations]"
Add component (AddParameter): Name = "PartNumber"; Value = "CRCW06030000Z0EAC"; VariantName = "[No Variations]"
Add component (AddParameter): Name = "Value"; Value = "0R"; VariantName = "[No Variations]"
Added Component: Designator=R52(RESC1608X06M)
Add component (AddParameter): Name = "Case"; Value = "0603"; VariantName = "[No Variations]"
Add component (AddParameter): Name = "Manufacturer"; Value = "Vishay"; VariantName = "[No Variations]"
Add component (AddParameter): Name = "PartNumber"; Value = "CRCW060315K0FKEC"; VariantName = "[No Variations]"
Add component (AddParameter): Name = "Value"; Value = "15K"; VariantName = "[No Variations]"
Added Component: Designator=R53(RESC1608X06M)
Add component (AddParameter): Name = "Case"; Value = "0603"; VariantName = "[No Variations]"
Add component (AddParameter): Name = "Manufacturer"; Value = "Vishay"; VariantName = "[No Variations]"
Add component (AddParameter): Name = "PartNumber"; Value = "CRCW060315K0FKEC"; VariantName = "[No Variations]"
Add component (AddParameter): Name = "Value"; Value = "15K"; VariantName = "[No Variations]"
Added Component: Designator=R54(RESC1608X06M)
Add component (AddParameter): Name = "Case"; Value = "0603"; VariantName = "[No Variations]"
Add component (AddParameter): Name = "Manufacturer"; Value = "Vishay"; VariantName = "[No Variations]"
Add component (AddParameter): Name = "PartNumber"; Value = "CRCW06030000Z0EAC"; VariantName = "[No Variations]"
Add component (AddParameter): Name = "Value"; Value = "0R"; VariantName = "[No Variations]"
Added Component: Designator=R55(RESC1608X06M)
Add component (AddParameter): Name = "Case"; Value = "0603"; VariantName = "[No Variations]"
Add component (AddParameter): Name = "Manufacturer"; Value = "Vishay"; VariantName = "[No Variations]"
Add component (AddParameter): Name = "PartNumber"; Value = "CRCW06030000Z0EAC"; VariantName = "[No Variations]"
Add component (AddParameter): Name = "Value"; Value = "0R"; VariantName = "[No Variations]"
Added Component: Designator=R56(RESC1608X06M)
Add component (AddParameter): Name = "Case"; Value = "0603"; VariantName = "[No Variations]"
Add component (AddParameter): Name = "Manufacturer"; Value = "Vishay"; VariantName = "[No Variations]"
Add component (AddParameter): Name = "PartNumber"; Value = "CRCW060315K0FKEC"; VariantName = "[No Variations]"
Add component (AddParameter): Name = "Value"; Value = "15K"; VariantName = "[No Variations]"
Added Component: Designator=R57(RESC1608X06M)
Add component (AddParameter): Name = "Case"; Value = "0603"; VariantName = "[No Variations]"
Add component (AddParameter): Name = "Manufacturer"; Value = "Vishay"; VariantName = "[No Variations]"
Add component (AddParameter): Name = "PartNumber"; Value = "CRCW060315K0FKEC"; VariantName = "[No Variations]"
Add component (AddParameter): Name = "Value"; Value = "15K"; VariantName = "[No Variations]"
Added Component: Designator=R58(RESC1608X06M)
Add component (AddParameter): Name = "Case"; Value = "0603"; VariantName = "[No Variations]"
Add component (AddParameter): Name = "Manufacturer"; Value = "Vishay"; VariantName = "[No Variations]"
Add component (AddParameter): Name = "PartNumber"; Value = "CRCW060310K0FKEA"; VariantName = "[No Variations]"
Add component (AddParameter): Name = "Value"; Value = "10K"; VariantName = "[No Variations]"
Added Component: Designator=R59(RESC1608X06M)
Add component (AddParameter): Name = "Case"; Value = "0603"; VariantName = "[No Variations]"
Add component (AddParameter): Name = "Manufacturer"; Value = "Vishay"; VariantName = "[No Variations]"
Add component (AddParameter): Name = "PartNumber"; Value = "CRCW060310K0FKEA"; VariantName = "[No Variations]"
Add component (AddParameter): Name = "Value"; Value = "10K"; VariantName = "[No Variations]"
Added Component: Designator=R60(RESC1608X06M)
Add component (AddParameter): Name = "Case"; Value = "0603"; VariantName = "[No Variations]"
Add component (AddParameter): Name = "Manufacturer"; Value = "Vishay"; VariantName = "[No Variations]"
Add component (AddParameter): Name = "PartNumber"; Value = "CRCW06030000Z0EAC"; VariantName = "[No Variations]"
Add component (AddParameter): Name = "Value"; Value = "0R"; VariantName = "[No Variations]"
Added Component: Designator=R61(RESC1608X06M)
Add component (AddParameter): Name = "Case"; Value = "0603"; VariantName = "[No Variations]"
Add component (AddParameter): Name = "Manufacturer"; Value = "Vishay"; VariantName = "[No Variations]"
Add component (AddParameter): Name = "PartNumber"; Value = "CRCW06030000Z0EAC"; VariantName = "[No Variations]"
Add component (AddParameter): Name = "Value"; Value = "0R"; VariantName = "[No Variations]"
Added Component: Designator=R62(RESC1608X06M)
Add component (AddParameter): Name = "Case"; Value = "0603"; VariantName = "[No Variations]"
Add component (AddParameter): Name = "Manufacturer"; Value = "Vishay"; VariantName = "[No Variations]"
Add component (AddParameter): Name = "PartNumber"; Value = "CRCW060310K0FKEA"; VariantName = "[No Variations]"
Add component (AddParameter): Name = "Value"; Value = "10K"; VariantName = "[No Variations]"
Added Component: Designator=R63(RESC1608X06M)
Add component (AddParameter): Name = "Case"; Value = "0603"; VariantName = "[No Variations]"
Add component (AddParameter): Name = "Manufacturer"; Value = "Vishay"; VariantName = "[No Variations]"
Add component (AddParameter): Name = "PartNumber"; Value = "CRCW060310K0FKEA"; VariantName = "[No Variations]"
Add component (AddParameter): Name = "Value"; Value = "10K"; VariantName = "[No Variations]"
Added Component: Designator=R64(RESC1608X06M)
Add component (AddParameter): Name = "Case"; Value = "0603"; VariantName = "[No Variations]"
Add component (AddParameter): Name = "Manufacturer"; Value = "Vishay"; VariantName = "[No Variations]"
Add component (AddParameter): Name = "PartNumber"; Value = "CRCW06030000Z0EAC"; VariantName = "[No Variations]"
Add component (AddParameter): Name = "Value"; Value = "0R"; VariantName = "[No Variations]"
Added Component: Designator=R65(RESC1608X06M)
Add component (AddParameter): Name = "Case"; Value = "0603"; VariantName = "[No Variations]"
Add component (AddParameter): Name = "Manufacturer"; Value = "Vishay"; VariantName = "[No Variations]"
Add component (AddParameter): Name = "PartNumber"; Value = "CRCW06030000Z0EAC"; VariantName = "[No Variations]"
Add component (AddParameter): Name = "Value"; Value = "0R"; VariantName = "[No Variations]"
Added Component: Designator=R66(RESC1608X06M)
Add component (AddParameter): Name = "Case"; Value = "0603"; VariantName = "[No Variations]"
Add component (AddParameter): Name = "Manufacturer"; Value = "Vishay"; VariantName = "[No Variations]"
Add component (AddParameter): Name = "PartNumber"; Value = "CRCW06030000Z0EAC"; VariantName = "[No Variations]"
Add component (AddParameter): Name = "Value"; Value = "0R"; VariantName = "[No Variations]"
Added Component: Designator=R67(RESC1608X06M)
Add component (AddParameter): Name = "Case"; Value = "0603"; VariantName = "[No Variations]"
Add component (AddParameter): Name = "Manufacturer"; Value = "Vishay"; VariantName = "[No Variations]"
Add component (AddParameter): Name = "PartNumber"; Value = "CRCW06030000Z0EAC"; VariantName = "[No Variations]"
Add component (AddParameter): Name = "Value"; Value = "0R"; VariantName = "[No Variations]"
Added Component: Designator=R68(RESC1608X06M)
Add component (AddParameter): Name = "Case"; Value = "0603"; VariantName = "[No Variations]"
Add component (AddParameter): Name = "Manufacturer"; Value = "Vishay"; VariantName = "[No Variations]"
Add component (AddParameter): Name = "PartNumber"; Value = "CRCW060315K0FKEC"; VariantName = "[No Variations]"
Add component (AddParameter): Name = "Value"; Value = "15K"; VariantName = "[No Variations]"
Added Component: Designator=R69(RESC1608X06M)
Add component (AddParameter): Name = "Case"; Value = "0603"; VariantName = "[No Variations]"
Add component (AddParameter): Name = "Manufacturer"; Value = "Vishay"; VariantName = "[No Variations]"
Add component (AddParameter): Name = "PartNumber"; Value = "CRCW060315K0FKEC"; VariantName = "[No Variations]"
Add component (AddParameter): Name = "Value"; Value = "15K"; VariantName = "[No Variations]"
Added Component: Designator=R70(RESC1608X06M)
Add component (AddParameter): Name = "Case"; Value = "0603"; VariantName = "[No Variations]"
Add component (AddParameter): Name = "Manufacturer"; Value = "Vishay"; VariantName = "[No Variations]"
Add component (AddParameter): Name = "PartNumber"; Value = "CRCW06030000Z0EAC"; VariantName = "[No Variations]"
Add component (AddParameter): Name = "Value"; Value = "0R"; VariantName = "[No Variations]"
Added Component: Designator=R71(RESC1608X06M)
Add component (AddParameter): Name = "Case"; Value = "0603"; VariantName = "[No Variations]"
Add component (AddParameter): Name = "Manufacturer"; Value = "Vishay"; VariantName = "[No Variations]"
Add component (AddParameter): Name = "PartNumber"; Value = "CRCW06030000Z0EAC"; VariantName = "[No Variations]"
Add component (AddParameter): Name = "Value"; Value = "0R"; VariantName = "[No Variations]"
Added Component: Designator=R72(RESC1608X06M)
Add component (AddParameter): Name = "Case"; Value = "0603"; VariantName = "[No Variations]"
Add component (AddParameter): Name = "Manufacturer"; Value = "Vishay"; VariantName = "[No Variations]"
Add component (AddParameter): Name = "PartNumber"; Value = "CRCW060315K0FKEC"; VariantName = "[No Variations]"
Add component (AddParameter): Name = "Value"; Value = "15K"; VariantName = "[No Variations]"
Added Component: Designator=R73(RESC1608X06M)
Add component (AddParameter): Name = "Case"; Value = "0603"; VariantName = "[No Variations]"
Add component (AddParameter): Name = "Manufacturer"; Value = "Vishay"; VariantName = "[No Variations]"
Add component (AddParameter): Name = "PartNumber"; Value = "CRCW060315K0FKEC"; VariantName = "[No Variations]"
Add component (AddParameter): Name = "Value"; Value = "15K"; VariantName = "[No Variations]"
Added Component: Designator=R74(RESC1608X06M)
Add component (AddParameter): Name = "Case"; Value = "0603"; VariantName = "[No Variations]"
Add component (AddParameter): Name = "Manufacturer"; Value = "Vishay"; VariantName = "[No Variations]"
Add component (AddParameter): Name = "PartNumber"; Value = "CRCW060310K0FKEA"; VariantName = "[No Variations]"
Add component (AddParameter): Name = "Value"; Value = "10K"; VariantName = "[No Variations]"
Added Component: Designator=R75(RESC1608X06M)
Add component (AddParameter): Name = "Case"; Value = "0603"; VariantName = "[No Variations]"
Add component (AddParameter): Name = "Manufacturer"; Value = "Vishay"; VariantName = "[No Variations]"
Add component (AddParameter): Name = "PartNumber"; Value = "CRCW060310K0FKEA"; VariantName = "[No Variations]"
Add component (AddParameter): Name = "Value"; Value = "10K"; VariantName = "[No Variations]"
Added Component: Designator=R76(RESC1608X06M)
Add component (AddParameter): Name = "Case"; Value = "0603"; VariantName = "[No Variations]"
Add component (AddParameter): Name = "Manufacturer"; Value = "Vishay"; VariantName = "[No Variations]"
Add component (AddParameter): Name = "PartNumber"; Value = "CRCW06030000Z0EAC"; VariantName = "[No Variations]"
Add component (AddParameter): Name = "Value"; Value = "0R"; VariantName = "[No Variations]"
Added Component: Designator=R77(RESC1608X06M)
Add component (AddParameter): Name = "Case"; Value = "0603"; VariantName = "[No Variations]"
Add component (AddParameter): Name = "Manufacturer"; Value = "Vishay"; VariantName = "[No Variations]"
Add component (AddParameter): Name = "PartNumber"; Value = "CRCW06030000Z0EAC"; VariantName = "[No Variations]"
Add component (AddParameter): Name = "Value"; Value = "0R"; VariantName = "[No Variations]"
Added Component: Designator=R78(RESC1608X06M)
Add component (AddParameter): Name = "Case"; Value = "0603"; VariantName = "[No Variations]"
Add component (AddParameter): Name = "Manufacturer"; Value = "Vishay"; VariantName = "[No Variations]"
Add component (AddParameter): Name = "PartNumber"; Value = "CRCW060310K0FKEA"; VariantName = "[No Variations]"
Add component (AddParameter): Name = "SMD/PTH"; Value = "SMD"; VariantName = "[No Variations]"
Add component (AddParameter): Name = "Value"; Value = "10K"; VariantName = "[No Variations]"
Added Component: Designator=R79(RESC1608X06M)
Add component (AddParameter): Name = "Case"; Value = "0603"; VariantName = "[No Variations]"
Add component (AddParameter): Name = "Manufacturer"; Value = "Vishay"; VariantName = "[No Variations]"
Add component (AddParameter): Name = "PartNumber"; Value = "CRCW060310K0FKEA"; VariantName = "[No Variations]"
Add component (AddParameter): Name = "SMD/PTH"; Value = "SMD"; VariantName = "[No Variations]"
Add component (AddParameter): Name = "Value"; Value = "10K"; VariantName = "[No Variations]"
Added Component: Designator=R80(RESC1608X06M)
Add component (AddParameter): Name = "Case"; Value = "0603"; VariantName = "[No Variations]"
Add component (AddParameter): Name = "Manufacturer"; Value = "Vishay"; VariantName = "[No Variations]"
Add component (AddParameter): Name = "PartNumber"; Value = "CRCW06034K70FKEB"; VariantName = "[No Variations]"
Add component (AddParameter): Name = "SMD/PTH"; Value = "SMD"; VariantName = "[No Variations]"
Add component (AddParameter): Name = "Value"; Value = "4K7"; VariantName = "[No Variations]"
Added Component: Designator=R81(RESC1608X06M)
Add component (AddParameter): Name = "Case"; Value = "0603"; VariantName = "[No Variations]"
Add component (AddParameter): Name = "Manufacturer"; Value = "Vishay"; VariantName = "[No Variations]"
Add component (AddParameter): Name = "PartNumber"; Value = "CRCW06034K70FKEB"; VariantName = "[No Variations]"
Add component (AddParameter): Name = "SMD/PTH"; Value = "SMD"; VariantName = "[No Variations]"
Add component (AddParameter): Name = "Value"; Value = "4K7"; VariantName = "[No Variations]"
Added Component: Designator=R82(RESC1608X06M)
Add component (AddParameter): Name = "Case"; Value = "0603"; VariantName = "[No Variations]"
Add component (AddParameter): Name = "Manufacturer"; Value = "Vishay"; VariantName = "[No Variations]"
Add component (AddParameter): Name = "PartNumber"; Value = "CRCW06034K70FKEB"; VariantName = "[No Variations]"
Add component (AddParameter): Name = "SMD/PTH"; Value = "SMD"; VariantName = "[No Variations]"
Add component (AddParameter): Name = "Value"; Value = "4K7"; VariantName = "[No Variations]"
Added Component: Designator=R83(RESC1608X06M)
Add component (AddParameter): Name = "Case"; Value = "0603"; VariantName = "[No Variations]"
Add component (AddParameter): Name = "Manufacturer"; Value = "Vishay"; VariantName = "[No Variations]"
Add component (AddParameter): Name = "PartNumber"; Value = "CRCW06034K70FKEB"; VariantName = "[No Variations]"
Add component (AddParameter): Name = "SMD/PTH"; Value = "SMD"; VariantName = "[No Variations]"
Add component (AddParameter): Name = "Value"; Value = "4K7"; VariantName = "[No Variations]"
Added Component: Designator=R84(RESC1608X06M)
Add component (AddParameter): Name = "Case"; Value = "0603"; VariantName = "[No Variations]"
Add component (AddParameter): Name = "Manufacturer"; Value = "Vishay"; VariantName = "[No Variations]"
Add component (AddParameter): Name = "PartNumber"; Value = "CRCW060310K0FKEA"; VariantName = "[No Variations]"
Add component (AddParameter): Name = "SMD/PTH"; Value = "SMD"; VariantName = "[No Variations]"
Add component (AddParameter): Name = "Value"; Value = "10K"; VariantName = "[No Variations]"
Added Component: Designator=R85(RESC1608X06M)
Add component (AddParameter): Name = "Case"; Value = "0603"; VariantName = "[No Variations]"
Add component (AddParameter): Name = "Manufacturer"; Value = "Vishay"; VariantName = "[No Variations]"
Add component (AddParameter): Name = "PartNumber"; Value = "CRCW060310K0FKEA"; VariantName = "[No Variations]"
Add component (AddParameter): Name = "SMD/PTH"; Value = "SMD"; VariantName = "[No Variations]"
Add component (AddParameter): Name = "Value"; Value = "10K"; VariantName = "[No Variations]"
Added Component: Designator=R86(RESC1608X06M)
Add component (AddParameter): Name = "Case"; Value = "0603"; VariantName = "[No Variations]"
Add component (AddParameter): Name = "Manufacturer"; Value = "Vishay"; VariantName = "[No Variations]"
Add component (AddParameter): Name = "PartNumber"; Value = "CRCW060310K0FKEA"; VariantName = "[No Variations]"
Add component (AddParameter): Name = "SMD/PTH"; Value = "SMD"; VariantName = "[No Variations]"
Add component (AddParameter): Name = "Value"; Value = "10K"; VariantName = "[No Variations]"
Added Component: Designator=R87(RESC1608X06M)
Add component (AddParameter): Name = "Case"; Value = "0603"; VariantName = "[No Variations]"
Add component (AddParameter): Name = "Manufacturer"; Value = "Vishay"; VariantName = "[No Variations]"
Add component (AddParameter): Name = "PartNumber"; Value = "CRCW060310K0FKEA"; VariantName = "[No Variations]"
Add component (AddParameter): Name = "SMD/PTH"; Value = "SMD"; VariantName = "[No Variations]"
Add component (AddParameter): Name = "Value"; Value = "10K"; VariantName = "[No Variations]"
Added Component: Designator=R88(RESC1608X06M)
Add component (AddParameter): Name = "Case"; Value = "0603"; VariantName = "[No Variations]"
Add component (AddParameter): Name = "Manufacturer"; Value = "Vishay"; VariantName = "[No Variations]"
Add component (AddParameter): Name = "PartNumber"; Value = "CRCW06034K70FKEB"; VariantName = "[No Variations]"
Add component (AddParameter): Name = "SMD/PTH"; Value = "SMD"; VariantName = "[No Variations]"
Add component (AddParameter): Name = "Value"; Value = "4K7"; VariantName = "[No Variations]"
Added Component: Designator=R89(RESC1608X06M)
Add component (AddParameter): Name = "Case"; Value = "0603"; VariantName = "[No Variations]"
Add component (AddParameter): Name = "Manufacturer"; Value = "Vishay"; VariantName = "[No Variations]"
Add component (AddParameter): Name = "PartNumber"; Value = "CRCW06034K70FKEB"; VariantName = "[No Variations]"
Add component (AddParameter): Name = "SMD/PTH"; Value = "SMD"; VariantName = "[No Variations]"
Add component (AddParameter): Name = "Value"; Value = "4K7"; VariantName = "[No Variations]"
Added Component: Designator=R90(RESC1608X06M)
Add component (AddParameter): Name = "Case"; Value = "0603"; VariantName = "[No Variations]"
Add component (AddParameter): Name = "Manufacturer"; Value = "Vishay"; VariantName = "[No Variations]"
Add component (AddParameter): Name = "PartNumber"; Value = "CRCW06034K70FKEB"; VariantName = "[No Variations]"
Add component (AddParameter): Name = "SMD/PTH"; Value = "SMD"; VariantName = "[No Variations]"
Add component (AddParameter): Name = "Value"; Value = "4K7"; VariantName = "[No Variations]"
Added Component: Designator=R91(RESC1608X06M)
Add component (AddParameter): Name = "Case"; Value = "0603"; VariantName = "[No Variations]"
Add component (AddParameter): Name = "Manufacturer"; Value = "Vishay"; VariantName = "[No Variations]"
Add component (AddParameter): Name = "PartNumber"; Value = "CRCW06034K70FKEB"; VariantName = "[No Variations]"
Add component (AddParameter): Name = "SMD/PTH"; Value = "SMD"; VariantName = "[No Variations]"
Add component (AddParameter): Name = "Value"; Value = "4K7"; VariantName = "[No Variations]"
Added Component: Designator=R92(RESC1608X06M)
Add component (AddParameter): Name = "Case"; Value = "0603"; VariantName = "[No Variations]"
Add component (AddParameter): Name = "Manufacturer"; Value = "Vishay"; VariantName = "[No Variations]"
Add component (AddParameter): Name = "PartNumber"; Value = "CRCW060310K0FKEA"; VariantName = "[No Variations]"
Add component (AddParameter): Name = "SMD/PTH"; Value = "SMD"; VariantName = "[No Variations]"
Add component (AddParameter): Name = "Value"; Value = "10K"; VariantName = "[No Variations]"
Added Component: Designator=R93(RESC1608X06M)
Add component (AddParameter): Name = "Case"; Value = "0603"; VariantName = "[No Variations]"
Add component (AddParameter): Name = "Manufacturer"; Value = "Vishay"; VariantName = "[No Variations]"
Add component (AddParameter): Name = "PartNumber"; Value = "CRCW060310K0FKEA"; VariantName = "[No Variations]"
Add component (AddParameter): Name = "SMD/PTH"; Value = "SMD"; VariantName = "[No Variations]"
Add component (AddParameter): Name = "Value"; Value = "10K"; VariantName = "[No Variations]"
Added Component: Designator=R94(RESC1608X06M)
Add component (AddParameter): Name = "Case"; Value = "0603"; VariantName = "[No Variations]"
Add component (AddParameter): Name = "Manufacturer"; Value = "Vishay"; VariantName = "[No Variations]"
Add component (AddParameter): Name = "PartNumber"; Value = "CRCW06034K70FKEB"; VariantName = "[No Variations]"
Add component (AddParameter): Name = "SMD/PTH"; Value = "SMD"; VariantName = "[No Variations]"
Add component (AddParameter): Name = "Value"; Value = "4K7"; VariantName = "[No Variations]"
Added Component: Designator=R95(RESC1608X06M)
Add component (AddParameter): Name = "Case"; Value = "0603"; VariantName = "[No Variations]"
Add component (AddParameter): Name = "Manufacturer"; Value = "Vishay"; VariantName = "[No Variations]"
Add component (AddParameter): Name = "PartNumber"; Value = "CRCW06034K70FKEB"; VariantName = "[No Variations]"
Add component (AddParameter): Name = "SMD/PTH"; Value = "SMD"; VariantName = "[No Variations]"
Add component (AddParameter): Name = "Value"; Value = "4K7"; VariantName = "[No Variations]"
Added Component: Designator=R96(RESC1608X06M)
Add component (AddParameter): Name = "Case"; Value = "0603"; VariantName = "[No Variations]"
Add component (AddParameter): Name = "Manufacturer"; Value = "Vishay"; VariantName = "[No Variations]"
Add component (AddParameter): Name = "PartNumber"; Value = "CRCW060310K0FKEA"; VariantName = "[No Variations]"
Add component (AddParameter): Name = "Value"; Value = "10K"; VariantName = "[No Variations]"
Added Component: Designator=R97(RESC1608X06M)
Add component (AddParameter): Name = "Case"; Value = "0603"; VariantName = "[No Variations]"
Add component (AddParameter): Name = "Manufacturer"; Value = "Vishay"; VariantName = "[No Variations]"
Add component (AddParameter): Name = "PartNumber"; Value = "CRCW060310K0FKEA"; VariantName = "[No Variations]"
Add component (AddParameter): Name = "Value"; Value = "10K"; VariantName = "[No Variations]"
Added Component: Designator=R98(RESC1608X06M)
Add component (AddParameter): Name = "Case"; Value = "0603"; VariantName = "[No Variations]"
Add component (AddParameter): Name = "Manufacturer"; Value = "Vishay"; VariantName = "[No Variations]"
Add component (AddParameter): Name = "PartNumber"; Value = "CRCW06030000Z0EAC"; VariantName = "[No Variations]"
Add component (AddParameter): Name = "Value"; Value = "0R"; VariantName = "[No Variations]"
Added Component: Designator=R99(RESC1608X06M)
Add component (AddParameter): Name = "Case"; Value = "0603"; VariantName = "[No Variations]"
Add component (AddParameter): Name = "Manufacturer"; Value = "Vishay"; VariantName = "[No Variations]"
Add component (AddParameter): Name = "PartNumber"; Value = "RC0603FR-07560RL"; VariantName = "[No Variations]"
Add component (AddParameter): Name = "SMD/PTH"; Value = "SMD"; VariantName = "[No Variations]"
Add component (AddParameter): Name = "Value"; Value = "560R"; VariantName = "[No Variations]"
Added Component: Designator=R100(RESC1608X06M)
Add component (AddParameter): Name = "Case"; Value = "0603"; VariantName = "[No Variations]"
Add component (AddParameter): Name = "Manufacturer"; Value = "Vishay"; VariantName = "[No Variations]"
Add component (AddParameter): Name = "PartNumber"; Value = "RC0603FR-071K3L"; VariantName = "[No Variations]"
Add component (AddParameter): Name = "SMD/PTH"; Value = "SMD"; VariantName = "[No Variations]"
Add component (AddParameter): Name = "Value"; Value = "1K3"; VariantName = "[No Variations]"
Added Component: Designator=R101(RESC1608X06M)
Add component (AddParameter): Name = "Case"; Value = "0603"; VariantName = "[No Variations]"
Add component (AddParameter): Name = "Manufacturer"; Value = "Vishay"; VariantName = "[No Variations]"
Add component (AddParameter): Name = "PartNumber"; Value = "RC0603FR-071K3L"; VariantName = "[No Variations]"
Add component (AddParameter): Name = "SMD/PTH"; Value = "SMD"; VariantName = "[No Variations]"
Add component (AddParameter): Name = "Value"; Value = "1K3"; VariantName = "[No Variations]"
Added Component: Designator=R102(RESC1608X06M)
Add component (AddParameter): Name = "Case"; Value = "0603"; VariantName = "[No Variations]"
Add component (AddParameter): Name = "Manufacturer"; Value = "Vishay"; VariantName = "[No Variations]"
Add component (AddParameter): Name = "PartNumber"; Value = "CRCW060310K0FKEA"; VariantName = "[No Variations]"
Add component (AddParameter): Name = "SMD/PTH"; Value = "SMD"; VariantName = "[No Variations]"
Add component (AddParameter): Name = "Value"; Value = "10K"; VariantName = "[No Variations]"
Added Component: Designator=R103(RESC1608X06M)
Add component (AddParameter): Name = "Case"; Value = "0603"; VariantName = "[No Variations]"
Add component (AddParameter): Name = "Manufacturer"; Value = "Vishay"; VariantName = "[No Variations]"
Add component (AddParameter): Name = "PartNumber"; Value = "CRCW060310K0FKEA"; VariantName = "[No Variations]"
Add component (AddParameter): Name = "SMD/PTH"; Value = "SMD"; VariantName = "[No Variations]"
Add component (AddParameter): Name = "Value"; Value = "10K"; VariantName = "[No Variations]"
Added Component: Designator=R104(RESC1608X06M)
Add component (AddParameter): Name = "Case"; Value = "0603"; VariantName = "[No Variations]"
Add component (AddParameter): Name = "Manufacturer"; Value = "Vishay"; VariantName = "[No Variations]"
Add component (AddParameter): Name = "PartNumber"; Value = "CRCW060310K0FKEA"; VariantName = "[No Variations]"
Add component (AddParameter): Name = "SMD/PTH"; Value = "SMD"; VariantName = "[No Variations]"
Add component (AddParameter): Name = "Value"; Value = "10K"; VariantName = "[No Variations]"
Added Component: Designator=R105(RESC3216X07N)
Add component (AddParameter): Name = "Case"; Value = "1206"; VariantName = "[No Variations]"
Add component (AddParameter): Name = "Manufacturer"; Value = ""; VariantName = "[No Variations]"
Add component (AddParameter): Name = "Value"; Value = "47R"; VariantName = "[No Variations]"
Added Component: Designator=R106(RESC1608X06M)
Add component (AddParameter): Name = "Case"; Value = "0603"; VariantName = "[No Variations]"
Add component (AddParameter): Name = "Manufacturer"; Value = "Vishay"; VariantName = "[No Variations]"
Add component (AddParameter): Name = "PartNumber"; Value = "CRCW06034K70FKEB"; VariantName = "[No Variations]"
Add component (AddParameter): Name = "SMD/PTH"; Value = "SMD"; VariantName = "[No Variations]"
Add component (AddParameter): Name = "Value"; Value = "4K7"; VariantName = "[No Variations]"
Added Component: Designator=R107(RESC1608X06M)
Add component (AddParameter): Name = "Case"; Value = "0603"; VariantName = "[No Variations]"
Add component (AddParameter): Name = "Manufacturer"; Value = "Vishay"; VariantName = "[No Variations]"
Add component (AddParameter): Name = "PartNumber"; Value = "CRCW06034K70FKEB"; VariantName = "[No Variations]"
Add component (AddParameter): Name = "Value"; Value = "4K7"; VariantName = "[No Variations]"
Added Component: Designator=R108(RESC1608X06M)
Add component (AddParameter): Name = "Case"; Value = "0603"; VariantName = "[No Variations]"
Add component (AddParameter): Name = "Manufacturer"; Value = "Vishay"; VariantName = "[No Variations]"
Add component (AddParameter): Name = "PartNumber"; Value = "CRCW06034K70FKEB"; VariantName = "[No Variations]"
Add component (AddParameter): Name = "Value"; Value = "4K7"; VariantName = "[No Variations]"
Added Component: Designator=R109(RESC1608X06M)
Add component (AddParameter): Name = "Case"; Value = "0603"; VariantName = "[No Variations]"
Add component (AddParameter): Name = "Manufacturer"; Value = "Vishay"; VariantName = "[No Variations]"
Add component (AddParameter): Name = "PartNumber"; Value = "CRCW06034K70FKEB"; VariantName = "[No Variations]"
Add component (AddParameter): Name = "Value"; Value = "4K7"; VariantName = "[No Variations]"
Added Component: Designator=R110(RESC1608X06M)
Add component (AddParameter): Name = "Case"; Value = "0603"; VariantName = "[No Variations]"
Add component (AddParameter): Name = "Manufacturer"; Value = "Vishay"; VariantName = "[No Variations]"
Add component (AddParameter): Name = "PartNumber"; Value = "CRCW06034K70FKEB"; VariantName = "[No Variations]"
Add component (AddParameter): Name = "Value"; Value = "4K7"; VariantName = "[No Variations]"
Added Component: Designator=R111(RESC1608X06M)
Add component (AddParameter): Name = "Case"; Value = "0603"; VariantName = "[No Variations]"
Add component (AddParameter): Name = "Manufacturer"; Value = "Vishay"; VariantName = "[No Variations]"
Add component (AddParameter): Name = "PartNumber"; Value = "CRCW06034K70FKEB"; VariantName = "[No Variations]"
Add component (AddParameter): Name = "Value"; Value = "4K7"; VariantName = "[No Variations]"
Added Component: Designator=R112(RESC1608X06M)
Add component (AddParameter): Name = "Case"; Value = "0603"; VariantName = "[No Variations]"
Add component (AddParameter): Name = "Manufacturer"; Value = "Vishay"; VariantName = "[No Variations]"
Add component (AddParameter): Name = "Value"; Value = "1K2"; VariantName = "[No Variations]"
Added Component: Designator=R113(RESC1608X06M)
Add component (AddParameter): Name = "Case"; Value = "0603"; VariantName = "[No Variations]"
Add component (AddParameter): Name = "Manufacturer"; Value = "Vishay"; VariantName = "[No Variations]"
Add component (AddParameter): Name = "PartNumber"; Value = "CRCW060310K0FKEA"; VariantName = "[No Variations]"
Add component (AddParameter): Name = "SMD/PTH"; Value = "SMD"; VariantName = "[No Variations]"
Add component (AddParameter): Name = "Value"; Value = "10K"; VariantName = "[No Variations]"
Added Component: Designator=R114(RESC1608X06M)
Add component (AddParameter): Name = "Case"; Value = "0603"; VariantName = "[No Variations]"
Add component (AddParameter): Name = "Manufacturer"; Value = "Vishay"; VariantName = "[No Variations]"
Add component (AddParameter): Name = "PartNumber"; Value = "CRCW060310K0FKEA"; VariantName = "[No Variations]"
Add component (AddParameter): Name = "SMD/PTH"; Value = "SMD"; VariantName = "[No Variations]"
Add component (AddParameter): Name = "Value"; Value = "10K"; VariantName = "[No Variations]"
Added Component: Designator=R115(RESC1608X06M)
Add component (AddParameter): Name = "Case"; Value = "0603"; VariantName = "[No Variations]"
Add component (AddParameter): Name = "Manufacturer"; Value = "Vishay"; VariantName = "[No Variations]"
Add component (AddParameter): Name = "PartNumber"; Value = "CRCW060310K0FKEA"; VariantName = "[No Variations]"
Add component (AddParameter): Name = "SMD/PTH"; Value = "SMD"; VariantName = "[No Variations]"
Add component (AddParameter): Name = "Value"; Value = "10K"; VariantName = "[No Variations]"
Added Component: Designator=R116(RESC3216X07N)
Add component (AddParameter): Name = "Case"; Value = "1206"; VariantName = "[No Variations]"
Add component (AddParameter): Name = "Manufacturer"; Value = ""; VariantName = "[No Variations]"
Add component (AddParameter): Name = "Value"; Value = "47R"; VariantName = "[No Variations]"
Added Component: Designator=R117(RESC1608X06M)
Add component (AddParameter): Name = "Case"; Value = "0603"; VariantName = "[No Variations]"
Add component (AddParameter): Name = "Manufacturer"; Value = "Vishay"; VariantName = "[No Variations]"
Add component (AddParameter): Name = "PartNumber"; Value = "CRCW06034K70FKEB"; VariantName = "[No Variations]"
Add component (AddParameter): Name = "SMD/PTH"; Value = "SMD"; VariantName = "[No Variations]"
Add component (AddParameter): Name = "Value"; Value = "4K7"; VariantName = "[No Variations]"
Added Component: Designator=R118(RESC1608X06M)
Add component (AddParameter): Name = "Case"; Value = "0603"; VariantName = "[No Variations]"
Add component (AddParameter): Name = "Manufacturer"; Value = "Vishay"; VariantName = "[No Variations]"
Add component (AddParameter): Name = "PartNumber"; Value = "CRCW06034K70FKEB"; VariantName = "[No Variations]"
Add component (AddParameter): Name = "Value"; Value = "4K7"; VariantName = "[No Variations]"
Added Component: Designator=R119(RESC1608X06M)
Add component (AddParameter): Name = "Case"; Value = "0603"; VariantName = "[No Variations]"
Add component (AddParameter): Name = "Manufacturer"; Value = "Vishay"; VariantName = "[No Variations]"
Add component (AddParameter): Name = "PartNumber"; Value = "CRCW06034K70FKEB"; VariantName = "[No Variations]"
Add component (AddParameter): Name = "Value"; Value = "4K7"; VariantName = "[No Variations]"
Added Component: Designator=R120(RESC1608X06M)
Add component (AddParameter): Name = "Case"; Value = "0603"; VariantName = "[No Variations]"
Add component (AddParameter): Name = "Manufacturer"; Value = "Vishay"; VariantName = "[No Variations]"
Add component (AddParameter): Name = "PartNumber"; Value = "CRCW06034K70FKEB"; VariantName = "[No Variations]"
Add component (AddParameter): Name = "Value"; Value = "4K7"; VariantName = "[No Variations]"
Added Component: Designator=R121(RESC1608X06M)
Add component (AddParameter): Name = "Case"; Value = "0603"; VariantName = "[No Variations]"
Add component (AddParameter): Name = "Manufacturer"; Value = "Vishay"; VariantName = "[No Variations]"
Add component (AddParameter): Name = "PartNumber"; Value = "CRCW06034K70FKEB"; VariantName = "[No Variations]"
Add component (AddParameter): Name = "Value"; Value = "4K7"; VariantName = "[No Variations]"
Added Component: Designator=R122(RESC1608X06M)
Add component (AddParameter): Name = "Case"; Value = "0603"; VariantName = "[No Variations]"
Add component (AddParameter): Name = "Manufacturer"; Value = "Vishay"; VariantName = "[No Variations]"
Add component (AddParameter): Name = "PartNumber"; Value = "CRCW06034K70FKEB"; VariantName = "[No Variations]"
Add component (AddParameter): Name = "Value"; Value = "4K7"; VariantName = "[No Variations]"
Added Component: Designator=R123(RESC1608X06M)
Add component (AddParameter): Name = "Case"; Value = "0603"; VariantName = "[No Variations]"
Add component (AddParameter): Name = "Manufacturer"; Value = "Vishay"; VariantName = "[No Variations]"
Add component (AddParameter): Name = "Value"; Value = "1K2"; VariantName = "[No Variations]"
Added Component: Designator=R124(RESC1608X06M)
Add component (AddParameter): Name = "Case"; Value = "0603"; VariantName = "[No Variations]"
Add component (AddParameter): Name = "Manufacturer"; Value = "Vishay"; VariantName = "[No Variations]"
Add component (AddParameter): Name = "PartNumber"; Value = "RC0603FR-071K3L"; VariantName = "[No Variations]"
Add component (AddParameter): Name = "SMD/PTH"; Value = "SMD"; VariantName = "[No Variations]"
Add component (AddParameter): Name = "Value"; Value = "1K3"; VariantName = "[No Variations]"
Added Component: Designator=R125(RESC1608X06M)
Add component (AddParameter): Name = "Case"; Value = "0603"; VariantName = "[No Variations]"
Add component (AddParameter): Name = "Manufacturer"; Value = "Vishay"; VariantName = "[No Variations]"
Add component (AddParameter): Name = "PartNumber"; Value = "RC0603FR-071K3L"; VariantName = "[No Variations]"
Add component (AddParameter): Name = "SMD/PTH"; Value = "SMD"; VariantName = "[No Variations]"
Add component (AddParameter): Name = "Value"; Value = "1K3"; VariantName = "[No Variations]"
Added Component: Designator=R126(RESC1608X06M)
Add component (AddParameter): Name = "Case"; Value = "0603"; VariantName = "[No Variations]"
Add component (AddParameter): Name = "Manufacturer"; Value = "Vishay"; VariantName = "[No Variations]"
Add component (AddParameter): Name = "PartNumber"; Value = "RC0603FR-071K3L"; VariantName = "[No Variations]"
Add component (AddParameter): Name = "SMD/PTH"; Value = "SMD"; VariantName = "[No Variations]"
Add component (AddParameter): Name = "Value"; Value = "1K3"; VariantName = "[No Variations]"
Added Component: Designator=R127(RESC1608X06M)
Add component (AddParameter): Name = "Case"; Value = "0603"; VariantName = "[No Variations]"
Add component (AddParameter): Name = "Manufacturer"; Value = "Vishay"; VariantName = "[No Variations]"
Add component (AddParameter): Name = "PartNumber"; Value = "RC0603FR-071K3L"; VariantName = "[No Variations]"
Add component (AddParameter): Name = "SMD/PTH"; Value = "SMD"; VariantName = "[No Variations]"
Add component (AddParameter): Name = "Value"; Value = "1K3"; VariantName = "[No Variations]"
Added Component: Designator=R128(RESC1608X06M)
Add component (AddParameter): Name = "Case"; Value = "0603"; VariantName = "[No Variations]"
Add component (AddParameter): Name = "Manufacturer"; Value = "Vishay"; VariantName = "[No Variations]"
Add component (AddParameter): Name = "PartNumber"; Value = "RC0603FR-071K3L"; VariantName = "[No Variations]"
Add component (AddParameter): Name = "SMD/PTH"; Value = "SMD"; VariantName = "[No Variations]"
Add component (AddParameter): Name = "Value"; Value = "1K3"; VariantName = "[No Variations]"
Added Component: Designator=R129(RESC1608X06M)
Add component (AddParameter): Name = "Case"; Value = "0603"; VariantName = "[No Variations]"
Add component (AddParameter): Name = "Manufacturer"; Value = "Vishay"; VariantName = "[No Variations]"
Add component (AddParameter): Name = "PartNumber"; Value = "RC0603FR-071K3L"; VariantName = "[No Variations]"
Add component (AddParameter): Name = "SMD/PTH"; Value = "SMD"; VariantName = "[No Variations]"
Add component (AddParameter): Name = "Value"; Value = "1K3"; VariantName = "[No Variations]"
Added Component: Designator=R130(RESC1608X06M)
Add component (AddParameter): Name = "Case"; Value = "0603"; VariantName = "[No Variations]"
Add component (AddParameter): Name = "Manufacturer"; Value = "Vishay"; VariantName = "[No Variations]"
Add component (AddParameter): Name = "PartNumber"; Value = "RC0603FR-071K3L"; VariantName = "[No Variations]"
Add component (AddParameter): Name = "SMD/PTH"; Value = "SMD"; VariantName = "[No Variations]"
Add component (AddParameter): Name = "Value"; Value = "1K3"; VariantName = "[No Variations]"
Added Component: Designator=R131(RESC1608X06M)
Add component (AddParameter): Name = "Case"; Value = "0603"; VariantName = "[No Variations]"
Add component (AddParameter): Name = "Manufacturer"; Value = "Vishay"; VariantName = "[No Variations]"
Add component (AddParameter): Name = "PartNumber"; Value = "RC0603FR-071K3L"; VariantName = "[No Variations]"
Add component (AddParameter): Name = "SMD/PTH"; Value = "SMD"; VariantName = "[No Variations]"
Add component (AddParameter): Name = "Value"; Value = "1K3"; VariantName = "[No Variations]"
Added Component: Designator=R132(RESC1608X06M)
Add component (AddParameter): Name = "Case"; Value = "0603"; VariantName = "[No Variations]"
Add component (AddParameter): Name = "Manufacturer"; Value = "Vishay"; VariantName = "[No Variations]"
Add component (AddParameter): Name = "PartNumber"; Value = "RC0603FR-071K3L"; VariantName = "[No Variations]"
Add component (AddParameter): Name = "SMD/PTH"; Value = "SMD"; VariantName = "[No Variations]"
Add component (AddParameter): Name = "Value"; Value = "1K3"; VariantName = "[No Variations]"
Added Component: Designator=R133(RESC1608X06M)
Add component (AddParameter): Name = "Case"; Value = "0603"; VariantName = "[No Variations]"
Add component (AddParameter): Name = "Manufacturer"; Value = "Vishay"; VariantName = "[No Variations]"
Add component (AddParameter): Name = "PartNumber"; Value = "RC0603FR-071K3L"; VariantName = "[No Variations]"
Add component (AddParameter): Name = "SMD/PTH"; Value = "SMD"; VariantName = "[No Variations]"
Add component (AddParameter): Name = "Value"; Value = "1K3"; VariantName = "[No Variations]"
Added Component: Designator=R134(RESC1608X06M)
Add component (AddParameter): Name = "Case"; Value = "0603"; VariantName = "[No Variations]"
Add component (AddParameter): Name = "Manufacturer"; Value = "Vishay"; VariantName = "[No Variations]"
Add component (AddParameter): Name = "PartNumber"; Value = "RC0603FR-071K3L"; VariantName = "[No Variations]"
Add component (AddParameter): Name = "SMD/PTH"; Value = "SMD"; VariantName = "[No Variations]"
Add component (AddParameter): Name = "Value"; Value = "1K3"; VariantName = "[No Variations]"
Added Component: Designator=R135(RESC1608X06M)
Add component (AddParameter): Name = "Case"; Value = "0603"; VariantName = "[No Variations]"
Add component (AddParameter): Name = "Manufacturer"; Value = "Vishay"; VariantName = "[No Variations]"
Add component (AddParameter): Name = "PartNumber"; Value = "RC0603FR-071K3L"; VariantName = "[No Variations]"
Add component (AddParameter): Name = "SMD/PTH"; Value = "SMD"; VariantName = "[No Variations]"
Add component (AddParameter): Name = "Value"; Value = "1K3"; VariantName = "[No Variations]"
Added Component: Designator=R136(RESC1608X06M)
Add component (AddParameter): Name = "Case"; Value = "0603"; VariantName = "[No Variations]"
Add component (AddParameter): Name = "Manufacturer"; Value = "Vishay"; VariantName = "[No Variations]"
Add component (AddParameter): Name = "PartNumber"; Value = "RC0603FR-071K3L"; VariantName = "[No Variations]"
Add component (AddParameter): Name = "SMD/PTH"; Value = "SMD"; VariantName = "[No Variations]"
Add component (AddParameter): Name = "Value"; Value = "1K3"; VariantName = "[No Variations]"
Added Component: Designator=R137(RESC1608X06M)
Add component (AddParameter): Name = "Case"; Value = "0603"; VariantName = "[No Variations]"
Add component (AddParameter): Name = "Manufacturer"; Value = "Vishay"; VariantName = "[No Variations]"
Add component (AddParameter): Name = "PartNumber"; Value = "RC0603FR-071K3L"; VariantName = "[No Variations]"
Add component (AddParameter): Name = "SMD/PTH"; Value = "SMD"; VariantName = "[No Variations]"
Add component (AddParameter): Name = "Value"; Value = "1K3"; VariantName = "[No Variations]"
Added Component: Designator=R138(RESC1608X06M)
Add component (AddParameter): Name = "Case"; Value = "0603"; VariantName = "[No Variations]"
Add component (AddParameter): Name = "Manufacturer"; Value = "Vishay"; VariantName = "[No Variations]"
Add component (AddParameter): Name = "PartNumber"; Value = "RC0603FR-071K3L"; VariantName = "[No Variations]"
Add component (AddParameter): Name = "SMD/PTH"; Value = "SMD"; VariantName = "[No Variations]"
Add component (AddParameter): Name = "Value"; Value = "1K3"; VariantName = "[No Variations]"
Added Component: Designator=R139(RESC1608X06M)
Add component (AddParameter): Name = "Case"; Value = "0603"; VariantName = "[No Variations]"
Add component (AddParameter): Name = "Manufacturer"; Value = "Vishay"; VariantName = "[No Variations]"
Add component (AddParameter): Name = "PartNumber"; Value = "RC0603FR-071K3L"; VariantName = "[No Variations]"
Add component (AddParameter): Name = "SMD/PTH"; Value = "SMD"; VariantName = "[No Variations]"
Add component (AddParameter): Name = "Value"; Value = "1K3"; VariantName = "[No Variations]"
Added Component: Designator=R140(RESC1608X06M)
Add component (AddParameter): Name = "Case"; Value = "0603"; VariantName = "[No Variations]"
Add component (AddParameter): Name = "Manufacturer"; Value = "Vishay"; VariantName = "[No Variations]"
Add component (AddParameter): Name = "PartNumber"; Value = "RC0603FR-071K3L"; VariantName = "[No Variations]"
Add component (AddParameter): Name = "SMD/PTH"; Value = "SMD"; VariantName = "[No Variations]"
Add component (AddParameter): Name = "Value"; Value = "1K3"; VariantName = "[No Variations]"
Added Component: Designator=R141(RESC1608X06M)
Add component (AddParameter): Name = "Case"; Value = "0603"; VariantName = "[No Variations]"
Add component (AddParameter): Name = "Manufacturer"; Value = "Vishay"; VariantName = "[No Variations]"
Add component (AddParameter): Name = "PartNumber"; Value = "RC0603FR-071K3L"; VariantName = "[No Variations]"
Add component (AddParameter): Name = "SMD/PTH"; Value = "SMD"; VariantName = "[No Variations]"
Add component (AddParameter): Name = "Value"; Value = "1K3"; VariantName = "[No Variations]"
Added Component: Designator=R142(RESC1608X06M)
Add component (AddParameter): Name = "Case"; Value = "0603"; VariantName = "[No Variations]"
Add component (AddParameter): Name = "Manufacturer"; Value = "Vishay"; VariantName = "[No Variations]"
Add component (AddParameter): Name = "PartNumber"; Value = "RC0603FR-07560RL"; VariantName = "[No Variations]"
Add component (AddParameter): Name = "SMD/PTH"; Value = "SMD"; VariantName = "[No Variations]"
Add component (AddParameter): Name = "Value"; Value = "560R"; VariantName = "[No Variations]"
Added Component: Designator=R143(RESC1608X06M)
Add component (AddParameter): Name = "Case"; Value = "0603"; VariantName = "[No Variations]"
Add component (AddParameter): Name = "Manufacturer"; Value = "Vishay"; VariantName = "[No Variations]"
Add component (AddParameter): Name = "PartNumber"; Value = "RC0603FR-07560RL"; VariantName = "[No Variations]"
Add component (AddParameter): Name = "SMD/PTH"; Value = "SMD"; VariantName = "[No Variations]"
Add component (AddParameter): Name = "Value"; Value = "560R"; VariantName = "[No Variations]"
Added Component: Designator=R144(RESC1608X06M)
Add component (AddParameter): Name = "Case"; Value = "0603"; VariantName = "[No Variations]"
Add component (AddParameter): Name = "Manufacturer"; Value = "Vishay"; VariantName = "[No Variations]"
Add component (AddParameter): Name = "PartNumber"; Value = "RC0603FR-07560RL"; VariantName = "[No Variations]"
Add component (AddParameter): Name = "SMD/PTH"; Value = "SMD"; VariantName = "[No Variations]"
Add component (AddParameter): Name = "Value"; Value = "560R"; VariantName = "[No Variations]"
Added Component: Designator=R145(RESC1608X06M)
Add component (AddParameter): Name = "Case"; Value = "0603"; VariantName = "[No Variations]"
Add component (AddParameter): Name = "Manufacturer"; Value = "Vishay"; VariantName = "[No Variations]"
Add component (AddParameter): Name = "PartNumber"; Value = "RC0603FR-07560RL"; VariantName = "[No Variations]"
Add component (AddParameter): Name = "SMD/PTH"; Value = "SMD"; VariantName = "[No Variations]"
Add component (AddParameter): Name = "Value"; Value = "560R"; VariantName = "[No Variations]"
Added Component: Designator=R146(RESC1608X06M)
Add component (AddParameter): Name = "Case"; Value = "0603"; VariantName = "[No Variations]"
Add component (AddParameter): Name = "Manufacturer"; Value = "Vishay"; VariantName = "[No Variations]"
Add component (AddParameter): Name = "PartNumber"; Value = "CRCW06030000Z0EAC"; VariantName = "[No Variations]"
Add component (AddParameter): Name = "SMD/PTH"; Value = "SMD"; VariantName = "[No Variations]"
Add component (AddParameter): Name = "Value"; Value = "0R"; VariantName = "[No Variations]"
Added Component: Designator=R147(RESC1608X06M)
Add component (AddParameter): Name = "Case"; Value = "0603"; VariantName = "[No Variations]"
Add component (AddParameter): Name = "Manufacturer"; Value = "Vishay"; VariantName = "[No Variations]"
Add component (AddParameter): Name = "PartNumber"; Value = "CRCW06030000Z0EAC"; VariantName = "[No Variations]"
Add component (AddParameter): Name = "SMD/PTH"; Value = "SMD"; VariantName = "[No Variations]"
Add component (AddParameter): Name = "Value"; Value = "0R"; VariantName = "[No Variations]"
Added Component: Designator=R148(RESC1608X06M)
Add component (AddParameter): Name = "Case"; Value = "0603"; VariantName = "[No Variations]"
Add component (AddParameter): Name = "Manufacturer"; Value = "Vishay"; VariantName = "[No Variations]"
Add component (AddParameter): Name = "Part Number"; Value = "CRCW060362K0FKEA"; VariantName = "[No Variations]"
Add component (AddParameter): Name = "Value"; Value = "62K"; VariantName = "[No Variations]"
Added Component: Designator=R149(RESC1608X06M)
Add component (AddParameter): Name = "Case"; Value = "0603"; VariantName = "[No Variations]"
Add component (AddParameter): Name = "Manufacturer"; Value = "Vishay"; VariantName = "[No Variations]"
Add component (AddParameter): Name = "Part Number"; Value = "CRCW0603120KFKEA"; VariantName = "[No Variations]"
Add component (AddParameter): Name = "Value"; Value = "120K"; VariantName = "[No Variations]"
Added Component: Designator=R150(RESC1608X06M)
Add component (AddParameter): Name = "Case"; Value = "0603"; VariantName = "[No Variations]"
Add component (AddParameter): Name = "Manufacturer"; Value = "Vishay"; VariantName = "[No Variations]"
Add component (AddParameter): Name = "Part Number"; Value = "CRCW06035K10FKEC"; VariantName = "[No Variations]"
Add component (AddParameter): Name = "Value"; Value = "5K1"; VariantName = "[No Variations]"
Added Component: Designator=R151(RESC1608X06M)
Add component (AddParameter): Name = "Case"; Value = "0603"; VariantName = "[No Variations]"
Add component (AddParameter): Name = "Manufacturer"; Value = "Vishay"; VariantName = "[No Variations]"
Add component (AddParameter): Name = "Part Number"; Value = "CRCW06035K10FKEC"; VariantName = "[No Variations]"
Add component (AddParameter): Name = "Value"; Value = "5K1"; VariantName = "[No Variations]"
Added Component: Designator=R152(RESC1608X06M)
Add component (AddParameter): Name = "Case"; Value = "0603"; VariantName = "[No Variations]"
Add component (AddParameter): Name = "Manufacturer"; Value = "Vishay"; VariantName = "[No Variations]"
Add component (AddParameter): Name = "PartNumber"; Value = "CRCW060310K0FKEA"; VariantName = "[No Variations]"
Add component (AddParameter): Name = "SMD/PTH"; Value = "SMD"; VariantName = "[No Variations]"
Add component (AddParameter): Name = "Value"; Value = "10K"; VariantName = "[No Variations]"
Added Component: Designator=R153(RESC3216X07N)
Add component (AddParameter): Name = "Case"; Value = "1206"; VariantName = "[No Variations]"
Add component (AddParameter): Name = "Manufacturer"; Value = ""; VariantName = "[No Variations]"
Add component (AddParameter): Name = "Value"; Value = "47R"; VariantName = "[No Variations]"
Added Component: Designator=R154(RESC1608X06M)
Add component (AddParameter): Name = "Case"; Value = "0603"; VariantName = "[No Variations]"
Add component (AddParameter): Name = "Manufacturer"; Value = "Vishay"; VariantName = "[No Variations]"
Add component (AddParameter): Name = "PartNumber"; Value = "CRCW06034K70FKEB"; VariantName = "[No Variations]"
Add component (AddParameter): Name = "SMD/PTH"; Value = "SMD"; VariantName = "[No Variations]"
Add component (AddParameter): Name = "Value"; Value = "4K7"; VariantName = "[No Variations]"
Added Component: Designator=R155(RESC1608X06M)
Add component (AddParameter): Name = "Case"; Value = "0603"; VariantName = "[No Variations]"
Add component (AddParameter): Name = "Manufacturer"; Value = "Vishay"; VariantName = "[No Variations]"
Add component (AddParameter): Name = "PartNumber"; Value = "CRCW06034K70FKEB"; VariantName = "[No Variations]"
Add component (AddParameter): Name = "Value"; Value = "4K7"; VariantName = "[No Variations]"
Added Component: Designator=R156(RESC1608X06M)
Add component (AddParameter): Name = "Case"; Value = "0603"; VariantName = "[No Variations]"
Add component (AddParameter): Name = "Manufacturer"; Value = "Vishay"; VariantName = "[No Variations]"
Add component (AddParameter): Name = "PartNumber"; Value = "CRCW06034K70FKEB"; VariantName = "[No Variations]"
Add component (AddParameter): Name = "Value"; Value = "4K7"; VariantName = "[No Variations]"
Added Component: Designator=R157(RESC1608X06M)
Add component (AddParameter): Name = "Case"; Value = "0603"; VariantName = "[No Variations]"
Add component (AddParameter): Name = "Manufacturer"; Value = "Vishay"; VariantName = "[No Variations]"
Add component (AddParameter): Name = "PartNumber"; Value = "CRCW06034K70FKEB"; VariantName = "[No Variations]"
Add component (AddParameter): Name = "Value"; Value = "4K7"; VariantName = "[No Variations]"
Added Component: Designator=R158(RESC1608X06M)
Add component (AddParameter): Name = "Case"; Value = "0603"; VariantName = "[No Variations]"
Add component (AddParameter): Name = "Manufacturer"; Value = "Vishay"; VariantName = "[No Variations]"
Add component (AddParameter): Name = "Value"; Value = "1K2"; VariantName = "[No Variations]"
Added Component: Designator=SW1(SW_CJS-1200TA)
Add component (AddParameter): Name = "Manufacturer"; Value = "Nidec Components"; VariantName = "[No Variations]"
Add component (AddParameter): Name = "PartNumber"; Value = "CJS-1200TA"; VariantName = "[No Variations]"
Add component (AddParameter): Name = "Value"; Value = "CJS-1200TA"; VariantName = "[No Variations]"
Added Component: Designator=TP1(TP_c200)
Added Component: Designator=TP2(TP_c200)
Added Component: Designator=TP3(TP_c200)
Added Component: Designator=TP4(TP_c200)
Added Component: Designator=TP5(TP_c200)
Added Component: Designator=TP6(TP_c200)
Added Component: Designator=TP7(TP_c200)
Added Component: Designator=TP8(TP_c200)
Added Component: Designator=TP9(TP_c200)
Added Component: Designator=TP10(TP_c200)
Added Component: Designator=TP11(TP_c200)
Added Component: Designator=TP12(TP_c200)
Added Component: Designator=TP13(TP_c200)
Added Component: Designator=TP14(TP_c200)
Added Component: Designator=TP15(TP_c200)
Added Component: Designator=TP16(TP_c200)
Added Component: Designator=TP17(TP_c200)
Added Component: Designator=TP18(TP_c200)
Added Component: Designator=TP19(TP_c200)
Added Component: Designator=TP20(TP_c200)
Added Component: Designator=TP21(TP_c200)
Added Component: Designator=TP22(TP_c200)
Added Component: Designator=TP23(TP_c200)
Added Component: Designator=U1(SOT95P280X145-6N)
Add component (AddParameter): Name = "Case"; Value = "6-SOT-23"; VariantName = "[No Variations]"
Add component (AddParameter): Name = "Manufacturer"; Value = "Texas Instruments"; VariantName = "[No Variations]"
Add component (AddParameter): Name = "PartNumber"; Value = "LV3842XDBVR"; VariantName = "[No Variations]"
Add component (AddParameter): Name = "Value"; Value = "LV3842XDBVR"; VariantName = "[No Variations]"
Added Component: Designator=U2(SOT95P280X145-5N)
Add component (AddParameter): Name = "Case"; Value = "SOT-23-5"; VariantName = "[No Variations]"
Add component (AddParameter): Name = "Manufacturer"; Value = "Texas Instruments"; VariantName = "[No Variations]"
Add component (AddParameter): Name = "PartNumber"; Value = "TLV75530PDBVR"; VariantName = "[No Variations]"
Add component (AddParameter): Name = "Value"; Value = "TLV75530PDBVR"; VariantName = "[No Variations]"
Added Component: Designator=U3(STM-LQFP64_M)
Add component (AddParameter): Name = "Manufacturer"; Value = "ST"; VariantName = "[No Variations]"
Added Component: Designator=U4(SON65P300X300X100-9N-D)
Add component (AddParameter): Name = "Case"; Value = "HVSON-8"; VariantName = "[No Variations]"
Add component (AddParameter): Name = "Manufacturer"; Value = "NXP Semiconductors"; VariantName = "[No Variations]"
Add component (AddParameter): Name = "PartNumber"; Value = "TJA1051TK/3,118"; VariantName = "[No Variations]"
Add component (AddParameter): Name = "SMD/PTH"; Value = "SMD"; VariantName = "[No Variations]"
Add component (AddParameter): Name = "Value"; Value = "TJA1051TK/3,118"; VariantName = "[No Variations]"
Added Component: Designator=U5(SOP65P600X115-15)
Add component (AddParameter): Name = "Case"; Value = "TSDSO-14"; VariantName = "[No Variations]"
Add component (AddParameter): Name = "Manufacturer"; Value = "Infineon Technologies"; VariantName = "[No Variations]"
Add component (AddParameter): Name = "PartNumber"; Value = "BTS70021EPPXUMA1"; VariantName = "[No Variations]"
Add component (AddParameter): Name = "Value"; Value = "BTS70021EPPXUMA1"; VariantName = "[No Variations]"
Added Component: Designator=U6(SOP65P600X115-15)
Add component (AddParameter): Name = "Case"; Value = "TSDSO-14"; VariantName = "[No Variations]"
Add component (AddParameter): Name = "Manufacturer"; Value = "Infineon Technologies"; VariantName = "[No Variations]"
Add component (AddParameter): Name = "PartNumber"; Value = "BTS70021EPPXUMA1"; VariantName = "[No Variations]"
Add component (AddParameter): Name = "Value"; Value = "BTS70021EPPXUMA1"; VariantName = "[No Variations]"
Added Component: Designator=U7(SOP65P600X115-15)
Add component (AddParameter): Name = "Case"; Value = "TSDSO-14"; VariantName = "[No Variations]"
Add component (AddParameter): Name = "Manufacturer"; Value = "Infineon Technologies"; VariantName = "[No Variations]"
Add component (AddParameter): Name = "PartNumber"; Value = "BTS70041EPZXUMA1"; VariantName = "[No Variations]"
Add component (AddParameter): Name = "Value"; Value = "BTS70041EPZXUMA1"; VariantName = "[No Variations]"
Added Component: Designator=U8(SOP65P600X115-15)
Add component (AddParameter): Name = "Case"; Value = "TSDSO-14"; VariantName = "[No Variations]"
Add component (AddParameter): Name = "Manufacturer"; Value = "Infineon Technologies"; VariantName = "[No Variations]"
Add component (AddParameter): Name = "PartNumber"; Value = "BTS70041EPZXUMA1"; VariantName = "[No Variations]"
Add component (AddParameter): Name = "Value"; Value = "BTS70041EPZXUMA1"; VariantName = "[No Variations]"
Added Component: Designator=U9(SOT95P280X145-5N)
Add component (AddParameter): Name = "Case"; Value = "SOT23-5"; VariantName = "[No Variations]"
Add component (AddParameter): Name = "Manufacturer"; Value = "Texas Instrument"; VariantName = "[No Variations]"
Add component (AddParameter): Name = "PartNumber"; Value = "TLV9001IDBVR"; VariantName = "[No Variations]"
Add component (AddParameter): Name = "SMD/PTH"; Value = "SMD"; VariantName = "[No Variations]"
Add component (AddParameter): Name = "Value"; Value = "TLV9001IDBVR"; VariantName = "[No Variations]"
Added Component: Designator=U10(SOT95P280X145-5N)
Add component (AddParameter): Name = "Case"; Value = "SOT23-5"; VariantName = "[No Variations]"
Add component (AddParameter): Name = "Manufacturer"; Value = "Texas Instrument"; VariantName = "[No Variations]"
Add component (AddParameter): Name = "PartNumber"; Value = "TLV9001IDBVR"; VariantName = "[No Variations]"
Add component (AddParameter): Name = "SMD/PTH"; Value = "SMD"; VariantName = "[No Variations]"
Add component (AddParameter): Name = "Value"; Value = "TLV9001IDBVR"; VariantName = "[No Variations]"
Added Component: Designator=U11(SOT95P280X145-5N)
Add component (AddParameter): Name = "Case"; Value = "SOT23-5"; VariantName = "[No Variations]"
Add component (AddParameter): Name = "Manufacturer"; Value = "Texas Instrument"; VariantName = "[No Variations]"
Add component (AddParameter): Name = "PartNumber"; Value = "TLV9001IDBVR"; VariantName = "[No Variations]"
Add component (AddParameter): Name = "SMD/PTH"; Value = "SMD"; VariantName = "[No Variations]"
Add component (AddParameter): Name = "Value"; Value = "TLV9001IDBVR"; VariantName = "[No Variations]"
Added Component: Designator=U12(SOT95P280X145-5N)
Add component (AddParameter): Name = "Case"; Value = "SOT23-5"; VariantName = "[No Variations]"
Add component (AddParameter): Name = "Manufacturer"; Value = "Texas Instrument"; VariantName = "[No Variations]"
Add component (AddParameter): Name = "PartNumber"; Value = "TLV9001IDBVR"; VariantName = "[No Variations]"
Add component (AddParameter): Name = "SMD/PTH"; Value = "SMD"; VariantName = "[No Variations]"
Add component (AddParameter): Name = "Value"; Value = "TLV9001IDBVR"; VariantName = "[No Variations]"
Added Component: Designator=U13(SOIC127P600X175-8N)
Add component (AddParameter): Name = "Manufacturer"; Value = "Fujitsu Semiconductor"; VariantName = "[No Variations]"
Add component (AddParameter): Name = "PartNumber"; Value = "MB85RC04VPNF-G-JNERE1"; VariantName = "[No Variations]"
Add component (AddParameter): Name = "Value"; Value = "MB85RC04V"; VariantName = "[No Variations]"
Added Component: Designator=U14(FP-SOT1426-1-IPC_A)
Add component (AddParameter): Name = "Case"; Value = "HUQFN-32"; VariantName = "[No Variations]"
Add component (AddParameter): Name = "Manufacturer"; Value = "NXP Semiconductors"; VariantName = "[No Variations]"
Add component (AddParameter): Name = "PartNumber"; Value = "PCAL6524HEAZ"; VariantName = "[No Variations]"
Add component (AddParameter): Name = "Value"; Value = "PCAL6524HEAZ"; VariantName = "[No Variations]"
Added Component: Designator=U15(MCHP-MSOP-MS8_N)
Add component (AddParameter): Name = "Manufacturer"; Value = "Microchip"; VariantName = "[No Variations]"
Add component (AddParameter): Name = "PartNumber"; Value = "MCP9808-E/MS"; VariantName = "[No Variations]"
Added Component: Designator=U16(SOP65P600X115-15)
Add component (AddParameter): Name = "Case"; Value = "TSDSO-14"; VariantName = "[No Variations]"
Add component (AddParameter): Name = "Manufacturer"; Value = "Infineon Technologies"; VariantName = "[No Variations]"
Add component (AddParameter): Name = "PartNumber"; Value = "BTS70082EPZXUMA1"; VariantName = "[No Variations]"
Add component (AddParameter): Name = "Value"; Value = "BTS70082EPZXUMA1"; VariantName = "[No Variations]"
Added Component: Designator=U17(SOP65P600X115-15)
Add component (AddParameter): Name = "Case"; Value = "TSDSO-14"; VariantName = "[No Variations]"
Add component (AddParameter): Name = "Manufacturer"; Value = "Infineon Technologies"; VariantName = "[No Variations]"
Add component (AddParameter): Name = "PartNumber"; Value = "BTS70802EPAXUMA1"; VariantName = "[No Variations]"
Add component (AddParameter): Name = "Value"; Value = "BTS70802EPAXUMA1"; VariantName = "[No Variations]"
Added Component: Designator=U18(SOP65P600X115-15)
Add component (AddParameter): Name = "Case"; Value = "TSDSO-14"; VariantName = "[No Variations]"
Add component (AddParameter): Name = "Manufacturer"; Value = "Infineon Technologies"; VariantName = "[No Variations]"
Add component (AddParameter): Name = "PartNumber"; Value = "BTS70021EPPXUMA1"; VariantName = "[No Variations]"
Add component (AddParameter): Name = "Value"; Value = "BTS70021EPPXUMA1"; VariantName = "[No Variations]"
Added Component: Designator=X1(ABM8G_abracon)
Add component (AddParameter): Name = "Manufacturer"; Value = "Abracom"; VariantName = "[No Variations]"
Add component (AddParameter): Name = "PartNumber"; Value = "ABM8AIG-8.000MHZ-1Z-T"; VariantName = "[No Variations]"
Add component (AddParameter): Name = "Value"; Value = "ABM8AIG-8.000MHZ-1Z-T"; VariantName = "[No Variations]"
Added Pin To Net: NetName=+3V3 Pin=C9-1
Added Pin To Net: NetName=+3V3 Pin=C10-1
Added Pin To Net: NetName=+3V3 Pin=C11-1
Added Pin To Net: NetName=+3V3 Pin=C12-1
Added Pin To Net: NetName=+3V3 Pin=C13-1
Added Pin To Net: NetName=+3V3 Pin=C14-1
Added Pin To Net: NetName=+3V3 Pin=C15-1
Added Pin To Net: NetName=+3V3 Pin=C16-1
Added Pin To Net: NetName=+3V3 Pin=C23-1
Added Pin To Net: NetName=+3V3 Pin=J1-1
Added Pin To Net: NetName=+3V3 Pin=L2-1
Added Pin To Net: NetName=+3V3 Pin=SW1-1
Added Pin To Net: NetName=+3V3 Pin=U3-1
Added Pin To Net: NetName=+3V3 Pin=U3-19
Added Pin To Net: NetName=+3V3 Pin=U3-32
Added Pin To Net: NetName=+3V3 Pin=U3-48
Added Pin To Net: NetName=+3V3 Pin=U3-64
Added Net: Name=+3V3
Added Pin To Net: NetName=+12V Pin=C29-1
Added Pin To Net: NetName=+12V Pin=C30-1
Added Pin To Net: NetName=+12V Pin=C33-1
Added Pin To Net: NetName=+12V Pin=C34-1
Added Pin To Net: NetName=+12V Pin=C37-1
Added Pin To Net: NetName=+12V Pin=C38-1
Added Pin To Net: NetName=+12V Pin=C41-1
Added Pin To Net: NetName=+12V Pin=C42-1
Added Pin To Net: NetName=+12V Pin=C61-1
Added Pin To Net: NetName=+12V Pin=C62-1
Added Pin To Net: NetName=+12V Pin=C66-1
Added Pin To Net: NetName=+12V Pin=C67-1
Added Pin To Net: NetName=+12V Pin=C71-1
Added Pin To Net: NetName=+12V Pin=C72-1
Added Pin To Net: NetName=+12V Pin=D1-A
Added Pin To Net: NetName=+12V Pin=D3-2
Added Pin To Net: NetName=+12V Pin=MP1-1
Added Pin To Net: NetName=+12V Pin=MP1-1
Added Pin To Net: NetName=+12V Pin=MP1-1
Added Pin To Net: NetName=+12V Pin=MP1-1
Added Pin To Net: NetName=+12V Pin=MP1-1
Added Pin To Net: NetName=+12V Pin=MP1-1
Added Pin To Net: NetName=+12V Pin=MP1-1
Added Pin To Net: NetName=+12V Pin=MP1-1
Added Pin To Net: NetName=+12V Pin=MP1-1
Added Pin To Net: NetName=+12V Pin=MP2-1
Added Pin To Net: NetName=+12V Pin=MP2-1
Added Pin To Net: NetName=+12V Pin=MP2-1
Added Pin To Net: NetName=+12V Pin=MP2-1
Added Pin To Net: NetName=+12V Pin=MP2-1
Added Pin To Net: NetName=+12V Pin=MP2-1
Added Pin To Net: NetName=+12V Pin=MP2-1
Added Pin To Net: NetName=+12V Pin=MP2-1
Added Pin To Net: NetName=+12V Pin=MP2-1
Added Pin To Net: NetName=+12V Pin=R7-1
Added Pin To Net: NetName=+12V Pin=R10-2
Added Pin To Net: NetName=+12V Pin=R21-2
Added Pin To Net: NetName=+12V Pin=R27-2
Added Pin To Net: NetName=+12V Pin=R35-2
Added Pin To Net: NetName=+12V Pin=R41-2
Added Pin To Net: NetName=+12V Pin=R106-2
Added Pin To Net: NetName=+12V Pin=R117-2
Added Pin To Net: NetName=+12V Pin=R154-2
Added Pin To Net: NetName=+12V Pin=U5-15
Added Pin To Net: NetName=+12V Pin=U6-15
Added Pin To Net: NetName=+12V Pin=U7-15
Added Pin To Net: NetName=+12V Pin=U8-15
Added Pin To Net: NetName=+12V Pin=U16-15
Added Pin To Net: NetName=+12V Pin=U17-15
Added Pin To Net: NetName=+12V Pin=U18-15
Added Net: Name=+12V
Added Pin To Net: NetName=3V3 Pin=C8-1
Added Pin To Net: NetName=3V3 Pin=C27-1
Added Pin To Net: NetName=3V3 Pin=C28-2
Added Pin To Net: NetName=3V3 Pin=C57-1
Added Pin To Net: NetName=3V3 Pin=C58-1
Added Pin To Net: NetName=3V3 Pin=C60-1
Added Pin To Net: NetName=3V3 Pin=R6-2
Added Pin To Net: NetName=3V3 Pin=R14-2
Added Pin To Net: NetName=3V3 Pin=R48-2
Added Pin To Net: NetName=3V3 Pin=R49-2
Added Pin To Net: NetName=3V3 Pin=R50-2
Added Pin To Net: NetName=3V3 Pin=R51-2
Added Pin To Net: NetName=3V3 Pin=R64-2
Added Pin To Net: NetName=3V3 Pin=R65-2
Added Pin To Net: NetName=3V3 Pin=R66-2
Added Pin To Net: NetName=3V3 Pin=R67-2
Added Pin To Net: NetName=3V3 Pin=R78-2
Added Pin To Net: NetName=3V3 Pin=R79-2
Added Pin To Net: NetName=3V3 Pin=R86-2
Added Pin To Net: NetName=3V3 Pin=R87-2
Added Pin To Net: NetName=3V3 Pin=R94-2
Added Pin To Net: NetName=3V3 Pin=R95-2
Added Pin To Net: NetName=3V3 Pin=R96-2
Added Pin To Net: NetName=3V3 Pin=R97-2
Added Pin To Net: NetName=3V3 Pin=R99-2
Added Pin To Net: NetName=3V3 Pin=U2-5
Added Pin To Net: NetName=3V3 Pin=U4-5
Added Pin To Net: NetName=3V3 Pin=U13-8
Added Pin To Net: NetName=3V3 Pin=U14-31
Added Pin To Net: NetName=3V3 Pin=U15-8
Added Net: Name=3V3
Added Pin To Net: NetName=5V Pin=C3-1
Added Pin To Net: NetName=5V Pin=C4-1
Added Pin To Net: NetName=5V Pin=C5-1
Added Pin To Net: NetName=5V Pin=C6-1
Added Pin To Net: NetName=5V Pin=C7-1
Added Pin To Net: NetName=5V Pin=C25-1
Added Pin To Net: NetName=5V Pin=C26-1
Added Pin To Net: NetName=5V Pin=C28-1
Added Pin To Net: NetName=5V Pin=C47-1
Added Pin To Net: NetName=5V Pin=C48-1
Added Pin To Net: NetName=5V Pin=C51-1
Added Pin To Net: NetName=5V Pin=C52-1
Added Pin To Net: NetName=5V Pin=C59-1
Added Pin To Net: NetName=5V Pin=D2-C
Added Pin To Net: NetName=5V Pin=J3-A4-B9
Added Pin To Net: NetName=5V Pin=J3-B4-A9
Added Pin To Net: NetName=5V Pin=R2-2
Added Pin To Net: NetName=5V Pin=R148-2
Added Pin To Net: NetName=5V Pin=U2-1
Added Pin To Net: NetName=5V Pin=U2-3
Added Pin To Net: NetName=5V Pin=U4-3
Added Pin To Net: NetName=5V Pin=U9-5
Added Pin To Net: NetName=5V Pin=U10-5
Added Pin To Net: NetName=5V Pin=U11-5
Added Pin To Net: NetName=5V Pin=U12-5
Added Pin To Net: NetName=5V Pin=U14-27
Added Net: Name=5V
Added Pin To Net: NetName=CAN0_IC_N Pin=L4-1
Added Pin To Net: NetName=CAN0_IC_N Pin=R13-1
Added Pin To Net: NetName=CAN0_IC_N Pin=U4-6
Added Net: Name=CAN0_IC_N
Added Pin To Net: NetName=CAN0_IC_P Pin=L3-1
Added Pin To Net: NetName=CAN0_IC_P Pin=R13-2
Added Pin To Net: NetName=CAN0_IC_P Pin=U4-7
Added Net: Name=CAN0_IC_P
Added Pin To Net: NetName=CAN_N Pin=D5-1
Added Pin To Net: NetName=CAN_N Pin=J2-19
Added Pin To Net: NetName=CAN_N Pin=L4-2
Added Pin To Net: NetName=CAN_N Pin=TP7-1
Added Net: Name=CAN_N
Added Pin To Net: NetName=CAN_P Pin=D5-2
Added Pin To Net: NetName=CAN_P Pin=J2-20
Added Pin To Net: NetName=CAN_P Pin=L3-2
Added Pin To Net: NetName=CAN_P Pin=TP6-1
Added Net: Name=CAN_P
Added Pin To Net: NetName=D1_IN Pin=D10-1
Added Pin To Net: NetName=D1_IN Pin=R80-1
Added Net: Name=D1_IN
Added Pin To Net: NetName=D2_IN Pin=D10-3
Added Pin To Net: NetName=D2_IN Pin=R88-1
Added Net: Name=D2_IN
Added Pin To Net: NetName=D3_IN Pin=D10-5
Added Pin To Net: NetName=D3_IN Pin=R82-1
Added Net: Name=D3_IN
Added Pin To Net: NetName=D4_IN Pin=D10-4
Added Pin To Net: NetName=D4_IN Pin=R90-1
Added Net: Name=D4_IN
Added Pin To Net: NetName=GND Pin=C1-2
Added Pin To Net: NetName=GND Pin=C3-2
Added Pin To Net: NetName=GND Pin=C4-2
Added Pin To Net: NetName=GND Pin=C5-2
Added Pin To Net: NetName=GND Pin=C6-2
Added Pin To Net: NetName=GND Pin=C7-2
Added Pin To Net: NetName=GND Pin=C8-2
Added Pin To Net: NetName=GND Pin=C9-2
Added Pin To Net: NetName=GND Pin=C10-2
Added Pin To Net: NetName=GND Pin=C11-2
Added Pin To Net: NetName=GND Pin=C12-2
Added Pin To Net: NetName=GND Pin=C13-2
Added Pin To Net: NetName=GND Pin=C14-2
Added Pin To Net: NetName=GND Pin=C15-2
Added Pin To Net: NetName=GND Pin=C16-2
Added Pin To Net: NetName=GND Pin=C17-2
Added Pin To Net: NetName=GND Pin=C18-2
Added Pin To Net: NetName=GND Pin=C19-2
Added Pin To Net: NetName=GND Pin=C20-2
Added Pin To Net: NetName=GND Pin=C21-2
Added Pin To Net: NetName=GND Pin=C22-2
Added Pin To Net: NetName=GND Pin=C23-2
Added Pin To Net: NetName=GND Pin=C24-2
Added Pin To Net: NetName=GND Pin=C25-2
Added Pin To Net: NetName=GND Pin=C26-2
Added Pin To Net: NetName=GND Pin=C27-2
Added Pin To Net: NetName=GND Pin=C30-2
Added Pin To Net: NetName=GND Pin=C31-2
Added Pin To Net: NetName=GND Pin=C32-2
Added Pin To Net: NetName=GND Pin=C34-2
Added Pin To Net: NetName=GND Pin=C35-2
Added Pin To Net: NetName=GND Pin=C36-2
Added Pin To Net: NetName=GND Pin=C38-2
Added Pin To Net: NetName=GND Pin=C39-2
Added Pin To Net: NetName=GND Pin=C40-2
Added Pin To Net: NetName=GND Pin=C42-2
Added Pin To Net: NetName=GND Pin=C43-2
Added Pin To Net: NetName=GND Pin=C44-2
Added Pin To Net: NetName=GND Pin=C45-2
Added Pin To Net: NetName=GND Pin=C46-2
Added Pin To Net: NetName=GND Pin=C47-2
Added Pin To Net: NetName=GND Pin=C48-2
Added Pin To Net: NetName=GND Pin=C49-2
Added Pin To Net: NetName=GND Pin=C50-2
Added Pin To Net: NetName=GND Pin=C51-2
Added Pin To Net: NetName=GND Pin=C52-2
Added Pin To Net: NetName=GND Pin=C53-2
Added Pin To Net: NetName=GND Pin=C54-2
Added Pin To Net: NetName=GND Pin=C55-2
Added Pin To Net: NetName=GND Pin=C56-2
Added Pin To Net: NetName=GND Pin=C57-2
Added Pin To Net: NetName=GND Pin=C58-2
Added Pin To Net: NetName=GND Pin=C59-2
Added Pin To Net: NetName=GND Pin=C60-2
Added Pin To Net: NetName=GND Pin=C62-2
Added Pin To Net: NetName=GND Pin=C63-2
Added Pin To Net: NetName=GND Pin=C64-2
Added Pin To Net: NetName=GND Pin=C65-2
Added Pin To Net: NetName=GND Pin=C67-2
Added Pin To Net: NetName=GND Pin=C68-2
Added Pin To Net: NetName=GND Pin=C69-2
Added Pin To Net: NetName=GND Pin=C70-2
Added Pin To Net: NetName=GND Pin=C72-2
Added Pin To Net: NetName=GND Pin=C73-2
Added Pin To Net: NetName=GND Pin=C74-2
Added Pin To Net: NetName=GND Pin=D3-1
Added Pin To Net: NetName=GND Pin=D4-A
Added Pin To Net: NetName=GND Pin=D5-3
Added Pin To Net: NetName=GND Pin=D6-A
Added Pin To Net: NetName=GND Pin=D7-A
Added Pin To Net: NetName=GND Pin=D8-A
Added Pin To Net: NetName=GND Pin=D9-A
Added Pin To Net: NetName=GND Pin=D10-2
Added Pin To Net: NetName=GND Pin=D11-A
Added Pin To Net: NetName=GND Pin=D12-A
Added Pin To Net: NetName=GND Pin=D13-3
Added Pin To Net: NetName=GND Pin=D14-A
Added Pin To Net: NetName=GND Pin=DL1-C
Added Pin To Net: NetName=GND Pin=DL2-C
Added Pin To Net: NetName=GND Pin=DL3-C
Added Pin To Net: NetName=GND Pin=DL4-C1
Added Pin To Net: NetName=GND Pin=DL4-C2
Added Pin To Net: NetName=GND Pin=DL6-C1
Added Pin To Net: NetName=GND Pin=DL6-C2
Added Pin To Net: NetName=GND Pin=DL7-C1
Added Pin To Net: NetName=GND Pin=DL7-C2
Added Pin To Net: NetName=GND Pin=DL8-C1
Added Pin To Net: NetName=GND Pin=DL8-C2
Added Pin To Net: NetName=GND Pin=DL9-C1
Added Pin To Net: NetName=GND Pin=DL9-C2
Added Pin To Net: NetName=GND Pin=DL10-C1
Added Pin To Net: NetName=GND Pin=DL10-C2
Added Pin To Net: NetName=GND Pin=DL11-C1
Added Pin To Net: NetName=GND Pin=DL11-C2
Added Pin To Net: NetName=GND Pin=DL12-C1
Added Pin To Net: NetName=GND Pin=DL12-C2
Added Pin To Net: NetName=GND Pin=DL13-C1
Added Pin To Net: NetName=GND Pin=DL13-C2
Added Pin To Net: NetName=GND Pin=DL14-C1
Added Pin To Net: NetName=GND Pin=DL14-C2
Added Pin To Net: NetName=GND Pin=DL15-C1
Added Pin To Net: NetName=GND Pin=DL15-C2
Added Pin To Net: NetName=GND Pin=DL16-C
Added Pin To Net: NetName=GND Pin=DL17-C
Added Pin To Net: NetName=GND Pin=DL18-C
Added Pin To Net: NetName=GND Pin=DL19-C
Added Pin To Net: NetName=GND Pin=J1-3
Added Pin To Net: NetName=GND Pin=J1-5
Added Pin To Net: NetName=GND Pin=J2-24
Added Pin To Net: NetName=GND Pin=J3-1
Added Pin To Net: NetName=GND Pin=J3-2
Added Pin To Net: NetName=GND Pin=J3-3
Added Pin To Net: NetName=GND Pin=J3-4
Added Pin To Net: NetName=GND Pin=J3-A1-B12
Added Pin To Net: NetName=GND Pin=J3-B1-A12
Added Pin To Net: NetName=GND Pin=R4-1
Added Pin To Net: NetName=GND Pin=R5-1
Added Pin To Net: NetName=GND Pin=R12-1
Added Pin To Net: NetName=GND Pin=R15-1
Added Pin To Net: NetName=GND Pin=R18-1
Added Pin To Net: NetName=GND Pin=R19-1
Added Pin To Net: NetName=GND Pin=R20-2
Added Pin To Net: NetName=GND Pin=R25-1
Added Pin To Net: NetName=GND Pin=R26-2
Added Pin To Net: NetName=GND Pin=R31-1
Added Pin To Net: NetName=GND Pin=R32-1
Added Pin To Net: NetName=GND Pin=R33-1
Added Pin To Net: NetName=GND Pin=R34-2
Added Pin To Net: NetName=GND Pin=R39-1
Added Pin To Net: NetName=GND Pin=R40-2
Added Pin To Net: NetName=GND Pin=R45-1
Added Pin To Net: NetName=GND Pin=R52-2
Added Pin To Net: NetName=GND Pin=R53-2
Added Pin To Net: NetName=GND Pin=R58-1
Added Pin To Net: NetName=GND Pin=R59-1
Added Pin To Net: NetName=GND Pin=R68-2
Added Pin To Net: NetName=GND Pin=R69-2
Added Pin To Net: NetName=GND Pin=R74-1
Added Pin To Net: NetName=GND Pin=R75-1
Added Pin To Net: NetName=GND Pin=R84-1
Added Pin To Net: NetName=GND Pin=R85-1
Added Pin To Net: NetName=GND Pin=R92-1
Added Pin To Net: NetName=GND Pin=R93-1
Added Pin To Net: NetName=GND Pin=R98-2
Added Pin To Net: NetName=GND Pin=R102-1
Added Pin To Net: NetName=GND Pin=R103-1
Added Pin To Net: NetName=GND Pin=R104-1
Added Pin To Net: NetName=GND Pin=R105-2
Added Pin To Net: NetName=GND Pin=R112-1
Added Pin To Net: NetName=GND Pin=R113-1
Added Pin To Net: NetName=GND Pin=R114-1
Added Pin To Net: NetName=GND Pin=R115-1
Added Pin To Net: NetName=GND Pin=R116-2
Added Pin To Net: NetName=GND Pin=R123-1
Added Pin To Net: NetName=GND Pin=R149-1
Added Pin To Net: NetName=GND Pin=R150-1
Added Pin To Net: NetName=GND Pin=R151-1
Added Pin To Net: NetName=GND Pin=R152-1
Added Pin To Net: NetName=GND Pin=R153-2
Added Pin To Net: NetName=GND Pin=R158-1
Added Pin To Net: NetName=GND Pin=SW1-3
Added Pin To Net: NetName=GND Pin=U1-2
Added Pin To Net: NetName=GND Pin=U2-2
Added Pin To Net: NetName=GND Pin=U3-12
Added Pin To Net: NetName=GND Pin=U3-18
Added Pin To Net: NetName=GND Pin=U3-31
Added Pin To Net: NetName=GND Pin=U3-47
Added Pin To Net: NetName=GND Pin=U3-63
Added Pin To Net: NetName=GND Pin=U4-2
Added Pin To Net: NetName=GND Pin=U4-9
Added Pin To Net: NetName=GND Pin=U9-2
Added Pin To Net: NetName=GND Pin=U10-2
Added Pin To Net: NetName=GND Pin=U11-2
Added Pin To Net: NetName=GND Pin=U12-2
Added Pin To Net: NetName=GND Pin=U13-2
Added Pin To Net: NetName=GND Pin=U13-3
Added Pin To Net: NetName=GND Pin=U13-4
Added Pin To Net: NetName=GND Pin=U13-7
Added Pin To Net: NetName=GND Pin=U14-25
Added Pin To Net: NetName=GND Pin=U14-33
Added Pin To Net: NetName=GND Pin=U15-4
Added Pin To Net: NetName=GND Pin=U15-5
Added Pin To Net: NetName=GND Pin=U15-6
Added Pin To Net: NetName=GND Pin=U15-7
Added Pin To Net: NetName=GND Pin=X1-2
Added Pin To Net: NetName=GND Pin=X1-4
Added Net: Name=GND
Added Pin To Net: NetName=I2C_SCL Pin=R95-1
Added Pin To Net: NetName=I2C_SCL Pin=TP13-1
Added Pin To Net: NetName=I2C_SCL Pin=U3-58
Added Pin To Net: NetName=I2C_SCL Pin=U13-6
Added Pin To Net: NetName=I2C_SCL Pin=U14-29
Added Pin To Net: NetName=I2C_SCL Pin=U15-2
Added Net: Name=I2C_SCL
Added Pin To Net: NetName=I2C_SDA Pin=R94-1
Added Pin To Net: NetName=I2C_SDA Pin=TP12-1
Added Pin To Net: NetName=I2C_SDA Pin=U3-59
Added Pin To Net: NetName=I2C_SDA Pin=U13-5
Added Pin To Net: NetName=I2C_SDA Pin=U14-30
Added Pin To Net: NetName=I2C_SDA Pin=U15-1
Added Net: Name=I2C_SDA
Added Pin To Net: NetName=IGNITION Pin=R3-1
Added Pin To Net: NetName=IGNITION Pin=R7-2
Added Net: Name=IGNITION
Added Pin To Net: NetName=LD_STATUS Pin=R8-2
Added Pin To Net: NetName=LD_STATUS Pin=U3-54
Added Net: Name=LD_STATUS
Added Pin To Net: NetName=MCU_BATT_REF Pin=R11-2
Added Pin To Net: NetName=MCU_BATT_REF Pin=U3-17
Added Net: Name=MCU_BATT_REF
Added Pin To Net: NetName=MCU_BOOT0 Pin=R9-2
Added Pin To Net: NetName=MCU_BOOT0 Pin=TP1-1
Added Pin To Net: NetName=MCU_BOOT0 Pin=U3-60
Added Net: Name=MCU_BOOT0
Added Pin To Net: NetName=MCU_CAN_RX Pin=U3-61
Added Pin To Net: NetName=MCU_CAN_RX Pin=U4-4
Added Net: Name=MCU_CAN_RX
Added Pin To Net: NetName=MCU_CAN_TX Pin=R14-1
Added Pin To Net: NetName=MCU_CAN_TX Pin=U3-62
Added Pin To Net: NetName=MCU_CAN_TX Pin=U4-1
Added Net: Name=MCU_CAN_TX
Added Pin To Net: NetName=MCU_DIG1 Pin=R78-1
Added Pin To Net: NetName=MCU_DIG1 Pin=R81-2
Added Pin To Net: NetName=MCU_DIG1 Pin=R84-2
Added Net: Name=MCU_DIG1
Added Pin To Net: NetName=MCU_DIG2 Pin=R86-1
Added Pin To Net: NetName=MCU_DIG2 Pin=R89-2
Added Pin To Net: NetName=MCU_DIG2 Pin=R92-2
Added Net: Name=MCU_DIG2
Added Pin To Net: NetName=MCU_DIG3 Pin=R79-1
Added Pin To Net: NetName=MCU_DIG3 Pin=R83-2
Added Pin To Net: NetName=MCU_DIG3 Pin=R85-2
Added Net: Name=MCU_DIG3
Added Pin To Net: NetName=MCU_DIG4 Pin=R87-1
Added Pin To Net: NetName=MCU_DIG4 Pin=R91-2
Added Pin To Net: NetName=MCU_DIG4 Pin=R93-2
Added Net: Name=MCU_DIG4
Added Pin To Net: NetName=MCU_DSEL_L1_2 Pin=R104-2
Added Pin To Net: NetName=MCU_DSEL_L1_2 Pin=R107-1
Added Pin To Net: NetName=MCU_DSEL_L1_2 Pin=U3-36
Added Net: Name=MCU_DSEL_L1_2
Added Pin To Net: NetName=MCU_DSEL_L3_4 Pin=R115-2
Added Pin To Net: NetName=MCU_DSEL_L3_4 Pin=R118-1
Added Pin To Net: NetName=MCU_DSEL_L3_4 Pin=U3-41
Added Net: Name=MCU_DSEL_L3_4
Added Pin To Net: NetName=MCU_IN_H1 Pin=R19-2
Added Pin To Net: NetName=MCU_IN_H1 Pin=R22-1
Added Pin To Net: NetName=MCU_IN_H1 Pin=U3-26
Added Net: Name=MCU_IN_H1
Added Pin To Net: NetName=MCU_IN_H2 Pin=R18-2
Added Pin To Net: NetName=MCU_IN_H2 Pin=R28-1
Added Pin To Net: NetName=MCU_IN_H2 Pin=U3-27
Added Net: Name=MCU_IN_H2
Added Pin To Net: NetName=MCU_IN_H3 Pin=R152-2
Added Pin To Net: NetName=MCU_IN_H3 Pin=R155-1
Added Pin To Net: NetName=MCU_IN_H3 Pin=U3-28
Added Net: Name=MCU_IN_H3
Added Pin To Net: NetName=MCU_IN_L1 Pin=R103-2
Added Pin To Net: NetName=MCU_IN_L1 Pin=R108-1
Added Pin To Net: NetName=MCU_IN_L1 Pin=U3-37
Added Net: Name=MCU_IN_L1
Added Pin To Net: NetName=MCU_IN_L2 Pin=R102-2
Added Pin To Net: NetName=MCU_IN_L2 Pin=R109-1
Added Pin To Net: NetName=MCU_IN_L2 Pin=U3-38
Added Net: Name=MCU_IN_L2
Added Pin To Net: NetName=MCU_IN_L3 Pin=R114-2
Added Pin To Net: NetName=MCU_IN_L3 Pin=R119-1
Added Pin To Net: NetName=MCU_IN_L3 Pin=U3-39
Added Net: Name=MCU_IN_L3
Added Pin To Net: NetName=MCU_IN_L4 Pin=R113-2
Added Pin To Net: NetName=MCU_IN_L4 Pin=R120-1
Added Pin To Net: NetName=MCU_IN_L4 Pin=U3-40
Added Net: Name=MCU_IN_L4
Added Pin To Net: NetName=MCU_IN_M1 Pin=R33-2
Added Pin To Net: NetName=MCU_IN_M1 Pin=R36-1
Added Pin To Net: NetName=MCU_IN_M1 Pin=U3-29
Added Net: Name=MCU_IN_M1
Added Pin To Net: NetName=MCU_IN_M2 Pin=R42-1
Added Pin To Net: NetName=MCU_IN_M2 Pin=U3-35
Added Net: Name=MCU_IN_M2
Add Net: Net with name "MCU_IN_M2" already exists
Added Pin To Net: NetName=MCU_IS_H1 Pin=C32-1
Added Pin To Net: NetName=MCU_IS_H1 Pin=R23-1
Added Pin To Net: NetName=MCU_IS_H1 Pin=U3-14
Added Net: Name=MCU_IS_H1
Added Pin To Net: NetName=MCU_IS_H2 Pin=C36-1
Added Pin To Net: NetName=MCU_IS_H2 Pin=R29-1
Added Pin To Net: NetName=MCU_IS_H2 Pin=U3-15
Added Net: Name=MCU_IS_H2
Added Pin To Net: NetName=MCU_IS_H3 Pin=C74-1
Added Pin To Net: NetName=MCU_IS_H3 Pin=R156-1
Added Pin To Net: NetName=MCU_IS_H3 Pin=U3-16
Added Net: Name=MCU_IS_H3
Added Pin To Net: NetName=MCU_IS_L1_2 Pin=C65-1
Added Pin To Net: NetName=MCU_IS_L1_2 Pin=R110-1
Added Pin To Net: NetName=MCU_IS_L1_2 Pin=U3-22
Added Net: Name=MCU_IS_L1_2
Added Pin To Net: NetName=MCU_IS_L3_4 Pin=C70-1
Added Pin To Net: NetName=MCU_IS_L3_4 Pin=R121-1
Added Pin To Net: NetName=MCU_IS_L3_4 Pin=U3-23
Added Net: Name=MCU_IS_L3_4
Added Pin To Net: NetName=MCU_IS_M1 Pin=C40-1
Added Pin To Net: NetName=MCU_IS_M1 Pin=R37-1
Added Pin To Net: NetName=MCU_IS_M1 Pin=U3-20
Added Net: Name=MCU_IS_M1
Added Pin To Net: NetName=MCU_IS_M2 Pin=C44-1
Added Pin To Net: NetName=MCU_IS_M2 Pin=R43-1
Added Pin To Net: NetName=MCU_IS_M2 Pin=U3-21
Added Net: Name=MCU_IS_M2
Added Pin To Net: NetName=MCU_OSC_IN Pin=C19-1
Added Pin To Net: NetName=MCU_OSC_IN Pin=U3-5
Added Pin To Net: NetName=MCU_OSC_IN Pin=X1-1
Added Net: Name=MCU_OSC_IN
Added Pin To Net: NetName=MCU_OSC_OUT Pin=C20-1
Added Pin To Net: NetName=MCU_OSC_OUT Pin=U3-6
Added Pin To Net: NetName=MCU_OSC_OUT Pin=X1-3
Added Net: Name=MCU_OSC_OUT
Added Pin To Net: NetName=MCU_RST Pin=C21-1
Added Pin To Net: NetName=MCU_RST Pin=J1-10
Added Pin To Net: NetName=MCU_RST Pin=TP5-1
Added Pin To Net: NetName=MCU_RST Pin=U3-7
Added Net: Name=MCU_RST
Added Pin To Net: NetName=MCU_SENS1 Pin=C45-1
Added Pin To Net: NetName=MCU_SENS1 Pin=R49-1
Added Pin To Net: NetName=MCU_SENS1 Pin=R54-2
Added Pin To Net: NetName=MCU_SENS1 Pin=R60-2
Added Pin To Net: NetName=MCU_SENS1 Pin=U3-8
Added Net: Name=MCU_SENS1
Added Pin To Net: NetName=MCU_SENS2 Pin=C49-1
Added Pin To Net: NetName=MCU_SENS2 Pin=R65-1
Added Pin To Net: NetName=MCU_SENS2 Pin=R70-2
Added Pin To Net: NetName=MCU_SENS2 Pin=R76-2
Added Pin To Net: NetName=MCU_SENS2 Pin=U3-9
Added Net: Name=MCU_SENS2
Added Pin To Net: NetName=MCU_SENS3 Pin=C46-1
Added Pin To Net: NetName=MCU_SENS3 Pin=R51-1
Added Pin To Net: NetName=MCU_SENS3 Pin=R55-2
Added Pin To Net: NetName=MCU_SENS3 Pin=R61-2
Added Pin To Net: NetName=MCU_SENS3 Pin=U3-10
Added Net: Name=MCU_SENS3
Added Pin To Net: NetName=MCU_SENS4 Pin=C50-1
Added Pin To Net: NetName=MCU_SENS4 Pin=R67-1
Added Pin To Net: NetName=MCU_SENS4 Pin=R71-2
Added Pin To Net: NetName=MCU_SENS4 Pin=R77-2
Added Pin To Net: NetName=MCU_SENS4 Pin=U3-11
Added Net: Name=MCU_SENS4
Added Pin To Net: NetName=MCU_SWCLK Pin=J1-4
Added Pin To Net: NetName=MCU_SWCLK Pin=TP3-1
Added Pin To Net: NetName=MCU_SWCLK Pin=U3-49
Added Net: Name=MCU_SWCLK
Added Pin To Net: NetName=MCU_SWDIO Pin=J1-2
Added Pin To Net: NetName=MCU_SWDIO Pin=TP2-1
Added Pin To Net: NetName=MCU_SWDIO Pin=U3-46
Added Net: Name=MCU_SWDIO
Added Pin To Net: NetName=MCU_SWO Pin=J1-6
Added Pin To Net: NetName=MCU_SWO Pin=TP4-1
Added Pin To Net: NetName=MCU_SWO Pin=U3-55
Added Net: Name=MCU_SWO
Added Pin To Net: NetName=MCU_USB_VBUS Pin=R148-1
Added Pin To Net: NetName=MCU_USB_VBUS Pin=R149-2
Added Pin To Net: NetName=MCU_USB_VBUS Pin=U3-42
Added Net: Name=MCU_USB_VBUS
Added Pin To Net: NetName=MCU_USBD_N Pin=D13-2
Added Pin To Net: NetName=MCU_USBD_N Pin=R147-1
Added Pin To Net: NetName=MCU_USBD_N Pin=U3-44
Added Net: Name=MCU_USBD_N
Added Pin To Net: NetName=MCU_USBD_P Pin=D13-1
Added Pin To Net: NetName=MCU_USBD_P Pin=R146-1
Added Pin To Net: NetName=MCU_USBD_P Pin=U3-45
Added Net: Name=MCU_USBD_P
Added Pin To Net: NetName=NetC1_1 Pin=C1-1
Added Pin To Net: NetName=NetC1_1 Pin=D1-C
Added Pin To Net: NetName=NetC1_1 Pin=U1-5
Added Net: Name=NetC1_1
Added Pin To Net: NetName=NetC2_1 Pin=C2-1
Added Pin To Net: NetName=NetC2_1 Pin=U1-1
Added Net: Name=NetC2_1
Added Pin To Net: NetName=NetC2_2 Pin=C2-2
Added Pin To Net: NetName=NetC2_2 Pin=L1-1
Added Pin To Net: NetName=NetC2_2 Pin=U1-6
Added Net: Name=NetC2_2
Added Pin To Net: NetName=NetC22_1 Pin=C22-1
Added Pin To Net: NetName=NetC22_1 Pin=U3-30
Added Net: Name=NetC22_1
Added Pin To Net: NetName=NetC24_1 Pin=C24-1
Added Pin To Net: NetName=NetC24_1 Pin=D4-C
Added Pin To Net: NetName=NetC24_1 Pin=R10-1
Added Pin To Net: NetName=NetC24_1 Pin=R11-1
Added Pin To Net: NetName=NetC24_1 Pin=R12-2
Added Net: Name=NetC24_1
Added Pin To Net: NetName=NetC29_2 Pin=C29-2
Added Pin To Net: NetName=NetC29_2 Pin=R20-1
Added Pin To Net: NetName=NetC29_2 Pin=U5-1
Added Net: Name=NetC29_2
Added Pin To Net: NetName=NetC33_2 Pin=C33-2
Added Pin To Net: NetName=NetC33_2 Pin=R26-1
Added Pin To Net: NetName=NetC33_2 Pin=U6-1
Added Net: Name=NetC33_2
Added Pin To Net: NetName=NetC37_2 Pin=C37-2
Added Pin To Net: NetName=NetC37_2 Pin=R34-1
Added Pin To Net: NetName=NetC37_2 Pin=U7-1
Added Net: Name=NetC37_2
Added Pin To Net: NetName=NetC41_2 Pin=C41-2
Added Pin To Net: NetName=NetC41_2 Pin=R40-1
Added Pin To Net: NetName=NetC41_2 Pin=U8-1
Added Net: Name=NetC41_2
Added Pin To Net: NetName=NetC53_1 Pin=C53-1
Added Pin To Net: NetName=NetC53_1 Pin=R80-2
Added Pin To Net: NetName=NetC53_1 Pin=R81-1
Added Net: Name=NetC53_1
Added Pin To Net: NetName=NetC54_1 Pin=C54-1
Added Pin To Net: NetName=NetC54_1 Pin=R82-2
Added Pin To Net: NetName=NetC54_1 Pin=R83-1
Added Net: Name=NetC54_1
Added Pin To Net: NetName=NetC55_1 Pin=C55-1
Added Pin To Net: NetName=NetC55_1 Pin=R88-2
Added Pin To Net: NetName=NetC55_1 Pin=R89-1
Added Net: Name=NetC55_1
Added Pin To Net: NetName=NetC56_1 Pin=C56-1
Added Pin To Net: NetName=NetC56_1 Pin=R90-2
Added Pin To Net: NetName=NetC56_1 Pin=R91-1
Added Net: Name=NetC56_1
Added Pin To Net: NetName=NetC61_2 Pin=C61-2
Added Pin To Net: NetName=NetC61_2 Pin=R105-1
Added Pin To Net: NetName=NetC61_2 Pin=U16-1
Added Net: Name=NetC61_2
Added Pin To Net: NetName=NetC66_2 Pin=C66-2
Added Pin To Net: NetName=NetC66_2 Pin=R116-1
Added Pin To Net: NetName=NetC66_2 Pin=U17-1
Added Net: Name=NetC66_2
Added Pin To Net: NetName=NetC71_2 Pin=C71-2
Added Pin To Net: NetName=NetC71_2 Pin=R153-1
Added Pin To Net: NetName=NetC71_2 Pin=U18-1
Added Net: Name=NetC71_2
Added Pin To Net: NetName=NetD2_A Pin=D2-A
Added Pin To Net: NetName=NetD2_A Pin=L1-2
Added Pin To Net: NetName=NetD2_A Pin=R1-2
Added Net: Name=NetD2_A
Added Pin To Net: NetName=NetD6_C Pin=D6-C
Added Pin To Net: NetName=NetD6_C Pin=R23-2
Added Pin To Net: NetName=NetD6_C Pin=R24-1
Added Net: Name=NetD6_C
Added Pin To Net: NetName=NetD7_C Pin=D7-C
Added Pin To Net: NetName=NetD7_C Pin=R29-2
Added Pin To Net: NetName=NetD7_C Pin=R30-1
Added Net: Name=NetD7_C
Added Pin To Net: NetName=NetD8_C Pin=D8-C
Added Pin To Net: NetName=NetD8_C Pin=R37-2
Added Pin To Net: NetName=NetD8_C Pin=R38-1
Added Net: Name=NetD8_C
Added Pin To Net: NetName=NetD9_C Pin=D9-C
Added Pin To Net: NetName=NetD9_C Pin=R43-2
Added Pin To Net: NetName=NetD9_C Pin=R44-1
Added Net: Name=NetD9_C
Added Pin To Net: NetName=NetD11_C Pin=D11-C
Added Pin To Net: NetName=NetD11_C Pin=R110-2
Added Pin To Net: NetName=NetD11_C Pin=R111-1
Added Net: Name=NetD11_C
Added Pin To Net: NetName=NetD12_C Pin=D12-C
Added Pin To Net: NetName=NetD12_C Pin=R121-2
Added Pin To Net: NetName=NetD12_C Pin=R122-1
Added Net: Name=NetD12_C
Added Pin To Net: NetName=NetD14_C Pin=D14-C
Added Pin To Net: NetName=NetD14_C Pin=R156-2
Added Pin To Net: NetName=NetD14_C Pin=R157-1
Added Net: Name=NetD14_C
Added Pin To Net: NetName=NetDL1_A Pin=DL1-A
Added Pin To Net: NetName=NetDL1_A Pin=R2-1
Added Net: Name=NetDL1_A
Added Pin To Net: NetName=NetDL2_A Pin=DL2-A
Added Pin To Net: NetName=NetDL2_A Pin=R6-1
Added Net: Name=NetDL2_A
Added Pin To Net: NetName=NetDL3_A Pin=DL3-A
Added Pin To Net: NetName=NetDL3_A Pin=R8-1
Added Net: Name=NetDL3_A
Added Pin To Net: NetName=NetDL4_A1 Pin=DL4-A1
Added Pin To Net: NetName=NetDL4_A1 Pin=R17-1
Added Net: Name=NetDL4_A1
Added Pin To Net: NetName=NetDL4_A2 Pin=DL4-A2
Added Pin To Net: NetName=NetDL4_A2 Pin=R16-1
Added Net: Name=NetDL4_A2
Added Pin To Net: NetName=NetDL5_A Pin=DL5-A
Added Pin To Net: NetName=NetDL5_A Pin=R99-1
Added Net: Name=NetDL5_A
Added Pin To Net: NetName=NetDL5_C Pin=DL5-C
Added Pin To Net: NetName=NetDL5_C Pin=TP16-1
Added Pin To Net: NetName=NetDL5_C Pin=U15-3
Added Net: Name=NetDL5_C
Added Pin To Net: NetName=NetDL6_A1 Pin=DL6-A1
Added Pin To Net: NetName=NetDL6_A1 Pin=R101-1
Added Net: Name=NetDL6_A1
Added Pin To Net: NetName=NetDL6_A2 Pin=DL6-A2
Added Pin To Net: NetName=NetDL6_A2 Pin=R100-1
Added Net: Name=NetDL6_A2
Added Pin To Net: NetName=NetDL7_A1 Pin=DL7-A1
Added Pin To Net: NetName=NetDL7_A1 Pin=R125-1
Added Net: Name=NetDL7_A1
Added Pin To Net: NetName=NetDL7_A2 Pin=DL7-A2
Added Pin To Net: NetName=NetDL7_A2 Pin=R124-1
Added Net: Name=NetDL7_A2
Added Pin To Net: NetName=NetDL8_A1 Pin=DL8-A1
Added Pin To Net: NetName=NetDL8_A1 Pin=R127-1
Added Net: Name=NetDL8_A1
Added Pin To Net: NetName=NetDL8_A2 Pin=DL8-A2
Added Pin To Net: NetName=NetDL8_A2 Pin=R126-1
Added Net: Name=NetDL8_A2
Added Pin To Net: NetName=NetDL9_A1 Pin=DL9-A1
Added Pin To Net: NetName=NetDL9_A1 Pin=R129-1
Added Net: Name=NetDL9_A1
Added Pin To Net: NetName=NetDL9_A2 Pin=DL9-A2
Added Pin To Net: NetName=NetDL9_A2 Pin=R128-1
Added Net: Name=NetDL9_A2
Added Pin To Net: NetName=NetDL10_A1 Pin=DL10-A1
Added Pin To Net: NetName=NetDL10_A1 Pin=R131-1
Added Net: Name=NetDL10_A1
Added Pin To Net: NetName=NetDL10_A2 Pin=DL10-A2
Added Pin To Net: NetName=NetDL10_A2 Pin=R130-1
Added Net: Name=NetDL10_A2
Added Pin To Net: NetName=NetDL11_A1 Pin=DL11-A1
Added Pin To Net: NetName=NetDL11_A1 Pin=R133-1
Added Net: Name=NetDL11_A1
Added Pin To Net: NetName=NetDL11_A2 Pin=DL11-A2
Added Pin To Net: NetName=NetDL11_A2 Pin=R132-1
Added Net: Name=NetDL11_A2
Added Pin To Net: NetName=NetDL12_A1 Pin=DL12-A1
Added Pin To Net: NetName=NetDL12_A1 Pin=R135-1
Added Net: Name=NetDL12_A1
Added Pin To Net: NetName=NetDL12_A2 Pin=DL12-A2
Added Pin To Net: NetName=NetDL12_A2 Pin=R134-1
Added Net: Name=NetDL12_A2
Added Pin To Net: NetName=NetDL13_A1 Pin=DL13-A1
Added Pin To Net: NetName=NetDL13_A1 Pin=R137-1
Added Net: Name=NetDL13_A1
Added Pin To Net: NetName=NetDL13_A2 Pin=DL13-A2
Added Pin To Net: NetName=NetDL13_A2 Pin=R136-1
Added Net: Name=NetDL13_A2
Added Pin To Net: NetName=NetDL14_A1 Pin=DL14-A1
Added Pin To Net: NetName=NetDL14_A1 Pin=R139-1
Added Net: Name=NetDL14_A1
Added Pin To Net: NetName=NetDL14_A2 Pin=DL14-A2
Added Pin To Net: NetName=NetDL14_A2 Pin=R138-1
Added Net: Name=NetDL14_A2
Added Pin To Net: NetName=NetDL15_A1 Pin=DL15-A1
Added Pin To Net: NetName=NetDL15_A1 Pin=R141-1
Added Net: Name=NetDL15_A1
Added Pin To Net: NetName=NetDL15_A2 Pin=DL15-A2
Added Pin To Net: NetName=NetDL15_A2 Pin=R140-1
Added Net: Name=NetDL15_A2
Added Pin To Net: NetName=NetDL16_A Pin=DL16-A
Added Pin To Net: NetName=NetDL16_A Pin=R142-1
Added Net: Name=NetDL16_A
Added Pin To Net: NetName=NetDL17_A Pin=DL17-A
Added Pin To Net: NetName=NetDL17_A Pin=R143-1
Added Net: Name=NetDL17_A
Added Pin To Net: NetName=NetDL18_A Pin=DL18-A
Added Pin To Net: NetName=NetDL18_A Pin=R144-1
Added Net: Name=NetDL18_A
Added Pin To Net: NetName=NetDL19_A Pin=DL19-A
Added Pin To Net: NetName=NetDL19_A Pin=R145-1
Added Net: Name=NetDL19_A
Added Pin To Net: NetName=NetJ3_A5 Pin=J3-A5
Added Pin To Net: NetName=NetJ3_A5 Pin=R150-2
Added Pin To Net: NetName=NetJ3_A5 Pin=TP21-1
Added Net: Name=NetJ3_A5
Added Pin To Net: NetName=NetJ3_A6 Pin=J3-A6
Added Pin To Net: NetName=NetJ3_A6 Pin=J3-B6
Added Pin To Net: NetName=NetJ3_A6 Pin=R146-2
Added Net: Name=NetJ3_A6
Added Pin To Net: NetName=NetJ3_A7 Pin=J3-A7
Added Pin To Net: NetName=NetJ3_A7 Pin=J3-B7
Added Pin To Net: NetName=NetJ3_A7 Pin=R147-2
Added Net: Name=NetJ3_A7
Added Pin To Net: NetName=NetJ3_A8 Pin=J3-A8
Added Pin To Net: NetName=NetJ3_A8 Pin=TP20-1
Added Net: Name=NetJ3_A8
Added Pin To Net: NetName=NetJ3_B5 Pin=J3-B5
Added Pin To Net: NetName=NetJ3_B5 Pin=R151-2
Added Pin To Net: NetName=NetJ3_B5 Pin=TP22-1
Added Net: Name=NetJ3_B5
Added Pin To Net: NetName=NetJ3_B8 Pin=J3-B8
Added Pin To Net: NetName=NetJ3_B8 Pin=TP19-1
Added Net: Name=NetJ3_B8
Added Pin To Net: NetName=NetR1_1 Pin=R1-1
Added Pin To Net: NetName=NetR1_1 Pin=R5-2
Added Pin To Net: NetName=NetR1_1 Pin=U1-3
Added Net: Name=NetR1_1
Added Pin To Net: NetName=NetR3_2 Pin=R3-2
Added Pin To Net: NetName=NetR3_2 Pin=R4-2
Added Pin To Net: NetName=NetR3_2 Pin=U1-4
Added Net: Name=NetR3_2
Added Pin To Net: NetName=NetR9_1 Pin=R9-1
Added Pin To Net: NetName=NetR9_1 Pin=SW1-2
Added Net: Name=NetR9_1
Added Pin To Net: NetName=NetR15_2 Pin=R15-2
Added Pin To Net: NetName=NetR15_2 Pin=U4-8
Added Net: Name=NetR15_2
Added Pin To Net: NetName=NetR21_1 Pin=R21-1
Added Pin To Net: NetName=NetR21_1 Pin=TP8-1
Added Pin To Net: NetName=NetR21_1 Pin=U5-3
Added Net: Name=NetR21_1
Added Pin To Net: NetName=NetR22_2 Pin=R22-2
Added Pin To Net: NetName=NetR22_2 Pin=U5-2
Added Net: Name=NetR22_2
Added Pin To Net: NetName=NetR24_2 Pin=R24-2
Added Pin To Net: NetName=NetR24_2 Pin=R25-2
Added Pin To Net: NetName=NetR24_2 Pin=U5-4
Added Net: Name=NetR24_2
Added Pin To Net: NetName=NetR27_1 Pin=R27-1
Added Pin To Net: NetName=NetR27_1 Pin=TP9-1
Added Pin To Net: NetName=NetR27_1 Pin=U6-3
Added Net: Name=NetR27_1
Added Pin To Net: NetName=NetR28_2 Pin=R28-2
Added Pin To Net: NetName=NetR28_2 Pin=U6-2
Added Net: Name=NetR28_2
Added Pin To Net: NetName=NetR30_2 Pin=R30-2
Added Pin To Net: NetName=NetR30_2 Pin=R31-2
Added Pin To Net: NetName=NetR30_2 Pin=U6-4
Added Net: Name=NetR30_2
Added Pin To Net: NetName=NetR35_1 Pin=R35-1
Added Pin To Net: NetName=NetR35_1 Pin=TP10-1
Added Pin To Net: NetName=NetR35_1 Pin=U7-3
Added Net: Name=NetR35_1
Added Pin To Net: NetName=NetR36_2 Pin=R36-2
Added Pin To Net: NetName=NetR36_2 Pin=U7-2
Added Net: Name=NetR36_2
Added Pin To Net: NetName=NetR38_2 Pin=R38-2
Added Pin To Net: NetName=NetR38_2 Pin=R39-2
Added Pin To Net: NetName=NetR38_2 Pin=U7-4
Added Net: Name=NetR38_2
Added Pin To Net: NetName=NetR41_1 Pin=R41-1
Added Pin To Net: NetName=NetR41_1 Pin=TP11-1
Added Pin To Net: NetName=NetR41_1 Pin=U8-3
Added Net: Name=NetR41_1
Added Pin To Net: NetName=NetR42_2 Pin=R42-2
Added Pin To Net: NetName=NetR42_2 Pin=U8-2
Added Net: Name=NetR42_2
Added Pin To Net: NetName=NetR44_2 Pin=R44-2
Added Pin To Net: NetName=NetR44_2 Pin=R45-2
Added Pin To Net: NetName=NetR44_2 Pin=U8-4
Added Net: Name=NetR44_2
Added Pin To Net: NetName=NetR46_1 Pin=R46-1
Added Pin To Net: NetName=NetR46_1 Pin=R54-1
Added Pin To Net: NetName=NetR46_1 Pin=U9-1
Added Net: Name=NetR46_1
Added Pin To Net: NetName=NetR46_2 Pin=R46-2
Added Pin To Net: NetName=NetR46_2 Pin=R52-1
Added Pin To Net: NetName=NetR46_2 Pin=U9-4
Added Net: Name=NetR46_2
Added Pin To Net: NetName=NetR47_1 Pin=R47-1
Added Pin To Net: NetName=NetR47_1 Pin=R55-1
Added Pin To Net: NetName=NetR47_1 Pin=U10-1
Added Net: Name=NetR47_1
Added Pin To Net: NetName=NetR47_2 Pin=R47-2
Added Pin To Net: NetName=NetR47_2 Pin=R53-1
Added Pin To Net: NetName=NetR47_2 Pin=U10-4
Added Net: Name=NetR47_2
Added Pin To Net: NetName=NetR56_2 Pin=R56-2
Added Pin To Net: NetName=NetR56_2 Pin=R58-2
Added Pin To Net: NetName=NetR56_2 Pin=U9-3
Added Net: Name=NetR56_2
Added Pin To Net: NetName=NetR57_2 Pin=R57-2
Added Pin To Net: NetName=NetR57_2 Pin=R59-2
Added Pin To Net: NetName=NetR57_2 Pin=U10-3
Added Net: Name=NetR57_2
Added Pin To Net: NetName=NetR62_1 Pin=R62-1
Added Pin To Net: NetName=NetR62_1 Pin=R70-1
Added Pin To Net: NetName=NetR62_1 Pin=U11-1
Added Net: Name=NetR62_1
Added Pin To Net: NetName=NetR62_2 Pin=R62-2
Added Pin To Net: NetName=NetR62_2 Pin=R68-1
Added Pin To Net: NetName=NetR62_2 Pin=U11-4
Added Net: Name=NetR62_2
Added Pin To Net: NetName=NetR63_1 Pin=R63-1
Added Pin To Net: NetName=NetR63_1 Pin=R71-1
Added Pin To Net: NetName=NetR63_1 Pin=U12-1
Added Net: Name=NetR63_1
Added Pin To Net: NetName=NetR63_2 Pin=R63-2
Added Pin To Net: NetName=NetR63_2 Pin=R69-1
Added Pin To Net: NetName=NetR63_2 Pin=U12-4
Added Net: Name=NetR63_2
Added Pin To Net: NetName=NetR72_2 Pin=R72-2
Added Pin To Net: NetName=NetR72_2 Pin=R74-2
Added Pin To Net: NetName=NetR72_2 Pin=U11-3
Added Net: Name=NetR72_2
Added Pin To Net: NetName=NetR73_2 Pin=R73-2
Added Pin To Net: NetName=NetR73_2 Pin=R75-2
Added Pin To Net: NetName=NetR73_2 Pin=U12-3
Added Net: Name=NetR73_2
Added Pin To Net: NetName=NetR96_1 Pin=R96-1
Added Pin To Net: NetName=NetR96_1 Pin=TP15-1
Added Pin To Net: NetName=NetR96_1 Pin=U14-32
Added Net: Name=NetR96_1
Added Pin To Net: NetName=NetR97_1 Pin=R97-1
Added Pin To Net: NetName=NetR97_1 Pin=TP14-1
Added Pin To Net: NetName=NetR97_1 Pin=U14-28
Added Net: Name=NetR97_1
Added Pin To Net: NetName=NetR98_1 Pin=R98-1
Added Pin To Net: NetName=NetR98_1 Pin=U14-26
Added Net: Name=NetR98_1
Added Pin To Net: NetName=NetR100_2 Pin=R100-2
Added Pin To Net: NetName=NetR100_2 Pin=U14-24
Added Net: Name=NetR100_2
Added Pin To Net: NetName=NetR101_2 Pin=R101-2
Added Pin To Net: NetName=NetR101_2 Pin=U14-23
Added Net: Name=NetR101_2
Added Pin To Net: NetName=NetR106_1 Pin=R106-1
Added Pin To Net: NetName=NetR106_1 Pin=TP17-1
Added Pin To Net: NetName=NetR106_1 Pin=U16-3
Added Net: Name=NetR106_1
Added Pin To Net: NetName=NetR107_2 Pin=R107-2
Added Pin To Net: NetName=NetR107_2 Pin=U16-5
Added Net: Name=NetR107_2
Added Pin To Net: NetName=NetR108_2 Pin=R108-2
Added Pin To Net: NetName=NetR108_2 Pin=U16-2
Added Net: Name=NetR108_2
Added Pin To Net: NetName=NetR109_2 Pin=R109-2
Added Pin To Net: NetName=NetR109_2 Pin=U16-6
Added Net: Name=NetR109_2
Added Pin To Net: NetName=NetR111_2 Pin=R111-2
Added Pin To Net: NetName=NetR111_2 Pin=R112-2
Added Pin To Net: NetName=NetR111_2 Pin=U16-4
Added Net: Name=NetR111_2
Added Pin To Net: NetName=NetR117_1 Pin=R117-1
Added Pin To Net: NetName=NetR117_1 Pin=TP18-1
Added Pin To Net: NetName=NetR117_1 Pin=U17-3
Added Net: Name=NetR117_1
Added Pin To Net: NetName=NetR118_2 Pin=R118-2
Added Pin To Net: NetName=NetR118_2 Pin=U17-5
Added Net: Name=NetR118_2
Added Pin To Net: NetName=NetR119_2 Pin=R119-2
Added Pin To Net: NetName=NetR119_2 Pin=U17-2
Added Net: Name=NetR119_2
Added Pin To Net: NetName=NetR120_2 Pin=R120-2
Added Pin To Net: NetName=NetR120_2 Pin=U17-6
Added Net: Name=NetR120_2
Added Pin To Net: NetName=NetR122_2 Pin=R122-2
Added Pin To Net: NetName=NetR122_2 Pin=R123-2
Added Pin To Net: NetName=NetR122_2 Pin=U17-4
Added Net: Name=NetR122_2
Added Pin To Net: NetName=NetR154_1 Pin=R154-1
Added Pin To Net: NetName=NetR154_1 Pin=TP23-1
Added Pin To Net: NetName=NetR154_1 Pin=U18-3
Added Net: Name=NetR154_1
Added Pin To Net: NetName=NetR155_2 Pin=R155-2
Added Pin To Net: NetName=NetR155_2 Pin=U18-2
Added Net: Name=NetR155_2
Added Pin To Net: NetName=NetR157_2 Pin=R157-2
Added Pin To Net: NetName=NetR157_2 Pin=R158-2
Added Pin To Net: NetName=NetR157_2 Pin=U18-4
Added Net: Name=NetR157_2
Added Pin To Net: NetName=OUT_H1 Pin=C31-1
Added Pin To Net: NetName=OUT_H1 Pin=J2-1
Added Pin To Net: NetName=OUT_H1 Pin=U5-8
Added Pin To Net: NetName=OUT_H1 Pin=U5-9
Added Pin To Net: NetName=OUT_H1 Pin=U5-10
Added Pin To Net: NetName=OUT_H1 Pin=U5-11
Added Pin To Net: NetName=OUT_H1 Pin=U5-12
Added Pin To Net: NetName=OUT_H1 Pin=U5-13
Added Pin To Net: NetName=OUT_H1 Pin=U5-14
Added Net: Name=OUT_H1
Added Pin To Net: NetName=OUT_H2 Pin=C35-1
Added Pin To Net: NetName=OUT_H2 Pin=J2-2
Added Pin To Net: NetName=OUT_H2 Pin=U6-8
Added Pin To Net: NetName=OUT_H2 Pin=U6-9
Added Pin To Net: NetName=OUT_H2 Pin=U6-10
Added Pin To Net: NetName=OUT_H2 Pin=U6-11
Added Pin To Net: NetName=OUT_H2 Pin=U6-12
Added Pin To Net: NetName=OUT_H2 Pin=U6-13
Added Pin To Net: NetName=OUT_H2 Pin=U6-14
Added Net: Name=OUT_H2
Added Pin To Net: NetName=OUT_H3 Pin=C73-1
Added Pin To Net: NetName=OUT_H3 Pin=J2-3
Added Pin To Net: NetName=OUT_H3 Pin=U18-8
Added Pin To Net: NetName=OUT_H3 Pin=U18-9
Added Pin To Net: NetName=OUT_H3 Pin=U18-10
Added Pin To Net: NetName=OUT_H3 Pin=U18-11
Added Pin To Net: NetName=OUT_H3 Pin=U18-12
Added Pin To Net: NetName=OUT_H3 Pin=U18-13
Added Pin To Net: NetName=OUT_H3 Pin=U18-14
Added Net: Name=OUT_H3
Added Pin To Net: NetName=OUT_L1 Pin=C63-1
Added Pin To Net: NetName=OUT_L1 Pin=J2-26
Added Pin To Net: NetName=OUT_L1 Pin=U16-12
Added Pin To Net: NetName=OUT_L1 Pin=U16-13
Added Pin To Net: NetName=OUT_L1 Pin=U16-14
Added Net: Name=OUT_L1
Added Pin To Net: NetName=OUT_L2 Pin=C64-1
Added Pin To Net: NetName=OUT_L2 Pin=J2-25
Added Pin To Net: NetName=OUT_L2 Pin=U16-8
Added Pin To Net: NetName=OUT_L2 Pin=U16-9
Added Pin To Net: NetName=OUT_L2 Pin=U16-10
Added Net: Name=OUT_L2
Added Pin To Net: NetName=OUT_L3 Pin=C68-1
Added Pin To Net: NetName=OUT_L3 Pin=J2-27
Added Pin To Net: NetName=OUT_L3 Pin=U17-12
Added Pin To Net: NetName=OUT_L3 Pin=U17-13
Added Pin To Net: NetName=OUT_L3 Pin=U17-14
Added Net: Name=OUT_L3
Added Pin To Net: NetName=OUT_L4 Pin=C69-1
Added Pin To Net: NetName=OUT_L4 Pin=J2-28
Added Pin To Net: NetName=OUT_L4 Pin=U17-8
Added Pin To Net: NetName=OUT_L4 Pin=U17-9
Added Pin To Net: NetName=OUT_L4 Pin=U17-10
Added Net: Name=OUT_L4
Added Pin To Net: NetName=OUT_M1 Pin=C39-1
Added Pin To Net: NetName=OUT_M1 Pin=J2-4
Added Pin To Net: NetName=OUT_M1 Pin=U7-8
Added Pin To Net: NetName=OUT_M1 Pin=U7-9
Added Pin To Net: NetName=OUT_M1 Pin=U7-10
Added Pin To Net: NetName=OUT_M1 Pin=U7-11
Added Pin To Net: NetName=OUT_M1 Pin=U7-12
Added Pin To Net: NetName=OUT_M1 Pin=U7-13
Added Pin To Net: NetName=OUT_M1 Pin=U7-14
Added Net: Name=OUT_M1
Added Pin To Net: NetName=OUT_M2 Pin=C43-1
Added Pin To Net: NetName=OUT_M2 Pin=J2-5
Added Pin To Net: NetName=OUT_M2 Pin=U8-8
Added Pin To Net: NetName=OUT_M2 Pin=U8-9
Added Pin To Net: NetName=OUT_M2 Pin=U8-10
Added Pin To Net: NetName=OUT_M2 Pin=U8-11
Added Pin To Net: NetName=OUT_M2 Pin=U8-12
Added Pin To Net: NetName=OUT_M2 Pin=U8-13
Added Pin To Net: NetName=OUT_M2 Pin=U8-14
Added Net: Name=OUT_M2
Added Pin To Net: NetName=S1_IN Pin=R48-1
Added Pin To Net: NetName=S1_IN Pin=R56-1
Added Pin To Net: NetName=S1_IN Pin=R60-1
Added Net: Name=S1_IN
Added Pin To Net: NetName=S2_IN Pin=R64-1
Added Pin To Net: NetName=S2_IN Pin=R72-1
Added Pin To Net: NetName=S2_IN Pin=R76-1
Added Net: Name=S2_IN
Added Pin To Net: NetName=S3_IN Pin=R50-1
Added Pin To Net: NetName=S3_IN Pin=R57-1
Added Pin To Net: NetName=S3_IN Pin=R61-1
Added Net: Name=S3_IN
Added Pin To Net: NetName=S4_IN Pin=R66-1
Added Pin To Net: NetName=S4_IN Pin=R73-1
Added Pin To Net: NetName=S4_IN Pin=R77-1
Added Net: Name=S4_IN
Added Pin To Net: NetName=STATUS_CAN_RX Pin=R16-2
Added Pin To Net: NetName=STATUS_CAN_RX Pin=U3-53
Added Net: Name=STATUS_CAN_RX
Added Pin To Net: NetName=STATUS_CAN_TX Pin=R17-2
Added Pin To Net: NetName=STATUS_CAN_TX Pin=U3-2
Added Net: Name=STATUS_CAN_TX
Added Pin To Net: NetName=STATUS_IN_D1 Pin=R142-2
Added Pin To Net: NetName=STATUS_IN_D1 Pin=U14-19
Added Net: Name=STATUS_IN_D1
Added Pin To Net: NetName=STATUS_IN_D2 Pin=R143-2
Added Pin To Net: NetName=STATUS_IN_D2 Pin=U14-20
Added Net: Name=STATUS_IN_D2
Added Pin To Net: NetName=STATUS_IN_D3 Pin=R144-2
Added Pin To Net: NetName=STATUS_IN_D3 Pin=U14-21
Added Net: Name=STATUS_IN_D3
Added Pin To Net: NetName=STATUS_IN_D4 Pin=R145-2
Added Pin To Net: NetName=STATUS_IN_D4 Pin=U14-22
Added Net: Name=STATUS_IN_D4
Added Pin To Net: NetName=STATUS_OUT_H1_ERR Pin=R125-2
Added Pin To Net: NetName=STATUS_OUT_H1_ERR Pin=U14-1
Added Net: Name=STATUS_OUT_H1_ERR
Added Pin To Net: NetName=STATUS_OUT_H1_OK Pin=R124-2
Added Pin To Net: NetName=STATUS_OUT_H1_OK Pin=U14-2
Added Net: Name=STATUS_OUT_H1_OK
Added Pin To Net: NetName=STATUS_OUT_H2_ERR Pin=R127-2
Added Pin To Net: NetName=STATUS_OUT_H2_ERR Pin=U14-3
Added Net: Name=STATUS_OUT_H2_ERR
Added Pin To Net: NetName=STATUS_OUT_H2_OK Pin=R126-2
Added Pin To Net: NetName=STATUS_OUT_H2_OK Pin=U14-4
Added Net: Name=STATUS_OUT_H2_OK
Added Pin To Net: NetName=STATUS_OUT_H3_ERR Pin=R129-2
Added Pin To Net: NetName=STATUS_OUT_H3_ERR Pin=U14-5
Added Net: Name=STATUS_OUT_H3_ERR
Added Pin To Net: NetName=STATUS_OUT_H3_OK Pin=R128-2
Added Pin To Net: NetName=STATUS_OUT_H3_OK Pin=U14-6
Added Net: Name=STATUS_OUT_H3_OK
Added Pin To Net: NetName=STATUS_OUT_L1_ERR Pin=R135-2
Added Pin To Net: NetName=STATUS_OUT_L1_ERR Pin=U14-11
Added Net: Name=STATUS_OUT_L1_ERR
Added Pin To Net: NetName=STATUS_OUT_L1_OK Pin=R134-2
Added Pin To Net: NetName=STATUS_OUT_L1_OK Pin=U14-12
Added Net: Name=STATUS_OUT_L1_OK
Added Pin To Net: NetName=STATUS_OUT_L2_ERR Pin=R137-2
Added Pin To Net: NetName=STATUS_OUT_L2_ERR Pin=U14-13
Added Net: Name=STATUS_OUT_L2_ERR
Added Pin To Net: NetName=STATUS_OUT_L2_OK Pin=R136-2
Added Pin To Net: NetName=STATUS_OUT_L2_OK Pin=U14-14
Added Net: Name=STATUS_OUT_L2_OK
Added Pin To Net: NetName=STATUS_OUT_L3_ERR Pin=R139-2
Added Pin To Net: NetName=STATUS_OUT_L3_ERR Pin=U14-15
Added Net: Name=STATUS_OUT_L3_ERR
Added Pin To Net: NetName=STATUS_OUT_L3_OK Pin=R138-2
Added Pin To Net: NetName=STATUS_OUT_L3_OK Pin=U14-16
Added Net: Name=STATUS_OUT_L3_OK
Added Pin To Net: NetName=STATUS_OUT_L4_ERR Pin=R141-2
Added Pin To Net: NetName=STATUS_OUT_L4_ERR Pin=U14-17
Added Net: Name=STATUS_OUT_L4_ERR
Added Pin To Net: NetName=STATUS_OUT_L4_OK Pin=R140-2
Added Pin To Net: NetName=STATUS_OUT_L4_OK Pin=U14-18
Added Net: Name=STATUS_OUT_L4_OK
Added Pin To Net: NetName=STATUS_OUT_M1_ERR Pin=R131-2
Added Pin To Net: NetName=STATUS_OUT_M1_ERR Pin=U14-7
Added Net: Name=STATUS_OUT_M1_ERR
Added Pin To Net: NetName=STATUS_OUT_M1_OK Pin=R130-2
Added Pin To Net: NetName=STATUS_OUT_M1_OK Pin=U14-8
Added Net: Name=STATUS_OUT_M1_OK
Added Pin To Net: NetName=STATUS_OUT_M2_ERR Pin=R133-2
Added Pin To Net: NetName=STATUS_OUT_M2_ERR Pin=U14-9
Added Net: Name=STATUS_OUT_M2_ERR
Added Pin To Net: NetName=STATUS_OUT_M2_OK Pin=R132-2
Added Pin To Net: NetName=STATUS_OUT_M2_OK Pin=U14-10
Added Net: Name=STATUS_OUT_M2_OK
Added Pin To Net: NetName=VDDA Pin=C17-1
Added Pin To Net: NetName=VDDA Pin=C18-1
Added Pin To Net: NetName=VDDA Pin=L2-2
Added Pin To Net: NetName=VDDA Pin=U3-13
Added Net: Name=VDDA
Added Class: Name=CAN
Added Class: Name=CONNECTOR
Added Class: Name=DIGITAL_INP
Added Class: Name=HIGH_CURR_MOS2
Added Class: Name=HIGH_CURR_MOS
Added Class: Name=I2C
Added Class: Name=LED_STATUS_INPUT
Added Class: Name=LED_STATUS_OUTPUTS
Added Class: Name=LOW_CURR_MOS
Added Class: Name=MCU
Added Class: Name=MID_CURR_MOS
Added Class: Name=PWR
Added Class: Name=SENSOR_INP
Added Class: Name=USB
Added Differential Pair: Name=CAN0_IC
Added Differential Pair: Name=CAN
Added Differential Pair: Name=MCU_USBD
Added Rule: Name=Schematic Supply Nets
Added Rule: Name=Schematic Supply Nets_1
Added Rule: Name=Schematic Supply Nets_2
Added Rule: Name=Schematic Supply Nets_3
Added Rule: Name=Schematic Supply Nets_4
Added Rule: Name=Schematic Supply Nets_5
