2025-07-28 22:27:25,343 [INFO] Activator:176 - 


2025-07-28 22:27:25,343 [INFO] Activator:177 - !SESSION log4j initialized
2025-07-28 22:27:27,520 [INFO] LogOutputStream:77 - [STDOUT_REDIRECT] 
2025-07-28 22:27:29,029 [INFO] ApplicationProperties:184 - Using Application install path: Z:\ST\STM32CubeIDE_1.12.0\STM32CubeIDE\plugins\com.st.stm32cube.common.mx_6.15.0.202507011659
2025-07-28 22:27:29,041 [INFO] DbMcusXml:78 - Set database path to: Z:\ST\STM32CubeIDE_1.12.0\STM32CubeIDE\plugins\com.st.stm32cube.common.mx_6.15.0.202507011659\\db\/mcu/
2025-07-28 22:27:29,041 [INFO] ApiDb:274 - Set plugin database path to: Z:\ST\STM32CubeIDE_1.12.0\STM32CubeIDE\plugins\com.st.stm32cube.common.mx_6.15.0.202507011659\\db\/plugins/boardmanager/
2025-07-28 22:27:29,043 [WARN] ApiDb:259 - Overriding images path with different value:  => Z:\ST\STM32CubeIDE_1.12.0\STM32CubeIDE\plugins\com.st.stm32cube.common.mx_6.15.0.202507011659\\db\/plugins/mcufinder/images/
2025-07-28 22:27:29,046 [INFO] ApiDb:250 - Set database path to: C:\Users\Reatn\.stmcufinder\plugins\mcufinder//mcu/
2025-07-28 22:27:29,047 [INFO] DbMcusAds:125 - Set database path to: C:\Users\Reatn\.stmcufinder\plugins\mcufinder//mcu/
2025-07-28 22:27:29,048 [INFO] CrossReferenceDbSqlite:203 - Set database path to: C:\Users\Reatn\.stmcufinder\plugins\mcufinder//mcu/cs/
2025-07-28 22:27:29,127 [INFO] RulesReader:64 - Compatibility file has been processed (317 Rules)
2025-07-28 22:27:29,180 [INFO] DbMcusXml:78 - Set database path to: Z:\ST\STM32CubeIDE_1.12.0\STM32CubeIDE\plugins\com.st.stm32cube.common.mx_6.15.0.202507011659\\db\/mcu/
2025-07-28 22:27:29,183 [INFO] ApiDb:274 - Set plugin database path to: Z:\ST\STM32CubeIDE_1.12.0\STM32CubeIDE\plugins\com.st.stm32cube.common.mx_6.15.0.202507011659\\db\/plugins/boardmanager/
2025-07-28 22:27:29,183 [INFO] ApiDb:261 - Set plugin images path to: Z:\ST\STM32CubeIDE_1.12.0\STM32CubeIDE\plugins\com.st.stm32cube.common.mx_6.15.0.202507011659\\db\/plugins/mcufinder/images/
2025-07-28 22:27:29,183 [WARN] DbFile:41 - Overriding database path with different value: C:\Users\Reatn\.stmcufinder\plugins\mcufinder/ => C:\Users\Reatn\.stmcufinder\plugins\mcufinder
2025-07-28 22:27:29,183 [INFO] ApiDb:250 - Set database path to: C:\Users\Reatn\.stmcufinder\plugins\mcufinder//mcu/
2025-07-28 22:27:29,183 [WARN] DbFile:41 - Overriding database path with different value: C:\Users\Reatn\.stmcufinder\plugins\mcufinder/ => C:\Users\Reatn\.stmcufinder\plugins\mcufinder
2025-07-28 22:27:29,183 [INFO] DbMcusAds:125 - Set database path to: C:\Users\Reatn\.stmcufinder\plugins\mcufinder//mcu/
2025-07-28 22:27:29,183 [WARN] DbFile:41 - Overriding database path with different value: C:\Users\Reatn\.stmcufinder\plugins\mcufinder/ => C:\Users\Reatn\.stmcufinder\plugins\mcufinder
2025-07-28 22:27:29,183 [WARN] DbFile:41 - Overriding database path with different value: C:\Users\Reatn\.stmcufinder\plugins\mcufinder/ => C:\Users\Reatn\.stmcufinder\plugins\mcufinder
2025-07-28 22:27:29,183 [INFO] CrossReferenceDbSqlite:203 - Set database path to: C:\Users\Reatn\.stmcufinder\plugins\mcufinder//mcu/cs/
2025-07-28 22:27:29,223 [INFO] MainPanel:274 - HeapMemory: 268435456
2025-07-28 22:27:29,279 [INFO] DbMcusXml:78 - Set database path to: Z:\ST\STM32CubeIDE_1.12.0\STM32CubeIDE\plugins\com.st.stm32cube.common.mx_6.15.0.202507011659\\db\/mcu/
2025-07-28 22:27:29,279 [INFO] ApiDb:274 - Set plugin database path to: Z:\ST\STM32CubeIDE_1.12.0\STM32CubeIDE\plugins\com.st.stm32cube.common.mx_6.15.0.202507011659\\db\/plugins/boardmanager/
2025-07-28 22:27:29,279 [INFO] ApiDb:261 - Set plugin images path to: Z:\ST\STM32CubeIDE_1.12.0\STM32CubeIDE\plugins\com.st.stm32cube.common.mx_6.15.0.202507011659\\db\/plugins/mcufinder/images/
2025-07-28 22:27:29,279 [WARN] DbFile:41 - Overriding database path with different value: C:\Users\Reatn\.stmcufinder\plugins\mcufinder/ => C:\Users\Reatn\.stmcufinder\plugins\mcufinder
2025-07-28 22:27:29,280 [INFO] ApiDb:250 - Set database path to: C:\Users\Reatn\.stmcufinder\plugins\mcufinder//mcu/
2025-07-28 22:27:29,280 [WARN] DbFile:41 - Overriding database path with different value: C:\Users\Reatn\.stmcufinder\plugins\mcufinder/ => C:\Users\Reatn\.stmcufinder\plugins\mcufinder
2025-07-28 22:27:29,280 [INFO] DbMcusAds:125 - Set database path to: C:\Users\Reatn\.stmcufinder\plugins\mcufinder//mcu/
2025-07-28 22:27:29,280 [WARN] DbFile:41 - Overriding database path with different value: C:\Users\Reatn\.stmcufinder\plugins\mcufinder/ => C:\Users\Reatn\.stmcufinder\plugins\mcufinder
2025-07-28 22:27:29,280 [WARN] DbFile:41 - Overriding database path with different value: C:\Users\Reatn\.stmcufinder\plugins\mcufinder/ => C:\Users\Reatn\.stmcufinder\plugins\mcufinder
2025-07-28 22:27:29,280 [INFO] CrossReferenceDbSqlite:203 - Set database path to: C:\Users\Reatn\.stmcufinder\plugins\mcufinder//mcu/cs/
2025-07-28 22:27:29,290 [INFO] ApplicationProperties:184 - Using Application install path: Z:\ST\STM32CubeIDE_1.12.0\STM32CubeIDE\plugins\com.st.stm32cube.common.mx_6.15.0.202507011659
2025-07-28 22:27:29,291 [INFO] PluginManage:196 - Search for loadable plugins [exclusion list=, ]
2025-07-28 22:27:29,291 [INFO] PluginManage:310 - Check plugin analytics
2025-07-28 22:27:29,417 [INFO] AnalyticsPlugin:253 - Accepted Software Licenses: STM32CubeMX.6.8.0
2025-07-28 22:27:29,419 [INFO] AnalyticsPlugin:255 - Accepted CMSIS Pack Licenses: 
2025-07-28 22:27:29,419 [INFO] AnalyticsPlugin:257 - Accepted Firmware Licenses: 
2025-07-28 22:27:29,419 [INFO] PluginManage:359 - Loaded plugin analytics (category:tool,tabindex:-1)
2025-07-28 22:27:29,419 [INFO] PluginManage:310 - Check plugin cadmodel
2025-07-28 22:27:29,424 [INFO] CADModel:105 - Init CAD model plugin
2025-07-28 22:27:29,424 [INFO] PluginManage:359 - Loaded plugin cadmodel (category:power,tabindex:5)
2025-07-28 22:27:29,424 [INFO] PluginManage:310 - Check plugin clock
2025-07-28 22:27:29,430 [INFO] PluginManage:359 - Loaded plugin clock (category:base,tabindex:2)
2025-07-28 22:27:29,430 [INFO] PluginManage:310 - Check plugin ddr
2025-07-28 22:27:29,432 [INFO] PluginManage:359 - Loaded plugin ddr (category:tool,tabindex:6)
2025-07-28 22:27:29,432 [INFO] PluginManage:310 - Check plugin filemanager
2025-07-28 22:27:29,542 [INFO] PluginManage:359 - Loaded plugin filemanager (category:base,tabindex:10)
2025-07-28 22:27:29,542 [INFO] PluginManage:310 - Check plugin ipmanager
2025-07-28 22:27:29,546 [INFO] PluginManage:359 - Loaded plugin ipmanager (category:base,tabindex:5)
2025-07-28 22:27:29,546 [INFO] PluginManage:310 - Check plugin lpbam
2025-07-28 22:27:29,550 [INFO] PluginManage:359 - Loaded plugin lpbam (category:base,tabindex:0)
2025-07-28 22:27:29,550 [INFO] PluginManage:310 - Check plugin memorymap
2025-07-28 22:27:29,558 [INFO] PluginManage:359 - Loaded plugin memorymap (category:base,tabindex:4)
2025-07-28 22:27:29,558 [INFO] PluginManage:310 - Check plugin pinoutandconfiguration
2025-07-28 22:27:29,563 [INFO] PluginManage:359 - Loaded plugin pinoutandconfiguration (category:base,tabindex:1)
2025-07-28 22:27:29,563 [INFO] PluginManage:310 - Check plugin pinoutconfig
2025-07-28 22:27:29,613 [WARN] SupportedApi:132 - Cannot load RTOS API schema: s4s-elt-must-match.1: The content of 'definitions' must match (annotation?, (simpleType | complexType)?, (unique | key | keyref)*)). A problem was found starting at: attribute.
2025-07-28 22:27:29,688 [INFO] PluginManage:359 - Loaded plugin pinoutconfig (category:base,tabindex:0)
2025-07-28 22:27:29,688 [INFO] PluginManage:310 - Check plugin power
2025-07-28 22:27:29,693 [INFO] PluginManage:359 - Loaded plugin power (category:power,tabindex:4)
2025-07-28 22:27:29,693 [INFO] PluginManage:310 - Check plugin projectmanager
2025-07-28 22:27:29,702 [INFO] PluginManage:359 - Loaded plugin projectmanager (category:projectmanager,tabindex:4)
2025-07-28 22:27:29,702 [INFO] PluginManage:310 - Check plugin rif
2025-07-28 22:27:29,708 [INFO] PluginManage:359 - Loaded plugin rif (category:base,tabindex:3)
2025-07-28 22:27:29,708 [INFO] PluginManage:310 - Check plugin thirdparty
2025-07-28 22:27:29,786 [WARN] IntegrityCheckThread:84 - waiting for thirdparty lock release [integrity check]
2025-07-28 22:27:29,786 [INFO] PluginManage:359 - Loaded plugin thirdparty (category:base,tabindex:-1)
2025-07-28 22:27:29,787 [INFO] IntegrityCheckThread:86 - entering critical section [integrity check]
2025-07-28 22:27:29,787 [INFO] PluginManage:310 - Check plugin tools
2025-07-28 22:27:29,787 [INFO] ThirdPartyUpdaterWithRetryManager:70 - Updater plugin not ready yet. [1/15]
2025-07-28 22:27:29,789 [INFO] PluginManage:359 - Loaded plugin tools (category:base,tabindex:7)
2025-07-28 22:27:29,789 [INFO] PluginManage:310 - Check plugin tutovideos
2025-07-28 22:27:29,903 [INFO] PluginManage:359 - Loaded plugin tutovideos (category:base,tabindex:-1)
2025-07-28 22:27:29,903 [INFO] PluginManage:310 - Check plugin updater
2025-07-28 22:27:29,916 [INFO] PluginManage:359 - Loaded plugin updater (category:base,tabindex:12)
2025-07-28 22:27:29,916 [INFO] PluginManage:310 - Check plugin userauth
2025-07-28 22:27:29,919 [INFO] UserAuth:118 - Init User Auth plugin
2025-07-28 22:27:29,919 [INFO] PluginManage:359 - Loaded plugin userauth (category:base,tabindex:14)
2025-07-28 22:27:29,919 [INFO] PluginManage:283 - PluginManage : Loaded plugins [18]
2025-07-28 22:27:30,057 [INFO] PinOutPanel:1589 - setPackage(No Configuration,No Configuration)
2025-07-28 22:27:30,119 [INFO] CADModel:165 - CPN selected for project level
2025-07-28 22:27:30,119 [INFO] CADModel:114 - Register for checkConnection events
2025-07-28 22:27:30,136 [INFO] IPUIPlugin:80 - create IPUIPlugin
2025-07-28 22:27:30,136 [INFO] PluginManager:220 - loadIPPluginJar : add adc
2025-07-28 22:27:30,137 [INFO] IPUIPlugin:80 - create IPUIPlugin
2025-07-28 22:27:30,137 [INFO] PluginManager:220 - loadIPPluginJar : add aes
2025-07-28 22:27:30,140 [INFO] IPUIPlugin:80 - create IPUIPlugin
2025-07-28 22:27:30,140 [INFO] PluginManager:220 - loadIPPluginJar : add can
2025-07-28 22:27:30,142 [INFO] IPUIPlugin:80 - create IPUIPlugin
2025-07-28 22:27:30,142 [INFO] PluginManager:220 - loadIPPluginJar : add comp
2025-07-28 22:27:30,143 [INFO] IPUIPlugin:80 - create IPUIPlugin
2025-07-28 22:27:30,143 [INFO] PluginManager:220 - loadIPPluginJar : add cryp
2025-07-28 22:27:30,145 [INFO] IPUIPlugin:80 - create IPUIPlugin
2025-07-28 22:27:30,145 [INFO] PluginManager:220 - loadIPPluginJar : add ddr_ctrl_phy
2025-07-28 22:27:30,146 [INFO] IPUIPlugin:80 - create IPUIPlugin
2025-07-28 22:27:30,146 [INFO] PluginManager:220 - loadIPPluginJar : add dfsdm
2025-07-28 22:27:30,153 [INFO] IPUIPlugin:80 - create IPUIPlugin
2025-07-28 22:27:30,153 [INFO] PluginManager:220 - loadIPPluginJar : add dma
2025-07-28 22:27:30,156 [INFO] IPUIPlugin:80 - create IPUIPlugin
2025-07-28 22:27:30,156 [INFO] PluginManager:220 - loadIPPluginJar : add dma3
2025-07-28 22:27:30,159 [INFO] IPUIPlugin:80 - create IPUIPlugin
2025-07-28 22:27:30,159 [INFO] PluginManager:220 - loadIPPluginJar : add extmemmanager
2025-07-28 22:27:30,161 [INFO] IPUIPlugin:80 - create IPUIPlugin
2025-07-28 22:27:30,161 [INFO] PluginManager:220 - loadIPPluginJar : add fatfs
2025-07-28 22:27:30,164 [INFO] IPUIPlugin:80 - create IPUIPlugin
2025-07-28 22:27:30,164 [INFO] PluginManager:220 - loadIPPluginJar : add fmc
2025-07-28 22:27:30,172 [INFO] IPUIPlugin:80 - create IPUIPlugin
2025-07-28 22:27:30,172 [INFO] PluginManager:220 - loadIPPluginJar : add freertos
2025-07-28 22:27:30,174 [INFO] IPUIPlugin:80 - create IPUIPlugin
2025-07-28 22:27:30,174 [INFO] PluginManager:220 - loadIPPluginJar : add genericplugin
2025-07-28 22:27:30,175 [INFO] IPUIPlugin:80 - create IPUIPlugin
2025-07-28 22:27:30,176 [INFO] PluginManager:220 - loadIPPluginJar : add gfxmmu
2025-07-28 22:27:30,180 [INFO] IPUIPlugin:80 - create IPUIPlugin
2025-07-28 22:27:30,180 [INFO] PluginManager:220 - loadIPPluginJar : add gic
2025-07-28 22:27:30,184 [INFO] IPUIPlugin:80 - create IPUIPlugin
2025-07-28 22:27:30,184 [INFO] PluginManager:220 - loadIPPluginJar : add gpio
2025-07-28 22:27:30,187 [INFO] IPUIPlugin:80 - create IPUIPlugin
2025-07-28 22:27:30,188 [INFO] PluginManager:220 - loadIPPluginJar : add gtzc
2025-07-28 22:27:30,189 [INFO] IPUIPlugin:80 - create IPUIPlugin
2025-07-28 22:27:30,189 [INFO] PluginManager:220 - loadIPPluginJar : add hash
2025-07-28 22:27:30,191 [INFO] IPUIPlugin:80 - create IPUIPlugin
2025-07-28 22:27:30,191 [INFO] PluginManager:220 - loadIPPluginJar : add i2c
2025-07-28 22:27:30,193 [INFO] IPUIPlugin:80 - create IPUIPlugin
2025-07-28 22:27:30,193 [INFO] PluginManager:220 - loadIPPluginJar : add i2s
2025-07-28 22:27:30,195 [INFO] IPUIPlugin:80 - create IPUIPlugin
2025-07-28 22:27:30,195 [INFO] PluginManager:220 - loadIPPluginJar : add i3c
2025-07-28 22:27:30,198 [INFO] IPUIPlugin:80 - create IPUIPlugin
2025-07-28 22:27:30,198 [INFO] PluginManager:220 - loadIPPluginJar : add ipddr
2025-07-28 22:27:30,204 [INFO] IPUIPlugin:80 - create IPUIPlugin
2025-07-28 22:27:30,204 [INFO] PluginManager:220 - loadIPPluginJar : add linkedlist
2025-07-28 22:27:30,205 [INFO] IPUIPlugin:80 - create IPUIPlugin
2025-07-28 22:27:30,206 [INFO] PluginManager:220 - loadIPPluginJar : add lorawan
2025-07-28 22:27:30,207 [INFO] IPUIPlugin:80 - create IPUIPlugin
2025-07-28 22:27:30,207 [INFO] PluginManager:220 - loadIPPluginJar : add ltdc
2025-07-28 22:27:30,210 [INFO] IPUIPlugin:80 - create IPUIPlugin
2025-07-28 22:27:30,212 [INFO] PluginManager:220 - loadIPPluginJar : add mdma
2025-07-28 22:27:30,214 [INFO] IPUIPlugin:80 - create IPUIPlugin
2025-07-28 22:27:30,214 [INFO] PluginManager:220 - loadIPPluginJar : add nvic
2025-07-28 22:27:30,215 [INFO] IPUIPlugin:80 - create IPUIPlugin
2025-07-28 22:27:30,215 [INFO] PluginManager:220 - loadIPPluginJar : add opamp
2025-07-28 22:27:30,216 [INFO] IPUIPlugin:80 - create IPUIPlugin
2025-07-28 22:27:30,216 [INFO] PluginManager:220 - loadIPPluginJar : add openamp
2025-07-28 22:27:30,218 [INFO] IPUIPlugin:80 - create IPUIPlugin
2025-07-28 22:27:30,218 [INFO] PluginManager:220 - loadIPPluginJar : add pdm2pcm
2025-07-28 22:27:30,223 [INFO] IPUIPlugin:80 - create IPUIPlugin
2025-07-28 22:27:30,226 [INFO] PluginManager:220 - loadIPPluginJar : add plateformsettings
2025-07-28 22:27:30,226 [INFO] IPUIPlugin:80 - create IPUIPlugin
2025-07-28 22:27:30,226 [INFO] PluginManager:220 - loadIPPluginJar : add quadspi
2025-07-28 22:27:30,227 [INFO] IPUIPlugin:80 - create IPUIPlugin
2025-07-28 22:27:30,229 [INFO] PluginManager:220 - loadIPPluginJar : add radio
2025-07-28 22:27:30,231 [INFO] IPUIPlugin:80 - create IPUIPlugin
2025-07-28 22:27:30,231 [INFO] PluginManager:220 - loadIPPluginJar : add resmgrutility
2025-07-28 22:27:30,232 [INFO] IPUIPlugin:80 - create IPUIPlugin
2025-07-28 22:27:30,232 [INFO] PluginManager:220 - loadIPPluginJar : add sai
2025-07-28 22:27:30,234 [INFO] IPUIPlugin:80 - create IPUIPlugin
2025-07-28 22:27:30,234 [INFO] PluginManager:220 - loadIPPluginJar : add spi
2025-07-28 22:27:30,239 [INFO] IPUIPlugin:80 - create IPUIPlugin
2025-07-28 22:27:30,239 [INFO] PluginManager:220 - loadIPPluginJar : add stm32_wpan
2025-07-28 22:27:30,239 [INFO] IPUIPlugin:80 - create IPUIPlugin
2025-07-28 22:27:30,239 [INFO] PluginManager:220 - loadIPPluginJar : add tim
2025-07-28 22:27:30,242 [INFO] IPUIPlugin:80 - create IPUIPlugin
2025-07-28 22:27:30,242 [INFO] PluginManager:220 - loadIPPluginJar : add touchsensing
2025-07-28 22:27:30,244 [INFO] IPUIPlugin:80 - create IPUIPlugin
2025-07-28 22:27:30,244 [INFO] PluginManager:220 - loadIPPluginJar : add tracer_emb
2025-07-28 22:27:30,245 [INFO] IPUIPlugin:80 - create IPUIPlugin
2025-07-28 22:27:30,245 [INFO] PluginManager:220 - loadIPPluginJar : add ts
2025-07-28 22:27:30,245 [INFO] IPUIPlugin:80 - create IPUIPlugin
2025-07-28 22:27:30,245 [INFO] PluginManager:220 - loadIPPluginJar : add tsc
2025-07-28 22:27:30,247 [INFO] IPUIPlugin:80 - create IPUIPlugin
2025-07-28 22:27:30,247 [INFO] PluginManager:220 - loadIPPluginJar : add ucpd
2025-07-28 22:27:30,249 [INFO] IPUIPlugin:80 - create IPUIPlugin
2025-07-28 22:27:30,249 [INFO] PluginManager:220 - loadIPPluginJar : add usart
2025-07-28 22:27:30,250 [INFO] IPUIPlugin:80 - create IPUIPlugin
2025-07-28 22:27:30,250 [INFO] PluginManager:220 - loadIPPluginJar : add usbx
2025-07-28 22:27:30,355 [FATAL] Updater:351 - Updater called before beeing initialized
2025-07-28 22:27:30,378 [INFO] RulesReader:64 - Compatibility file has been processed (317 Rules)
2025-07-28 22:27:30,384 [INFO] RulesReader:64 - Compatibility file has been processed (317 Rules)
2025-07-28 22:27:30,392 [INFO] CADModel:165 - CPN selected for project level
2025-07-28 22:27:30,392 [INFO] CADModel:114 - Register for checkConnection events
2025-07-28 22:27:30,392 [FATAL] Updater:351 - Updater called before beeing initialized
2025-07-28 22:27:30,392 [ERROR] CADModel:125 - Updater not yet initialized, retry later 
2025-07-28 22:27:30,485 [FATAL] Updater:351 - Updater called before beeing initialized
2025-07-28 22:27:30,486 [INFO] CADModel:165 - CPN selected for project level
2025-07-28 22:27:30,486 [INFO] CADModel:114 - Register for checkConnection events
2025-07-28 22:27:30,486 [FATAL] Updater:351 - Updater called before beeing initialized
2025-07-28 22:27:30,486 [ERROR] CADModel:125 - Updater not yet initialized, retry later 
2025-07-28 22:27:30,488 [FATAL] Updater:351 - Updater called before beeing initialized
2025-07-28 22:27:30,565 [FATAL] Updater:351 - Updater called before beeing initialized
2025-07-28 22:27:30,568 [INFO] DbMcusAds:53 - JSON generation date=Thu Sep 30 08:55:09 CEST 2021 (1632984909247)
2025-07-28 22:27:30,568 [FATAL] Updater:351 - Updater called before beeing initialized
2025-07-28 22:27:30,589 [WARN] DetailPanel:346 - Failed to get advertising image, set to default
2025-07-28 22:27:30,640 [FATAL] Updater:351 - Updater called before beeing initialized
2025-07-28 22:27:30,642 [FATAL] Updater:351 - Updater called before beeing initialized
2025-07-28 22:27:30,642 [FATAL] Updater:351 - Updater called before beeing initialized
2025-07-28 22:27:30,643 [WARN] DetailPanel:346 - Failed to get advertising image, set to default
2025-07-28 22:27:30,644 [FATAL] Updater:351 - Updater called before beeing initialized
2025-07-28 22:27:30,671 [ERROR] Updater:1198 - MainUpdater not yet initialized. External WinMGr cannot be set.
2025-07-28 22:27:30,672 [INFO] Updater:1134 - Updater Version found : 6.15.0
2025-07-28 22:27:30,684 [INFO] ApplicationProperties:184 - Using Application install path: Z:\ST\STM32CubeIDE_1.12.0\STM32CubeIDE\plugins\com.st.stm32cube.common.mx_6.15.0.202507011659
2025-07-28 22:27:30,993 [INFO] MainUpdater:2872 - connection check result : 10
2025-07-28 22:27:30,995 [INFO] MainUpdater:289 - Updater Check For Update Now.
2025-07-28 22:27:30,995 [INFO] MicroXplorer:498 - Change Database Version : DB.6.0.150
2025-07-28 22:27:30,998 [INFO] McuFinderGlobals:63 - Set McuFinder mode to 2 (CubeIDE integrated)
2025-07-28 22:27:31,000 [INFO] UserAuth:171 - activating auth plugin
2025-07-28 22:27:31,001 [INFO] UserAuth:487 - Internet connection configuration mode: 1
2025-07-28 22:27:31,023 [INFO] JxBrowserEngine:152 - Initiate JxBrowser Engine with user profile folder
2025-07-28 22:27:31,147 [INFO] CheckServerUpdateThread:120 - End of CheckServer Thread
2025-07-28 22:27:31,422 [INFO] WebApp:169 - Instantiating new browser for Auth
2025-07-28 22:27:31,831 [INFO] WebApp:463 - Apply proxy settings
2025-07-28 22:27:31,831 [INFO] WebApp:548 - Chromium requires no authentication
2025-07-28 22:27:31,837 [INFO] WebApp:491 - Direct internet connection detected
2025-07-28 22:27:31,848 [INFO] WebApp:900 - Register for checkConnection events
2025-07-28 22:27:31,848 [INFO] WebApp:463 - Apply proxy settings
2025-07-28 22:27:31,848 [INFO] WebApp:548 - Chromium requires no authentication
2025-07-28 22:27:31,849 [INFO] WebApp:491 - Direct internet connection detected
2025-07-28 22:27:31,934 [INFO] WebApp:225 - Starting web application
2025-07-28 22:27:31,934 [INFO] WebApp:593 - Web application path used Z:\ST\STM32CubeIDE_1.12.0\STM32CubeIDE\plugins\com.st.stm32cube.common.mx_6.15.0.202507011659\db\plugins\mcufinder\reactClient1\index.html
2025-07-28 22:27:32,273 [INFO] WebApp:191 - Connection restablished
2025-07-28 22:27:32,916 [WARN] PackLoader:240 - Cannot read IP mode file for STMicroelectronics.FP-SNS-MOTENVWB1.1.4.0
2025-07-28 22:27:32,922 [WARN] PackLoader:240 - Cannot read IP mode file for STMicroelectronics.FP-ATR-ASTRA1.2.0.2
2025-07-28 22:27:32,929 [WARN] PackLoader:240 - Cannot read IP mode file for STMicroelectronics.X-CUBE-SMBUS.2.1.0
2025-07-28 22:27:32,932 [WARN] PackLoader:240 - Cannot read IP mode file for STMicroelectronics.X-CUBE-ST60.1.0.0
2025-07-28 22:27:32,954 [WARN] PackLoader:240 - Cannot read IP mode file for STMicroelectronics.X-CUBE-AZRTOS-F7.1.1.0
2025-07-28 22:27:32,963 [WARN] PackLoader:240 - Cannot read IP mode file for STMicroelectronics.X-CUBE-BLE1.6.2.4
2025-07-28 22:27:32,984 [WARN] PackLoader:240 - Cannot read IP mode file for Infineon.AIROC-Wi-Fi-Bluetooth-STM32.1.7.0
2025-07-28 22:27:33,001 [WARN] PackLoader:240 - Cannot read IP mode file for STMicroelectronics.X-CUBE-AZRTOS-H7.3.4.0
2025-07-28 22:27:33,009 [WARN] PackLoader:240 - Cannot read IP mode file for STMicroelectronics.X-CUBE-DISPLAY.3.0.0
2025-07-28 22:27:33,016 [WARN] PackLoader:240 - Cannot read IP mode file for STMicroelectronics.X-CUBE-NFC10.1.0.0
2025-07-28 22:27:33,024 [WARN] PackLoader:240 - Cannot read IP mode file for STMicroelectronics.X-CUBE-BLEMGR.4.0.0
2025-07-28 22:27:33,032 [WARN] ConditionMgr:438 - getConditionDescription Invalid condition id : Cortex-A Device cause : null
2025-07-28 22:27:33,045 [WARN] ConditionMgr:1044 - genDependencies : Invalid condition id : Cortex-A Device cause : null
2025-07-28 22:27:33,045 [WARN] ConditionMgr:1044 - genDependencies : Invalid condition id : Cortex-A Device cause : null
2025-07-28 22:27:33,045 [WARN] ConditionMgr:1044 - genDependencies : Invalid condition id : Cortex-A Device cause : null
2025-07-28 22:27:33,046 [WARN] PackLoader:240 - Cannot read IP mode file for STMicroelectronics.X-CUBE-AI.10.0.0
2025-07-28 22:27:33,050 [WARN] PackLoader:240 - Cannot read IP mode file for STMicroelectronics.FP-SNS-SMARTAG2.1.2.0
2025-07-28 22:27:33,054 [WARN] PackLoader:240 - Cannot read IP mode file for STMicroelectronics.FP-SNS-FLIGHT1.5.1.0
2025-07-28 22:27:33,064 [INFO] LogOutputStream:77 - [STDOUT_REDIRECT] 1 : Invalid condition id : UX_CORESTACK_Condition cause : null
2025-07-28 22:27:33,067 [INFO] LogOutputStream:77 - [STDOUT_REDIRECT] 1 : Invalid condition id : UX_CORESTACK_Condition cause : null
2025-07-28 22:27:33,068 [INFO] LogOutputStream:77 - [STDOUT_REDIRECT] 1 : Invalid condition id : UX_CORESTACK_Condition cause : null
2025-07-28 22:27:33,068 [INFO] LogOutputStream:77 - [STDOUT_REDIRECT] 1 : Invalid condition id : UX_CORESTACK_Condition cause : null
2025-07-28 22:27:33,069 [INFO] LogOutputStream:77 - [STDOUT_REDIRECT] 1 : Invalid condition id : UX_CORESTACK_Condition cause : null
2025-07-28 22:27:33,071 [WARN] PackLoader:240 - Cannot read IP mode file for STMicroelectronics.X-CUBE-AZRTOS-WL.2.0.0
2025-07-28 22:27:33,074 [WARN] PackLoader:240 - Cannot read IP mode file for STMicroelectronics.FP-SNS-MOTENV1.5.0.0
2025-07-28 22:27:33,084 [WARN] PackLoader:240 - Cannot read IP mode file for WES.I-CUBE-Cesium.1.3.0
2025-07-28 22:27:33,087 [WARN] PackLoader:240 - Cannot read IP mode file for STMicroelectronics.X-CUBE-BLE2.3.3.0
2025-07-28 22:27:33,090 [WARN] PackLoader:240 - Cannot read IP mode file for STMicroelectronics.X-CUBE-NFC9.1.0.0
2025-07-28 22:27:33,094 [WARN] PackLoader:240 - Cannot read IP mode file for STMicroelectronics.X-CUBE-BLE1.7.1.0
2025-07-28 22:27:33,098 [WARN] PackLoader:240 - Cannot read IP mode file for wolfSSL.I-CUBE-wolfMQTT.1.19.2
2025-07-28 22:27:33,099 [WARN] PackLoader:240 - Cannot read IP mode file for STMicroelectronics.X-CUBE-EEPRMA1.5.2.0
2025-07-28 22:27:33,114 [WARN] PackLoader:240 - Cannot read IP mode file for STMicroelectronics.X-CUBE-TOUCHGFX.4.21.3
2025-07-28 22:27:33,119 [WARN] PackLoader:240 - Cannot read IP mode file for STMicroelectronics.X-CUBE-AI.10.1.0
2025-07-28 22:27:33,122 [WARN] PackLoader:240 - Cannot read IP mode file for STMicroelectronics.X-CUBE-ALGOBUILD.1.3.0
2025-07-28 22:27:33,173 [WARN] PackLoader:240 - Cannot read IP mode file for STMicroelectronics.X-CUBE-MEMS1.11.2.0
2025-07-28 22:27:33,237 [WARN] PackLoader:240 - Cannot read IP mode file for STMicroelectronics.X-CUBE-AZRTOS-G0.1.1.0
2025-07-28 22:27:33,240 [WARN] PackLoader:240 - Cannot read IP mode file for STMicroelectronics.X-CUBE-SAFEA1.1.2.2
2025-07-28 22:27:33,243 [WARN] PackLoader:240 - Cannot read IP mode file for STMicroelectronics.X-CUBE-NFC4.3.0.0
2025-07-28 22:27:33,248 [WARN] PackLoader:240 - Cannot read IP mode file for EmbeddedOffice.I-CUBE-FS-RTOS.1.0.1
2025-07-28 22:27:33,251 [WARN] PackLoader:240 - Cannot read IP mode file for STMicroelectronics.X-CUBE-WB05N.2.0.0
2025-07-28 22:27:33,252 [WARN] PackLoader:240 - Cannot read IP mode file for wolfSSL.I-CUBE-wolfTPM.3.8.0
2025-07-28 22:27:33,255 [WARN] PackLoader:240 - Cannot read IP mode file for STMicroelectronics.X-CUBE-TCPP.4.2.0
2025-07-28 22:27:33,260 [WARN] PackLoader:240 - Cannot read IP mode file for RealThread.X-CUBE-RT-Thread_Nano.4.1.1
2025-07-28 22:27:33,263 [WARN] PackLoader:240 - Cannot read IP mode file for STMicroelectronics.FP-ATR-SIGFOX1.3.2.0
2025-07-28 22:27:33,267 [WARN] PackLoader:240 - Cannot read IP mode file for STMicroelectronics.X-CUBE-EEPRMA1.5.1.0
2025-07-28 22:27:33,269 [WARN] PackLoader:240 - Cannot read IP mode file for ITTIA_DB.I-CUBE-ITTIADB.8.9.0
2025-07-28 22:27:33,290 [WARN] PackLoader:240 - Cannot read IP mode file for STMicroelectronics.X-CUBE-MEMS1.9.5.0
2025-07-28 22:27:33,342 [WARN] PackLoader:240 - Cannot read IP mode file for STMicroelectronics.X-CUBE-ST67W61.1.0.0
2025-07-28 22:27:33,354 [WARN] PackLoader:240 - Cannot read IP mode file for SEGGER.I-CUBE-embOS.1.3.1
2025-07-28 22:27:33,368 [WARN] PackLoader:240 - Cannot read IP mode file for STMicroelectronics.X-CUBE-ALGOBUILD.1.4.0
2025-07-28 22:27:33,394 [WARN] PackLoader:240 - Cannot read IP mode file for STMicroelectronics.X-CUBE-MEMS1.11.3.0
2025-07-28 22:27:33,438 [WARN] PackLoader:240 - Cannot read IP mode file for STMicroelectronics.X-CUBE-PM33A1.1.0.0
2025-07-28 22:27:33,439 [WARN] PackLoader:240 - Cannot read IP mode file for STMicroelectronics.X-CUBE-GNSS1.6.0.0
2025-07-28 22:27:33,447 [WARN] PackLoader:240 - Cannot read IP mode file for STMicroelectronics.X-CUBE-AZRTOS-F4.1.1.0
2025-07-28 22:27:33,450 [WARN] PackLoader:240 - Cannot read IP mode file for Avnet-IotConnect.X-CUBE-IoTC-DA16k-PMOD.1.0.0
2025-07-28 22:27:33,452 [WARN] PackLoader:240 - Cannot read IP mode file for wolfSSL.I-CUBE-wolfSSL.5.6.0
2025-07-28 22:27:33,453 [WARN] PackLoader:240 - Cannot read IP mode file for STMicroelectronics.X-CUBE-ISPU.2.1.0
2025-07-28 22:27:33,456 [WARN] PackLoader:240 - Cannot read IP mode file for STMicroelectronics.X-CUBE-NFC12.1.0.0
2025-07-28 22:27:33,466 [WARN] PackLoader:240 - Cannot read IP mode file for STMicroelectronics.X-CUBE-AZRTOS-L5.2.0.0
2025-07-28 22:27:33,488 [WARN] PackLoader:240 - Cannot read IP mode file for STMicroelectronics.X-CUBE-MEMS1.9.6.0
2025-07-28 22:27:33,568 [WARN] PackLoader:240 - Cannot read IP mode file for STMicroelectronics.X-CUBE-NFC6.3.1.0
2025-07-28 22:27:33,571 [WARN] PackLoader:240 - Cannot read IP mode file for emotas.I-CUBE-CANOPEN.1.1.3
2025-07-28 22:27:33,576 [WARN] PackLoader:240 - Cannot read IP mode file for STMicroelectronics.X-CUBE-BLEMGR.2.0.0
2025-07-28 22:27:33,582 [WARN] ConditionMgr:438 - getConditionDescription Invalid condition id : UX DEVICE CLASS RTOS Condition cause : null
2025-07-28 22:27:33,582 [WARN] ConditionMgr:438 - getConditionDescription Invalid condition id : UX DEVICE CLASS RTOS Condition cause : null
2025-07-28 22:27:33,583 [WARN] PackLoader:240 - Cannot read IP mode file for STMicroelectronics.X-CUBE-AZRTOS-H7.3.1.0
2025-07-28 22:27:33,583 [WARN] ConditionMgr:1044 - genDependencies : Invalid condition id : UX DEVICE CLASS RTOS Condition cause : null
2025-07-28 22:27:33,583 [WARN] ConditionMgr:1044 - genDependencies : Invalid condition id : UX DEVICE CLASS RTOS Condition cause : null
2025-07-28 22:27:33,583 [WARN] ConditionMgr:1044 - genDependencies : Invalid condition id : UX DEVICE CLASS RTOS Condition cause : null
2025-07-28 22:27:33,583 [WARN] ConditionMgr:1044 - genDependencies : Invalid condition id : UX DEVICE CLASS RTOS Condition cause : null
2025-07-28 22:27:33,583 [WARN] ConditionMgr:1044 - genDependencies : Invalid condition id : UX DEVICE CLASS RTOS Condition cause : null
2025-07-28 22:27:33,586 [WARN] PackLoader:240 - Cannot read IP mode file for STMicroelectronics.X-CUBE-FREERTOS.1.3.1
2025-07-28 22:27:33,590 [WARN] PackLoader:240 - Cannot read IP mode file for STMicroelectronics.X-CUBE-FREERTOS.1.3.0
2025-07-28 22:27:33,596 [WARN] PackLoader:240 - Cannot read IP mode file for STMicroelectronics.X-CUBE-NFC7.1.0.1
2025-07-28 22:27:33,599 [WARN] PackLoader:240 - Cannot read IP mode file for STMicroelectronics.X-CUBE-NFC7.1.0.0
2025-07-28 22:27:33,601 [WARN] PackLoader:240 - Cannot read IP mode file for STMicroelectronics.X-CUBE-EEPRMA1.4.1.0
2025-07-28 22:27:33,605 [WARN] PackLoader:240 - Cannot read IP mode file for STMicroelectronics.FP-SNS-STAIOTCFT.1.0.0
2025-07-28 22:27:33,608 [WARN] PackLoader:240 - Cannot read IP mode file for STMicroelectronics.X-CUBE-DPower.1.3.0
2025-07-28 22:27:33,617 [WARN] ConditionMgr:438 - getConditionDescription Invalid condition id : LAN8742 Phy interface Condition cause : null
2025-07-28 22:27:33,617 [WARN] PackLoader:240 - Cannot read IP mode file for STMicroelectronics.X-CUBE-AZRTOS-L4.2.0.0
2025-07-28 22:27:33,617 [WARN] ConditionMgr:1044 - genDependencies : Invalid condition id : LAN8742 Phy interface Condition cause : null
2025-07-28 22:27:33,619 [WARN] ConditionMgr:1044 - genDependencies : Invalid condition id : LAN8742 Phy interface Condition cause : null
2025-07-28 22:27:33,619 [WARN] ConditionMgr:1044 - genDependencies : Invalid condition id : LAN8742 Phy interface Condition cause : null
2025-07-28 22:27:33,623 [WARN] PackLoader:240 - Cannot read IP mode file for STMicroelectronics.X-CUBE-SFXS2LP1.4.0.0
2025-07-28 22:27:33,626 [WARN] PackLoader:240 - Cannot read IP mode file for STMicroelectronics.X-CUBE-ISPU.1.1.0
2025-07-28 22:27:33,635 [WARN] PackLoader:240 - Cannot read IP mode file for STMicroelectronics.X-CUBE-AZRTOS-H7.3.3.0
2025-07-28 22:27:33,644 [WARN] PackLoader:240 - Cannot read IP mode file for STMicroelectronics.X-CUBE-BLEMGR.4.1.0
2025-07-28 22:27:33,647 [WARN] PackLoader:240 - Cannot read IP mode file for STMicroelectronics.X-CUBE-AI.8.0.0
2025-07-28 22:27:33,652 [WARN] ConditionMgr:438 - getConditionDescription Invalid condition id : UX DEVICE CLASS RTOS Condition cause : null
2025-07-28 22:27:33,652 [WARN] ConditionMgr:438 - getConditionDescription Invalid condition id : UX DEVICE CLASS RTOS Condition cause : null
2025-07-28 22:27:33,653 [WARN] PackLoader:240 - Cannot read IP mode file for STMicroelectronics.X-CUBE-AZRTOS-WB.2.0.0
2025-07-28 22:27:33,653 [WARN] ConditionMgr:1044 - genDependencies : Invalid condition id : UX DEVICE CLASS RTOS Condition cause : null
2025-07-28 22:27:33,653 [WARN] ConditionMgr:1044 - genDependencies : Invalid condition id : UX DEVICE CLASS RTOS Condition cause : null
2025-07-28 22:27:33,653 [WARN] ConditionMgr:1044 - genDependencies : Invalid condition id : UX DEVICE CLASS RTOS Condition cause : null
2025-07-28 22:27:33,653 [WARN] ConditionMgr:1044 - genDependencies : Invalid condition id : UX DEVICE CLASS RTOS Condition cause : null
2025-07-28 22:27:33,653 [WARN] ConditionMgr:1044 - genDependencies : Invalid condition id : UX DEVICE CLASS RTOS Condition cause : null
2025-07-28 22:27:33,656 [WARN] PackLoader:240 - Cannot read IP mode file for STMicroelectronics.X-CUBE-FREERTOS.1.0.1
2025-07-28 22:27:33,658 [WARN] PackLoader:240 - Cannot read IP mode file for STMicroelectronics.X-CUBE-GNSS1.7.0.1
2025-07-28 22:27:33,661 [WARN] PackLoader:240 - Cannot read IP mode file for STMicroelectronics.X-CUBE-TOUCHGFX.4.25.0
2025-07-28 22:27:33,664 [WARN] PackLoader:240 - Cannot read IP mode file for STMicroelectronics.FP-SNS-STBOX1.2.0.0
2025-07-28 22:27:33,672 [WARN] PackLoader:240 - Cannot read IP mode file for STMicroelectronics.X-CUBE-AZRTOS-L5.1.1.0
2025-07-28 22:27:33,682 [WARN] PackLoader:240 - Cannot read IP mode file for STMicroelectronics.X-CUBE-SUBG2.5.0.0
2025-07-28 22:27:33,691 [WARN] PackLoader:240 - Cannot read IP mode file for STMicroelectronics.X-CUBE-AZRTOS-H7RS.1.1.0
2025-07-28 22:27:33,696 [WARN] PackLoader:240 - Cannot read IP mode file for Cesanta.I-CUBE-Mongoose.7.13.0
2025-07-28 22:27:33,703 [WARN] PackLoader:240 - Cannot read IP mode file for STMicroelectronics.X-CUBE-AZRTOS-G4.2.0.0
2025-07-28 22:27:33,707 [WARN] PackLoader:240 - Cannot read IP mode file for STMicroelectronics.X-CUBE-TOF1.3.3.0
2025-07-28 22:27:33,712 [WARN] PackLoader:240 - Cannot read IP mode file for wolfSSL.I-CUBE-wolfSSH.1.4.20
2025-07-28 22:27:33,714 [WARN] PackLoader:240 - Cannot read IP mode file for STMicroelectronics.X-CUBE-NFC7.2.0.0
2025-07-28 22:27:33,720 [WARN] PackLoader:240 - Cannot read IP mode file for STMicroelectronics.X-CUBE-AZRTOS-G4.1.0.0
2025-07-28 22:27:33,726 [WARN] PackLoader:240 - Cannot read IP mode file for STMicroelectronics.X-CUBE-AZRTOS-L4.1.0.0
2025-07-28 22:27:33,734 [WARN] PackLoader:240 - Cannot read IP mode file for STMicroelectronics.X-CUBE-IPS.3.1.0
2025-07-28 22:27:33,739 [WARN] PackLoader:240 - Cannot read IP mode file for STMicroelectronics.X-CUBE-ALS.1.0.2
2025-07-28 22:27:33,744 [WARN] PackLoader:240 - Cannot read IP mode file for STMicroelectronics.X-CUBE-AZRTOS-WL.1.0.0
2025-07-28 22:27:33,748 [WARN] PackLoader:240 - Cannot read IP mode file for portGmbH.I-Cube-SoM-uGOAL.1.1.0
2025-07-28 22:27:33,751 [WARN] PackLoader:240 - Cannot read IP mode file for STMicroelectronics.X-CUBE-ALS.1.0.1
2025-07-28 22:27:33,754 [WARN] PackLoader:240 - Cannot read IP mode file for STMicroelectronics.X-CUBE-AZRTOS-WB.1.1.0
2025-07-28 22:27:33,757 [WARN] PackLoader:240 - Cannot read IP mode file for STMicroelectronics.FP-ATR-ASTRA1.2.0.0
2025-07-28 22:27:33,761 [WARN] PackLoader:240 - Cannot read IP mode file for STMicroelectronics.X-CUBE-TOF1.3.4.3
2025-07-28 22:27:33,765 [INFO] ThirdParty:978 - Integrity check success = true
2025-07-28 22:27:33,765 [INFO] IntegrityCheckThread:100 - exiting critical section [integrity check]
2025-07-28 22:27:33,765 [INFO] IntegrityCheckThread:103 - End integrity checks thread
2025-07-28 22:51:52,296 [INFO] McuFinderGlobals:63 - Set McuFinder mode to 2 (CubeIDE integrated)
2025-07-28 22:51:52,299 [INFO] MainUpdater:2872 - connection check result : 10
2025-07-28 22:51:52,301 [INFO] MainUpdater:2872 - connection check result : 10
2025-07-28 22:51:52,330 [INFO] MicroXplorer:468 - Change Database Path : 
2025-07-28 22:51:52,330 [INFO] MicroXplorer:498 - Change Database Version : DB.6.0.150
2025-07-28 22:51:52,339 [WARN] ThirdParty:871 - waiting for thirdparty lock release [close project]
2025-07-28 22:51:52,340 [INFO] ThirdParty:873 - entering critical section [close project]
2025-07-28 22:51:52,342 [INFO] ThirdParty:883 - exiting critical section [close project]
2025-07-28 22:51:52,345 [INFO] PinOutPanel:1589 - setPackage(No Configuration,No Configuration)
2025-07-28 22:51:52,348 [INFO] UtilMem:75 - Begin LoadConfig() Used Memory: 222775592 Bytes (587202560)
2025-07-28 22:51:52,351 [INFO] MicroXplorer:468 - Change Database Path : 
2025-07-28 22:51:52,351 [INFO] MicroXplorer:498 - Change Database Version : DB.6.0.150
2025-07-28 22:51:52,351 [INFO] OpenFileManager:355 - Change cursor
2025-07-28 22:51:52,409 [INFO] Mcu:2029 - Initializing MCU STM32F446R(C-E)Tx STM32F446RETx STM32F446RET6
2025-07-28 22:51:53,627 [INFO] Context:786 - Trying to add GPIOservice into a context  which must be forbidden
2025-07-28 22:51:53,946 [INFO] ImportTextPane:234 - (OptionalMessage_ERROR) Pin45 (VP_RIF_VS_RIF1) cannot be retrieved for this MCU
2025-07-28 22:51:54,091 [INFO] RtosManager:558 - Registered RTOS mode: class=CMSIS, group=RTOS, mode=CMSIS_V1, owner=FREERTOS
2025-07-28 22:51:54,091 [INFO] RtosManager:558 - Registered RTOS mode: class=CMSIS, group=RTOS2, mode=CMSIS_V2, owner=FREERTOS
2025-07-28 22:51:54,091 [INFO] RtosManager:558 - Registered RTOS mode: class=RTOS, group=Core, mode=CMSIS_V1, owner=FREERTOS
2025-07-28 22:51:54,091 [INFO] RtosManager:558 - Registered RTOS mode: class=RTOS, group=Core, mode=CMSIS_V2, owner=FREERTOS
2025-07-28 22:51:54,091 [WARN] ModelIntegratedComponent:184 - Missing modes for component STMicroelectronics:FreeRTOS:0.0.1:STMicroelectronics:RTOS:FreeRTOS:Core:::10.2.0:
2025-07-28 22:51:54,097 [WARN] ModelIntegratedComponent:63 - No mode defined for component null
2025-07-28 22:51:54,097 [WARN] ModelIntegratedComponent:63 - No mode defined for component null
2025-07-28 22:51:54,097 [WARN] ModelIntegratedComponent:63 - No mode defined for component null
2025-07-28 22:51:54,097 [WARN] ModelIntegratedComponent:63 - No mode defined for component null
2025-07-28 22:51:54,097 [WARN] ModelIntegratedComponent:63 - No mode defined for component null
2025-07-28 22:51:54,097 [WARN] ModelIntegratedComponent:63 - No mode defined for component null
2025-07-28 22:51:54,097 [WARN] ModelIntegratedComponent:63 - No mode defined for component null
2025-07-28 22:51:54,097 [WARN] ModelIntegratedComponent:63 - No mode defined for component null
2025-07-28 22:51:54,097 [WARN] ModelIntegratedComponent:63 - No mode defined for component null
2025-07-28 22:51:54,097 [WARN] ModelIntegratedComponent:63 - No mode defined for component null
2025-07-28 22:51:54,097 [WARN] ModelIntegratedComponent:63 - No mode defined for component null
2025-07-28 22:51:54,097 [WARN] ModelIntegratedComponent:63 - No mode defined for component null
2025-07-28 22:51:54,097 [WARN] ModelIntegratedComponent:63 - No mode defined for component null
2025-07-28 22:51:54,097 [WARN] ModelIntegratedComponent:63 - No mode defined for component null
2025-07-28 22:51:54,097 [WARN] ModelIntegratedComponent:63 - No mode defined for component null
2025-07-28 22:51:54,097 [WARN] ModelIntegratedComponent:63 - No mode defined for component null
2025-07-28 22:51:54,097 [WARN] ModelIntegratedComponent:63 - No mode defined for component null
2025-07-28 22:51:54,097 [WARN] ModelIntegratedComponent:63 - No mode defined for component null
2025-07-28 22:51:54,097 [WARN] ModelIntegratedComponent:63 - No mode defined for component null
2025-07-28 22:51:54,097 [WARN] ModelIntegratedComponent:63 - No mode defined for component null
2025-07-28 22:51:54,097 [WARN] ModelIntegratedComponent:63 - No mode defined for component null
2025-07-28 22:51:54,097 [WARN] ModelIntegratedComponent:63 - No mode defined for component null
2025-07-28 22:51:54,097 [WARN] ModelIntegratedComponent:63 - No mode defined for component null
2025-07-28 22:51:54,097 [WARN] ModelIntegratedComponent:63 - No mode defined for component null
2025-07-28 22:51:54,097 [WARN] ModelIntegratedComponent:63 - No mode defined for component null
2025-07-28 22:51:54,097 [WARN] ModelIntegratedComponent:63 - No mode defined for component null
2025-07-28 22:51:54,097 [WARN] ModelIntegratedComponent:63 - No mode defined for component null
2025-07-28 22:51:54,097 [WARN] ModelIntegratedComponent:63 - No mode defined for component null
2025-07-28 22:51:54,097 [WARN] ModelIntegratedComponent:63 - No mode defined for component null
2025-07-28 22:51:54,097 [WARN] ModelIntegratedComponent:63 - No mode defined for component null
2025-07-28 22:51:54,097 [WARN] ModelIntegratedComponent:63 - No mode defined for component null
2025-07-28 22:51:54,099 [WARN] ModelIntegratedComponent:63 - No mode defined for component null
2025-07-28 22:51:54,099 [WARN] ModelIntegratedComponent:63 - No mode defined for component null
2025-07-28 22:51:54,099 [WARN] ModelIntegratedComponent:63 - No mode defined for component null
2025-07-28 22:51:54,099 [WARN] ModelIntegratedComponent:63 - No mode defined for component null
2025-07-28 22:51:54,099 [WARN] ModelPack:524 - Component already loaded: STMicroelectronics:HAL Drivers:0.0.0:STMicroelectronics:Device:STMicro_Driver:XSPI:HAL::0.0.1:HAL_XSPI
2025-07-28 22:51:54,226 [INFO] ThirdPartyModel:298 - Start build external matchings
2025-07-28 22:51:54,844 [INFO] ThirdPartyModel:316 - End build external matchings
2025-07-28 22:51:54,863 [INFO] RtosManager:1018 - Current active RTOS is FREERTOS [Cortex-M4NS]
2025-07-28 22:51:54,871 [INFO] ImportTextPane:234 - (OptionalMessage_ERROR) IP (DMA) : Parameter (Instance) has Id (ADC1) currently not set
2025-07-28 22:51:54,873 [INFO] ImportTextPane:234 - (OptionalMessage_ERROR) IP (DMA) : Parameter (Channel) has Id (ADC1) currently not set
2025-07-28 22:51:54,873 [INFO] ImportTextPane:234 - (OptionalMessage_ERROR) IP (DMA) : Parameter (Direction) has Id (ADC1) currently not set
2025-07-28 22:51:54,873 [INFO] ImportTextPane:234 - (OptionalMessage_ERROR) IP (DMA) : Parameter (PeriphInc) has Id (ADC1) currently not set
2025-07-28 22:51:54,873 [INFO] ImportTextPane:234 - (OptionalMessage_ERROR) IP (DMA) : Parameter (MemInc) has Id (ADC1) currently not set
2025-07-28 22:51:54,873 [INFO] ImportTextPane:234 - (OptionalMessage_ERROR) IP (DMA) : Parameter (PeriphDataAlignment) has Id (ADC1) currently not set
2025-07-28 22:51:54,873 [INFO] ImportTextPane:234 - (OptionalMessage_ERROR) IP (DMA) : Parameter (MemDataAlignment) has Id (ADC1) currently not set
2025-07-28 22:51:54,873 [INFO] ImportTextPane:234 - (OptionalMessage_ERROR) IP (DMA) : Parameter (Mode) has Id (ADC1) currently not set
2025-07-28 22:51:54,873 [INFO] ImportTextPane:234 - (OptionalMessage_ERROR) IP (DMA) : Parameter (Priority) has Id (ADC1) currently not set
2025-07-28 22:51:54,873 [INFO] ImportTextPane:234 - (OptionalMessage_ERROR) IP (DMA) : Parameter (FIFOMode) has Id (ADC1) currently not set
2025-07-28 22:51:54,879 [WARN] IP:2250 - I2C_Coeff_DF not found: check if there is a RefParameter without a condition.
2025-07-28 22:51:54,879 [WARN] IP:2250 - Analog_Filter not found: check if there is a RefParameter without a condition.
2025-07-28 22:51:54,879 [INFO] ImportTextPane:234 - (OptionalMessage_ERROR) IP (RCC) : Invalid parameter (FamilyName)
2025-07-28 22:51:54,879 [INFO] ImportTextPane:234 - (OptionalMessage_ERROR) IP (RCC) : Parameter (MCO2PinFreq_Value) has invalid value (144000000)
2025-07-28 22:51:54,880 [WARN] IP:2250 - DEVICE_SERIAL0_CDC_FS not found: check if there is a RefParameter without a condition.
2025-07-28 22:51:54,880 [WARN] IP:2250 - DEVICE_SERIAL1_CDC_FS not found: check if there is a RefParameter without a condition.
2025-07-28 22:51:54,880 [WARN] IP:2250 - DEVICE_SERIAL2_CDC_FS not found: check if there is a RefParameter without a condition.
2025-07-28 22:51:55,076 [INFO] ApiDb:581 - Connected to CubeFinder SQLite database (C:\Users\Reatn\.stmcufinder\plugins\mcufinder\mcu\cube-finder-db.db)
2025-07-28 22:51:55,150 [INFO] ApiDb:668 - CubeFinder database Data Model version=2.1
2025-07-28 22:51:55,152 [INFO] ApiDb:669 - CubeFinder database Configuration version=3.0.39
2025-07-28 22:51:55,152 [INFO] ApiDb:670 - CubeFinder database generation date=2025-06-24 (1750757100)
2025-07-28 22:51:55,152 [INFO] ApiDb:671 - CubeFinder database FW Pack versions=[FP-ATR-ASTRA1_V2.0.0, FP-SNS-FLIGHT1_V5.1.0, FP-SNS-MOTENV1_V5.0.0, FP-SNS-MOTENVWB1_V1.4.0, FP-SNS-SMARTAG2_V1.2.0, FP-SNS-STBOX1_V2.0.0, STM32Cube_FW_C0_V1.4.0, STM32Cube_FW_F4_V1.28.2, STM32Cube_FW_F7_V1.17.3, STM32Cube_FW_G0_V1.6.2, STM32Cube_FW_G4_V1.6.1, STM32Cube_FW_H5_V1.5.0, STM32Cube_FW_H7RS_V1.2.0, STM32Cube_FW_H7_V1.12.1, STM32Cube_FW_L0_V1.12.2, STM32Cube_FW_L4_V1.18.1, STM32Cube_FW_L5_V1.5.1, STM32Cube_FW_N6_V1.2.0, STM32Cube_FW_U0_V1.3.0, STM32Cube_FW_U3_V1.2.0, STM32Cube_FW_U5_V1.8.0, STM32Cube_FW_WB0_V1.3.0, STM32Cube_FW_WBA_V1.7.0, STM32Cube_FW_WB_V1.23.0, STM32Cube_FW_WL3_V1.2.0, STM32Cube_FW_WL_V1.3.1, X-CUBE-ALGOBUILD_V1.4.0, X-CUBE-ALS_V1.0.2, X-CUBE-AZRTOS-F4_V1.1.0, X-CUBE-AZRTOS-F7_V1.1.0, X-CUBE-AZRTOS-G0_V1.1.0, X-CUBE-AZRTOS-G4_V2.0.0, X-CUBE-AZRTOS-H7RS_V1.1.0, X-CUBE-AZRTOS-H7_V3.3.0, X-CUBE-AZRTOS-L4_V2.0.0, X-CUBE-AZRTOS-L5_V2.0.0, X-CUBE-AZRTOS-WB_V2.0.0, X-CUBE-AZRTOS-WL_V2.0.0, X-CUBE-BLE1_V7.1.0, X-CUBE-BLE2_V3.3.0, X-CUBE-BLEMGR_V4.0.0, X-CUBE-EEPRMA1_V5.1.0, X-CUBE-FREERTOS_V1.3.1, X-CUBE-GNSS1_V6.0.0, X-CUBE-MEMS1_V11.3.0, X-CUBE-NFC4_V3.0.0, X-CUBE-NFC7_V2.0.0, X-CUBE-SFXS2LP1_V4.0.0, X-CUBE-SUBG2_V5.0.0, X-CUBE-TOF1_V3.4.3]
2025-07-28 22:51:55,256 [INFO] DbBoardsSqlite:226 - include board P-NUCLEO-WB55-NUCLEO as a kit item of type 'Nucleo-64'
2025-07-28 22:51:55,257 [INFO] DbBoardsSqlite:226 - include board P-NUCLEO-WB55-USBDONGLE as a kit item of type 'Nucleo USB Dongle'
2025-07-28 22:51:55,258 [INFO] DbBoardsSqlite:226 - include board STEVAL-IDP005V1 as a kit item of type 'Evaluation Board'
2025-07-28 22:51:55,258 [INFO] DbBoardsSqlite:226 - include board STEVAL-IDP005V2 as a kit item of type 'Evaluation Board'
2025-07-28 22:51:55,531 [INFO] ApiDb:240 - Found 880 in-development CPN: [B-G473E-ZEST1S, B-WB1M-WPAN1, B-WBA5M-WPAN, B-WL5M-SUBG1, NUCLEO-C031C6, NUCLEO-C051C8, NUCLEO-C071RB, NUCLEO-C092RC, NUCLEO-H503RB, NUCLEO-H533RE, NUCLEO-H563ZI, NUCLEO-H7S3L8, NUCLEO-N657X0-Q, NUCLEO-U031R8, NUCLEO-U083RC, NUCLEO-U385RG-Q, NUCLEO-U545RE-Q, NUCLEO-U5A5ZJ-Q, NUCLEO-WB05KZ, NUCLEO-WB07CC, NUCLEO-WB09KE, NUCLEO-WBA52CG, NUCLEO-WBA55CG, NUCLEO-WL33CC1, NUCLEO-WL33CC2, STEVAL-PROTEUS1, STEVAL-SMARTAG2, STEVAL-STWINBX1, STM320518-EVAL, STM32C0116-DK, STM32C011D6Y3TR, STM32C011D6Y6TR, STM32C011F4P3, STM32C011F4P6, STM32C011F4U3, STM32C011F4U6TR, STM32C011F6P3, STM32C011F6P6, STM32C011F6U3, STM32C011F6U6TR, STM32C011J4M3, STM32C011J4M6, STM32C011J6M3, STM32C011J6M6, STM32C0316-DK, STM32C031C4T3, STM32C031C4T6, STM32C031C4U3, STM32C031C4U6, STM32C031C6T3, STM32C031C6T6, STM32C031C6U3, STM32C031C6U6, STM32C031F4P3, STM32C031F4P6, STM32C031F6P3, STM32C031F6P6, STM32C031G4U3, STM32C031G4U6, STM32C031G6U3, STM32C031G6U6, STM32C031K4T3, STM32C031K4T6, STM32C031K4U3, STM32C031K4U6, STM32C031K6T3, STM32C031K6T6, STM32C031K6U3, STM32C031K6U6, STM32C051C6T6, STM32C051C6U6, STM32C051C8T6, STM32C051C8U6, STM32C051D8Y6TR, STM32C051F6P6, STM32C051F8P6, STM32C051G6U6, STM32C051G8U6, STM32C051K6T6, STM32C051K6U6, STM32C051K8T6, STM32C071C8T6, STM32C071C8T6N, STM32C071C8U6, STM32C071C8U6N, STM32C071CBT6, STM32C071CBT6N, STM32C071CBU6, STM32C071CBU6N, STM32C071F8P6, STM32C071F8P6N, STM32C071FBP6, STM32C071FBP6N, STM32C071FBY6TR, STM32C071G8U6, STM32C071G8U6N, STM32C071GBU6, STM32C071GBU6N, STM32C071K8T6, STM32C071K8T6N, STM32C071K8U6, STM32C071K8U6N, STM32C071KBT6, STM32C071KBT6N, STM32C071KBU6, STM32C071KBU6N, STM32C071R8T6, STM32C071R8T6N, STM32C071RBI6N, STM32C071RBT6, STM32C071RBT6N, STM32C091CBT6, STM32C091CBU6, STM32C091CCT6, STM32C091CCU6, STM32C091ECY6TR, STM32C091FBP6, STM32C091FCP6, STM32C091GBU6, STM32C091GCU6, STM32C091KBT6, STM32C091KBU6, STM32C091KCT6, STM32C091KCU6, STM32C091RBT6, STM32C091RCI6, STM32C091RCT6, STM32C092CBT6, STM32C092CBU6, STM32C092CCT6, STM32C092CCU6, STM32C092ECY6TR, STM32C092FBP6, STM32C092FCP6, STM32C092GBU6, STM32C092GCU6, STM32C092KBT6, STM32C092KBU6, STM32C092KCT6, STM32C092KCU6, STM32C092RBT6, STM32C092RCI6, STM32C092RCT6, STM32G071K8TXN, STM32G071K8UXN, STM32G081GBU6N, STM32G081KBT6N, STM32G081KBUXN, STM32G0B1CCT6N, STM32G0B1KCT6, STM32G0B1NEY6TR, STM32G0B1RCT6N, STM32G0C1CCT6, STM32G0C1CCT6N, STM32G0C1CCU6N, STM32G0C1CET6N, STM32G0C1CEU6N, STM32G0C1KCT6, STM32G0C1NEY6TR, STM32G0C1RCI6N, STM32G0C1RCT6N, STM32G0C1REI6N, STM32G0C1RET6N, STM32G0C1VCI6, STM32G0C1VEI6, STM32G411C6T3, STM32G411C6T6, STM32G411C6U3, STM32G411C6U6, STM32G411C8T3, STM32G411C8T6, STM32G411C8U3, STM32G411C8U6, STM32G411CBT3, STM32G411CBT6, STM32G411CBU3, STM32G411CBU6, STM32G411K6T3, STM32G411K6T6, STM32G411K6U3, STM32G411K6U6, STM32G411K8T3, STM32G411K8T6, STM32G411K8U3, STM32G411K8U6, STM32G411KBT3, STM32G411KBT6, STM32G411KBU3, STM32G411KBU6, STM32G411M6T3, STM32G411M6T6, STM32G411M8T3, STM32G411M8T6, STM32G411MBT3, STM32G411MBT6, STM32G411R6T3, STM32G411R6T6, STM32G411R8T3, STM32G411R8T6, STM32G411RBT3, STM32G411RBT6, STM32G414CBT3, STM32G414CBT6, STM32G414CBU3, STM32G414CBU6, STM32G414CCT3, STM32G414CCT6, STM32G414CCU3, STM32G414CCU6, STM32G414MBT3, STM32G414MBT6, STM32G414MCT3, STM32G414MCT6, STM32G414RBT3, STM32G414RBT6, STM32G414RCT3, STM32G414RCT6, STM32G414VBT3, STM32G414VBT6, STM32G414VCT3, STM32G414VCT6, STM32G431CBT3Z, STM32G431RBT3Z, STM32G471CCT6, STM32G471CCU6, STM32G471CET3, STM32G471CET6, STM32G471CEU3, STM32G471CEU6, STM32G471MCT6, STM32G471MET3, STM32G471MET6, STM32G471MEY6TR, STM32G471QCT6, STM32G471QET3, STM32G471RCT6, STM32G471RET3, STM32G471RET6, STM32G471VCH6, STM32G471VCI6, STM32G471VCT6, STM32G471VEH3, STM32G471VEH6, STM32G471VEI3, STM32G471VEI6, STM32G471VET3, STM32G471VET6, STM32G473QET3Z, STM32G473RET3Z, STM32G474CCT6, STM32G491RET3Z, STM32H503CBT6, STM32H503CBU6, STM32H503EBY6TR, STM32H503KBU6, STM32H503RBT6, STM32H523CCT6, STM32H523CCU6, STM32H523CET6, STM32H523CEU6, STM32H523HEY6TR, STM32H523RCT6, STM32H523RET6, STM32H523VCI6, STM32H523VCT6, STM32H523VEI6, STM32H523VET6, STM32H523ZCJ6, STM32H523ZCT6, STM32H523ZEJ6, STM32H523ZET6, STM32H533CET6, STM32H533CEU6, STM32H533HEY6TR, STM32H533RET6, STM32H533VEI6, STM32H533VET6, STM32H533ZEJ6, STM32H533ZET6, STM32H562AGI6, STM32H562AII6, STM32H562IGK6, STM32H562IGT6, STM32H562IIK6, STM32H562IIT6, STM32H562RGT6, STM32H562RGV6, STM32H562RIT6, STM32H562RIV6, STM32H562VGT6, STM32H562VIT6, STM32H562ZGT6, STM32H562ZIT6, STM32H563AGI6, STM32H563AII3Q, STM32H563AII6, STM32H563IGK6, STM32H563IGT6, STM32H563IIK3Q, STM32H563IIK6, STM32H563IIT3Q, STM32H563IIT6, STM32H563MIY3QTR, STM32H563RGT6, STM32H563RGV6, STM32H563RIT6, STM32H563RIV6, STM32H563VGT6, STM32H563VIT3Q, STM32H563VIT6, STM32H563ZGT6, STM32H563ZIT3Q, STM32H563ZIT6, STM32H573AII3Q, STM32H573AII6, STM32H573I-DK, STM32H573IIK3Q, STM32H573IIK6, STM32H573IIT3Q, STM32H573IIT6, STM32H573MIY3QTR, STM32H573RIT6, STM32H573RIV6, STM32H573VIT3Q, STM32H573VIT6, STM32H573ZIT3Q, STM32H573ZIT6, STM32H7R3A8I6, STM32H7R3I8K6, STM32H7R3I8T6, STM32H7R3L8H6, STM32H7R3L8H6H, STM32H7R3R8V6, STM32H7R3V8H6, STM32H7R3V8T6, STM32H7R3V8Y6TR, STM32H7R3Z8J6, STM32H7R3Z8T6, STM32H7R7A8I6, STM32H7R7I8K6, STM32H7R7I8T6, STM32H7R7L8H6, STM32H7R7L8H6H, STM32H7R7Z8J6, STM32H7S3A8I6, STM32H7S3I8K6, STM32H7S3I8T6, STM32H7S3L8H6, STM32H7S3L8H6H, STM32H7S3R8V6, STM32H7S3V8H6, STM32H7S3V8T6, STM32H7S3V8Y6TR, STM32H7S3Z8J6, STM32H7S3Z8T6, STM32H7S78-DK, STM32H7S7A8I6, STM32H7S7I8K6, STM32H7S7I8T6, STM32H7S7L8H6, STM32H7S7L8H6H, STM32H7S7Z8J6, STM32L4R5QGI6STR, STM32MP131AAE3, STM32MP131AAF3, STM32MP131AAG3, STM32MP131CAE3, STM32MP131CAF3, STM32MP131CAG3, STM32MP131DAE7, STM32MP131DAF7, STM32MP131DAG7, STM32MP131FAE7, STM32MP131FAF7, STM32MP131FAG7, STM32MP133AAE3, STM32MP133AAF3, STM32MP133AAG3, STM32MP133CAE3, STM32MP133CAF3, STM32MP133CAG3, STM32MP133DAE7, STM32MP133DAF7, STM32MP133DAG7, STM32MP133FAE7, STM32MP133FAF7, STM32MP133FAG7, STM32MP135AAE3, STM32MP135AAF3, STM32MP135AAG3, STM32MP135CAE3, STM32MP135CAF3, STM32MP135CAG3, STM32MP135DAE7, STM32MP135DAF7, STM32MP135DAG7, STM32MP135F-DK, STM32MP135FAE7, STM32MP135FAF7, STM32MP135FAF7T, STM32MP135FAF7U, STM32MP135FAG7, STM32MP211AAL3, STM32MP211AAM3, STM32MP211AAN3, STM32MP211AAO3, STM32MP211CAL3, STM32MP211CAM3, STM32MP211CAN3, STM32MP211CAO3, STM32MP211DAL3, STM32MP211DAM3, STM32MP211DAN3, STM32MP211DAO3, STM32MP211FAL3, STM32MP211FAM3, STM32MP211FAN3, STM32MP211FAO3, STM32MP213AAL3, STM32MP213AAM3, STM32MP213AAN3, STM32MP213AAO3, STM32MP213CAL3, STM32MP213CAM3, STM32MP213CAN3, STM32MP213CAO3, STM32MP213DAL3, STM32MP213DAM3, STM32MP213DAN3, STM32MP213DAO3, STM32MP213FAL3, STM32MP213FAM3, STM32MP213FAN3, STM32MP213FAO3, STM32MP215AAL3, STM32MP215AAM3, STM32MP215AAN3, STM32MP215AAO3, STM32MP215CAL3, STM32MP215CAM3, STM32MP215CAN3, STM32MP215CAO3, STM32MP215DAL3, STM32MP215DAM3, STM32MP215DAN3, STM32MP215DAO3, STM32MP215F-DK, STM32MP215FAL3, STM32MP215FAM3, STM32MP215FAN3, STM32MP215FAO3, STM32MP231AAJ3, STM32MP231AAK3, STM32MP231AAL3, STM32MP231CAJ3, STM32MP231CAK3, STM32MP231CAL3, STM32MP231DAJ3, STM32MP231DAK3, STM32MP231DAL3, STM32MP231FAJ3, STM32MP231FAK3, STM32MP231FAL3, STM32MP233AAJ3, STM32MP233AAK3, STM32MP233AAL3, STM32MP233CAJ3, STM32MP233CAK3, STM32MP233CAL3, STM32MP233DAJ3, STM32MP233DAK3, STM32MP233DAL3, STM32MP233FAJ3, STM32MP233FAK3, STM32MP233FAL3, STM32MP235AAJ3, STM32MP235AAK3, STM32MP235AAL3, STM32MP235CAJ3, STM32MP235CAK3, STM32MP235CAL3, STM32MP235DAJ3, STM32MP235DAK3, STM32MP235DAL3, STM32MP235FAJ3, STM32MP235FAK3, STM32MP235FAL3, STM32MP251AAI3, STM32MP251AAK3, STM32MP251AAL3, STM32MP251CAI3, STM32MP251CAK3, STM32MP251CAL3, STM32MP251DAI3, STM32MP251DAK3, STM32MP251DAL3, STM32MP251FAI3, STM32MP251FAK3, STM32MP251FAL3, STM32MP253AAI3, STM32MP253AAK3, STM32MP253AAL3, STM32MP253CAI3, STM32MP253CAK3, STM32MP253CAL3, STM32MP253DAI3, STM32MP253DAK3, STM32MP253DAL3, STM32MP253FAI3, STM32MP253FAK3, STM32MP253FAL3, STM32MP255AAI3, STM32MP255AAK3, STM32MP255AAL3, STM32MP255CAI3, STM32MP255CAK3, STM32MP255CAL3, STM32MP255DAI3, STM32MP255DAK3, STM32MP255DAL3, STM32MP255FAI3, STM32MP255FAK3, STM32MP255FAL3, STM32MP257AAI3, STM32MP257AAK3, STM32MP257AAL3, STM32MP257CAI3, STM32MP257CAK3, STM32MP257CAL3, STM32MP257DAI3, STM32MP257DAK3, STM32MP257DAL3, STM32MP257F-DK, STM32MP257F-EV1, STM32MP257FAI3, STM32MP257FAK3, STM32MP257FAL3, STM32N645A0H3Q, STM32N645B0H3Q, STM32N645I0H3Q, STM32N645L0H3Q, STM32N645X0H3Q, STM32N645Z0H3Q, STM32N647A0H3Q, STM32N647B0H3Q, STM32N647I0H3Q, STM32N647L0H3Q, STM32N647X0H3Q, STM32N647Z0H3Q, STM32N655A0H3Q, STM32N655B0H3Q, STM32N655I0H3Q, STM32N655L0H3Q, STM32N655X0H3Q, STM32N655Z0H3Q, STM32N6570-DK, STM32N657A0H3Q, STM32N657B0H3Q, STM32N657I0H3Q, STM32N657L0H3Q, STM32N657X0H3Q, STM32N657Z0H3Q, STM32U031C6T6, STM32U031C6U6, STM32U031C8T6, STM32U031C8U6, STM32U031F4P6, STM32U031F6P6, STM32U031F8P6, STM32U031G6Y6TR, STM32U031G8Y6TR, STM32U031K4U6, STM32U031K6U6, STM32U031K8U6, STM32U031R6I6, STM32U031R6T6, STM32U031R8I6, STM32U031R8T6, STM32U073C8T6, STM32U073C8U6, STM32U073CBT6, STM32U073CBU6, STM32U073CCT6, STM32U073CCU6, STM32U073H8Y6TR, STM32U073HBY6TR, STM32U073HCY6TR, STM32U073K8U6, STM32U073KBU6, STM32U073KCU6, STM32U073M8I6, STM32U073M8T6, STM32U073MBI6, STM32U073MBT6, STM32U073MCI6, STM32U073MCT6, STM32U073R8I6, STM32U073R8T6, STM32U073RBI6, STM32U073RBT6, STM32U073RCI6, STM32U073RCT6, STM32U083C-DK, STM32U083CCT6, STM32U083CCU6, STM32U083HCY6TR, STM32U083KCU6, STM32U083MCI6, STM32U083MCT6, STM32U083RCI6, STM32U083RCT6, STM32U375CET6, STM32U375CET6Q, STM32U375CEU6, STM32U375CEU6Q, STM32U375CEY6QTR, STM32U375CGT6, STM32U375CGT6Q, STM32U375CGU6, STM32U375CGU6Q, STM32U375CGY6QTR, STM32U375KEU6, STM32U375KGU6, STM32U375REI6, STM32U375REI6Q, STM32U375RET6, STM32U375RET6Q, STM32U375REY6GTR, STM32U375REY6QTR, STM32U375RGI6, STM32U375RGI6Q, STM32U375RGT6, STM32U375RGT6Q, STM32U375RGY6GTR, STM32U375RGY6QTR, STM32U375VEI6, STM32U375VEI6Q, STM32U375VET6, STM32U375VET6Q, STM32U375VGI6, STM32U375VGI6Q, STM32U375VGT6, STM32U375VGT6Q, STM32U385CGT6, STM32U385CGT6Q, STM32U385CGU6, STM32U385CGU6Q, STM32U385CGY6QTR, STM32U385KGU6, STM32U385RGI6, STM32U385RGI6Q, STM32U385RGT6, STM32U385RGT6Q, STM32U385RGY6GTR, STM32U385RGY6QTR, STM32U385VGI6, STM32U385VGI6Q, STM32U385VGT6, STM32U385VGT6Q, STM32U535CBT6, STM32U535CBT6Q, STM32U535CBU6, STM32U535CBU6Q, STM32U535CCT6, STM32U535CCT6Q, STM32U535CCU6, STM32U535CCU6Q, STM32U535CET6, STM32U535CET6Q, STM32U535CEU6, STM32U535CEU6Q, STM32U535JEY6QTR, STM32U535NCY6QTR, STM32U535NEY6QTR, STM32U535RBI6, STM32U535RBI6Q, STM32U535RBT6, STM32U535RBT6Q, STM32U535RCI6, STM32U535RCI6Q, STM32U535RCT6, STM32U535RCT6Q, STM32U535REI6, STM32U535REI6Q, STM32U535RET6, STM32U535RET6Q, STM32U535VCI6, STM32U535VCI6Q, STM32U535VCT6, STM32U535VCT6Q, STM32U535VEI6, STM32U535VEI6Q, STM32U535VET6, STM32U535VET6Q, STM32U545CET6, STM32U545CET6Q, STM32U545CEU6, STM32U545CEU6Q, STM32U545JEY6QTR, STM32U545NEY6QTR, STM32U545REI6, STM32U545REI6Q, STM32U545RET6, STM32U545RET6Q, STM32U545VEI6, STM32U545VEI6Q, STM32U545VET6, STM32U545VET6Q, STM32U595AIH6, STM32U595AIH6Q, STM32U595AJH6, STM32U595AJH6Q, STM32U595QII6, STM32U595QII6Q, STM32U595QJI6, STM32U595QJI6Q, STM32U595RIT6, STM32U595RIT6Q, STM32U595RJT6, STM32U595RJT6Q, STM32U595VIT6, STM32U595VIT6Q, STM32U595VJT6, STM32U595VJT6Q, STM32U595ZIT6, STM32U595ZIT6Q, STM32U595ZIY6QTR, STM32U595ZJT6, STM32U595ZJT6Q, STM32U595ZJY6QTR, STM32U599BJY6QTR, STM32U599NIH6Q, STM32U599NJH6Q, STM32U599VIT6Q, STM32U599VJT6, STM32U599VJT6Q, STM32U599ZIT6Q, STM32U599ZIY6QTR, STM32U599ZJT6Q, STM32U599ZJY6QTR, STM32U5A5AJH6, STM32U5A5AJH6Q, STM32U5A5QII3Q , STM32U5A5QJI6, STM32U5A5QJI6Q, STM32U5A5RJT6, STM32U5A5RJT6Q, STM32U5A5VJT6, STM32U5A5VJT6Q, STM32U5A5ZJT6, STM32U5A5ZJT6Q, STM32U5A5ZJY6QTR, STM32U5A9BJY6QTR, STM32U5A9J-DK, STM32U5A9NJH6Q, STM32U5A9VJT6Q, STM32U5A9ZJT6Q, STM32U5A9ZJY6QTR, STM32U5F7VIT6, STM32U5F7VIT6Q, STM32U5F7VJT6, STM32U5F7VJT6Q, STM32U5F9BJY6QTR, STM32U5F9NJH6Q, STM32U5F9VIT6Q, STM32U5F9VJT6Q, STM32U5F9ZIJ6QTR, STM32U5F9ZIT6Q, STM32U5F9ZJJ6QTR, STM32U5F9ZJT6Q, STM32U5G7VJT6, STM32U5G7VJT6Q, STM32U5G9BJY6QTR, STM32U5G9J-DK1, STM32U5G9J-DK2, STM32U5G9NJH6Q, STM32U5G9VJT6Q, STM32U5G9ZJJ6QTR, STM32U5G9ZJT6Q, STM32WB05KZV6TR, STM32WB05KZV7TR, STM32WB05TZF6TR, STM32WB05TZF7TR, STM32WB06CCF6TR, STM32WB06CCF7TR, STM32WB06CCV6TR, STM32WB06CCV7TR, STM32WB06KCV6TR, STM32WB06KCV7TR, STM32WB07CCF6TR, STM32WB07CCF7TR, STM32WB07CCV6TR, STM32WB07CCV7TR, STM32WB07KCV6TR, STM32WB07KCV7TR, STM32WB09KEV6TR, STM32WB09KEV7TR, STM32WB09TEF6TR, STM32WB09TEF7TR, STM32WB1MMCH6, STM32WBA50KGU6, STM32WBA50KGU6TR, STM32WBA52CEU6, STM32WBA52CEU6TR, STM32WBA52CEU7, STM32WBA52CEU7TR, STM32WBA52CGU6, STM32WBA52CGU6TR, STM32WBA52CGU6U, STM32WBA52CGU7, STM32WBA52CGU7TR, STM32WBA52KEU6, STM32WBA52KEU6TR, STM32WBA52KGU6, STM32WBA52KGU6TR, STM32WBA54CEU6, STM32WBA54CEU6TR, STM32WBA54CEU7, STM32WBA54CEU7TR, STM32WBA54CGU6, STM32WBA54CGU6TR, STM32WBA54CGU7, STM32WBA54CGU7TR, STM32WBA54KEU6, STM32WBA54KEU6TR, STM32WBA54KEU7, STM32WBA54KEU7TR, STM32WBA54KGU6, STM32WBA54KGU6TR, STM32WBA54KGU7, STM32WBA54KGU7TR, STM32WBA55CEU6, STM32WBA55CEU6TR, STM32WBA55CEU7, STM32WBA55CEU7TR, STM32WBA55CGU6, STM32WBA55CGU6TR, STM32WBA55CGU6U, STM32WBA55CGU7, STM32WBA55CGU7TR, STM32WBA55G-DK1, STM32WBA55HEF6, STM32WBA55HEF7, STM32WBA55HGF6, STM32WBA55HGF7, STM32WBA55UEI6, STM32WBA55UEI6TR, STM32WBA55UEI7, STM32WBA55UEI7TR, STM32WBA55UGI6, STM32WBA55UGI6TR, STM32WBA55UGI7, STM32WBA55UGI7TR, STM32WBA5MMGH6TR, STM32WBA62MGF6, STM32WBA62MIF6, STM32WBA65MGF7, STM32WBA65MIF6, STM32WBA65MIF7, STM32WL30K8V6, STM32WL30KBV6, STM32WL31C8V6, STM32WL31CBV6, STM32WL31K8V6, STM32WL31KBV6, STM32WL33C8V6, STM32WL33C8V6X, STM32WL33CBV6, STM32WL33CBV6X, STM32WL33CCV6, STM32WL33CCV6A, STM32WL33CCV6X, STM32WL33K8V7, STM32WL33K8V7X, STM32WL33KBV7 , STM32WL33KBV7X, STM32WL33KCV7, STM32WL33KCV7X, STM32WL5MOCH6, STM32WL5MOCH6TR]
2025-07-28 22:51:55,593 [INFO] BoardInfo:889 - No configuration file found for board P-NUCLEO-WB55
2025-07-28 22:51:55,593 [INFO] DbBoards:161 - Kit is not supported: P-NUCLEO-WB55
2025-07-28 22:51:55,597 [INFO] BoardInfo:889 - No configuration file found for board STEVAL-BFA001V1B
2025-07-28 22:51:55,597 [INFO] DbBoards:161 - Kit is not supported: STEVAL-BFA001V1B
2025-07-28 22:51:55,597 [INFO] BoardInfo:889 - No configuration file found for board STEVAL-BFA001V2B
2025-07-28 22:51:55,598 [INFO] DbBoards:161 - Kit is not supported: STEVAL-BFA001V2B
2025-07-28 22:51:55,663 [INFO] DbBoards:168 - Found 212 boards, 209 are supported
2025-07-28 22:51:55,663 [INFO] DbBoards:169 - Found 212 boards, 43 of them is supported for  Bsp
2025-07-28 22:51:55,666 [INFO] ApiDb:668 - CubeFinder database Data Model version=2.1
2025-07-28 22:51:55,666 [INFO] ApiDb:669 - CubeFinder database Configuration version=3.0.39
2025-07-28 22:51:55,666 [INFO] ApiDb:670 - CubeFinder database generation date=2025-06-24 (1750757100)
2025-07-28 22:51:55,666 [INFO] ApiDb:671 - CubeFinder database FW Pack versions=[FP-ATR-ASTRA1_V2.0.0, FP-SNS-FLIGHT1_V5.1.0, FP-SNS-MOTENV1_V5.0.0, FP-SNS-MOTENVWB1_V1.4.0, FP-SNS-SMARTAG2_V1.2.0, FP-SNS-STBOX1_V2.0.0, STM32Cube_FW_C0_V1.4.0, STM32Cube_FW_F4_V1.28.2, STM32Cube_FW_F7_V1.17.3, STM32Cube_FW_G0_V1.6.2, STM32Cube_FW_G4_V1.6.1, STM32Cube_FW_H5_V1.5.0, STM32Cube_FW_H7RS_V1.2.0, STM32Cube_FW_H7_V1.12.1, STM32Cube_FW_L0_V1.12.2, STM32Cube_FW_L4_V1.18.1, STM32Cube_FW_L5_V1.5.1, STM32Cube_FW_N6_V1.2.0, STM32Cube_FW_U0_V1.3.0, STM32Cube_FW_U3_V1.2.0, STM32Cube_FW_U5_V1.8.0, STM32Cube_FW_WB0_V1.3.0, STM32Cube_FW_WBA_V1.7.0, STM32Cube_FW_WB_V1.23.0, STM32Cube_FW_WL3_V1.2.0, STM32Cube_FW_WL_V1.3.1, X-CUBE-ALGOBUILD_V1.4.0, X-CUBE-ALS_V1.0.2, X-CUBE-AZRTOS-F4_V1.1.0, X-CUBE-AZRTOS-F7_V1.1.0, X-CUBE-AZRTOS-G0_V1.1.0, X-CUBE-AZRTOS-G4_V2.0.0, X-CUBE-AZRTOS-H7RS_V1.1.0, X-CUBE-AZRTOS-H7_V3.3.0, X-CUBE-AZRTOS-L4_V2.0.0, X-CUBE-AZRTOS-L5_V2.0.0, X-CUBE-AZRTOS-WB_V2.0.0, X-CUBE-AZRTOS-WL_V2.0.0, X-CUBE-BLE1_V7.1.0, X-CUBE-BLE2_V3.3.0, X-CUBE-BLEMGR_V4.0.0, X-CUBE-EEPRMA1_V5.1.0, X-CUBE-FREERTOS_V1.3.1, X-CUBE-GNSS1_V6.0.0, X-CUBE-MEMS1_V11.3.0, X-CUBE-NFC4_V3.0.0, X-CUBE-NFC7_V2.0.0, X-CUBE-SFXS2LP1_V4.0.0, X-CUBE-SUBG2_V5.0.0, X-CUBE-TOF1_V3.4.3]
2025-07-28 22:51:56,869 [INFO] ApiDb:240 - Found 880 in-development CPN: [B-G473E-ZEST1S, B-WB1M-WPAN1, B-WBA5M-WPAN, B-WL5M-SUBG1, NUCLEO-C031C6, NUCLEO-C051C8, NUCLEO-C071RB, NUCLEO-C092RC, NUCLEO-H503RB, NUCLEO-H533RE, NUCLEO-H563ZI, NUCLEO-H7S3L8, NUCLEO-N657X0-Q, NUCLEO-U031R8, NUCLEO-U083RC, NUCLEO-U385RG-Q, NUCLEO-U545RE-Q, NUCLEO-U5A5ZJ-Q, NUCLEO-WB05KZ, NUCLEO-WB07CC, NUCLEO-WB09KE, NUCLEO-WBA52CG, NUCLEO-WBA55CG, NUCLEO-WL33CC1, NUCLEO-WL33CC2, STEVAL-PROTEUS1, STEVAL-SMARTAG2, STEVAL-STWINBX1, STM320518-EVAL, STM32C0116-DK, STM32C011D6Y3TR, STM32C011D6Y6TR, STM32C011F4P3, STM32C011F4P6, STM32C011F4U3, STM32C011F4U6TR, STM32C011F6P3, STM32C011F6P6, STM32C011F6U3, STM32C011F6U6TR, STM32C011J4M3, STM32C011J4M6, STM32C011J6M3, STM32C011J6M6, STM32C0316-DK, STM32C031C4T3, STM32C031C4T6, STM32C031C4U3, STM32C031C4U6, STM32C031C6T3, STM32C031C6T6, STM32C031C6U3, STM32C031C6U6, STM32C031F4P3, STM32C031F4P6, STM32C031F6P3, STM32C031F6P6, STM32C031G4U3, STM32C031G4U6, STM32C031G6U3, STM32C031G6U6, STM32C031K4T3, STM32C031K4T6, STM32C031K4U3, STM32C031K4U6, STM32C031K6T3, STM32C031K6T6, STM32C031K6U3, STM32C031K6U6, STM32C051C6T6, STM32C051C6U6, STM32C051C8T6, STM32C051C8U6, STM32C051D8Y6TR, STM32C051F6P6, STM32C051F8P6, STM32C051G6U6, STM32C051G8U6, STM32C051K6T6, STM32C051K6U6, STM32C051K8T6, STM32C071C8T6, STM32C071C8T6N, STM32C071C8U6, STM32C071C8U6N, STM32C071CBT6, STM32C071CBT6N, STM32C071CBU6, STM32C071CBU6N, STM32C071F8P6, STM32C071F8P6N, STM32C071FBP6, STM32C071FBP6N, STM32C071FBY6TR, STM32C071G8U6, STM32C071G8U6N, STM32C071GBU6, STM32C071GBU6N, STM32C071K8T6, STM32C071K8T6N, STM32C071K8U6, STM32C071K8U6N, STM32C071KBT6, STM32C071KBT6N, STM32C071KBU6, STM32C071KBU6N, STM32C071R8T6, STM32C071R8T6N, STM32C071RBI6N, STM32C071RBT6, STM32C071RBT6N, STM32C091CBT6, STM32C091CBU6, STM32C091CCT6, STM32C091CCU6, STM32C091ECY6TR, STM32C091FBP6, STM32C091FCP6, STM32C091GBU6, STM32C091GCU6, STM32C091KBT6, STM32C091KBU6, STM32C091KCT6, STM32C091KCU6, STM32C091RBT6, STM32C091RCI6, STM32C091RCT6, STM32C092CBT6, STM32C092CBU6, STM32C092CCT6, STM32C092CCU6, STM32C092ECY6TR, STM32C092FBP6, STM32C092FCP6, STM32C092GBU6, STM32C092GCU6, STM32C092KBT6, STM32C092KBU6, STM32C092KCT6, STM32C092KCU6, STM32C092RBT6, STM32C092RCI6, STM32C092RCT6, STM32G071K8TXN, STM32G071K8UXN, STM32G081GBU6N, STM32G081KBT6N, STM32G081KBUXN, STM32G0B1CCT6N, STM32G0B1KCT6, STM32G0B1NEY6TR, STM32G0B1RCT6N, STM32G0C1CCT6, STM32G0C1CCT6N, STM32G0C1CCU6N, STM32G0C1CET6N, STM32G0C1CEU6N, STM32G0C1KCT6, STM32G0C1NEY6TR, STM32G0C1RCI6N, STM32G0C1RCT6N, STM32G0C1REI6N, STM32G0C1RET6N, STM32G0C1VCI6, STM32G0C1VEI6, STM32G411C6T3, STM32G411C6T6, STM32G411C6U3, STM32G411C6U6, STM32G411C8T3, STM32G411C8T6, STM32G411C8U3, STM32G411C8U6, STM32G411CBT3, STM32G411CBT6, STM32G411CBU3, STM32G411CBU6, STM32G411K6T3, STM32G411K6T6, STM32G411K6U3, STM32G411K6U6, STM32G411K8T3, STM32G411K8T6, STM32G411K8U3, STM32G411K8U6, STM32G411KBT3, STM32G411KBT6, STM32G411KBU3, STM32G411KBU6, STM32G411M6T3, STM32G411M6T6, STM32G411M8T3, STM32G411M8T6, STM32G411MBT3, STM32G411MBT6, STM32G411R6T3, STM32G411R6T6, STM32G411R8T3, STM32G411R8T6, STM32G411RBT3, STM32G411RBT6, STM32G414CBT3, STM32G414CBT6, STM32G414CBU3, STM32G414CBU6, STM32G414CCT3, STM32G414CCT6, STM32G414CCU3, STM32G414CCU6, STM32G414MBT3, STM32G414MBT6, STM32G414MCT3, STM32G414MCT6, STM32G414RBT3, STM32G414RBT6, STM32G414RCT3, STM32G414RCT6, STM32G414VBT3, STM32G414VBT6, STM32G414VCT3, STM32G414VCT6, STM32G431CBT3Z, STM32G431RBT3Z, STM32G471CCT6, STM32G471CCU6, STM32G471CET3, STM32G471CET6, STM32G471CEU3, STM32G471CEU6, STM32G471MCT6, STM32G471MET3, STM32G471MET6, STM32G471MEY6TR, STM32G471QCT6, STM32G471QET3, STM32G471RCT6, STM32G471RET3, STM32G471RET6, STM32G471VCH6, STM32G471VCI6, STM32G471VCT6, STM32G471VEH3, STM32G471VEH6, STM32G471VEI3, STM32G471VEI6, STM32G471VET3, STM32G471VET6, STM32G473QET3Z, STM32G473RET3Z, STM32G474CCT6, STM32G491RET3Z, STM32H503CBT6, STM32H503CBU6, STM32H503EBY6TR, STM32H503KBU6, STM32H503RBT6, STM32H523CCT6, STM32H523CCU6, STM32H523CET6, STM32H523CEU6, STM32H523HEY6TR, STM32H523RCT6, STM32H523RET6, STM32H523VCI6, STM32H523VCT6, STM32H523VEI6, STM32H523VET6, STM32H523ZCJ6, STM32H523ZCT6, STM32H523ZEJ6, STM32H523ZET6, STM32H533CET6, STM32H533CEU6, STM32H533HEY6TR, STM32H533RET6, STM32H533VEI6, STM32H533VET6, STM32H533ZEJ6, STM32H533ZET6, STM32H562AGI6, STM32H562AII6, STM32H562IGK6, STM32H562IGT6, STM32H562IIK6, STM32H562IIT6, STM32H562RGT6, STM32H562RGV6, STM32H562RIT6, STM32H562RIV6, STM32H562VGT6, STM32H562VIT6, STM32H562ZGT6, STM32H562ZIT6, STM32H563AGI6, STM32H563AII3Q, STM32H563AII6, STM32H563IGK6, STM32H563IGT6, STM32H563IIK3Q, STM32H563IIK6, STM32H563IIT3Q, STM32H563IIT6, STM32H563MIY3QTR, STM32H563RGT6, STM32H563RGV6, STM32H563RIT6, STM32H563RIV6, STM32H563VGT6, STM32H563VIT3Q, STM32H563VIT6, STM32H563ZGT6, STM32H563ZIT3Q, STM32H563ZIT6, STM32H573AII3Q, STM32H573AII6, STM32H573I-DK, STM32H573IIK3Q, STM32H573IIK6, STM32H573IIT3Q, STM32H573IIT6, STM32H573MIY3QTR, STM32H573RIT6, STM32H573RIV6, STM32H573VIT3Q, STM32H573VIT6, STM32H573ZIT3Q, STM32H573ZIT6, STM32H7R3A8I6, STM32H7R3I8K6, STM32H7R3I8T6, STM32H7R3L8H6, STM32H7R3L8H6H, STM32H7R3R8V6, STM32H7R3V8H6, STM32H7R3V8T6, STM32H7R3V8Y6TR, STM32H7R3Z8J6, STM32H7R3Z8T6, STM32H7R7A8I6, STM32H7R7I8K6, STM32H7R7I8T6, STM32H7R7L8H6, STM32H7R7L8H6H, STM32H7R7Z8J6, STM32H7S3A8I6, STM32H7S3I8K6, STM32H7S3I8T6, STM32H7S3L8H6, STM32H7S3L8H6H, STM32H7S3R8V6, STM32H7S3V8H6, STM32H7S3V8T6, STM32H7S3V8Y6TR, STM32H7S3Z8J6, STM32H7S3Z8T6, STM32H7S78-DK, STM32H7S7A8I6, STM32H7S7I8K6, STM32H7S7I8T6, STM32H7S7L8H6, STM32H7S7L8H6H, STM32H7S7Z8J6, STM32L4R5QGI6STR, STM32MP131AAE3, STM32MP131AAF3, STM32MP131AAG3, STM32MP131CAE3, STM32MP131CAF3, STM32MP131CAG3, STM32MP131DAE7, STM32MP131DAF7, STM32MP131DAG7, STM32MP131FAE7, STM32MP131FAF7, STM32MP131FAG7, STM32MP133AAE3, STM32MP133AAF3, STM32MP133AAG3, STM32MP133CAE3, STM32MP133CAF3, STM32MP133CAG3, STM32MP133DAE7, STM32MP133DAF7, STM32MP133DAG7, STM32MP133FAE7, STM32MP133FAF7, STM32MP133FAG7, STM32MP135AAE3, STM32MP135AAF3, STM32MP135AAG3, STM32MP135CAE3, STM32MP135CAF3, STM32MP135CAG3, STM32MP135DAE7, STM32MP135DAF7, STM32MP135DAG7, STM32MP135F-DK, STM32MP135FAE7, STM32MP135FAF7, STM32MP135FAF7T, STM32MP135FAF7U, STM32MP135FAG7, STM32MP211AAL3, STM32MP211AAM3, STM32MP211AAN3, STM32MP211AAO3, STM32MP211CAL3, STM32MP211CAM3, STM32MP211CAN3, STM32MP211CAO3, STM32MP211DAL3, STM32MP211DAM3, STM32MP211DAN3, STM32MP211DAO3, STM32MP211FAL3, STM32MP211FAM3, STM32MP211FAN3, STM32MP211FAO3, STM32MP213AAL3, STM32MP213AAM3, STM32MP213AAN3, STM32MP213AAO3, STM32MP213CAL3, STM32MP213CAM3, STM32MP213CAN3, STM32MP213CAO3, STM32MP213DAL3, STM32MP213DAM3, STM32MP213DAN3, STM32MP213DAO3, STM32MP213FAL3, STM32MP213FAM3, STM32MP213FAN3, STM32MP213FAO3, STM32MP215AAL3, STM32MP215AAM3, STM32MP215AAN3, STM32MP215AAO3, STM32MP215CAL3, STM32MP215CAM3, STM32MP215CAN3, STM32MP215CAO3, STM32MP215DAL3, STM32MP215DAM3, STM32MP215DAN3, STM32MP215DAO3, STM32MP215F-DK, STM32MP215FAL3, STM32MP215FAM3, STM32MP215FAN3, STM32MP215FAO3, STM32MP231AAJ3, STM32MP231AAK3, STM32MP231AAL3, STM32MP231CAJ3, STM32MP231CAK3, STM32MP231CAL3, STM32MP231DAJ3, STM32MP231DAK3, STM32MP231DAL3, STM32MP231FAJ3, STM32MP231FAK3, STM32MP231FAL3, STM32MP233AAJ3, STM32MP233AAK3, STM32MP233AAL3, STM32MP233CAJ3, STM32MP233CAK3, STM32MP233CAL3, STM32MP233DAJ3, STM32MP233DAK3, STM32MP233DAL3, STM32MP233FAJ3, STM32MP233FAK3, STM32MP233FAL3, STM32MP235AAJ3, STM32MP235AAK3, STM32MP235AAL3, STM32MP235CAJ3, STM32MP235CAK3, STM32MP235CAL3, STM32MP235DAJ3, STM32MP235DAK3, STM32MP235DAL3, STM32MP235FAJ3, STM32MP235FAK3, STM32MP235FAL3, STM32MP251AAI3, STM32MP251AAK3, STM32MP251AAL3, STM32MP251CAI3, STM32MP251CAK3, STM32MP251CAL3, STM32MP251DAI3, STM32MP251DAK3, STM32MP251DAL3, STM32MP251FAI3, STM32MP251FAK3, STM32MP251FAL3, STM32MP253AAI3, STM32MP253AAK3, STM32MP253AAL3, STM32MP253CAI3, STM32MP253CAK3, STM32MP253CAL3, STM32MP253DAI3, STM32MP253DAK3, STM32MP253DAL3, STM32MP253FAI3, STM32MP253FAK3, STM32MP253FAL3, STM32MP255AAI3, STM32MP255AAK3, STM32MP255AAL3, STM32MP255CAI3, STM32MP255CAK3, STM32MP255CAL3, STM32MP255DAI3, STM32MP255DAK3, STM32MP255DAL3, STM32MP255FAI3, STM32MP255FAK3, STM32MP255FAL3, STM32MP257AAI3, STM32MP257AAK3, STM32MP257AAL3, STM32MP257CAI3, STM32MP257CAK3, STM32MP257CAL3, STM32MP257DAI3, STM32MP257DAK3, STM32MP257DAL3, STM32MP257F-DK, STM32MP257F-EV1, STM32MP257FAI3, STM32MP257FAK3, STM32MP257FAL3, STM32N645A0H3Q, STM32N645B0H3Q, STM32N645I0H3Q, STM32N645L0H3Q, STM32N645X0H3Q, STM32N645Z0H3Q, STM32N647A0H3Q, STM32N647B0H3Q, STM32N647I0H3Q, STM32N647L0H3Q, STM32N647X0H3Q, STM32N647Z0H3Q, STM32N655A0H3Q, STM32N655B0H3Q, STM32N655I0H3Q, STM32N655L0H3Q, STM32N655X0H3Q, STM32N655Z0H3Q, STM32N6570-DK, STM32N657A0H3Q, STM32N657B0H3Q, STM32N657I0H3Q, STM32N657L0H3Q, STM32N657X0H3Q, STM32N657Z0H3Q, STM32U031C6T6, STM32U031C6U6, STM32U031C8T6, STM32U031C8U6, STM32U031F4P6, STM32U031F6P6, STM32U031F8P6, STM32U031G6Y6TR, STM32U031G8Y6TR, STM32U031K4U6, STM32U031K6U6, STM32U031K8U6, STM32U031R6I6, STM32U031R6T6, STM32U031R8I6, STM32U031R8T6, STM32U073C8T6, STM32U073C8U6, STM32U073CBT6, STM32U073CBU6, STM32U073CCT6, STM32U073CCU6, STM32U073H8Y6TR, STM32U073HBY6TR, STM32U073HCY6TR, STM32U073K8U6, STM32U073KBU6, STM32U073KCU6, STM32U073M8I6, STM32U073M8T6, STM32U073MBI6, STM32U073MBT6, STM32U073MCI6, STM32U073MCT6, STM32U073R8I6, STM32U073R8T6, STM32U073RBI6, STM32U073RBT6, STM32U073RCI6, STM32U073RCT6, STM32U083C-DK, STM32U083CCT6, STM32U083CCU6, STM32U083HCY6TR, STM32U083KCU6, STM32U083MCI6, STM32U083MCT6, STM32U083RCI6, STM32U083RCT6, STM32U375CET6, STM32U375CET6Q, STM32U375CEU6, STM32U375CEU6Q, STM32U375CEY6QTR, STM32U375CGT6, STM32U375CGT6Q, STM32U375CGU6, STM32U375CGU6Q, STM32U375CGY6QTR, STM32U375KEU6, STM32U375KGU6, STM32U375REI6, STM32U375REI6Q, STM32U375RET6, STM32U375RET6Q, STM32U375REY6GTR, STM32U375REY6QTR, STM32U375RGI6, STM32U375RGI6Q, STM32U375RGT6, STM32U375RGT6Q, STM32U375RGY6GTR, STM32U375RGY6QTR, STM32U375VEI6, STM32U375VEI6Q, STM32U375VET6, STM32U375VET6Q, STM32U375VGI6, STM32U375VGI6Q, STM32U375VGT6, STM32U375VGT6Q, STM32U385CGT6, STM32U385CGT6Q, STM32U385CGU6, STM32U385CGU6Q, STM32U385CGY6QTR, STM32U385KGU6, STM32U385RGI6, STM32U385RGI6Q, STM32U385RGT6, STM32U385RGT6Q, STM32U385RGY6GTR, STM32U385RGY6QTR, STM32U385VGI6, STM32U385VGI6Q, STM32U385VGT6, STM32U385VGT6Q, STM32U535CBT6, STM32U535CBT6Q, STM32U535CBU6, STM32U535CBU6Q, STM32U535CCT6, STM32U535CCT6Q, STM32U535CCU6, STM32U535CCU6Q, STM32U535CET6, STM32U535CET6Q, STM32U535CEU6, STM32U535CEU6Q, STM32U535JEY6QTR, STM32U535NCY6QTR, STM32U535NEY6QTR, STM32U535RBI6, STM32U535RBI6Q, STM32U535RBT6, STM32U535RBT6Q, STM32U535RCI6, STM32U535RCI6Q, STM32U535RCT6, STM32U535RCT6Q, STM32U535REI6, STM32U535REI6Q, STM32U535RET6, STM32U535RET6Q, STM32U535VCI6, STM32U535VCI6Q, STM32U535VCT6, STM32U535VCT6Q, STM32U535VEI6, STM32U535VEI6Q, STM32U535VET6, STM32U535VET6Q, STM32U545CET6, STM32U545CET6Q, STM32U545CEU6, STM32U545CEU6Q, STM32U545JEY6QTR, STM32U545NEY6QTR, STM32U545REI6, STM32U545REI6Q, STM32U545RET6, STM32U545RET6Q, STM32U545VEI6, STM32U545VEI6Q, STM32U545VET6, STM32U545VET6Q, STM32U595AIH6, STM32U595AIH6Q, STM32U595AJH6, STM32U595AJH6Q, STM32U595QII6, STM32U595QII6Q, STM32U595QJI6, STM32U595QJI6Q, STM32U595RIT6, STM32U595RIT6Q, STM32U595RJT6, STM32U595RJT6Q, STM32U595VIT6, STM32U595VIT6Q, STM32U595VJT6, STM32U595VJT6Q, STM32U595ZIT6, STM32U595ZIT6Q, STM32U595ZIY6QTR, STM32U595ZJT6, STM32U595ZJT6Q, STM32U595ZJY6QTR, STM32U599BJY6QTR, STM32U599NIH6Q, STM32U599NJH6Q, STM32U599VIT6Q, STM32U599VJT6, STM32U599VJT6Q, STM32U599ZIT6Q, STM32U599ZIY6QTR, STM32U599ZJT6Q, STM32U599ZJY6QTR, STM32U5A5AJH6, STM32U5A5AJH6Q, STM32U5A5QII3Q , STM32U5A5QJI6, STM32U5A5QJI6Q, STM32U5A5RJT6, STM32U5A5RJT6Q, STM32U5A5VJT6, STM32U5A5VJT6Q, STM32U5A5ZJT6, STM32U5A5ZJT6Q, STM32U5A5ZJY6QTR, STM32U5A9BJY6QTR, STM32U5A9J-DK, STM32U5A9NJH6Q, STM32U5A9VJT6Q, STM32U5A9ZJT6Q, STM32U5A9ZJY6QTR, STM32U5F7VIT6, STM32U5F7VIT6Q, STM32U5F7VJT6, STM32U5F7VJT6Q, STM32U5F9BJY6QTR, STM32U5F9NJH6Q, STM32U5F9VIT6Q, STM32U5F9VJT6Q, STM32U5F9ZIJ6QTR, STM32U5F9ZIT6Q, STM32U5F9ZJJ6QTR, STM32U5F9ZJT6Q, STM32U5G7VJT6, STM32U5G7VJT6Q, STM32U5G9BJY6QTR, STM32U5G9J-DK1, STM32U5G9J-DK2, STM32U5G9NJH6Q, STM32U5G9VJT6Q, STM32U5G9ZJJ6QTR, STM32U5G9ZJT6Q, STM32WB05KZV6TR, STM32WB05KZV7TR, STM32WB05TZF6TR, STM32WB05TZF7TR, STM32WB06CCF6TR, STM32WB06CCF7TR, STM32WB06CCV6TR, STM32WB06CCV7TR, STM32WB06KCV6TR, STM32WB06KCV7TR, STM32WB07CCF6TR, STM32WB07CCF7TR, STM32WB07CCV6TR, STM32WB07CCV7TR, STM32WB07KCV6TR, STM32WB07KCV7TR, STM32WB09KEV6TR, STM32WB09KEV7TR, STM32WB09TEF6TR, STM32WB09TEF7TR, STM32WB1MMCH6, STM32WBA50KGU6, STM32WBA50KGU6TR, STM32WBA52CEU6, STM32WBA52CEU6TR, STM32WBA52CEU7, STM32WBA52CEU7TR, STM32WBA52CGU6, STM32WBA52CGU6TR, STM32WBA52CGU6U, STM32WBA52CGU7, STM32WBA52CGU7TR, STM32WBA52KEU6, STM32WBA52KEU6TR, STM32WBA52KGU6, STM32WBA52KGU6TR, STM32WBA54CEU6, STM32WBA54CEU6TR, STM32WBA54CEU7, STM32WBA54CEU7TR, STM32WBA54CGU6, STM32WBA54CGU6TR, STM32WBA54CGU7, STM32WBA54CGU7TR, STM32WBA54KEU6, STM32WBA54KEU6TR, STM32WBA54KEU7, STM32WBA54KEU7TR, STM32WBA54KGU6, STM32WBA54KGU6TR, STM32WBA54KGU7, STM32WBA54KGU7TR, STM32WBA55CEU6, STM32WBA55CEU6TR, STM32WBA55CEU7, STM32WBA55CEU7TR, STM32WBA55CGU6, STM32WBA55CGU6TR, STM32WBA55CGU6U, STM32WBA55CGU7, STM32WBA55CGU7TR, STM32WBA55G-DK1, STM32WBA55HEF6, STM32WBA55HEF7, STM32WBA55HGF6, STM32WBA55HGF7, STM32WBA55UEI6, STM32WBA55UEI6TR, STM32WBA55UEI7, STM32WBA55UEI7TR, STM32WBA55UGI6, STM32WBA55UGI6TR, STM32WBA55UGI7, STM32WBA55UGI7TR, STM32WBA5MMGH6TR, STM32WBA62MGF6, STM32WBA62MIF6, STM32WBA65MGF7, STM32WBA65MIF6, STM32WBA65MIF7, STM32WL30K8V6, STM32WL30KBV6, STM32WL31C8V6, STM32WL31CBV6, STM32WL31K8V6, STM32WL31KBV6, STM32WL33C8V6, STM32WL33C8V6X, STM32WL33CBV6, STM32WL33CBV6X, STM32WL33CCV6, STM32WL33CCV6A, STM32WL33CCV6X, STM32WL33K8V7, STM32WL33K8V7X, STM32WL33KBV7 , STM32WL33KBV7X, STM32WL33KCV7, STM32WL33KCV7X, STM32WL5MOCH6, STM32WL5MOCH6TR]
2025-07-28 22:51:56,873 [INFO] DbMcus:218 - Found 4801 MCUs, 4801 are supported
2025-07-28 22:51:56,873 [INFO] ApiDb:423 - Load user favorites file C:\Users\Reatn/.stm32cubeide/favorites.mcus.txt: 0 item(s)
2025-07-28 22:51:56,873 [INFO] ApiDb:427 - User favorites MCUs=[]
2025-07-28 22:51:56,873 [INFO] DbMcus:224 - Set 0 / 0 favorites MCUs
2025-07-28 22:51:57,121 [INFO] ApiDb:414 - User favorites file not found: C:\Users\Reatn/.stm32cubeide/favorites.boards.txt
2025-07-28 22:51:57,121 [INFO] DbBoards:198 - Set 0 / 0 favorites Boards
2025-07-28 22:51:57,171 [INFO] UtilMem:75 - End LoadConfig() Used Memory: 431044040 Bytes (587202560)
2025-07-28 22:51:57,277 [WARN] ThirdParty:833 - waiting for thirdparty lock release [change project]
2025-07-28 22:51:57,278 [INFO] ThirdParty:835 - entering critical section [change project]
2025-07-28 22:51:57,278 [INFO] ThirdParty:1030 - CMSIS Pack Vendor :STMicroelectronics X-CUBE-PM33A1 1.0.0
2025-07-28 22:51:57,278 [INFO] ThirdParty:1030 - CMSIS Pack Vendor :STMicroelectronics USBPD 4.1
2025-07-28 22:51:57,278 [INFO] ThirdParty:1030 - CMSIS Pack Vendor :STMicroelectronics X-CUBE-GNSS1 6.0.0
2025-07-28 22:51:57,278 [INFO] ThirdParty:1030 - CMSIS Pack Vendor :STMicroelectronics USB_HOST 2.0.0
2025-07-28 22:51:57,278 [INFO] ThirdParty:1030 - CMSIS Pack Vendor :STMicroelectronics FP-SNS-MOTENVWB1 1.4.0
2025-07-28 22:51:57,278 [INFO] ThirdParty:1030 - CMSIS Pack Vendor :STMicroelectronics X-CUBE-AZRTOS-F4 1.1.0
2025-07-28 22:51:57,278 [INFO] ThirdParty:1030 - CMSIS Pack Vendor :STMicroelectronics LIBJPEG 8.0.0
2025-07-28 22:51:57,278 [INFO] ThirdParty:1030 - CMSIS Pack Vendor :STMicroelectronics FP-ATR-ASTRA1 2.0.2
2025-07-28 22:51:57,278 [INFO] ThirdParty:1030 - CMSIS Pack Vendor :Avnet-IotConnect X-CUBE-IoTC-DA16k-PMOD 1.0.0
2025-07-28 22:51:57,278 [INFO] ThirdParty:1030 - CMSIS Pack Vendor :STMicroelectronics X-CUBE-SMBUS 2.1.0
2025-07-28 22:51:57,278 [INFO] ThirdParty:1030 - CMSIS Pack Vendor :wolfSSL I-CUBE-wolfSSL 5.6.0
2025-07-28 22:51:57,278 [INFO] ThirdParty:1030 - CMSIS Pack Vendor :STMicroelectronics X-CUBE-ISPU 2.1.0
2025-07-28 22:51:57,278 [INFO] ThirdParty:1030 - CMSIS Pack Vendor :STMicroelectronics X-CUBE-ST60 1.0.0
2025-07-28 22:51:57,278 [INFO] ThirdParty:1030 - CMSIS Pack Vendor :STMicroelectronics X-CUBE-NFC12 1.0.0
2025-07-28 22:51:57,278 [INFO] ThirdParty:1030 - CMSIS Pack Vendor :STMicroelectronics X-CUBE-AZRTOS-F7 1.1.0
2025-07-28 22:51:57,278 [INFO] ThirdParty:1030 - CMSIS Pack Vendor :STMicroelectronics X-CUBE-AZRTOS-L5 2.0.0
2025-07-28 22:51:57,278 [INFO] ThirdParty:1030 - CMSIS Pack Vendor :STMicroelectronics USB_DEVICE 2.0.0
2025-07-28 22:51:57,278 [INFO] ThirdParty:1030 - CMSIS Pack Vendor :STMicroelectronics X-CUBE-MEMS1 9.6.0
2025-07-28 22:51:57,278 [INFO] ThirdParty:1030 - CMSIS Pack Vendor :STMicroelectronics X-CUBE-NFC6 3.1.0
2025-07-28 22:51:57,278 [INFO] ThirdParty:1030 - CMSIS Pack Vendor :STMicroelectronics X-CUBE-BLE1 6.2.4
2025-07-28 22:51:57,278 [INFO] ThirdParty:1030 - CMSIS Pack Vendor :STMicroelectronics FreeRTOS 0.0.1
2025-07-28 22:51:57,278 [INFO] ThirdParty:1030 - CMSIS Pack Vendor :emotas I-CUBE-CANOPEN 1.1.3
2025-07-28 22:51:57,278 [INFO] ThirdParty:1030 - CMSIS Pack Vendor :STMicroelectronics X-CUBE-BLEMGR 2.0.0
2025-07-28 22:51:57,278 [INFO] ThirdParty:1030 - CMSIS Pack Vendor :Infineon AIROC-Wi-Fi-Bluetooth-STM32 1.7.0
2025-07-28 22:51:57,278 [INFO] ThirdParty:1030 - CMSIS Pack Vendor :STMicroelectronics X-CUBE-AZRTOS-H7 3.1.0
2025-07-28 22:51:57,279 [INFO] ThirdParty:1030 - CMSIS Pack Vendor :STMicroelectronics PDM2PCM 3.3.0
2025-07-28 22:51:57,279 [INFO] ThirdParty:1030 - CMSIS Pack Vendor :STMicroelectronics X-CUBE-AZRTOS-H7 3.4.0
2025-07-28 22:51:57,279 [INFO] ThirdParty:1030 - CMSIS Pack Vendor :STMicroelectronics X-CUBE-DISPLAY 3.0.0
2025-07-28 22:51:57,279 [INFO] ThirdParty:1030 - CMSIS Pack Vendor :STMicroelectronics X-CUBE-NFC10 1.0.0
2025-07-28 22:51:57,279 [INFO] ThirdParty:1030 - CMSIS Pack Vendor :STMicroelectronics X-CUBE-BLEMGR 4.0.0
2025-07-28 22:51:57,279 [INFO] ThirdParty:1030 - CMSIS Pack Vendor :STMicroelectronics X-CUBE-FREERTOS 1.3.1
2025-07-28 22:51:57,279 [INFO] ThirdParty:1030 - CMSIS Pack Vendor :STMicroelectronics HAL Drivers 0.0.0
2025-07-28 22:51:57,279 [INFO] ThirdParty:1030 - CMSIS Pack Vendor :STMicroelectronics X-CUBE-FREERTOS 1.3.0
2025-07-28 22:51:57,279 [INFO] ThirdParty:1030 - CMSIS Pack Vendor :STMicroelectronics X-CUBE-NFC7 1.0.1
2025-07-28 22:51:57,279 [INFO] ThirdParty:1030 - CMSIS Pack Vendor :STMicroelectronics MBEDTLS 2.14.1
2025-07-28 22:51:57,279 [INFO] ThirdParty:1030 - CMSIS Pack Vendor :STMicroelectronics X-CUBE-NFC7 1.0.0
2025-07-28 22:51:57,279 [INFO] ThirdParty:1030 - CMSIS Pack Vendor :STMicroelectronics X-CUBE-EEPRMA1 4.1.0
2025-07-28 22:51:57,279 [INFO] ThirdParty:1030 - CMSIS Pack Vendor :quantropi X-CUBE-qispace-sdk-base 2.0.0
2025-07-28 22:51:57,279 [INFO] ThirdParty:1030 - CMSIS Pack Vendor :STMicroelectronics X-CUBE-AI 10.0.0
2025-07-28 22:51:57,279 [INFO] ThirdParty:1030 - CMSIS Pack Vendor :STMicroelectronics FP-SNS-STAIOTCFT 1.0.0
2025-07-28 22:51:57,279 [INFO] ThirdParty:1030 - CMSIS Pack Vendor :STMicroelectronics FP-SNS-SMARTAG2 1.2.0
2025-07-28 22:51:57,279 [INFO] ThirdParty:1030 - CMSIS Pack Vendor :STMicroelectronics FP-SNS-FLIGHT1 5.1.0
2025-07-28 22:51:57,279 [INFO] ThirdParty:1030 - CMSIS Pack Vendor :STMicroelectronics X-CUBE-AZRTOS-WL 2.0.0
2025-07-28 22:51:57,279 [INFO] ThirdParty:1030 - CMSIS Pack Vendor :STMicroelectronics X-CUBE-DPower 1.3.0
2025-07-28 22:51:57,279 [INFO] ThirdParty:1030 - CMSIS Pack Vendor :STMicroelectronics FP-SNS-MOTENV1 5.0.0
2025-07-28 22:51:57,279 [INFO] ThirdParty:1030 - CMSIS Pack Vendor :STMicroelectronics USB_DEVICE 1.0.0
2025-07-28 22:51:57,279 [INFO] ThirdParty:1030 - CMSIS Pack Vendor :STMicroelectronics X-CUBE-AZRTOS-L4 2.0.0
2025-07-28 22:51:57,279 [INFO] ThirdParty:1030 - CMSIS Pack Vendor :STMicroelectronics ThreadX 0.0.2
2025-07-28 22:51:57,279 [INFO] ThirdParty:1030 - CMSIS Pack Vendor :WES I-CUBE-Cesium 1.3.0
2025-07-28 22:51:57,279 [INFO] ThirdParty:1030 - CMSIS Pack Vendor :STMicroelectronics lwIP 2.1.2
2025-07-28 22:51:57,279 [INFO] ThirdParty:1030 - CMSIS Pack Vendor :STMicroelectronics X-CUBE-SFXS2LP1 4.0.0
2025-07-28 22:51:57,279 [INFO] ThirdParty:1030 - CMSIS Pack Vendor :STMicroelectronics X-CUBE-BLE2 3.3.0
2025-07-28 22:51:57,279 [INFO] ThirdParty:1030 - CMSIS Pack Vendor :STMicroelectronics PDM2PCM 3.2.0
2025-07-28 22:51:57,279 [INFO] ThirdParty:1030 - CMSIS Pack Vendor :STMicroelectronics X-CUBE-ISPU 1.1.0
2025-07-28 22:51:57,279 [INFO] ThirdParty:1030 - CMSIS Pack Vendor :STMicroelectronics X-CUBE-AZRTOS-H7 3.3.0
2025-07-28 22:51:57,279 [INFO] ThirdParty:1030 - CMSIS Pack Vendor :STMicroelectronics X-CUBE-NFC9 1.0.0
2025-07-28 22:51:57,279 [INFO] ThirdParty:1030 - CMSIS Pack Vendor :STMicroelectronics X-CUBE-BLE1 7.1.0
2025-07-28 22:51:57,279 [INFO] ThirdParty:1030 - CMSIS Pack Vendor :wolfSSL I-CUBE-wolfMQTT 1.19.2
2025-07-28 22:51:57,279 [INFO] ThirdParty:1030 - CMSIS Pack Vendor :STMicroelectronics USB_DEVICE 3.0.0
2025-07-28 22:51:57,279 [INFO] ThirdParty:1030 - CMSIS Pack Vendor :STMicroelectronics X-CUBE-EEPRMA1 5.2.0
2025-07-28 22:51:57,279 [INFO] ThirdParty:1030 - CMSIS Pack Vendor :STMicroelectronics X-CUBE-BLEMGR 4.1.0
2025-07-28 22:51:57,279 [INFO] ThirdParty:1030 - CMSIS Pack Vendor :STMicroelectronics X-CUBE-AI 8.0.0
2025-07-28 22:51:57,279 [INFO] ThirdParty:1030 - CMSIS Pack Vendor :STMicroelectronics X-CUBE-AZRTOS-WB 2.0.0
2025-07-28 22:51:57,279 [INFO] ThirdParty:1030 - CMSIS Pack Vendor :STMicroelectronics X-CUBE-FREERTOS 1.0.1
2025-07-28 22:51:57,279 [INFO] ThirdParty:1030 - CMSIS Pack Vendor :STMicroelectronics X-CUBE-GNSS1 7.0.1
2025-07-28 22:51:57,279 [INFO] ThirdParty:1030 - CMSIS Pack Vendor :STMicroelectronics X-CUBE-TOUCHGFX 4.21.3
2025-07-28 22:51:57,279 [INFO] ThirdParty:1030 - CMSIS Pack Vendor :STMicroelectronics X-CUBE-TOUCHGFX 4.25.0
2025-07-28 22:51:57,279 [INFO] ThirdParty:1030 - CMSIS Pack Vendor :STMicroelectronics X-CUBE-AI 10.1.0
2025-07-28 22:51:57,279 [INFO] ThirdParty:1030 - CMSIS Pack Vendor :STMicroelectronics FP-SNS-STBOX1 2.0.0
2025-07-28 22:51:57,279 [INFO] ThirdParty:1030 - CMSIS Pack Vendor :STMicroelectronics X-CUBE-ALGOBUILD 1.3.0
2025-07-28 22:51:57,279 [INFO] ThirdParty:1030 - CMSIS Pack Vendor :STMicroelectronics X-CUBE-AZRTOS-L5 1.1.0
2025-07-28 22:51:57,280 [INFO] ThirdParty:1030 - CMSIS Pack Vendor :STMicroelectronics X-CUBE-MEMS1 11.2.0
2025-07-28 22:51:57,280 [INFO] ThirdParty:1030 - CMSIS Pack Vendor :STMicroelectronics X-CUBE-AZRTOS-G0 1.1.0
2025-07-28 22:51:57,280 [INFO] ThirdParty:1030 - CMSIS Pack Vendor :STMicroelectronics X-CUBE-SAFEA1 1.2.2
2025-07-28 22:51:57,280 [INFO] ThirdParty:1030 - CMSIS Pack Vendor :STMicroelectronics X-CUBE-NFC4 3.0.0
2025-07-28 22:51:57,280 [INFO] ThirdParty:1030 - CMSIS Pack Vendor :STMicroelectronics X-CUBE-SUBG2 5.0.0
2025-07-28 22:51:57,280 [INFO] ThirdParty:1030 - CMSIS Pack Vendor :STMicroelectronics X-CUBE-AZRTOS-H7RS 1.1.0
2025-07-28 22:51:57,280 [INFO] ThirdParty:1030 - CMSIS Pack Vendor :STMicroelectronics STM32_WPAN 1.0.0
2025-07-28 22:51:57,280 [INFO] ThirdParty:1030 - CMSIS Pack Vendor :EmbeddedOffice I-CUBE-FS-RTOS 1.0.1
2025-07-28 22:51:57,280 [INFO] ThirdParty:1030 - CMSIS Pack Vendor :STMicroelectronics lwIP 2.0.3
2025-07-28 22:51:57,280 [INFO] ThirdParty:1030 - CMSIS Pack Vendor :Cesanta I-CUBE-Mongoose 7.13.0
2025-07-28 22:51:57,280 [INFO] ThirdParty:1030 - CMSIS Pack Vendor :STMicroelectronics USB_HOST 1.0.0
2025-07-28 22:51:57,280 [INFO] ThirdParty:1030 - CMSIS Pack Vendor :STMicroelectronics X-CUBE-AZRTOS-G4 2.0.0
2025-07-28 22:51:57,280 [INFO] ThirdParty:1030 - CMSIS Pack Vendor :STMicroelectronics X-CUBE-WB05N 2.0.0
2025-07-28 22:51:57,280 [INFO] ThirdParty:1030 - CMSIS Pack Vendor :STMicroelectronics PDM2PCM 3.1.0
2025-07-28 22:51:57,280 [INFO] ThirdParty:1030 - CMSIS Pack Vendor :STMicroelectronics X-CUBE-TOF1 3.3.0
2025-07-28 22:51:57,280 [INFO] ThirdParty:1030 - CMSIS Pack Vendor :wolfSSL I-CUBE-wolfTPM 3.8.0
2025-07-28 22:51:57,280 [INFO] ThirdParty:1030 - CMSIS Pack Vendor :wolfSSL I-CUBE-wolfSSH 1.4.20
2025-07-28 22:51:57,280 [INFO] ThirdParty:1030 - CMSIS Pack Vendor :STMicroelectronics X-CUBE-NFC7 2.0.0
2025-07-28 22:51:57,280 [INFO] ThirdParty:1030 - CMSIS Pack Vendor :STMicroelectronics X-CUBE-TCPP 4.2.0
2025-07-28 22:51:57,280 [INFO] ThirdParty:1030 - CMSIS Pack Vendor :RealThread X-CUBE-RT-Thread_Nano 4.1.1
2025-07-28 22:51:57,280 [INFO] ThirdParty:1030 - CMSIS Pack Vendor :STMicroelectronics FP-ATR-SIGFOX1 3.2.0
2025-07-28 22:51:57,280 [INFO] ThirdParty:1030 - CMSIS Pack Vendor :STMicroelectronics X-CUBE-AZRTOS-G4 1.0.0
2025-07-28 22:51:57,280 [INFO] ThirdParty:1030 - CMSIS Pack Vendor :STMicroelectronics X-CUBE-AZRTOS-L4 1.0.0
2025-07-28 22:51:57,280 [INFO] ThirdParty:1030 - CMSIS Pack Vendor :STMicroelectronics X-CUBE-EEPRMA1 5.1.0
2025-07-28 22:51:57,280 [INFO] ThirdParty:1030 - CMSIS Pack Vendor :STMicroelectronics MBEDTLS 2.16.2
2025-07-28 22:51:57,280 [INFO] ThirdParty:1030 - CMSIS Pack Vendor :STMicroelectronics X-CUBE-IPS 3.1.0
2025-07-28 22:51:57,280 [INFO] ThirdParty:1030 - CMSIS Pack Vendor :STMicroelectronics X-CUBE-ALS 1.0.2
2025-07-28 22:51:57,280 [INFO] ThirdParty:1030 - CMSIS Pack Vendor :ITTIA_DB I-CUBE-ITTIADB 8.9.0
2025-07-28 22:51:57,280 [INFO] ThirdParty:1030 - CMSIS Pack Vendor :STMicroelectronics X-CUBE-AZRTOS-WL 1.0.0
2025-07-28 22:51:57,280 [INFO] ThirdParty:1030 - CMSIS Pack Vendor :portGmbH I-Cube-SoM-uGOAL 1.1.0
2025-07-28 22:51:57,280 [INFO] ThirdParty:1030 - CMSIS Pack Vendor :STMicroelectronics X-CUBE-ALS 1.0.1
2025-07-28 22:51:57,281 [INFO] ThirdParty:1030 - CMSIS Pack Vendor :STMicroelectronics X-CUBE-MEMS1 9.5.0
2025-07-28 22:51:57,281 [INFO] ThirdParty:1030 - CMSIS Pack Vendor :STMicroelectronics X-CUBE-ST67W61 1.0.0
2025-07-28 22:51:57,281 [INFO] ThirdParty:1030 - CMSIS Pack Vendor :STMicroelectronics ThreadX 1.0.0
2025-07-28 22:51:57,281 [INFO] ThirdParty:1030 - CMSIS Pack Vendor :STMicroelectronics X-CUBE-AZRTOS-WB 1.1.0
2025-07-28 22:51:57,281 [INFO] ThirdParty:1030 - CMSIS Pack Vendor :SEGGER I-CUBE-embOS 1.3.1
2025-07-28 22:51:57,281 [INFO] ThirdParty:1030 - CMSIS Pack Vendor :STMicroelectronics X-CUBE-ALGOBUILD 1.4.0
2025-07-28 22:51:57,281 [INFO] ThirdParty:1030 - CMSIS Pack Vendor :STMicroelectronics X-CUBE-MEMS1 11.3.0
2025-07-28 22:51:57,281 [INFO] ThirdParty:1030 - CMSIS Pack Vendor :STMicroelectronics FP-ATR-ASTRA1 2.0.0
2025-07-28 22:51:57,281 [INFO] ThirdParty:1030 - CMSIS Pack Vendor :STMicroelectronics X-CUBE-TOF1 3.4.3
2025-07-28 22:51:57,281 [INFO] ThirdParty:841 - exiting critical section [change project]
2025-07-28 22:51:57,589 [INFO] PinOutPanel:1589 - setPackage(No Configuration,No Configuration)
2025-07-28 22:51:57,591 [INFO] PinOutPanel:1589 - setPackage(STM32F446RETx,LQFP64)
2025-07-28 22:51:58,066 [INFO] UtilMem:75 - Before build in PCC Used Memory: 318769152 Bytes (587202560)
2025-07-28 22:51:58,791 [INFO] UtilMem:75 - After build in PCC Used Memory: 384832144 Bytes (587202560)
2025-07-28 22:51:58,883 [INFO] ApiDbMcu:532 - Load IP Config File for FREERTOS
2025-07-28 22:51:58,895 [INFO] ApiDbMcu:532 - Load IP Config File for USB_DEVICE
2025-07-28 22:51:58,915 [INFO] IPUIPlugin:80 - create IPUIPlugin
2025-07-28 22:51:58,915 [INFO] IPUIPlugin:80 - create IPUIPlugin
2025-07-28 22:51:58,915 [INFO] IPUIPlugin:80 - create IPUIPlugin
2025-07-28 22:51:58,915 [INFO] IPUIPlugin:80 - create IPUIPlugin
2025-07-28 22:51:58,915 [INFO] IPUIPlugin:80 - create IPUIPlugin
2025-07-28 22:51:58,915 [INFO] IPUIPlugin:80 - create IPUIPlugin
2025-07-28 22:51:58,915 [INFO] IPUIPlugin:80 - create IPUIPlugin
2025-07-28 22:51:58,915 [INFO] IPUIPlugin:80 - create IPUIPlugin
2025-07-28 22:51:58,915 [INFO] IPUIPlugin:80 - create IPUIPlugin
2025-07-28 22:51:58,915 [INFO] IPUIPlugin:80 - create IPUIPlugin
2025-07-28 22:51:58,916 [INFO] IPUIPlugin:80 - create IPUIPlugin
2025-07-28 22:51:58,916 [INFO] IPUIPlugin:80 - create IPUIPlugin
2025-07-28 22:51:58,916 [INFO] IPUIPlugin:80 - create IPUIPlugin
2025-07-28 22:51:58,916 [INFO] IPUIPlugin:80 - create IPUIPlugin
2025-07-28 22:51:58,916 [INFO] IPUIPlugin:80 - create IPUIPlugin
2025-07-28 22:51:58,916 [INFO] IPUIPlugin:80 - create IPUIPlugin
2025-07-28 22:51:58,917 [INFO] IPUIPlugin:80 - create IPUIPlugin
2025-07-28 22:51:58,917 [INFO] IPUIPlugin:80 - create IPUIPlugin
2025-07-28 22:51:58,917 [INFO] IPUIPlugin:80 - create IPUIPlugin
2025-07-28 22:51:58,917 [INFO] IPUIPlugin:80 - create IPUIPlugin
2025-07-28 22:51:58,917 [INFO] IPUIPlugin:80 - create IPUIPlugin
2025-07-28 22:51:58,917 [INFO] IPUIPlugin:80 - create IPUIPlugin
2025-07-28 22:51:58,917 [INFO] IPUIPlugin:80 - create IPUIPlugin
2025-07-28 22:51:58,918 [INFO] IPUIPlugin:80 - create IPUIPlugin
2025-07-28 22:51:58,918 [INFO] IPUIPlugin:80 - create IPUIPlugin
2025-07-28 22:51:58,918 [INFO] IPUIPlugin:80 - create IPUIPlugin
2025-07-28 22:51:58,918 [INFO] IPUIPlugin:80 - create IPUIPlugin
2025-07-28 22:51:58,918 [INFO] IPUIPlugin:80 - create IPUIPlugin
2025-07-28 22:51:58,918 [INFO] IPUIPlugin:80 - create IPUIPlugin
2025-07-28 22:51:58,918 [INFO] IPUIPlugin:80 - create IPUIPlugin
2025-07-28 22:51:58,918 [INFO] IPUIPlugin:80 - create IPUIPlugin
2025-07-28 22:51:58,918 [INFO] IPUIPlugin:80 - create IPUIPlugin
2025-07-28 22:51:58,918 [INFO] IPUIPlugin:80 - create IPUIPlugin
2025-07-28 22:51:58,918 [INFO] IPUIPlugin:80 - create IPUIPlugin
2025-07-28 22:51:58,918 [INFO] IPUIPlugin:80 - create IPUIPlugin
2025-07-28 22:51:58,918 [INFO] IPUIPlugin:80 - create IPUIPlugin
2025-07-28 22:51:58,918 [INFO] IPUIPlugin:80 - create IPUIPlugin
2025-07-28 22:51:58,918 [INFO] IPUIPlugin:80 - create IPUIPlugin
2025-07-28 22:51:58,919 [INFO] IPUIPlugin:80 - create IPUIPlugin
2025-07-28 22:51:58,919 [INFO] IPUIPlugin:80 - create IPUIPlugin
2025-07-28 22:51:58,919 [INFO] IPUIPlugin:80 - create IPUIPlugin
2025-07-28 22:51:58,919 [INFO] IPUIPlugin:80 - create IPUIPlugin
2025-07-28 22:51:58,919 [INFO] IPUIPlugin:80 - create IPUIPlugin
2025-07-28 22:51:58,919 [INFO] IPUIPlugin:80 - create IPUIPlugin
2025-07-28 22:51:58,919 [INFO] IPUIPlugin:80 - create IPUIPlugin
2025-07-28 22:51:58,919 [INFO] IPUIPlugin:80 - create IPUIPlugin
2025-07-28 22:51:58,919 [INFO] IPUIPlugin:80 - create IPUIPlugin
2025-07-28 22:51:58,919 [INFO] IPUIPlugin:80 - create IPUIPlugin
2025-07-28 22:51:58,919 [INFO] IPUIPlugin:80 - create IPUIPlugin
2025-07-28 22:51:58,919 [INFO] IPUIPlugin:80 - create IPUIPlugin
2025-07-28 22:51:58,921 [INFO] IPUIPlugin:80 - create IPUIPlugin
2025-07-28 22:51:58,921 [INFO] IPUIPlugin:80 - create IPUIPlugin
2025-07-28 22:51:58,921 [INFO] IPUIPlugin:80 - create IPUIPlugin
2025-07-28 22:51:58,921 [INFO] IPUIPlugin:80 - create IPUIPlugin
2025-07-28 22:51:58,921 [INFO] IPUIPlugin:80 - create IPUIPlugin
2025-07-28 22:51:58,921 [INFO] IPUIPlugin:80 - create IPUIPlugin
2025-07-28 22:51:58,921 [INFO] IPUIPlugin:80 - create IPUIPlugin
2025-07-28 22:51:58,921 [INFO] IPUIPlugin:80 - create IPUIPlugin
2025-07-28 22:51:58,921 [INFO] IPUIPlugin:80 - create IPUIPlugin
2025-07-28 22:51:58,922 [INFO] IPUIPlugin:80 - create IPUIPlugin
2025-07-28 22:51:58,928 [INFO] ApiDbMcu:532 - Load IP Config File for PDM2PCM
2025-07-28 22:51:58,938 [INFO] Can:71 - Can Add PropertyChangeListener com.st.microxplorer.plugins.ip.can.Can@4a80753f
2025-07-28 22:51:58,939 [WARN] IP:2250 - I2C_Coeff_DF not found: check if there is a RefParameter without a condition.
2025-07-28 22:51:58,939 [WARN] IP:2250 - Analog_Filter not found: check if there is a RefParameter without a condition.
2025-07-28 22:51:58,958 [WARN] FreeRTOS:1023 - Null or empty value: should not occur! (nothing added to the table)
2025-07-28 22:51:59,108 [INFO] CADModel:165 - CPN selected for project levelSTM32F446RET6
2025-07-28 22:51:59,108 [INFO] CADModel:114 - Register for checkConnection events
2025-07-28 22:51:59,111 [INFO] RtosManager:728 - Active RTOS found at IOC load: FREERTOS [Cortex-M4NS]
2025-07-28 22:51:59,162 [INFO] OpenFileManager:386 - Restore cursor
2025-07-28 22:51:59,276 [WARN] IP:2250 - DEVICE_SERIAL0_CDC_FS not found: check if there is a RefParameter without a condition.
2025-07-28 22:51:59,276 [WARN] IP:2250 - DEVICE_SERIAL1_CDC_FS not found: check if there is a RefParameter without a condition.
2025-07-28 22:51:59,276 [WARN] IP:2250 - DEVICE_SERIAL2_CDC_FS not found: check if there is a RefParameter without a condition.
2025-07-28 22:51:59,277 [WARN] IP:2250 - DEVICE_SERIAL0_CDC_FS not found: check if there is a RefParameter without a condition.
2025-07-28 22:51:59,277 [WARN] IP:2250 - DEVICE_SERIAL1_CDC_FS not found: check if there is a RefParameter without a condition.
2025-07-28 22:51:59,277 [WARN] IP:2250 - DEVICE_SERIAL2_CDC_FS not found: check if there is a RefParameter without a condition.
2025-07-28 22:51:59,386 [WARN] IP:2250 - I2C_Coeff_DF not found: check if there is a RefParameter without a condition.
2025-07-28 22:51:59,386 [WARN] IP:2250 - Analog_Filter not found: check if there is a RefParameter without a condition.
2025-07-28 22:51:59,386 [WARN] IP:2250 - I2C_Coeff_DF not found: check if there is a RefParameter without a condition.
2025-07-28 22:51:59,386 [WARN] IP:2250 - Analog_Filter not found: check if there is a RefParameter without a condition.
2025-07-28 22:52:03,243 [INFO] NvicIntPanel:101 - NVIC parent = com.st.microxplorer.plugins.ip.nvic.MultiNvicIntPanel[,0,0,739x469,layout=javax.swing.BoxLayout,alignmentX=0.0,alignmentY=0.0,border=,flags=9,maximumSize=,minimumSize=,preferredSize=]
2025-07-28 22:52:05,714 [INFO] NvicIntPanel:101 - NVIC parent = com.st.microxplorer.plugins.ip.nvic.MultiNvicIntPanel[,0,0,0x0,invalid,layout=javax.swing.BoxLayout,alignmentX=0.0,alignmentY=0.0,border=,flags=9,maximumSize=,minimumSize=,preferredSize=]
2025-07-28 22:52:07,265 [INFO] UtilMem:75 - End SaveConfig() Used Memory: 435612784 Bytes (597688320)
2025-07-28 22:52:07,323 [INFO] UtilMem:75 - End SaveConfig() Used Memory: 453172008 Bytes (597688320)
2025-07-28 22:52:07,631 [INFO] UtilMem:75 - End SaveConfig() Used Memory: 484629288 Bytes (597688320)
2025-07-28 22:52:08,917 [INFO] BlockDiagram:2775 - set Specific Code input for plugin: FREERTOS
2025-07-28 22:52:08,917 [INFO] BlockDiagram:2775 - set Specific Code input for plugin: CAN
2025-07-28 22:52:08,917 [INFO] BlockDiagram:2775 - set Specific Code input for plugin: USB_DEVICE
2025-07-28 22:52:08,917 [INFO] BlockDiagram:2775 - set Specific Code input for plugin: SYS
2025-07-28 22:52:08,917 [INFO] BlockDiagram:2775 - set Specific Code input for plugin: ADC
2025-07-28 22:52:08,917 [INFO] BlockDiagram:2775 - set Specific Code input for plugin: RCC
2025-07-28 22:52:08,917 [INFO] BlockDiagram:2775 - set Specific Code input for plugin: I2C
2025-07-28 22:52:08,917 [INFO] BlockDiagram:2775 - set Specific Code input for plugin: USB_OTG_FS
2025-07-28 22:52:08,917 [INFO] BlockDiagram:2775 - set Specific Code input for plugin: NVIC
2025-07-28 22:52:08,917 [INFO] BlockDiagram:2775 - set Specific Code input for plugin: DMA
2025-07-28 22:52:08,917 [INFO] BlockDiagram:2775 - set Specific Code input for plugin: GPIO
2025-07-28 22:52:08,919 [INFO] CodeGenerator:892 - code generatio: config db path: Z:\ST\STM32CubeIDE_1.12.0\STM32CubeIDE\plugins\com.st.stm32cube.common.mx_6.15.0.202507011659\\db\
2025-07-28 22:52:08,934 [WARN] IP:2250 - I2C_Coeff_DF not found: check if there is a RefParameter without a condition.
2025-07-28 22:52:08,934 [WARN] IP:2250 - Analog_Filter not found: check if there is a RefParameter without a condition.
2025-07-28 22:52:08,948 [WARN] IP:2250 - DEVICE_SERIAL0_CDC_FS not found: check if there is a RefParameter without a condition.
2025-07-28 22:52:08,948 [WARN] IP:2250 - DEVICE_SERIAL1_CDC_FS not found: check if there is a RefParameter without a condition.
2025-07-28 22:52:08,948 [WARN] IP:2250 - DEVICE_SERIAL2_CDC_FS not found: check if there is a RefParameter without a condition.
2025-07-28 22:52:09,063 [INFO] CodeEngine:265 - oldGeneratedFile, C:\Users\Reatn\Desktop\Progetti\CAN_PDM\FW\Can_Pdm_FW\MXTmpFiles\license.tmp_save
2025-07-28 22:52:09,310 [INFO] CodeEngine:289 - Generated code: C:\Users\Reatn\Desktop\Progetti\CAN_PDM\FW\Can_Pdm_FW\MXTmpFiles\license.tmp
2025-07-28 22:52:09,374 [INFO] CodeEngine:265 - oldGeneratedFile, C:\Users\Reatn\Desktop\Progetti\CAN_PDM\FW\Can_Pdm_FW\Core\Src\gpio.c_save
2025-07-28 22:52:09,482 [INFO] CodeEngine:289 - Generated code: C:\Users\Reatn\Desktop\Progetti\CAN_PDM\FW\Can_Pdm_FW\Core\Src\gpio.c
2025-07-28 22:52:09,486 [INFO] CodeEngine:265 - oldGeneratedFile, C:\Users\Reatn\Desktop\Progetti\CAN_PDM\FW\Can_Pdm_FW\Core\Inc\gpio.h_save
2025-07-28 22:52:09,543 [INFO] CodeEngine:289 - Generated code: C:\Users\Reatn\Desktop\Progetti\CAN_PDM\FW\Can_Pdm_FW\Core\Inc\gpio.h
2025-07-28 22:52:09,634 [WARN] IPConfigManager:3238 - Warning: the RefConfig PWREx_EnableUSBVoltageDetector is not available in your config.xml file
2025-07-28 22:52:09,642 [INFO] CodeEngine:265 - oldGeneratedFile, C:\Users\Reatn\Desktop\Progetti\CAN_PDM\FW\Can_Pdm_FW\MXTmpFiles\usb_otg_fs_vars.tmp_save
2025-07-28 22:52:09,690 [INFO] CodeEngine:289 - Generated code: C:\Users\Reatn\Desktop\Progetti\CAN_PDM\FW\Can_Pdm_FW\MXTmpFiles\usb_otg_fs_vars.tmp
2025-07-28 22:52:09,693 [INFO] CodeEngine:265 - oldGeneratedFile, C:\Users\Reatn\Desktop\Progetti\CAN_PDM\FW\Can_Pdm_FW\MXTmpFiles\usb_otg_fs_inc.tmp_save
2025-07-28 22:52:09,731 [INFO] CodeEngine:289 - Generated code: C:\Users\Reatn\Desktop\Progetti\CAN_PDM\FW\Can_Pdm_FW\MXTmpFiles\usb_otg_fs_inc.tmp
2025-07-28 22:52:09,735 [INFO] CodeEngine:265 - oldGeneratedFile, C:\Users\Reatn\Desktop\Progetti\CAN_PDM\FW\Can_Pdm_FW\MXTmpFiles\usb_otg_fs_HalInit.tmp_save
2025-07-28 22:52:09,796 [INFO] CodeEngine:289 - Generated code: C:\Users\Reatn\Desktop\Progetti\CAN_PDM\FW\Can_Pdm_FW\MXTmpFiles\usb_otg_fs_HalInit.tmp
2025-07-28 22:52:09,800 [INFO] CodeEngine:265 - oldGeneratedFile, C:\Users\Reatn\Desktop\Progetti\CAN_PDM\FW\Can_Pdm_FW\MXTmpFiles\usb_otg_fs_Msp.tmp_save
2025-07-28 22:52:09,859 [INFO] CodeEngine:289 - Generated code: C:\Users\Reatn\Desktop\Progetti\CAN_PDM\FW\Can_Pdm_FW\MXTmpFiles\usb_otg_fs_Msp.tmp
2025-07-28 22:52:10,078 [INFO] Middleware:1452 - No code input for Bsp Dependency
2025-07-28 22:52:10,084 [INFO] CodeEngine:265 - oldGeneratedFile, C:\Users\Reatn\Desktop\Progetti\CAN_PDM\FW\Can_Pdm_FW\MXTmpFiles\rtos_inc.tmp_save
2025-07-28 22:52:10,121 [INFO] CodeEngine:289 - Generated code: C:\Users\Reatn\Desktop\Progetti\CAN_PDM\FW\Can_Pdm_FW\MXTmpFiles\rtos_inc.tmp
2025-07-28 22:52:10,124 [INFO] CodeEngine:265 - oldGeneratedFile, C:\Users\Reatn\Desktop\Progetti\CAN_PDM\FW\Can_Pdm_FW\MXTmpFiles\rtos_vars.tmp_save
2025-07-28 22:52:10,167 [INFO] CodeEngine:289 - Generated code: C:\Users\Reatn\Desktop\Progetti\CAN_PDM\FW\Can_Pdm_FW\MXTmpFiles\rtos_vars.tmp
2025-07-28 22:52:10,172 [INFO] CodeEngine:265 - oldGeneratedFile, C:\Users\Reatn\Desktop\Progetti\CAN_PDM\FW\Can_Pdm_FW\MXTmpFiles\rtos_pfp.tmp_save
2025-07-28 22:52:10,207 [INFO] CodeEngine:289 - Generated code: C:\Users\Reatn\Desktop\Progetti\CAN_PDM\FW\Can_Pdm_FW\MXTmpFiles\rtos_pfp.tmp
2025-07-28 22:52:10,210 [INFO] CodeEngine:265 - oldGeneratedFile, C:\Users\Reatn\Desktop\Progetti\CAN_PDM\FW\Can_Pdm_FW\MXTmpFiles\rtos_obj_creat.tmp_save
2025-07-28 22:52:10,250 [INFO] CodeEngine:289 - Generated code: C:\Users\Reatn\Desktop\Progetti\CAN_PDM\FW\Can_Pdm_FW\MXTmpFiles\rtos_obj_creat.tmp
2025-07-28 22:52:10,253 [INFO] CodeEngine:265 - oldGeneratedFile, C:\Users\Reatn\Desktop\Progetti\CAN_PDM\FW\Can_Pdm_FW\MXTmpFiles\rtos_kernelStart.tmp_save
2025-07-28 22:52:10,286 [INFO] CodeEngine:289 - Generated code: C:\Users\Reatn\Desktop\Progetti\CAN_PDM\FW\Can_Pdm_FW\MXTmpFiles\rtos_kernelStart.tmp
2025-07-28 22:52:10,289 [INFO] CodeEngine:265 - oldGeneratedFile, C:\Users\Reatn\Desktop\Progetti\CAN_PDM\FW\Can_Pdm_FW\MXTmpFiles\rtos_default_thread.tmp_save
2025-07-28 22:52:10,333 [INFO] CodeEngine:289 - Generated code: C:\Users\Reatn\Desktop\Progetti\CAN_PDM\FW\Can_Pdm_FW\MXTmpFiles\rtos_default_thread.tmp
2025-07-28 22:52:10,337 [INFO] CodeEngine:265 - oldGeneratedFile, C:\Users\Reatn\Desktop\Progetti\CAN_PDM\FW\Can_Pdm_FW\MXTmpFiles\rtos_threads.tmp_save
2025-07-28 22:52:10,376 [INFO] CodeEngine:289 - Generated code: C:\Users\Reatn\Desktop\Progetti\CAN_PDM\FW\Can_Pdm_FW\MXTmpFiles\rtos_threads.tmp
2025-07-28 22:52:10,399 [INFO] Middleware:1452 - No code input for Bsp Dependency
2025-07-28 22:52:10,408 [INFO] Middleware:1452 - No code input for Bsp Dependency
2025-07-28 22:52:10,416 [INFO] CodeEngine:265 - oldGeneratedFile, C:\Users\Reatn\Desktop\Progetti\CAN_PDM\FW\Can_Pdm_FW\MXTmpFiles\rtos_inc.tmp_save
2025-07-28 22:52:10,447 [INFO] CodeEngine:289 - Generated code: C:\Users\Reatn\Desktop\Progetti\CAN_PDM\FW\Can_Pdm_FW\MXTmpFiles\rtos_inc.tmp
2025-07-28 22:52:10,452 [INFO] CodeEngine:265 - oldGeneratedFile, C:\Users\Reatn\Desktop\Progetti\CAN_PDM\FW\Can_Pdm_FW\MXTmpFiles\rtos_vars.tmp_save
2025-07-28 22:52:10,486 [INFO] CodeEngine:289 - Generated code: C:\Users\Reatn\Desktop\Progetti\CAN_PDM\FW\Can_Pdm_FW\MXTmpFiles\rtos_vars.tmp
2025-07-28 22:52:10,489 [INFO] CodeEngine:265 - oldGeneratedFile, C:\Users\Reatn\Desktop\Progetti\CAN_PDM\FW\Can_Pdm_FW\MXTmpFiles\rtos_pfp.tmp_save
2025-07-28 22:52:10,522 [INFO] CodeEngine:289 - Generated code: C:\Users\Reatn\Desktop\Progetti\CAN_PDM\FW\Can_Pdm_FW\MXTmpFiles\rtos_pfp.tmp
2025-07-28 22:52:10,524 [INFO] CodeEngine:265 - oldGeneratedFile, C:\Users\Reatn\Desktop\Progetti\CAN_PDM\FW\Can_Pdm_FW\MXTmpFiles\rtos_obj_creat.tmp_save
2025-07-28 22:52:10,565 [INFO] CodeEngine:289 - Generated code: C:\Users\Reatn\Desktop\Progetti\CAN_PDM\FW\Can_Pdm_FW\MXTmpFiles\rtos_obj_creat.tmp
2025-07-28 22:52:10,569 [INFO] CodeEngine:265 - oldGeneratedFile, C:\Users\Reatn\Desktop\Progetti\CAN_PDM\FW\Can_Pdm_FW\MXTmpFiles\rtos_kernelStart.tmp_save
2025-07-28 22:52:10,611 [INFO] CodeEngine:289 - Generated code: C:\Users\Reatn\Desktop\Progetti\CAN_PDM\FW\Can_Pdm_FW\MXTmpFiles\rtos_kernelStart.tmp
2025-07-28 22:52:10,616 [INFO] CodeEngine:265 - oldGeneratedFile, C:\Users\Reatn\Desktop\Progetti\CAN_PDM\FW\Can_Pdm_FW\MXTmpFiles\rtos_default_thread.tmp_save
2025-07-28 22:52:10,649 [INFO] CodeEngine:289 - Generated code: C:\Users\Reatn\Desktop\Progetti\CAN_PDM\FW\Can_Pdm_FW\MXTmpFiles\rtos_default_thread.tmp
2025-07-28 22:52:10,654 [INFO] CodeEngine:265 - oldGeneratedFile, C:\Users\Reatn\Desktop\Progetti\CAN_PDM\FW\Can_Pdm_FW\MXTmpFiles\rtos_threads.tmp_save
2025-07-28 22:52:10,684 [INFO] CodeEngine:289 - Generated code: C:\Users\Reatn\Desktop\Progetti\CAN_PDM\FW\Can_Pdm_FW\MXTmpFiles\rtos_threads.tmp
2025-07-28 22:52:10,692 [INFO] CodeEngine:265 - oldGeneratedFile, C:\Users\Reatn\Desktop\Progetti\CAN_PDM\FW\Can_Pdm_FW\Core\Inc\FreeRTOSConfig.h_save
2025-07-28 22:52:10,747 [INFO] CodeEngine:289 - Generated code: C:\Users\Reatn\Desktop\Progetti\CAN_PDM\FW\Can_Pdm_FW\Core\Inc\FreeRTOSConfig.h
2025-07-28 22:52:10,758 [INFO] CodeEngine:265 - oldGeneratedFile, C:\Users\Reatn\Desktop\Progetti\CAN_PDM\FW\Can_Pdm_FW\Core\Src\freertos.c_save
2025-07-28 22:52:10,803 [INFO] CodeEngine:289 - Generated code: C:\Users\Reatn\Desktop\Progetti\CAN_PDM\FW\Can_Pdm_FW\Core\Src\freertos.c
2025-07-28 22:52:10,810 [INFO] CodeEngine:265 - oldGeneratedFile, C:\Users\Reatn\Desktop\Progetti\CAN_PDM\FW\Can_Pdm_FW\Core\Src\adc.c_save
2025-07-28 22:52:10,887 [INFO] CodeEngine:289 - Generated code: C:\Users\Reatn\Desktop\Progetti\CAN_PDM\FW\Can_Pdm_FW\Core\Src\adc.c
2025-07-28 22:52:10,892 [INFO] CodeEngine:265 - oldGeneratedFile, C:\Users\Reatn\Desktop\Progetti\CAN_PDM\FW\Can_Pdm_FW\Core\Inc\adc.h_save
2025-07-28 22:52:10,930 [INFO] CodeEngine:289 - Generated code: C:\Users\Reatn\Desktop\Progetti\CAN_PDM\FW\Can_Pdm_FW\Core\Inc\adc.h
2025-07-28 22:52:10,936 [INFO] CodeEngine:265 - oldGeneratedFile, C:\Users\Reatn\Desktop\Progetti\CAN_PDM\FW\Can_Pdm_FW\Core\Src\can.c_save
2025-07-28 22:52:10,985 [INFO] CodeEngine:289 - Generated code: C:\Users\Reatn\Desktop\Progetti\CAN_PDM\FW\Can_Pdm_FW\Core\Src\can.c
2025-07-28 22:52:10,989 [INFO] CodeEngine:265 - oldGeneratedFile, C:\Users\Reatn\Desktop\Progetti\CAN_PDM\FW\Can_Pdm_FW\Core\Inc\can.h_save
2025-07-28 22:52:11,023 [INFO] CodeEngine:289 - Generated code: C:\Users\Reatn\Desktop\Progetti\CAN_PDM\FW\Can_Pdm_FW\Core\Inc\can.h
2025-07-28 22:52:11,040 [INFO] CodeEngine:265 - oldGeneratedFile, C:\Users\Reatn\Desktop\Progetti\CAN_PDM\FW\Can_Pdm_FW\Core\Src\dma.c_save
2025-07-28 22:52:11,078 [INFO] CodeEngine:289 - Generated code: C:\Users\Reatn\Desktop\Progetti\CAN_PDM\FW\Can_Pdm_FW\Core\Src\dma.c
2025-07-28 22:52:11,083 [INFO] CodeEngine:265 - oldGeneratedFile, C:\Users\Reatn\Desktop\Progetti\CAN_PDM\FW\Can_Pdm_FW\Core\Inc\dma.h_save
2025-07-28 22:52:11,116 [INFO] CodeEngine:289 - Generated code: C:\Users\Reatn\Desktop\Progetti\CAN_PDM\FW\Can_Pdm_FW\Core\Inc\dma.h
2025-07-28 22:52:11,121 [INFO] CodeEngine:265 - oldGeneratedFile, C:\Users\Reatn\Desktop\Progetti\CAN_PDM\FW\Can_Pdm_FW\Core\Src\i2c.c_save
2025-07-28 22:52:11,169 [INFO] CodeEngine:289 - Generated code: C:\Users\Reatn\Desktop\Progetti\CAN_PDM\FW\Can_Pdm_FW\Core\Src\i2c.c
2025-07-28 22:52:11,172 [INFO] CodeEngine:265 - oldGeneratedFile, C:\Users\Reatn\Desktop\Progetti\CAN_PDM\FW\Can_Pdm_FW\Core\Inc\i2c.h_save
2025-07-28 22:52:11,203 [INFO] CodeEngine:289 - Generated code: C:\Users\Reatn\Desktop\Progetti\CAN_PDM\FW\Can_Pdm_FW\Core\Inc\i2c.h
2025-07-28 22:52:11,219 [INFO] Middleware:1452 - No code input for Bsp Dependency
2025-07-28 22:52:11,225 [INFO] CodeEngine:265 - oldGeneratedFile, C:\Users\Reatn\Desktop\Progetti\CAN_PDM\FW\Can_Pdm_FW\USB_DEVICE\App\usb_device.c_save
2025-07-28 22:52:11,263 [INFO] CodeEngine:289 - Generated code: C:\Users\Reatn\Desktop\Progetti\CAN_PDM\FW\Can_Pdm_FW\USB_DEVICE\App\usb_device.c
2025-07-28 22:52:11,267 [INFO] CodeEngine:265 - oldGeneratedFile, C:\Users\Reatn\Desktop\Progetti\CAN_PDM\FW\Can_Pdm_FW\USB_DEVICE\App\usb_device.h_save
2025-07-28 22:52:11,300 [INFO] CodeEngine:289 - Generated code: C:\Users\Reatn\Desktop\Progetti\CAN_PDM\FW\Can_Pdm_FW\USB_DEVICE\App\usb_device.h
2025-07-28 22:52:11,306 [INFO] CodeEngine:265 - oldGeneratedFile, C:\Users\Reatn\Desktop\Progetti\CAN_PDM\FW\Can_Pdm_FW\USB_DEVICE\Target\usbd_conf.h_save
2025-07-28 22:52:11,339 [INFO] CodeEngine:289 - Generated code: C:\Users\Reatn\Desktop\Progetti\CAN_PDM\FW\Can_Pdm_FW\USB_DEVICE\Target\usbd_conf.h
2025-07-28 22:52:11,344 [INFO] CodeEngine:265 - oldGeneratedFile, C:\Users\Reatn\Desktop\Progetti\CAN_PDM\FW\Can_Pdm_FW\USB_DEVICE\Target\usbd_conf.c_save
2025-07-28 22:52:11,380 [INFO] CodeEngine:289 - Generated code: C:\Users\Reatn\Desktop\Progetti\CAN_PDM\FW\Can_Pdm_FW\USB_DEVICE\Target\usbd_conf.c
2025-07-28 22:52:11,391 [INFO] CodeEngine:265 - oldGeneratedFile, C:\Users\Reatn\Desktop\Progetti\CAN_PDM\FW\Can_Pdm_FW\USB_DEVICE\App\usbd_desc.h_save
2025-07-28 22:52:11,424 [INFO] CodeEngine:289 - Generated code: C:\Users\Reatn\Desktop\Progetti\CAN_PDM\FW\Can_Pdm_FW\USB_DEVICE\App\usbd_desc.h
2025-07-28 22:52:11,429 [INFO] CodeEngine:265 - oldGeneratedFile, C:\Users\Reatn\Desktop\Progetti\CAN_PDM\FW\Can_Pdm_FW\USB_DEVICE\App\usbd_desc.c_save
2025-07-28 22:52:11,463 [INFO] CodeEngine:289 - Generated code: C:\Users\Reatn\Desktop\Progetti\CAN_PDM\FW\Can_Pdm_FW\USB_DEVICE\App\usbd_desc.c
2025-07-28 22:52:11,468 [INFO] CodeEngine:265 - oldGeneratedFile, C:\Users\Reatn\Desktop\Progetti\CAN_PDM\FW\Can_Pdm_FW\USB_DEVICE\App\usbd_cdc_if.h_save
2025-07-28 22:52:11,501 [INFO] CodeEngine:289 - Generated code: C:\Users\Reatn\Desktop\Progetti\CAN_PDM\FW\Can_Pdm_FW\USB_DEVICE\App\usbd_cdc_if.h
2025-07-28 22:52:11,503 [INFO] CodeEngine:265 - oldGeneratedFile, C:\Users\Reatn\Desktop\Progetti\CAN_PDM\FW\Can_Pdm_FW\USB_DEVICE\App\usbd_cdc_if.c_save
2025-07-28 22:52:11,539 [INFO] CodeEngine:289 - Generated code: C:\Users\Reatn\Desktop\Progetti\CAN_PDM\FW\Can_Pdm_FW\USB_DEVICE\App\usbd_cdc_if.c
2025-07-28 22:52:11,548 [INFO] CodeEngine:265 - oldGeneratedFile, C:\Users\Reatn\Desktop\Progetti\CAN_PDM\FW\Can_Pdm_FW\Core\Src\stm32f4xx_it.c_save
2025-07-28 22:52:11,599 [INFO] CodeEngine:289 - Generated code: C:\Users\Reatn\Desktop\Progetti\CAN_PDM\FW\Can_Pdm_FW\Core\Src\stm32f4xx_it.c
2025-07-28 22:52:11,604 [INFO] CodeEngine:265 - oldGeneratedFile, C:\Users\Reatn\Desktop\Progetti\CAN_PDM\FW\Can_Pdm_FW\Core\Inc\stm32f4xx_it.h_save
2025-07-28 22:52:11,639 [INFO] CodeEngine:289 - Generated code: C:\Users\Reatn\Desktop\Progetti\CAN_PDM\FW\Can_Pdm_FW\Core\Inc\stm32f4xx_it.h
2025-07-28 22:52:11,650 [INFO] CodeEngine:265 - oldGeneratedFile, C:\Users\Reatn\Desktop\Progetti\CAN_PDM\FW\Can_Pdm_FW\Core\Src\stm32f4xx_hal_msp.c_save
2025-07-28 22:52:11,695 [INFO] CodeEngine:289 - Generated code: C:\Users\Reatn\Desktop\Progetti\CAN_PDM\FW\Can_Pdm_FW\Core\Src\stm32f4xx_hal_msp.c
2025-07-28 22:52:11,698 [INFO] CodeEngine:265 - oldGeneratedFile, C:\Users\Reatn\Desktop\Progetti\CAN_PDM\FW\Can_Pdm_FW\MXTmpFiles\system.tmp_save
2025-07-28 22:52:11,728 [INFO] CodeEngine:289 - Generated code: C:\Users\Reatn\Desktop\Progetti\CAN_PDM\FW\Can_Pdm_FW\MXTmpFiles\system.tmp
2025-07-28 22:52:11,735 [INFO] CodeEngine:321 - oldGeneratedFile, C:\Users\Reatn\Desktop\Progetti\CAN_PDM\FW\Can_Pdm_FW\Core\Inc\stm32f4xx_hal_conf.h_save
2025-07-28 22:52:11,772 [INFO] CodeEngine:345 - Generated code: C:\Users\Reatn\Desktop\Progetti\CAN_PDM\FW\Can_Pdm_FW\Core\Inc\stm32f4xx_hal_conf.h
2025-07-28 22:52:11,788 [WARN] IPConfigManager:3238 - Warning: the RefConfig PLL2P_FOR_MCO is not available in your config.xml file
2025-07-28 22:52:11,793 [INFO] ApiDbMcu:532 - Load IP Config File for ADC1
2025-07-28 22:52:11,793 [INFO] ApiDbMcu:532 - Load IP Config File for CAN1
2025-07-28 22:52:11,795 [INFO] ApiDbMcu:532 - Load IP Config File for I2C1
2025-07-28 22:52:11,796 [INFO] ApiDbMcu:532 - Load IP Config File for RCC
2025-07-28 22:52:11,806 [INFO] CodeEngine:265 - oldGeneratedFile, C:\Users\Reatn\Desktop\Progetti\CAN_PDM\FW\Can_Pdm_FW\Core\Inc\main.h_save
2025-07-28 22:52:11,854 [INFO] CodeEngine:289 - Generated code: C:\Users\Reatn\Desktop\Progetti\CAN_PDM\FW\Can_Pdm_FW\Core\Inc\main.h
2025-07-28 22:52:11,857 [INFO] CodeEngine:265 - oldGeneratedFile, C:\Users\Reatn\Desktop\Progetti\CAN_PDM\FW\Can_Pdm_FW\Core\Src\main.c_save
2025-07-28 22:52:11,921 [INFO] CodeEngine:289 - Generated code: C:\Users\Reatn\Desktop\Progetti\CAN_PDM\FW\Can_Pdm_FW\Core\Src\main.c
2025-07-28 22:52:12,192 [INFO] ProjectBuilder:3606 - Time for Copy HAL[1] : 174mS.
2025-07-28 22:52:12,198 [INFO] ProjectBuilder:5216 - Project Generator version: 4.7.0-B52
2025-07-28 22:52:12,245 [INFO] ConfigFileManager:1595 - The Die is : DIE421
2025-07-28 22:52:12,250 [INFO] ApiDbMcu:532 - Load IP Config File for FATFS
2025-07-28 22:52:12,251 [INFO] ApiDbMcu:532 - Load IP Config File for LIBJPEG
2025-07-28 22:52:12,254 [INFO] ApiDbMcu:532 - Load IP Config File for MBEDTLS
2025-07-28 22:52:12,257 [INFO] ApiDbMcu:532 - Load IP Config File for USB_HOST
2025-07-28 22:52:12,544 [INFO] LogOutputStream:77 - [STDOUT_REDIRECT] 
2025-07-28 22:52:13,347 [INFO] ProjectBuilder:5496 - Time for Generating toolchain IDE Files: 1149mS.
2025-07-28 22:52:13,349 [INFO] ProjectBuilder:3463 - Time for Copy CMSIS : 0mS.
2025-07-28 22:52:13,354 [INFO] ProjectBuilder:3463 - Time for Copy CMSIS : 0mS.
